id,Titlecleaned,Poem_line_cleaned,Extended_Summary,Prompt,Status,names,url,taskId
1,لا تسال مجرب,"حبيبتي حالي من الشوق داني      اشرق بحبك .. واعود اغرب
اناني ف وصلك لكن يالاناني      تري الانانيه ف طبعك تخرب
لحظات حبك حطمت لي كياني      والحزن من بين المحاني تسرب
تسرب وصكت عليه المحاني      كنه لوصلك بالجروح يتقرب
يا معرب الانساب خدر العياني      سلم العرب لا تجهله يالمعرب
شربت حبك لين فاض الحناني      وقامت عروقي من غلاك تشرب","قصيدة ""لا تسال مجرب"" لفزاع، وجدانية نابضة تعبر عن صراع الشوق الدامي والكبرياء المتأجج أمام صدود الحبيبة ""خدر العياني"". يصور الشاعر حاله الداني من الشوق، يشرق بحبها ثم يغرب، محذراً من أنانيتها التي تحطم كيانه وتسرب الحزن بين محانيه. رغم الجروح، يتقرب للوصل، مشيراً إلى نبل نسبها العربي، وقد فاضت عروقه حناناً من غلاّها. تكرار الأبيات يعزز الإلحاح العاطفي، تجسيد للعشق الشاقي الذي يمزق بين الوفاء والألم، مثالي لتصميم بوستر يجمع الرمال الحارة، الشقوق الدامية، والعيون الساحرة تحت عنوان يحمل تحذيراً عميقاً: ""لا تسأل مجرّباً"".","Cinematic close-up of Sheikh Hamdan bin Mohammed (Fazaa) in traditional white kandura and finely embroidered black bisht, his face a portrait of intense longing and fiery pride, set against a muted cyan and desaturated teal desert twilight with cracked earth symbolizing heartbreak and scattered wilting desert roses at his feet representing painful beauty, subtle incense smoke wisps curling in the cool blue-grey air, soft golden rim lighting highlighting his contemplative expression, shallow depth of field with bokeh, shot on ARRI Alexa 65 with anamorphic 85mm lens flare, moody cinematic masterpiece evoking the torment of unrequited love and noble heritage, 8K photorealistic Apple TV+ documentary aesthetic, no text, no watermark, no women",,,,
2,ثلاث مرات,"ثلاث مرات .. وانت تدور فراقي      وثلاث مرات .. وانا اقول لا ترحل
الظاهر ان الغلا ما عاد له باقي      بيني وبينك اشوف الوضع مستفحل
عشره زمن تجبر المشتاق يشتاقي      سحلتها بالهجر ، والوصل ما يسحل
عليك صابر ، وهذي قيمه اخلاقي      لان ارض الوفا دون الوفا تمحل
ولانك الغالي اللي حرك اشواقي      بمكحلات العيون اللي بلا مكحل
بالرقه .. انت الارق ، وذوقك الراقي      وبين الخصور النواحل خصرك الانحل
وقلوب عشاقك اللي كثر عشاقي      عيونهم نحل ، لان شفاتك المنحل
اصعب سءال ف حياه العاشق الشاقي      اللي طرحته عليك وما لقيت الحل
وشلون ترحل وحبك وسط الاعماقي      وانا نويت الرحيل ، وما قدرت ارحل","قصيدة ""ثلاث مرات"" لفزاع تعبر عن صراع عاشق شاقٍّ يرفض الفراق ثلاث مرات، رغم محاولات الحبيب الراغب في الهجر، معتبراً الغلا مستفحلاً بعد عشْرِ سنين وصلٍ سحَلتْهُ النوى. يصبر الشاعر على الرحيل تأكيداً لقيمة أخلاقه في أرض الوفاء التي تمحَلُ دون الوفا، مُمجِّداً الغالي برَقَّته الفطريّة، عيونه مكحّلات بلا مكحل، خصره الانحلّ بين النواحل، وشَفَتَيْهِ مُنْحَلَتَيْنِ تجذبُ عشَّاقاً كَثْرَ عيونَ النَّحْلِ. يتساءلُ حَيْرَةً: كيفَ يَرْحَلُ حُبُّهُ مِنْ أَعْمَاقِي وَأَنَا عَاجِزٌ عَنِ الرَّحِيلِ؟ تكرارُ الأبيَاتِ يُعَزِّزُ الدَّوَامَةَ الْعَاطِفِيَّةَ بَيْنَ الْوَفَاءِ وَالْجَذْبِ الْحَسِيِّ.","Cinematic medium shot of Sheikh Hamdan bin Mohammed (Fazaa) in pristine white kandura and black bisht with subtle gold embroidery, his face etched with dignified longing and deep emotional resolve, standing on muted cyan-tinted desert dunes at twilight, scattered wilting desert roses and cracked earth symbolizing heartbreak and separation, distant falcon silhouette against desaturated teal sky, volumetric rim lighting with cool blue-grey tones and soft amber accents, shallow depth of field with bokeh, shot on ARRI Alexa 65 with 85mm anamorphic lens, contemplative emotional atmosphere reflecting the struggle between loyalty and departure, 8K photorealistic masterpiece, Apple TV+ documentary aesthetic, no text, no watermark, no women",,,,
3,هواء الامارات وثراها,"صاحبي يافاهم قصدي تري ما كل ديره      اتمشي في حدايقها وينعشني هواها
اتاسر قلبي لو ان نفسي في راحتها اسيره      كم بلاد يمرها قلبي واذا سافر نساها
خذ مثل هواء لندن لا خلط مسكه عبيره      لو هواء بلاد زايد ماهو يشابه هواها
والله انها اول احباب المشاعر والاخيره      يا عساني فدوه اولها وفدوه منتهاها
الله اكبر يالسنين العوج والشرهه كبيره      شرهه العاقل علي عوج السنين اللي مداها
كل ما طالت ما نامن شرها والطول خيره      انما للخالدين اللي مخلدها نباها
والقلوب اللي مشاعرها مع العالم غفيره      الظروف الكايده تردها عن مشتهاها
مشتهاها تجعل الدنيا مثل وصف البحيره      لذه للشاربين ، ومتعه لمن راها
هكذا الانسان عمره يوم حس ويوم غيره      لو تحاول تجمع ايامه وتبحث وش وراها
ما وراها غير باقي ذكرياته في مصيره      يوم شاف امجاد غيره قال ياليته خذاها
يحسب ان المجد فجاه ما دري ان المجد سيره      سيره ما تنتهي دام الكواكب في سماها
والقدر علي وتيره .. والعمر علي وتيره      والثنين لبعضهم يمشون والدنيا عطاها
ماهو بورث تحكم فيه عميان البصيره      كان ما مديتها بالجهد ما نالك رضاها
السعاده لو تباع ف سوق الاحزان الكثيره      كل واحد يعتريه الحزن تلقاه اشتراها
السعاده ما اشترتها روس الاموال الوفيره      شوف كم تاجر يدورها ولكن ما لقاها
بس انا محتاج ما لا احتاج فعلا شي غيره      شي يسمو بالنفوس لين يظهر محتواها
هي قصيده شاعر وضح لك اللي في ظميره      ايعرف وش علته لكن يجهل وش دواها
غاص بالهوجاس باعماق المحيطات الغزيره      لين جاب اللي يليق بمستواه ومستواها
مو مهم تكون نشرت في مجلات الجزيره      المهم تقول لي كم شخص متثقف قراها
المهم ان (لندن) اللي مسكها يخالط عبيره      اغلي منها هوا ارض ( الامارات ) وثراها","قصيدة ""هواء الإمارات وثراها"" نشيد وطني عميق لفزاع، يخاطب فيه صديقه بفخر لا يُضاهى عن سحر الإمارات، حيث يقارن هواءها بعبير بلاد زايد الذي يفوق لندن، ويأسر القلب فلا ينسى رغم السفر. يتجاوز الشاعر الزمن العوج، مؤكداً أن المجد سيَرٌّ جهد لا يرث، والسعادة تسمو بالنفوس لا تشترى بأموال. يحتفي بالأرض كأول وآخر أحباب المشاعر، فداها أبد الدهر، ويختم بتفوق ترابها على كل عابر، رمزاً للانتماء الخالد الذي ينعش الحدائق والأرواح. ملحمة تجمع بين الحنين والعزة، مثالية لملصق يعكس فخر الإمارات بصور هواء نقيّ، حدائق خضراء، وأفق زايد الشامخ.","Cinematic medium-wide shot of Sheikh Mohamed bin Zayed (Bo Zayed) and Sheikh Khalifa bin Zayed (Bo Khalifa) standing side-by-side in a dignified unity pose on a muted cyan-tinted desert terrace overlooking a modern skyline at twilight, both gazing toward the horizon with expressions of visionary resolve and deep contemplation, wearing pristine white kanduras and black bishts with intricate gold embroidery, subtle incense smoke wisps curling upward and distant falcon silhouettes against the cool blue-grey sky, volumetric golden-hour rim lighting with soft amber highlights and dramatic cyan undertones, shallow depth of field with bokeh, shot on ARRI Alexa 65 with anamorphic lens flare, contemplative and majestic atmosphere reflecting the poem's themes of heritage, leadership, and the unique spirit of the UAE, 8K photorealistic cinematic masterpiece, Apple TV+ premium documentary aesthetic, no text, no watermark, no women",URL,زايد,https://d1q70pf5vjeyhc.cloudfront.net/predictions/efa0907cf1d9470c99daa70e47853e31/1.jpg,63c6612e17d14f66965eab6a6746847b
4,يتيم,"يتيم فاقد شوفه امه من سنين      وابوه مات من القهر والتجني
ما شاف واحد منهم بنظره العين      والحزن يهدم في الضلوع ويبني
تنزل دموعه من لحون المغنين      واهل اللحون من السعاده تغني
قالوا تمني ؟ قال ابا شوف الاثنين      كانه يفيد الميتين التمني
يا كامل الاوصاف ، يا نادر الزين      هذا شعوري كل ما غبت عني
كيف اتقبل تعزيه بعدك الشين      واشوف عذالي تجيك وتهني
دام الهجر والشوق والحزن قاسين      ليتك علينا يا حبيبي تحني
يكفيك فني عن فنون المحبين      كم مره استطربت والفن فني
كنت اتاني من فراقك معي لين      طولت بفراقك ومات التاني
وكان الخطا منك ، مسامحك هالحين      وكان الخطا مني ، وش تريد مني ؟","قصيدة ""يتيم"" لفزاع تعبر عن يتمِّ العاشقِ الروحيّ، مقارنَهُ بفقدانِ اليتيمِ لوالدَيْهِ: أمٌّ غائِبَةٌ من سنينَ، وأبٌ مَاتَ قَهْرًا. يهدِمُ الحُزْنُ صَدْرَهُ بينَما تَسْكُبُ دُمُوعُهُ مَعَ أَلْحَانِ المَغَانِي السَّعِيدَةِ، مُعَارِضًا بَيْنَ وَجْدِهِ وفَرْحِ العَالَمِ. يَرْفُضُ التَّمْنِيَ فَقَطْ، مُتَشَوِّقًا لِرُؤْيَةِ الْحَبِيبِ ""الْكَامِلِ الْأَوْصَافِ""، مُتَأَلْمِينَ مِنْ هَجْرِهِ وَتَعَازِي الْعَذَالَى وَهَنْئِهِمْ لَهُ. يَتَسَامَحُ مَعَ الْخَطْأِ مِنْ جَانِبَيْهِمَا، مُنْهِيًا بِالْيَأْسِ مِنْ طُولِ الْفِرَاقِ الَّذِي قَتَلَ فَنَّهُ وَرُوحَهُ، دَاعِيًا الْحَبِيبَ لِلْعَوْدَةِ رَغْمَ قَسْوَةِ الشَّوْقِ.","Cinematic close-up of Sheikh Hamdan bin Mohammed (Fazaa) in pristine white kandura and black bisht with subtle gold embroidery, his face etched with profound sorrow and spiritual longing, standing on muted cyan-tinted cracked desert earth at twilight, wilting desert roses and scattered prayer beads symbolizing devotion and pain, distant falcon silhouette against desaturated teal sky, volumetric rim lighting with cool blue-grey tones and soft amber accents, shallow depth of field with bokeh, shot on ARRI Alexa 65 with 85mm anamorphic lens, contemplative emotional atmosphere of spiritual abandonment, 8K photorealistic masterpiece, Apple TV+ documentary aesthetic, no text, no watermark, no women",,,,
5,مرت علي بالي,"حبيبتي مرت علي بالي اليوم      و وقفت تقدير لها يوم مرت
جابت لي الفرحه وانا كنت مهموم      الظاهر انها عن علومي تحرت
وفراقها كون في خفاقي غيوم      امطارها علي الفيافي لا خرت
تنبت من الازهار ما كان معدوم      وتسر نفس من زمن ما استسرت
في حبها حسادي تكثر اللوم      وهي ورا عوج الضلوع استقرت
احلم بها واطيح في النوم واقوم      فرحان .. لكن فرحتي ما استمرت
الي صحيت اعاتب الحظ والوم      الايام .. والايام منها تبرت
الهجر طعنه خاين بسيف مسموم      نفسه علي فعل الخيانه تضرت
ومن يحرم من العشق يعيش محروم      كم روح من قل الوصال استضرت
لا جيت انام .. النفس ما تعشق النوم      حاولت اقنعها .. لكنها اصرت
تبغي حبيبه قلبي الغاليه دوم      تمر في بالي ، واوقف لا مرت","قصيدة ""مرت علي بالي"" لفزاع، ملحمة عشقية تُجسّد مرور المحبوبة في خيال الشاعر كعاصفة فرحٍ تهدّي الهموم وتُحيي الصحراء أزهاراً من عطش الفراق. يصف ذكراها المتكرّرة كغيومٍ ممطرة تنبت ما كان معدوماً، رغم حسادٍ يلومون وأحلامٍ تنقضي بسرعة عند اليقظة، تاركة عتاباً للأيام الخائنة وسيف الهجر المسموم. يؤكّد الشاعر أن النفس ترفض النوم إلا لِتَعِشَ وصالَ الحبيبة الغالية، التي استقرّت خلف عوج الضلوع، محرّمةً على العاشقِ محروماً يئنّ من قلّة الوصال. تتكرّر الأبيات كإيقاعٍ نباتيّ يُعيدُ صورةَ الفرحِ الزائرِ، مُبرِزَةَ الصراعَ بين الشوقِ الأبديِّ والحرمانِ القاسي.","Cinematic medium shot of Sheikh Hamdan bin Mohammed (Fazaa) in pristine white kandura and black bisht with gold embroidery, his face etched with dignified longing and poetic sorrow, standing amidst a surreal desert landscape where wilting desert roses bloom from cracked earth under desaturated teal skies, distant incense smoke wisps curling upward against a muted cyan twilight horizon, subtle warm amber rim lighting highlighting the texture of traditional Sadu patterns on his garment, shallow depth of field with bokeh background, shot on ARRI Alexa 65 with anamorphic lens flare and subtle film grain, contemplative emotional atmosphere blending heritage resilience with heartbreak, 8K photorealistic masterpiece, Apple TV+ documentary aesthetic, no text, no watermark, no women",,,,
6,لا تلبس ذهب,"انته ذهب من دون ما تلبس ذهب      وش له تروح السوق وتدور عليه
سبحان من سوا .. وجل من وهب      حلاك بيدينك كانك منتقيه
شفايفك جمره .. وثغرك من لهب      خايف علي خدك لهب ثغرك يجيه
لو كان رمشك ينهب .. كان انهب      من كل عاقل شاف رمشك .. او سفيه
لا ترتهب ما فيه واحد يرتهب      من واحد يحبه وخفاقه يبيه
انا ف مهب الريح الا انت ف مهب      شوق سكن قلبي وقلبي محتويه
ذهب معك قلبي .. ياليته ما ذهب      لا قلت عود قال انا باموت فيه
تدري وش يخلي جروحي تلتهب ؟      اني اخلي شي .. وانا مشتهيه","قصيدة ""لا تلبس ذهب"" لفزاع، نشيد حبٍّ نابض يُخْرِجُ المحبوبَ ذهَباً فطرياً لا يُشْتَرَى، فهوَ الجمالُ المُنْتَقَى بيدَيْ الخالقِ، شفاهُ جمرٌ وثغرُ لهَبٌ يُهْدِدُ خدَّهُ بنارِ الإغراءِ. رَمْشُهُ نَهْبٌ يَسْتَطِيعُ سَرْقَةَ العَقْلِ وَالْهَوَى، وَلَوْ طَلَبَ الْقَلْبَ مَا رَتَهَبَ مِنْ مُحِبٍّ يَخْضَعُ لَهُ. الشَّاعِرُ فِي مَهْبِ الرِّيحِ، وَالْحَبِيبُ فِي مَهْبِ الشَّوْقِ الْمُسْتَقِرِّ فِي الصَّدْرِ، قَلْبُهُ ذَهَبٌ ذَهَبَ مَعَهُ وَلَمْ يَعُدْ، جُرْحُهُ يَلْتَهِبُ مِنْ فِرَاقِ الْمُشْتَاقِ. تَكْرَارُ الْمَقْطَعِ يُعَزِّزُ الْغَرَامَ الْمُتَوَاصِلَ، صُورٌ حَسِيَّةٌ نَابَتِيَّةٌ تَجْمَعُ بَيْنَ الْحَنَانِ وَالْعِشْقِ الْمُضْطَرِبِ، لِلْبُوسْتَرْ: خَلْفِيَّةٌ ذَهَبِيَّةٌ مَتَلْأْلِئَةٌ بِشَفَاهْ جَمْرِيَّةٍ وَعَيْنَيْنِ نَاهِبَتَيْنِ، عُنْوَانٌ بَوْلْدِي بِـ""لَا تَلْبَسْ ذَهَبْ"".","Cinematic close-up of Sheikh Hamdan bin Mohammed (Fazaa) in traditional white kandura and finely embroidered black bisht, his intense gaze filled with smoldering passion and longing, lips like glowing embers threatening a cheek with fiery allure, set against a muted cyan and desaturated teal twilight desert backdrop. Scattered wilting desert roses and a single falcon feather symbolize aching love and noble freedom, subtle incense smoke wisps curl in the cool air, volumetric golden rim lighting with soft amber highlights accentuating his contemplative expression, shallow depth of field with bokeh, shot on ARRI Alexa 65 with anamorphic lens flare and subtle film grain, emotionally resonant, poetic atmosphere, 8K photorealistic masterpiece, Apple TV+ documentary aesthetic, no text, no watermark, no women",,,,
7,لا تسال مجرب,"حبيبتي حالي من الشوق داني      اشرق بحبك .. واعود اغرب
اناني ف وصلك لكن يالاناني      تري الانانيه ف طبعك تخرب
لحظات حبك حطمت لي كياني      والحزن من بين المحاني تسرب
تسرب وصكت عليه المحاني      كنه لوصلك بالجروح يتقرب
يا معرب الانساب خدر العياني      سلم العرب لا تجهله يالمعرب
شربت حبك لين فاض الحناني      وقامت عروقي من غلاك تشرب
ياللي تقول اسال مجرب تراني      سالت واحد .. بس قام يتهرب
لا تسال مجرب يا قلب وتعاني      اسال طبيب و خل عنك المجرب","قصيدة ""لا تسأل مجرب"" لفزاع، ملحمة عاطفية تُجسّد صراع الشوق الدامي والأنانية المُدمِّرة في وجه حبٍّ يُشرِقُ فَيَغْرُبُ، حيث يتوسَّلُ العاشقُ الحبيبَةَ ""خدرَ العياني"" بالوفاء رغم جروح الفراق. يُحَطِّمُ حُبُّها كِيانَهُ، فَيَسْرَبُ الحُزْنُ مِنْ مَحَانِيهِ، وَتَفِيضُ عُرُوقُهُ غَلاَها، لِكِنَّ نَصِيحَتَهُ الْحَازِمَةَ تَرْفُضُ ""اسْأَلْ مُجْرَبًا"" الْمُتَحَرِّبَ، فَتَدْعُو إِلَى طَبِيبِ الْقَلْبِ لِشِفَاءٍ يَفُوقُ الْخِيَانَةَ. تَتَكَرَّرُ الْأَبْيَاتُ كَدَوْرَةِ الْعَذَابِ، مُبَرْزِمَةً جَمَالَ الْمَحْبُوبَةِ وَقَسْوَةَ الْوَاقِعِ، رَمْزًا لِلْحُبِّ الْمُؤْلِمِ الَّذِي يَحْتَاجُ عِلَاجًا لا مُجَرَّبَاتٍ مُخِيبَةً.","Cinematic close-up of Sheikh Hamdan bin Mohammed (Fazaa) in traditional white kandura and black bisht with subtle gold embroidery, his face marked by deep, anguished longing and resolute pain, set against a muted cyan and desaturated teal twilight desert backdrop. Scattered wilting desert roses and cracked desert earth symbolize heartbreak and fading love, with delicate incense smoke wisps curling upward, evoking memory and spiritual yearning. Soft amber rim lighting contrasts the cool blue-grey tones, volumetric rays highlight his contemplative expression. Shot on ARRI Alexa 65 with anamorphic 85mm lens, shallow depth of field with bokeh, cinematic masterpiece, Apple TV+ documentary style, emotionally resonant and poetic atmosphere, no text, no watermark, no women.",,,,
8,قصر زعبيل,"للشعر فكره وللهاجس ميه طاري      ترز للقمه العليا بيارقها
وقصيدتي من حصيله ناتج افكاري      كل القصايد الي من جات تفرقها
لو ابغي اغرق الساحه بابحاري      غرقتها بس انا ما احب اغرقها
ارسم ملامح طموحاتي في اشعاري      واحاول اني قبل ما اموت احققها
واعرف مقدار غيري قبل مقداري      واخطاء نفسي علي غيري ما اعلقها
لكن مشوار عمري لي متي ساري      ارهقت نفسي وما ادري ليه مرهقها
قدام تتعب قدم رجلي يا مشواري      الايام ساعاتها تشرح دقايقها
مراحل العمر تجري والزمن جاري      والناس تفني ويبقي وجه خالقها
وانا طموحي تخلد فعلي اخباري      ف ارشيف تاريخ الافعال ووثايقها
نجاحي لشخصي اعداءه يا انصاري      اكيد منطقه ما يشبه لمنطقها
من يامر بستر خلق الله وهو عاري      نصيحته من علي نفسه يطبقها
من كثر ما اخاطب العالم بمعياري      دايم اميز لكاذبها وصادقها
صحيح انا ما معي جنه ولا ناري      لكن ربي خلق خلقه وفرقها
من شرفه القصر اناظر خلف الاسواري      وجيه ناس عسي ربي يوفقها
ويزيد عزمي بفعل الخير واصراري      في خدمه بلاد برق العز بارقها
والطيب قصه وفيها معظم اسراري      والذل نار ونفوس الذل يحرقها
يا قصر ( زعبيل ) دامك بالحزن داري      لا تعلم ( دبي ) وتبكي مناطقها
الحزن اخوي الصغير وضيفي وجاري      في غربه الارض الوسيعه او مشارقها
مافي عيوني سوي دمعات تذكاري      لولا السحا من محاجر عيني اعتقها","قصيدة ""قصر زعبيل"" ملحمة نبطية عميقة لفزاع، تُجسّد صراع الطموح الشخصي مع هموم الغربة والحزن، حيث يرسم الشاعر بحاره الفكرية كأعلام ترقى للقمة العليا، رافضاً الإغراق في الساحة بالغضب، مفضلاً تحقيق الطموحات قبل الموت. يتأمل مشوار العمر الرهيب الذي يُتعب القدمين، والزمن الجاري الذي يُفني الناس ويُبقي وجه الخالق، مؤكداً أن الفعل هو الوثيقة التاريخية للخلود. ينتقد النفاق والحساد، مُميّزاً الصادق من الكاذب بمعياره الراسخ، ويُشرف قصر زعبيل بنظراته خلف الأسوار نحو وجوه الأبرار، معزّزاً عزمه في خدمة دبي برق العز. يختم بحزنٍ دامٍ كأخ صغير وجار وضيف، دموع تذكارية في غربة الأرض، محتجزة بسحاب محاجر عينيه، في تناغم بين الطيب السرّي والذل الناري الذي يحرق النفوس.","Cinematic close-up of Sheikh Hamdan bin Mohammed (Fazaa) in traditional white kandura and black bisht with subtle gold embroidery, his expression a profound blend of contemplative ambition and restrained sorrow, standing before the muted cyan and desaturated teal silhouette of Zaabeel Palace at twilight, cracked desert earth beneath symbolizing hardship and fleeting time, wisps of incense smoke curling upward evoking memory and spirituality, a single falcon feather resting gently nearby signifying nobility and freedom, volumetric golden hour rim lighting with cool blue-grey tones and soft amber highlights, shallow depth of field with bokeh background, shot on ARRI Alexa 65 with anamorphic lens flare and subtle film grain, emotionally resonant, poetic atmosphere of longing and steadfast resolve, 8K photorealistic cinematic masterpiece, Apple TV+ premium documentary aesthetic, no text, no watermark, no women",,,,
9,قلب السبع,"من جايع الوصل .. للي حبها شبعه      لا اطربني الشوق كيف اشبع من الطربه
حر الهوي لو يلومه في الهوي تبعه      ما شاف مخلابه اللي مدمي خربه
من حصل اللي خذا قلبي وانا تبعه      قلبي علي دربها ، وانا علي دربه
غزاله الوادي اللي جرحت سبعه      من شرق قلب السبع تختال لا غربه
خذت من القلب ثلث الشوق او ربعه      بالنظره الواثقه ، والهرجه الذربه
والكره .. مثل السحابه في شهر سبعه      ما تنبت العشب ولا تسقي التربه
والحب .. نهر مصبه فاض من نبعه      شوفه يكفيك يالظميان عن شربه
والوصل .. مثل الشجاع الشهم في ربعه      ما يرهب السيف ولا يرهب الحربه
والهجر .. مثل الذليل اللي فشل طبعه      من ذله .. الناس محد يطمع ف قربه","قصيدة ""قلب السبع"" ملحمة عاشقة تُجسّد صراع الشوق الجارف والتبعية العمياء لـ""غزالة الوادي"" التي جرحت قلب الأسد الشجاع بسياط نظراتها الواثقة وإغرائها الذرّب. يصف ""فزاع"" الهوى حرّاً لا يُلْوَم، يتبع درب المحبوبة رغم الخراب، مقارناً الحب بنهرٍ فائضٍ يروي الظمأ بنظره وحده، والوصل بشهمٍ لا يَرْهَبُ الحرب. أما الكره فسحابة عقيمة في سبع، والهجر ذليلٌ منبوذ لا يقتربُه أحد. تتكرّر الأبيات كإيقاع نبطيّ يعزّز الشبع من الشوق نفسه، رمزاً للعشق الذي يُشْبِعُ الجوعَ بالألمِ والفخرِ معاً، في لوحةٍ درامية تجمع بين وحشية القلب السبعيّ ورقّة الغزالة المتسلِّطة.","Cinematic close-up of Sheikh Hamdan bin Mohammed (Fazaa) in traditional white kandura and black bisht with intricate gold embroidery, his face a portrait of fierce longing and noble resolve, set against a muted cyan and desaturated teal twilight desert backdrop. Around him, scattered wilting desert roses and a single falcon feather symbolize painful love and freedom, while subtle incense smoke wisps evoke memory and spirituality. Volumetric golden hour rim lighting with cool blue-grey tones and soft amber highlights accentuate his contemplative expression. Shot on ARRI Alexa 65 with anamorphic 85mm lens, shallow depth of field with bokeh, cinematic masterpiece, Apple TV+ documentary aesthetic, emotionally resonant and poetic atmosphere, no text, no watermark, no women.",,,,
10,شعب الامارات,"مداخيل الشعر وايد ، وانا شاعر ولي مدخال      ولكن المخارج ما هي تشابه مداخلها
وانا بين المخارج والمداخل يوم طاب الفال      جبرت اخر بيوت المفردات ينافس اولها
سبحت من الشعر بحر وملكت من البيوت جزال      وهي ماهي بمهنه ، لكن افكاري تداولها
من اغلي الامنيات اللي من القلب وتمر البال      صنعت اغلي البيوت اللي تبيض وجه قايلها
اغذيها باحاسيس لها في خافقي مدهال      لها كفي مطيعه يوم تكتبها اناملها
لو ان افكار شعري خيل ، ما تلقي لها خيال      سوي فكري تحلق في الفضا يوم اتخيلها
علي الدوله وريسها (خليفه ) قايد الابطال      هماليل السحاب اللي غصون الارض بللها
ابارك له في شهر نزل القران فيه انزال      يضم من الليالي ليله القدر وفضايلها
ارددها علي الاطلال .. وتردد معي الاطلال      يالين اسمع صداها والمخاليق تناقلها
لو ان دله هل الامجاد ما معها سوي فنيال      تري الفنيال في راحه يمينه يا مهيلها
في كل بلاد له كلمه ، والي من قال قال وطال      يطول جبال الارض وكف ابو سلطان اطولها
مع شعب العروبه موقفه تفخر به الاجيال      والي من مالت احوال العرب وقف وعدلها
ولابو راشد من المجد التليد العز والاجلال      ومن الالقاب اشرف ما حوت الالقاب وانبلها
(صلاح الدين ) فخر للعروبه يا هل الامثال      وابو راشد (صلاح الدين) لاهل الارض باكملها
و (ابو خالد ) صنع دوله بهمته وتحته رجال      الي قالت ، تبرهن قولها صادق فعايلها
سلايله المكارم ، والفخر لا من ذكره اختال      وعريبين السلايل تفتخر فيها سلايلها
لو ان للطيب رجل يمثله بو خالد الرجال      يمثله ، وشيوخ الدار لو وقف يمثلها
وجبال الارض لو نقدر نسوي منها تمثال      لابو خالد ، نحتناها من اخرها الي اولها
علي الهامات له هامه وعلي حد السحب تختال      صعيبات المشاكل كل ما جاته يذللها
وعسي شعب الامارات العزيزه دوم ف احسن حال      عسي دعواتهم ربي في شهر الخير يقبلها",في ديوان العرب، يمجّد الشاعر الشعر كأداة خالدة تحفظ ماضي الأمة وعاداتها، رافضاً الطمع بالشهرة ليختار الشفاء لجروح البشر وآهاتها. يفخر بمن ذُكر جده وأباه بعظم وقفاتهم، متفوقاً على من يرتقي بقصيدة مزخرفة كالمرجان، بينما يصغُّر العمرُ العظماء الذين يصدَمون بهاماتهم الجبال. ينتقد الربيع الذي نسي ربيعه مغروراً بالدنيا، ويُبرز الصداقة الحقة التي تتحمل الخطايا، مقابل نيات الخائنين، مؤكداً أن البشر حسب ما أعطاهم الله، والدول تفضل التقدم على الازمات. يروي نصائحه لصديق باع الودَ شراهاً، متسائلاً عن سعر الطيب عند الأشرار، ويُفرِّق بين مقامات الناس: ناسٌ غيابُها يُشتِّتُ الانتباه حتى لو حيَّة، وأخرى لا تُؤثِّر وفاتُها. قصيدةٌ فلسفيةٌ نبطيةٌ تُعيدُ صياغة قيم العرب الأصيلة في مواجهة الزيف المعاصر.,"Cinematic medium-wide shot of Sheikh Khalifa bin Zayed (Bo Khalifa) standing in the foreground as the primary leader, with Sheikh Mohamed bin Rashid (Bo Rashid) and Sheikh Hamdan bin Mohammed (Fazaa) positioned slightly behind him in a dynamic unity composition on a muted cyan-tinted desert terrace at twilight, all three raising their hands in a gesture of collective leadership and tribute while holding traditional UAE flags, faces etched with solemn pride, visionary resolve, and deep emotional connection to the people, wearing pristine white kanduras and black bishts with intricate gold embroidery, distant silhouettes of falcons soaring above cracked earth and wilting desert roses symbolizing resilience, volumetric golden-hour rim lighting with cool blue-grey tones and warm amber highlights, shallow depth of field with bokeh, shot on ARRI Alexa 65 with anamorphic lens flare, contemplative and majestic atmosphere celebrating unity, heritage, and the enduring spirit of the UAE people, 8K photorealistic cinematic masterpiece, Apple TV+ premium documentary aesthetic, no text, no watermark, no women",URL,"راشد,خليفة,سلطان",https://d1q70pf5vjeyhc.cloudfront.net/predictions/204664a083d14b4dab5ef4c3afd19552/1.jpg,0ff349116fa643e2ba4547f66be049b5
11,سهم الغلا,"ياللي تسحب فوق الامتان جاعد      يلعب به الغربي علي قد مياس
احذر تعد ايام لقياك واعد      ايام بعدك والهجر ماله قياس
سهم الغلا ما بين نازل وصاعد      والرازق الله ، لكن الناس للناس
علمني وشلون اهجرك ونتباعد      يالقاسي اللي ما معك ايه احساس
ما دام ما حن بالحياه نتساعد      اضحك من الفرقا ، وعادي ، ولا باس
وش قيمه الغيم ان برق ، وان تراعد      لا صارت غصون المحبين يباس
لا لا تواعد .. خل عنك المواعد      انا تري من حبك اعلنت الافلاس
راح العمر كله وانا معك قاعد      لين الرجا ماتت عزومه من الياس
كم كنت انا وياك ساعد بساعد      وطوقتك بحبي مثل عقد الالماس
علي الغلا كله ، نويت اتقاعد      حتي اعيش العمر من دون وسواس","قصيدة ""سهم الغلا"" لفزاع، ملحمة وجدانية تُصارع قسوة الهجر والخذلان، حيث يعاتب الشاعر المحبوب القاسي الذي ""يسحب فوق الأمتن جاعد""، محذّراً من أيام الوعد الكاذبة والهجر اللامحدود. يصور ""سهم الغلا"" الذي يرتفع ويهبط كالقدر الإلهي، معبراً عن إعياء العمر في الوفاء ساعد بساعد، طوقاً كعقد ألماس، لكنه يقرر التقاعد من الحب ليعيش بلا وسواس. يسخر من الغيم البرّاق الذي يذبل غصون المحبين، معلناً إفلاسه العاطفي بعد موت الرجاء باليأس، مؤكداً: الرازق الله، لكن الناس للناس. صور بصرية درامية للسهم والغربي والأمتن، تجسّد صراع الوفاء والانفصال في قلب الصحراء الناباتية.","Cinematic medium shot of Fazaa (Hamdan bin Mohammed) in pristine white kandura and black bisht, his face etched with dignified sorrow and weary resolve, standing on cracked desert earth under a muted cyan twilight sky, holding a single arrow that rises and falls like divine fate symbolizing the pain of broken vows, wilting desert roses scattered at his feet representing the death of hope, distant silhouette of a falcon against desaturated teal horizon, subtle incense smoke wisps drifting through volumetric rays with cool blue-grey tones and soft amber accents, shallow depth of field with bokeh, shot on ARRI Alexa 65 with 85mm anamorphic lens, contemplative emotional atmosphere of resignation and poetic strength, 8K photorealistic masterpiece, Apple TV+ documentary aesthetic, no text, no watermark, no women",,,,
12,سامح,"احيانا افكر .. وافكر .. وافكر      الي متي عزمي بالاشواق جامح
ما دام باب المغفره ما تسكر      تعال وارسل لي خيالي ملامح
لو الحياه بطولها طعم سكر      ما كان احس بذنب غيري واسامح
هذا كلامي لو مزاجي تعكر      وخيل الهجر بين الحنايا ترامح
اقولها للي في حبي تنكر      اسامحه .. ولا يعرف التسامح
اطمح تراضيني يا زين وتذكر      ان عاشقك لرضاك يا زين طامح
لا تصير مالح في الهجر وانت سكر      سامح ما فيه اجمل من اللي يسامح","قصيدة ""سامح"" لفزاع، نشيدٌ للتسامح في وجه الهجر والإنكار، حيث يتأمل الشاعر في أشواقه الجامحة ويُصرّ على مغفرة الحبيب ""يا زين"" رغم مرار الفراق. يُقارن الحياة السكرية بالغفران الذي يُذيب ذنوب الآخرين، مُردِّداً: ""ما دام باب المغفرة ما تسكر، تعال وارسل لي خيالي ملامح"". يرفض الشاعر التحوُّل إلى ""مالح"" الهجر، مُعلِّياً جمال المُسامِح فوق كلِّ شيء، في إيقاعٍ متكرِّر يُجسِّد صبر العاشق الطامح للرضا.","Cinematic medium shot of Sheikh Hamdan bin Mohammed (Fazaa) in pristine white kandura and black bisht with gold embroidery, his face etched with dignified forgiveness and tender longing, standing on muted cyan-tinted desert dunes at twilight, scattered wilting desert roses and cracked earth symbolizing pain healed by grace, distant falcon silhouette against desaturated teal sky, subtle incense smoke wisps rising from a traditional dallah, volumetric rim lighting with cool blue-grey tones and soft amber accents, shallow depth of field with bokeh, shot on ARRI Alexa 65 with 85mm anamorphic lens, contemplative emotional atmosphere of reconciliation and patience, 8K photorealistic masterpiece, Apple TV+ documentary aesthetic, no text, no watermark, no women",,,,
13,رمز العز علمني,"الفسق افه .. لكن التقوي خشوع      ابوي رمز العز علمني بها
يا مدرسه الامجاد والقلوب البتوع      انا علي هقوتك يا هاقي بها
من الفلاسي ساسي وعندي فروع      من دار زايد عز الارض وطيبها
شاعر واحب الفزعه وقلبي فزوع      يالين شفت الناس سموني بها
واهل الصمود اللي ماترضي بالخنوع      الله سبحانه يشبهني بها
احب من جزل البيوت اللي تروع      اهل الفكر لا قامت تغني بها
تري القصيد انواع وانا كل نوع      ابدع في تركيبته واساليبها
يا اهل السيوف القاطعه واهل الدروع      تري السنين الله يعلم غيبها
اشبه الدنيا علي البكره الدفوع      دايم تكون الاوله ترتيبها
ان واصلت راعيها اصله جزوع      وان قاصرت بانت فضايح عيبها
والا اشبهها علي البنت الفروع      اللي عوي بين الحنايا ذيبها
نقبل لها مادامها حلوه الطبوع      ونصد منها لا تكاثر شيبها
اعمارنا تحسب من ايام السبوع      تجري لكن الناس ما تدري بها
ويوم الثلوث اللي قبل يوم الربوع      ذكراه في قلبي وش اسوي بها
ويا ورده البستان قطافك قنوع      وبعض الورود .. الله علي تعذيبها
غنيت لك ما تنطرب منه السموع      طرايف تعجبك في تركيبها
والبعد مثل السيف والفرقي تلوع      لا تطري الفرقي وتجرحني بها
لحنت لك حزني علي وتر الدموع      وخليت قلب العاشق يغني بها
ومشيت درب فراق ما منه رجوع      والمغترب نفسه شكت تغريبها
لو قلت لي جيب الثريا.. قلت طوع      امد كفي للسما واجيبها","قصيدة ""رمز العز علمني"" ملحمة نبطية لفزاع، تُعلي شأن أبيه محمد بن راشد (رمز العز، مدرسة الأمجاد) الذي غرس فيه التقوى والخشوع، رافضاً الفسق والخنوع. يفخر الشاعر بنسبه من الفلاسي ودار زايد، عز الأرض وطيبها، مشيراً إلى لقبه ""فزاع"" لشعره وقلب فزوعه، وصموده يشبهه الله به. يبدع في كل أنواع القصيد، يُمجد أهل السيوف والدروع، ويُشبه الدنيا ببكرة دفوع دائمة الأولية إن حافظ راعيها على جزوعه، أو ببنت فروع تُقبل حلوة الطبوع وتُصدّ شيبها. يتأمل سرعة الأعمار من أيام السبوع، وذكرى يوم الثلاث (الفقيد راشد) قبل الربوع، ويصف ورد البستان القنوع مقابل التعذيبي، غناءً طريفاً يُنطرب له السمع. يعبر عن حزن الفراق كسيف يلوع، لحن دموع العاشق والمغترب، مع وعد طوع يجلب الثريا إن أُمر. تتكرر الرفرين مؤكدة الهوية والولاء، رمزاً للعزّ الإماراتي الأصيل.","Cinematic medium shot of Sheikh Hamdan bin Mohammed (Fazaa) and a distinguished male Emirati elder standing side-by-side in a dignified unity pose on a muted cyan-tinted heritage courtyard at twilight, both placing a hand respectfully over their hearts while gazing upward with solemn pride and visionary resolve, wearing pristine white kanduras and black bishts with intricate gold Sadu embroidery, distant silhouettes of traditional architecture and subtle incense smoke wisps curling upward, volumetric golden-hour rim lighting with cool blue-grey tones and warm amber highlights, shallow depth of field with bokeh, shot on ARRI Alexa 65 with anamorphic lens flare, contemplative and majestic atmosphere, 8K photorealistic cinematic masterpiece, Apple TV+ premium documentary aesthetic, no text, no watermark, no women",URL,زايد,https://d1q70pf5vjeyhc.cloudfront.net/predictions/a26e4da0f0694cbdabdf2cee3c6e9d4d/1.jpg,8465b7e533aa488b9b52888c32af670d
14,ديوان العرب,"الشعر ديوان ماضي عربنا والاداه      التي كانت توضح لنا عاداتها
دايم من يكتبه ايتمني من قراه      التبحر في القصيده عبر كلماتها
بس انا ما قلته اطمع لشهره من وراه      قلته اداوي جروح البشر واهاتها
كيف يطمح فيه واحد ذكر جده واباه      اصنعت مكانته من عظم وقفاتها
ليس مثلي من قصيده ترفع مستواه      لو من المرجان واللول صغت ابياتها
كم صغير في العمر وصل للعالم نباه      وصادم بهامته ناس لها هاماتها
بالمكارم تسمع اسمه من افواه الرواه      وغيره اسماها حسب دخل عقاراتها
لو عمينا العين وشلون نكتم كل فاه      والعرب اكثر ما فيها عدد رواتها
والربيع اللي تناسي ربيعه .. وش بلاه      غرته دنياه يوم اكثرت لذاتها
للصديق من الصديق يتحمل له خطاه      والاصدقاء مع بعضها حسب نياتها
والبني ادم كل واحد حسب ما الله عطاه      سيءات الناس ماهي مثل حسناتها
والدول مع بعضها لو يصير اشتباه      التقدم مصلحتها علي ازماتها
كم نصحته والنصيحه من المسلم لاخاه      وقلت له : يا خلها معك ، والا هاتها
وانت بعت الود والود من باعه شراه      واعرف مشاعر الناس من نظراتها
السءال اللي يراودني علي كل اتجاه      عند مثلك سلعه الطيب كم دفعاتها
لا تحسب ان كل جافي بكت عيني جفاه      لي مقاماتي .. وللناس ماقاماتها
شخص لا من غاب بعده يشتت الانتباه      وشخص لا من غاب نفسك تحس بذاتها
ناس .. نبكيها لو انها علي قيد الحياه      وناس .. ما ياثر علينا خبر وفاتها","الشعر ديوان ماضي عربنا والاداه      التي كانت توضح لنا عاداتها
دايم من يكتبه ايتمني من قراه      التبحر في القصيده عبر كلماتها
بس انا ما قلته اطمع لشهره من وراه      قلته اداوي جروح البشر واهاتها
كيف يطمح فيه واحد ذكر جده واباه      اصنعت مكانته من عظم وقفاتها
ليس مثلي من قصيده ترفع مستواه      لو من المرجان واللول صغت ابياتها
كم صغير في العمر وصل للعالم نباه      وصادم بهامته ناس لها هاماتها
بالمكارم تسمع اسمه من افواه الرواه      وغيره اسماها حسب دخل عقاراتها
لو عمينا العين وشلون نكتم كل فاه      والعرب اكثر ما فيها عدد رواتها
والربيع اللي تناسي ربيعه .. وش بلاه      غرته دنياه يوم اكثرت لذاتها
للصديق من الصديق يتحمل له خطاه      والاصدقاء مع بعضها حسب نياتها
والبني ادم كل واحد حسب ما الله عطاه      سيءات الناس ماهي مثل حسناتها
والدول مع بعضها لو يصير اشتباه      التقدم مصلحتها علي ازماتها
كم نصحته والنصيحه من المسلم لاخاه      وقلت له : يا خلها معك ، والا هاتها
وانت بعت الود والود من باعه شراه      واعرف مشاعر الناس من نظراتها
السءال اللي يراودني علي كل اتجاه      عند مثلك سلعه الطيب كم دفعاتها
لا تحسب ان كل جافي بكت عيني جفاه      لي مقاماتي .. وللناس ماقاماتها
شخص لا من غاب بعده يشتت الانتباه      وشخص لا من غاب نفسك تحس بذاتها
ناس .. نبكيها لو انها علي قيد الحياه      وناس .. ما ياثر علينا خبر وفاتها","Cinematic medium shot of Sheikh Mohamed bin Zayed (Bo Zayed) in pristine white kandura and black bisht with gold embroidery, his face etched with dignified wisdom and deep contemplation regarding human nature and heritage, standing on muted cyan-tinted desert dunes at twilight, scattered wilting desert roses and cracked earth symbolizing pain and resilience, distant falcon silhouette against desaturated teal sky, subtle incense smoke wisps rising from a traditional dallah, volumetric rim lighting with cool blue-grey tones and soft amber accents, shallow depth of field with bokeh, shot on ARRI Alexa 65 with 85mm anamorphic lens, contemplative emotional atmosphere reflecting the poem's themes of healing and truth, 8K photorealistic masterpiece, Apple TV+ documentary aesthetic, no text, no watermark, no women",,,,
15,جسر الصداقه,"الضايق اللي ساري ليله ولا حصل طريق      تلعب به الايام بين يمينها وشمالها
يا غارق بالهم لا تطلب نجاتك من غريق      الصبر مفتاح الفرج ، والناس هذا حالها
وانا تري متني يشيل من الحمل ما لا يطيق      مالي ومال الحمله اللي كل كتف شالها
والدله اللي ماتقهوي ضيفها ، قل للبريق      يرسل تعازي ضوها لا فاحت بفنجالها
ايامنا بين الشهر واليوم ، والباقي سحيق      الايام كم يبغي لها ، والناس كم يبغي لها
قمريه الاحزان لا غنت علي الغصن الدقيق      ما تعاتب المحزون لو غنت ولا غني لها
يا ناس وش حل الرفيق اللي يعاتب له رفيق      لا حدته الايام ، والدنيا علي منوالها
لا تحسب ان اللي تحبه لا جرحته ما يضيق      لو يستر جروحه عليك وعلته ما قالها
يضيق لكن مبسمه ضحاك وحجاجه طليق      لان الصداقه كنز ، والحسنه بعشر امثالها
والحقد في قلوب الرجال اهل الوفا ماهو يليق      قلوبها تبقي نظيفه .. لو تغير حالها
وانا لو ابني للصداقه جسر لعيون الصديق      الناس من كثر الزعل ، فال الله ولا فالها
العذر مايكفي من التقدير ، والصده تعيق      الوصل من بين القلوب اللي تمد حبالها
والالماس سعره فوق سعرك يالذهب لو لك بريق      سعره لحاله .. والذهب تسعيرته بلحالها
واهل الجواهر يفرقون الكهرمان من العقيق      لو تخلط الثنتين بنت في طرف سلسالها
نصبر علي قرص النحل حتي نوصل للرحيق      واهل الهوي يمسح خطاياها لذيذ وصالها
والناس لاجل امالها تحتاج للفهم الدقيق      واللي ما تملك فهم تخسر نفسها وامالها
جبال الارض الشامخه يا منكر المجد العريق      هاماتنا من كبر هيبتنا ، تطول جبالها
جديدنا مستقبل زاهر ، وماضينا عتيق      مسيره التاريخ يبقي مجدنا في بالها
لو ان حضارتنا قصيده شاعر فكره عميق      ما كان غير محمد المكتوم صاغ امثالها","في قصيدة ""جسر الصداقة""، يرسم فزاع لوحة حكيمة للصبر أمام تقلبات الأيام والأحزان، محذراً الغارقَ في الهَمِّ من طلب النجاةِ من غريقٍ، ومُعلِّماً أنَّ الصداقةَ كنزٌ يُبْنَى جسرُهُ لعيونِ الرفيقِ رغمَ الزعلِ والعذرِ الواهي. يُشبِّهُ الوفاءَ بالألماسِ الذي يَفْرُقُهُ أهلُ الجواهرِ عن الذَّهَبِ، والحُسْنَةَ بعشرِ أمثالِها، رافِضاً الحِقْدَ في قُلُوبِ أهلِ الوَفَا النَّظِيفَةِ. يَصْبِرُ الإنسانُ على قُرْصِ النَّحْلِ لِيَصِلَ إلى الرَّحِيقِ، مُؤَكِّداً أنَّ الفَهْمَ الدَّقِيقَ مِفْتَاحُ الأَمَالِ، ويَخْتِمُ بِفَخْرِ الْمَجْدِ الْعَرِيقِ لِحَضَارَتِنَا الَّتِي صَاغَ أَمْثَالَهَا ""مُحَمَّدُ الْمَكْتُومُ""، جَابَالُ هِيبَتِنَا وَمَاضِينَا عَتِيقٌ وَمُسْتَقْبَلُنَا زَاهِرٌ.","Cinematic medium-wide shot of Sheikh Mohamed bin Zayed (Bo Zayed) and Sheikh Mohamed bin Rashid (Bo Rashid) standing side-by-side on a vast, muted cyan-tinted desert terrace at twilight, both placing a hand over their hearts in a gesture of deep sincerity and unity while gazing toward a distant horizon where faint silhouettes of other figures represent the broader community, faces etched with dignified resolve and warm compassion, wearing pristine white kanduras and black bishts with intricate gold embroidery, subtle symbolic elements including wisps of incense smoke curling upward, a single wilting desert rose resting on a stone ledge, and distant falcon silhouettes against the sky, volumetric golden-hour rim lighting with cool blue-grey tones and soft amber highlights, shallow depth of field with bokeh, shot on ARRI Alexa 65 with anamorphic lens flare, contemplative and emotionally resonant atmosphere celebrating the bridge of friendship and heritage, 8K photorealistic cinematic masterpiece, Apple TV+ premium documentary aesthetic, no text, no watermark, no women",URL,محمد,https://d1q70pf5vjeyhc.cloudfront.net/predictions/837ef2c850eb4f5885cf6a079360a724/1.jpg,af5ae57d1340496cb6f52f4416ca955f
16,تجربه عمر,"يطالبني الجمهور بالشعر وانا اقول      الابداع فكره في الاحاسيس مغروسه
مع صادق الاحساس نحتاج وعي عقول      يحلل لنا بيت الشعر حسب قاموسه
ورغم كثره اشغالي انا ماني بمشغول      عن الشعر والنصر المخلد وقاموسه
لو اني بدون يدين والا بدون رجول      قدرت اهزم ناس من الكبر مهووسه
اصوغ بشفاتي نصر ليوا بدون خيول      وافرج بها ضيقات في الصدر محبوسه
وانا شيخ ، لكن شيخ طيب ووفا وفعول      ماهو شيخ عزه كبر منصبه وفلوسه
اشوف العمر فرصه واشوف الحياه فصول      ومع كل فصل تجربه عمر مدروسه
يالين الكسل والذل في الواقع المذهول      نخر في عزاءمهم مثل نخره السوسه
طبول المعارك صوتها غير صوت طبول      من يجر صوته في الغنا ليله عروسه
نعرف الخطا لكن نتجاهل المسءول      الاراء عكسيه .. والاوضاع معكوسه
علي قمه العزه تصول العرب وتجول      وتحت هيبه الريس تري الناس مريوسه
يابن ادم اسمعني تري العمر له مدلول      تصبر لو ان نفسك من الضيق منفوسه
لا تخذل طموحاتك ولا تتبع المخذول      تري كل واحد له مزاجه وهاجوسه
تفاءل ، تجد صحراء همك خضار حقول      وسر ليلك المظلم علي نور فانوسه
باطرش رساله فكر والشعر لي مرسول      عسي تستفيد اذناب وقتي قبل روسه
رساله لها مفعول ، لكن .. تري المفعول      مثل حلم ليل طير الحلم كابوسه
اخاطب بها صاحي ما اخاطب بها مهبول      شرات الدوا جرعته للداء مقيوسه
من يدوس فوق الشوك وهو بدون نعول      لا يشكي جروح الشوك ، يصبر علي دروسه
ومن يقول دنيانا مشاكل بدون حلول      يبا عيشه الخذلان والنفس مدعوسه
ومن يطيح عزمه كيف يقدر يشيل حمول      ومن يضيع رايه .. لازم يصير في حوسه
الانسان لو يصنع من الماس والا اللول      مداءن علي كوكب اهل الارض محسوسه
ولو انه ملك هالارض بالعرض والا الطول      تري ما قدر يصنع لذا الحين ناموسه
يظل الضعيف اللي بلا جهد ولا حول      لو ان نفسه من الموت بحب الناس محروسه
مصيره علي الاكتاف يرحل وهو محمول      وحفرته متر ونص والكفن ملبوسه","في قصيدة ""تجربة عمر""، يردّ ""فزاع"" على مطالب الجمهور بالشعر بتأكيد أن الإبداع جذوره في الإحساس الصادق مع وعي يحلل القاموس الشعري، رغم كثرة مشاغله. يصور نفسه شيخاً طيباً وفياً فعالاً، لا عزّه منصب أو مال، قادرًا على نحت النصر بشفاه حتى بدون يدين أو رجلين، مهزومًا الكبرياء بالإصرار. يرى العمر فرصةً مفصولة دروساً، ينخر فيها الكسل والذل كنخر السوسة، ويفرق بين طبول المعارك وصوت الغناء العبثي. يخاطب ""يا بن آدم"" بالصبر على الضيق، رفض الخذلان، والتفاؤل الذي يحوّل الصحراء حقولاً خضراء ويضيء ليل الهم بنور فانوس. رسالة شعرية مفعولة للصاحي لا المهبول، تُقاس جرعات الدواء للداء، محذّرة من ضعف الإرادة الذي يُرحّل صاحبه محمولاً إلى قبره متر ونصف، مهما بلغت قوته أو ملكه، فالجهد هو الناموس الحقيقي.","Cinematic medium shot of Fazaa (Hamdan bin Mohammed) in pristine white kandura and black bisht with gold embroidery, his face etched with dignified resolve and contemplative wisdom, standing on muted cyan-tinted desert dunes at twilight, cracked earth symbolizing the erosion of laziness and incense smoke wisps representing spiritual clarity, distant silhouette of a falcon against desaturated teal sky, volumetric rim lighting with cool blue-grey tones and soft amber accents, shallow depth of field with bokeh, shot on ARRI Alexa 65 with 85mm anamorphic lens, contemplative emotional atmosphere, 8K photorealistic masterpiece, Apple TV+ documentary aesthetic, no text, no watermark, no women",,,,
17,اول عشق,"انت اول انسان اعشقه في حياتي      والحين تبغي الصدق ما عدت الاول
عشقت غيرك وانمحت ذكرياتي      مع دمعي اللي يوم هاجرت حول
ماهو مهم اكون اول وثاني      اهم شي اكون شي ف حياتك
ان كان قلبك ياحبيبي نساني      ارجوك لا تنساني بذكرياتك
طول في هجرانك علي لاتحاتي      ما عاد يعنيني لو الهجر طول
اغني فراقك بصوت الاهاتي      والقلب من زود الوناسه يمول
اخاف اطول بالهجر في امتحاني      ما اقدر اطول في الهجر من غلاتك
دامك خبير ف لحن بعض الاغاني      باعطيك اهاتي غنها مع اهاتك
العام تصبح في الخفوق وتباتي      واليوم معلن فيه حضر التجول
انا اعرفك حالي وسكر نباتي      حالي ومن زينك اهلك تهول
العام حبك بين عوج المحاني      ما زال ثابت وانت تعرف غلاتك
وانا اعرفك انسان ما انت باناني      لان الانانيه ماهي من صفاتك
لكن .. لو كنت اجمل الفاتناتي      الحبك انا مستحيل اتسول
هذاك اول يوم كنت ف حياتي      والحين جا غيرك ولا عدت الاول
وانته بعد لو كنت فارس زماني      تجبرني العزه اسوي سواتك
ما فيه لا اول .. ولا فيه ثاني      غصبا عليك انا الوحيد ف حياتك","قصيدة ""أول عشق"" ملحمة عاطفية تُجسّد صراع العاشق مع الهجر والغيرة، حيث يُصرّ الشاعر (""فزاع"") على تفوّقه كـ""الأوّل"" في قلب الحبيب رغم محاولات الصدّ والتناسي. يتجاوز الترتيب أهميّته ليؤكّد: ""أهمّ شيء أكون شيء في حياتك""، رافضاً الاستسلام للواسعة الطويلة، ومُغنّياً الفراق بآهاتٍ يدعو الحبيب لمشاركتها. يمدح نبلَه بعيداً عن الأنانيّة، لكنه يُحذّر بكرامةٍ: ""غصباً عليك أنا الوحيـد في حياتك"". تتكرّر الأبيات كلازمةٍ مؤثّرة، مع صورٍ حسّيّة للدموع والحنين في زمن الحجر، تجمع بين الضعف العاشق والعزّة الرافضة للتنازل.","Cinematic close-up of Fazaa in pristine white kandura and black bisht with gold embroidery, his face etched with dignified longing and resilient sorrow, standing on muted cyan-tinted desert dunes at twilight, scattered wilting desert roses and cracked earth at his feet symbolizing heartbreak and separation, distant falcon silhouette against desaturated teal sky, subtle incense smoke wisps rising from a traditional dallah, volumetric rim lighting with cool blue-grey tones and soft amber accents, shallow depth of field with bokeh, shot on ARRI Alexa 65 with 85mm anamorphic lens, contemplative emotional atmosphere of forbidden love and noble refusal to yield, 8K photorealistic masterpiece, Apple TV+ documentary aesthetic, no text, no watermark, no women",,,,
18,الهجر,"ياللي ذكرت الهجر وتحدد المهله      لا ما تروم الهجر لو قلت لي رايم
الهجر ، لا تحسب انه مساله سهله      الهجر يجرح خفوق العاشق الهايم
منهل شفايفك منه العين من نهله      لكن راعيها من منهلك صايم
لا يجهل الحب قلبك ، وان طغي جهله      افرد جناح الهجر يا طيرنا الحايم
هاجر ودرسك معك والوقت درسه له      وانا من دروسك ودرس الزمن شايم
الوقت .. خذيت منه تجربه كهله      وطاحت من عيوني الدنيا وانا قايم
والكفر ملعون ابو لهبه وابو جهله      والعشق ملعون ابو بايعه والسايم
طول وقصر علي ما تريد في المهله      مصير قلبك يردك عاشق هايم
الواحد يغيب عن اهله ، و هم اهله      لكن ، قلبه يرده صوبهم دايم","قصيدة ""الهجر"" لفزاع، ملحمة عاطفية تُحذّر المحبوبة من وهم الفراق، مُصوّرة الهجرَ جرحاً يمزّق خفوق العاشق الهايم، رغم سحر شفاهها المنهل وجمال عيونها. يُذكّرها بالزمن الذي علّمَهُ تجربةَ كهلةٍ، حيث طاحت الدنيا من عيونه قائماً، ويُلعنُ الكفرُ بابِ لهيبٍ وجهلٍ، والعشقُ بابَ بايِعٍ وصائم. يؤكّدَ أنَّ قلبَها سيَرُدُّها عاشقةً هايمةً، كالغائبِ الذي يَبْقَى قلبهُ صَوْبَ أهْلِهِ دَيْمًا، في تناقُضٍ بينِ إصرارِ الهجْرِ وقوَّةِ الوفاءِ الأبديِّ.","Cinematic medium shot of Sheikh Hamdan bin Mohammed (Fazaa) in pristine white kandura and black bisht with gold embroidery, his face etched with dignified longing and poetic sorrow, standing on muted cyan-tinted desert dunes at twilight, scattered wilting desert roses and cracked earth at his feet symbolizing heartbreak, distant falcon silhouette against desaturated teal sky, subtle incense smoke wisps rising from a traditional dallah, volumetric rim lighting with cool blue-grey tones and soft amber accents, shallow depth of field with bokeh, shot on ARRI Alexa 65 with 85mm anamorphic lens, contemplative emotional atmosphere reflecting eternal loyalty amidst separation, 8K photorealistic masterpiece, Apple TV+ documentary aesthetic, no text, no watermark, no women",,,,
19,اسف اسف,"كم عشقت المستحيل وكم ذخرت الاستحاله      لين صرت احجز مكاني في الصفوف الاوليه
اعشق الخيل الاصيله ، لانها رمز الاصاله      في البلاد اليعربيه ، والبلاد الاجنبيه
الهجن والطير والبحر وهل البر ودلاله      والغلا والطيب والشعر بحروفه الابجديه
والشعر حاله ، وانا شاعر امر بالف حاله      من تواضع لي محبه ، لا عدا لا عنجهيه
لا كتبته .. اكتبه من فكر ماهو من جهاله      شمس فكري ما تغيب وجمره الابداع حيه
للمحب احساسه الصادق ، وللشاعر خياله      يعزف احساسه علي وتر اللحون السامريه
ذعذعت ريح الشمال وكن قلبي من شماله      لا جنوبه يشعر بريح الشمال الخارجيه
كله لعين الحبيب اللي ملك قلبي لحاله      واملكه بعيونه السود وملامحه البريه
اتذكر كل ما هب الشمال وهز شاله      والتوي من فوق عوده طيه من فوق طيه
واتذكر كل ما مال الغصن عوده لا ماله      فيه من ميل الغصن والغصن له منه شويه
واتذكر صبحه الضاحك ، وليله من خلاله      والجبين اللي مثل شمس الضحا عيد الضحيه
واتذكر .. لون خده كل ما ذكروا مجاله      وردتين حمر في بستان ماهي مزهريه
واتذكر بسمته ، دلعه ، رقته ودلاله      وابتسامات الشفاه ونظره العين الشقيه
قبل ما يرحل ويتركني بلا علم ورساله      نرجسي وانا في حبه ما عرفت النرجسيه
ويش اسوي في حبيب يحسب قلبي حلاله      والمصيبه قلبي موافق ونفسي له رضيه
القضيه .. كيف احس بلهفته والا وصاله      يا قضاه الحب من يقدر علي حل القضيه
دام اخذ قلبي من ضلوعي يدور لي بداله      وكان ما عنده بداله .. لازم يرده عليه
لا يخليني بلا قلب علي العشاق عاله      ايعرفني ، نيتي وحده ماهي خمسين نيه
ان دله قلبه من الفرقا ، تري ماني بداله      كيف ابا ادله من حبيب بالغلا ما شفت زيه
لا يطول بالفراق ويعتبر وصله جماله      والجماله ردها واجب علي راع الحميه
نظره من عينه لعيني وانا واقف قباله      كافيه بانها تعوض لمسه يديه بيديه
ان حصل مني خطا ، مليون مره قلتها له      يخطي العبد ويتوب ويغفر الله الخطيه
كم مساحه كل بر وكم عدد حبه رماله      وكم شجر غصون الارض اليابسه والا الطريه
وكم عدد من حج بيت الله وشد له الرحاله      وكم عدد من قال صلي الله علي محمد نبيه
بعددها كلها تاسفاتي كلها له      اسف اسف ، دام لي علي التاسف مقدريه","قصيدة ""أسف أسف"" ملحمة وجدانية لفزاع، تعترف بحبه المستحيل للمحبوب الذي رحل فجأة، تاركاً قلبه أسيراً بعيونه السود وملامحه البرية. يصف الشاعر إعجابه بالخيل الأصيلة رمز الأصالة، وهيجانه بالشعر والطبيعة، مشبهاً قلبه بريح الشمال التي تهبّ فتثير ذكريات صباحه الضاحك، غصن عوده الطيّ، خديه كوردتين حمر، وبسمته الشقية. يتوسل عودة القلب المسروق، رافضاً الفراق الطويل، ومؤكداً توبته من الخطايا بمليون ""أسف"" يعدّدها بعدد رمال البراري وأشجار الأرض وحجاج البيت الشريف. تنتهي بدائرة الحب الذي حجز له مقعداً في الصفوف الأولى من المستحيلات، حيث يعزف الشاعر إحساسه على وتر اللحن السامري بتواضع وإخلاص خالٍ من العنجهية.","Cinematic medium-wide shot of a solitary male Emirati poet (Sheikh figure) standing in a contemplative pose on a muted cyan-tinted desert terrace at twilight, reciting poetry with deep emotion while holding a traditional Arabic manuscript close to his chest, face etched with longing and dignified sorrow, wearing pristine white kandura and black bisht with intricate gold embroidery, subtle wilting desert roses and wisps of incense smoke curling upward near the horizon, volumetric golden-hour rim lighting with cool blue-grey tones and warm amber highlights, shallow depth of field with bokeh, shot on ARRI Alexa 65 with anamorphic lens flare, melancholic yet majestic atmosphere, 8K photorealistic cinematic masterpiece, Apple TV+ premium documentary aesthetic, no text, no watermark, no women",URL,محمد,https://d1q70pf5vjeyhc.cloudfront.net/predictions/c5cf5dd97dd448caab050c641d2ca247/1.jpg,14979d41beed4ac28e4c4b8c2970b583
20,احمر الورد,"احمر الورد اجمل شي في البستان      بين صوت الطيور وخضر الاغصاني
والمشاعر .. لو تجرد من الانسان      كيف يعرف شعور اخوه الانساني
والمحبه من الايمان .. والايمان      شي وسط الضمير ، وشي براني
وانت يالانسي اللي كنك من الجان      اختر الشكل الاول ، وافهم الثاني
لك سنه وانت لا راضي ولا زعلان      قصدك تذلني ، والا تحداني
سامح الله سطوه رمشك الفتان      يوم خذني علي غفله و وداني
وسامح الله قلبي يوم شافك لان      لين حبك تمكن وسط وجداني
وسط وجداني اللي لك بني وجدان      كلها تشتكي فرقاك ، وتعاني
انت جاني علي بالهجر والحرمان      والجروح الجروح اشكال والواني
جرح .. دمعته ما تنشاف بالاعيان      وجرح .. دمعته منظوره بالاعياني
وجرح مجراه مجري الدم في الشريان      وجرح .. كنه طعون سيوف عدواني
وجرح .. يقتل شعور العاشق الولهان      لو بغيت اشرحه .. ما يقدر لساني
وجرح في الذاكره ما يقبل النسيان      اتذكره دايم .. رغم نسياني
اه يا ما اكثر جروحي .. لكن غلطان      كان ما تعرف المجني من الجاني
يا زمن لا توصي صاحبك ( حمدان )      قبلك ( محمد المكتوم ) وصاني
صاحبك لا وقف يصهل صهيل حصان      يتحمل طعون فلان وفلاني
ومن يعامل جميل الناس بالنكران      مستحيل احشمه لو هو من اخواني
كل انسان يملك في الحياه انسان      من معاناته يقدره ويعاني
ودامها ما تسلي كثره الخلان      خلهم في سلام وعيش وحداني","قصيدة ""أحمر الورد"" لفزاع (حمدان بن محمد) ملحمة عاطفية تفتتح بجمال الورد في البستان بين خضر الأغصان وصوت الطيور، رمزاً للمحبة الإيمانية المتأصلة في الضمير والبراءة الإنسانية. يوجه الشاعر لوماً رقيقاً للحبيب الغامض ""اللانسي كنك من الجان""، الذي يُبقيه عاماً في تردد بين الرضا والزعل، محاولاً الذل أو التحدي برمش فتان غافل القلب. يتوسع في تصوير جروح الهجر المتنوعة: جرح خفي لا يُرى، جرح دامٍ كالدم في الشريان، طعنة سيوف عدوانية، قاتلة لشعور العاشق الولهان، وأخرى في الذاكرة لا تنسى رغم النسيان. يعترف بكثرة جروحه لكنه يلوم الجهل بين المجني والجاني، ثم ينصح الزمن بعدم الوساطة لحمدان، فقد وصّاه محمد المكتوم (الأب) بالصبر كصهيل حصان يتحمل الطعون. يدين نكران الجميل حتى من الأخوان، مؤكداً أن كل إنسان يملك آخر يعاني معه، ولا تُسْلِي الكثرة، فخَلْهم في سلام وعِشْ وحداناً. يعيد الختام بالبيتين الأولين في حلقة دائرية، معبراً عن نبل فزاع في الوفاء رغم الألم، مزجاً بين حسية الطبيعة وعمق الفلسفة الإنسانية والقيادية.","Cinematic medium-wide shot of Sheikh Hamdan bin Mohammed (Fazaa) and Sheikh Mohamed Al Maktoum standing side-by-side in a solemn, unified stance on a muted cyan-tinted desert terrace at twilight, both performing the action of placing a hand gently over their hearts while gazing toward a distant horizon with expressions of dignified sorrow and deep contemplation, wearing pristine white kanduras and black bishts with intricate gold embroidery, subtle wilting desert roses and wisps of incense smoke curling upward to symbolize fading love and memory, volumetric golden-hour rim lighting with cool blue-grey tones and warm amber highlights, shallow depth of field with bokeh, shot on ARRI Alexa 65 with anamorphic lens flare, melancholic yet majestic atmosphere reflecting the pain of betrayal and enduring loyalty, 8K photorealistic cinematic masterpiece, Apple TV+ premium documentary aesthetic, no text, no watermark, no women",URL,"محمد,حمدان,بني",https://d1q70pf5vjeyhc.cloudfront.net/predictions/098f7b9bc38b4e808cc3f803e42d77bb/1.jpg,05aa1799168b4c16931f5178982e960d
21,انت وانا,"ياللي تمر عروق قلبي نظرتك وتتلها      الله عليك من الحسد واهل الحسد والله لنا
الشيله اللي فوق وجهك يا حبيبي شلها      خل الخجل منك وسولف لي ما غير انته وانا
سوالفك حلوه ، ومن زود الغلا ما املها      الله من حرف تمكن في شفايفك و دنا
الي ثنيت رموشك اللي فوق خدك ظلها      يعكس تثناها ، تعال وشوف قلبي لا انثني
ار سم لي اللهفه ودع نفسي تبرد غلها      مصيرنا نفني ، وكم واحد من الدنيا فنا
لو قلت ان الشمس ت شبه طلتك في طلها      يوم اشرقت والورد متفتح وجاهز للجنا
اقدر اقول لنور وجهك يوم تشرق ذلها      ميزك من سواك عنها في الشروق وفي السنا
القلب بعدك ثار ، والعين الدموع تهلها      ليه الشقا ليه الزعل ليه تمسك بالعنا
اثنينهم .. حزن الحبايب مرها واحتلها      بعد المحبه والموده والمواصل والهنا
ان قلت لي بارجع عليها قلت روح وخلها      الامن .. ليس مستقر لا هناك ولا هنا
الضيقه اللي في صدر رجال وش هو حلها      خصوصا ان كانت طموحاته طموحاتي انا","قصيدة ""أنت وأنا"" لفزاع، ملحمة عاشقة تُغرق في بحر الشوق والحسد الجميل، حيث يخاطب الشاعر حبيبه الخجول بدعوةٍ للكشف عن الوجه المُشلَّل بشيلةٍ، ويمدح سوالفه الحلوة التي تُذيب القلوب وتُشعل الغلا في الشفاه الدنّة. يُشبِّه طلته بشروق شمسٍ تفوق الوردَ في الجِنان، رموشه تُظلِّل خدَّه كظلٍّ يُعكس انثناءَ القلبِ الثائرِ، بينما يتوسَّلُ السماحَ للهفَّةِ أن تُبردَ غلَّها قبل الفناءِ المُحتَّمِ. ينفجرُ الألمُ في صراعِ الابتعادِ بعدِ محبَّةٍ ومودَّةٍ، حيث يثورُ القلبُ والدمعُ يهُلُّ، مُسَائِلاًَ الشَّقَا والزَّعَلَ الَّذِي يُحْتَلُّ الحبايبَ، ويَرُدُّ العودةَ بقسْوَةٍ تُجْعَلُ الأمانَ مُتَوَحِّشًا لا مَأْوَى لَهُ. يَخْتَتِمُ بِضِيقَةِ صَدْرِ الرَّجُلِ ذِي الطُّمُوحَاتِ المُشْتَرَكَةِ، مُؤَكِّدًا أَنَّ ""أَنْتَ وَأَنَا"" عَالَمٌ مُنْفَرِدٌ يَتَجَاوَزُ الحُدُودَ، مَرْسُومٌ بِالْحُسْنِ وَالْحُزْنِ فِي أَرْضِ النَّبَتِيِّ.","Cinematic medium shot of Sheikh Hamdan bin Mohammed (Fazaa) in pristine white kandura and black bisht with gold embroidery, his face etched with dignified longing and poetic sorrow, standing on muted cyan-tinted desert dunes at twilight, scattered wilting desert roses and cracked earth at his feet symbolizing heartbreak, distant falcon silhouette against desaturated teal sky, subtle incense smoke wisps rising from a traditional dallah, volumetric rim lighting with cool blue-grey tones and soft amber accents, shallow depth of field with bokeh, shot on ARRI Alexa 65 with 85mm anamorphic lens, contemplative emotional atmosphere reflecting the epic love and separation themes, 8K photorealistic masterpiece, Apple TV+ documentary aesthetic, no text, no watermark, no women",,,,
22,الغصن يابس,"الغصن يابس ولا طاح المطر يالهبوب      قولي له يطيح لا يذبحه كثر البطا
كم لي وانا احاول ابث الامل ف الشعوب      في كل مره اشوف الحزن فيهم سطا
يا ابن ادم اللي تريد تتوب عجل وتوب      اليوم من عمرك اسرع من طيار القطا
سمو فكرك يساعد في اختيار الدروب      اعرف تفاصيل دربك قبل رجلك تطا
عليه واعرف مدي حسناتك من الذنوب      وتعيش مرفوع هامه .. مستقيم الخطا
واللي يقول انه مميز ولا له عيوب      يعيش فوق السما ، لايعيش فوق الوطا
الشخص لو يقدر يغطي عيوبه بثوب      غطي عيوبه ، لكن العيب ما له غطا
والشمس تشرق ، لكن بعد الشروق الغروب      لو نورها يوم تشرق في سماها سطا
ياللي تقولون فقر الناس فقر الجيوب      الوقت .. ياما خذا منا وياما عطا
فزاع .. وجهه نظره الفقر فقر القلوب      وجهه نظر .. يمكن انها صح والا خطا","قصيدة ""الغصن يابس"" لفزاع، ملحمة حكمية تُشبه الغصن اليابس تحت الهبوب بلا مطر، ترمز للحياة الشاقة واليأس الذي يخنق الشعوب رغم بث الأمل فيها. يدعو الشاعر ابن آدم للتوبة العاجلة قبل فوات الأوان، وسمو الفكر لاختيار الدرب الصالح، معرفة الحسنات من الذنوب ليعيش مرفوع الهامة مستقيم الخطى. يسخر من المتكبرين الذين يدّعون الكمال فلا يعيشون على الأرض، ويؤكد أن العيوب لا تُغطى مهما حاول الإنسان. يُقارن الشمس بشرقها وغروبها، محذّراً من زوال النور، ويُعرِّف الفقرَ الحقيقيَ فقرَ القلوب لا الجيوب، رأي فزاع قد يكون صواباً أو خطأً، في دعوة للتأمل والإصلاح قبل الانهيار.","Cinematic medium-wide shot of Fazaa (Hamdan bin Mohammed) standing alone in a contemplative pose on a muted cyan-tinted desert terrace at twilight, gently tracing the dry, withered branch of a ""Yabis"" tree while looking toward a distant horizon where faint rain clouds gather, face etched with deep empathy and urgent wisdom as if speaking directly to the viewer, wearing pristine white kandura and black bisht with subtle gold embroidery, wilting desert roses and cracked earth slipping through fingers in the foreground, volumetric golden-hour rim lighting with cool blue-grey tones and warm amber highlights, shallow depth of field with bokeh, shot on ARRI Alexa 65 with anamorphic lens flare, reflective and poignant atmosphere, 8K photorealistic cinematic masterpiece, Apple TV+ premium documentary aesthetic, no text, no watermark, no women",URL,"فزاع,سمو",https://d1q70pf5vjeyhc.cloudfront.net/predictions/1fff2cc5becc4446b4fb032af967ecc9/1.jpg,8405ea809a9949e28f4f7c6c0f08fb98
23,ايمان الشعوب,"سري الليل وسري صوت المشاعر يا نسيم النود      وعلي الله ما سريت الا وساق الشعر قيفانه
يقولون الشعر وزن و قوافي نبضها مفنود      وانا اقول الشعر حس الخفوق ونبض وجدانه
ويقولون الشعر ضيف علي شاعره وانا اعود      اقول الشعر ماهو ضيفنا والناس غلطانه
معزبنا الشعر وضيوفه احنا والسنين شهود      هو اللي سجل التاريخ في صفحات ديوانه
اذا الشاعر علي المعني عجز لا يبلغ المقصود      وش تفيد القوافي لو يركبها علي اوزانه
بروق الشعر من معني ، وتعبيره حنين رعود      ولا تنشف محيطاته اذا نشفن خلجانه
قصيد بين طيات المحاني والضلوع يرود      اذا عدي علي القلب الشفوق يحرك اشجانه
امتع به عيون الناقد اللي يعرف المنقود      واحلق به مثل حر _ فرش للريح جنحانه
اوصله لحدود المستمع لو ماهو بموجود      واسوقه للوطن واهديه للي يعشق اوطانه
مساكم عود .. لا والله مساكم فاق دهن العود      يغار العود من نفحاته و من طيب ريحانه
انا ما جيت لجل الغي الذي قبلي بسيف جحود      واشيد برج عاجي واسكنه واسد بيبانه
لكني جيتكم بشري سحاب المزن بيض وسود      ابا امطركم غلا من وسمي الخاطر وهتانه
لو اني جيت اصرح .. ما ورا كثر المنابر فود      لكني جيت من شعب بعزمه سابق ازمانه
اماراتي .. وانا افخر باني بدار الفخر مولود      ابا اخدم دولتي لين الجسد تفخر به اكفانه
وابا ارفع طود واكسر طود وارفع طود واكسر طود      وابا اراهن زماني واستفزه واكسب رهانه
يجود بقولي لساني ولي قبله يمين تجود      ومن جادت يمينه ما يشح القول بلسانه
اعسف الصعب من قاف الشعر باسلوبي المعهود      يالين ارفع حراره هاجسي وتثور بركانه
ما دام لكل ثوره نار .. اقول لكل نار خمود      وهي نار الله اللي في دركها طاح شيطانه
يا ربي لا تخليني من اسباب الرجا مطرود      انا عبدك .. لا تحشرني مع الشيطان واعوانه
انا اقسم باسمك اني ما حفلت من السنين صدود      لكن الناس باهل الطيب واهل الجود طمعانه
وانا لولاي احب الدار ما شرفت روس نجود      ولا والله حفلت اللي جمع بالحق بهتانه
احب (القدس ) واتمني السلام بكل دار يسود      وازور المسجد الاقصي واصلي واسمع اذانه
انا المقصود وان قالوا علامك من هو المقصود      من الطير الوحش لي شاف ربد و قص سبقانه
اذا هبوا فرادي للوطن ما جيت له مفرود      انا لدار المكارم سقت خياله و هجانه
الي ( ابوظبي ) عاصمه البلاد اقود قلبي قود      محبتها تبث الشوق في قلبي وشريانه
علي دار الظبي دار المراجل والكرم والجود      سلام _ يوقف التاريخ له ويثبت اركانه
سلام الله عليكم يا النشامي .. ما عليكم زود      نحن منكم وفيكم والوطن يفخر بفرسانه
نحن يوم اتحدنا ما توكلنا بصف جنود      توكلنا علي الله ربنا المعبود سبحانه
توكلنا علي الله واعتصمنا باسمه المعبود      وقلنا : يا علم خز السحاب و جر وديانه
ورفرف يا علم دامك علي عز الوطن معقود      فداك ارواحنا يا قبله العالم ونيشانه
نحبك يا وطن والمال دونك والعمر مزهود      و لي ما ياخذ بحقك نحن ما ناخذ ايمانه
كرامتنا ما هب حول المساوم .. ما نسوم ضدود      نحن فوق الضدود ونظره الحاسد وحسبانه
نحن من دون وحدتنا وقفنا للزمان صمود      وقفنا و كل حبه رمل تسوي عندنا دانه
وطنا عرضنا اللي ما نطاوع به كلام ندود      ومن يرخص بارضه يرخص بعرضه وعربانه
مدار الشمس يتبع دربنا .. ولنا قبور جدود      اذا مروا علي التاريخ فز و شنف اذانه
نهار تفرقوا بعض العرب حنا لفينا حشود      نهز الارض تحت اقدامنا والارض عطشانه
ونرويها من دمانا ، ونكسر هامه النمرود      علي غم الحسود وغم نمروده وطغيانه
علي بذره محبه زرعها لاجيالها محصود      سقاها ( زايد ) الخير و نمت بالخير رويانه
نمت من كفه الطاهر جنان _ طلعها منضود      ولا زلنا يالين اليوم نقطف ثمره جنانه
اذا قالوا من المحسود .. قلنا شعبنا محسود      واذا قالوا من اعيانه ؟. نقول العالم اعيانه
لكن بشراك يا ( زايد ) كلام اهل الحسد مردود      ثرانا دونه ارواح التقت وعيون سهرانه
تربينا علي العز و تعودنا دروب الكود      وهي عاده الاماراتي .. وعاده كل جدانه
نحن للطيب سقنا الطيب ، وللجلمود حن جلمود      و نحن يشهد لنا الميدان يوم يفوح دخانه
لنا سيف بوجه اللي يعادي دارنا مجرود      دوا من يشتهي يفصل طرف راسه عن ابدانه
لكنا في رخا.. والسيف في يوم الرخا مغمود      ولا نرفع سوي سيف الشعر والفكر ميدانه
وانا من فوق هالمنبر اريد ارفع كبار بنود      واقول بكل صوت انسان في هالدار وانسانه
يدوم العز بايمان الشعوب وحلمها المنشود      لانا في وطن ايمان شعبه يشبه ايمانه
علي سبع ( الامارات ) الله اكرمنا بسبع فهود      علي مبدا زعيم المجد ويصونون ما صانه
شعور انا نضحي لجل يبقي في العلا موجود      يحسسنا .. بانا نستحق نكون سكانه
علي درب الزعيم مءسس الوحده ابونا العود      حكيم العرب .. راس المجد .. بحر الجود ربانه
علي شان المكارم واهلها ( زايد ) بذل مجهود      وجمعنا .. سلام الله علي ( زايد ) ورضوانه
يشم الذيب ريحه ويتهيب منه البارود      وهو باول سنينه ما تعلي صهوه حصانه
و لما ساد .. وحد داره وخلا الدروب مهود      و علا من قدر شعبه ورسخ قدر جيرانه
مع السلطان (قابوس) ف ربي (مسقط) كتب لعهود      وصرنا شعب واحد ، من اماراته الي عمانه
وله حشمه مع (ال ثاني) وله حشمه مع (ال سعود)      وله حشمه مع (البحرين ).. بترابه وشطانه
وله في ( سوريا ) مع شعبها قدر _ ماهو معدود      فجع ( بيروت ) موته واذهل (الاردن ) وعمانه
و في ارض ( اليمن ) تشهد لفضله شامخات سدود      و في ( المغرب ) و في ارض (العراق) صروح بنيانه
و مع ( فلسطين ) له وقفات مجد ذكرها محمود      و مع اهل ( البوسنه ) بالطيب يرجح كف ميزانه
و مع ( مصر ) العروبه واهلها له مكرمات تعود      علي ( مصر ) العروبه واهلها بالخير واحسانه
لو ان للنيل درب من ( مصر ) لابوظبي ممدود      سقي قبره وفاضت لين دار العين غدرانه
علي كل البيارق ( زايد ) اللي بيرقه في زود      وعلي اهل الجود له زود و علي اهل الزود تيجانه
قبل ( زايد ) وعنوان الفخر واهل الفخر مفقود      طلع ( زايد ) .. وعنوان المعالي صار عنوانه
مع اهل الشان م الاحيا ومن هم يسكنون لحود      يظل الشيخ ( زايد ) في الطليعه عالي _ شانه
و (راشد بن سعيد ) ماسس النهضه حفظ لوعود      وقف ب (دبي ) واهل ( دبي ) لين اشتد عمرانه
بحنكه تذهل العالم ، وفكر ما عليه قيود      وقف ( راشد ) مع ( زايد ) وقوف الاخ لاخوانه
و نحن يوم اجتمعنا كل وفد من وراه وفود      دبي .. امست مقر الاتحاد بلحظه اعلانه
و تحت رايه ( خليفه ) ريس الدوله نهب جنود      علي شان المعادي ع المنايا نعقد قرانه
لا ثار غبار ميدان الوغا دون البلاد نذود      نوقف في الثري اسد الشري وفي الجو عقبانه
نوقف دونها والروح ترخص والعدو مضهود      وذا عهد علينا ، والعهد لا عاش من خانه
ابو سلطان .. عز الدوله اللي عزها مشهود      عزيز الراس ، والراس العزيز تعزه امتانه
خليفه .. عدنا اللي تورد وتصدر عليه عدود      اذا السحب ادبرت عنا ، يوردنا من امزانه
ابو سلطان قايدنا .. ولا نرضي عداه يقود      سمو القايد الاعلي .. سما للمجد سلطانه
سمو القايد الاعلي علي اكرام الرجال يسود      نوقف لجله الدنيا .. و نقعدها علي شانه
اذا يامر غزينا له .. واذا يامر علينا نعود      علي امره ينقلنا من يساره الي ايمانه
ونايب ريس الدوله (محمد) قدها و قدود      بني مجلس وزارات البلد واختار شجعانه
هو اللي زوج الصحرا علي البحر بثلاث عقود      كتب ع الما يالين الما عرف فضله وعرفانه
صنع في البحر معجزته وخلا البحر ينبت عود      وخلا النخل في عرض البحر يختال عيدانه
وخلا اللول والمرجان يتشكل في وسط نفود      كان البر بحر _ من لاليءه ومرجانه
محمد .. يوم طاح الاقتصاد وصار فيه ركود      وقف وقفه حكيم وقدم افكاره علي سنانه
وقال ان السياسه الخاسره يتبع سببها جمود      ومن يتبع دروب الحرب .. يتبع درب خسرانه
ومن يحكم بعقله هوب مثل اللي حكم بزنود      عشان الزند دون العقل ما له قدر ومكانه
و ذا طبع الليالي نوب تنزل بك ونوب صعود      وكل _ يمدح الدهر ان صفا له وان عثر .. شانه
و(ابو خالد ) اسد دوله الامارات وحفيد اسود      ولي العهد .. قايد جيشنا لا ثار دخانه
ولي العهد (ابو خالد) و له منا ولاء .. وعهود      نود اللي يوديه .. و نعادي كل عدوانه
دروب المجد غنت لجل (ابوخالد) بلحن العود      ولا زلنا يالين اليوم نستلهم من الحانه
سند حكام دولتنا بوقفاته .. وهو مسنود      بمجد خصه الله فيه دون الناس سبحانه
نظيف من العتب قلبه .. لعز بلادنا مرفود      مع عقل حكيم وراحه بالخير مليانه
حجاجه ينفرد رحمه لكن لا ضاق سم كبود      وهو عون السجين اللي شكي من ظلم سجانه
ونحن والله ل (ابو خالد) فدا يوم المنايا ترود      نراودها عن انفسنا اذا اشر لنا بنانه
توحدنا وباب التفرقه بعزومنا موصود      يالين اهتز عرش المعتدي واهتزت اركانه
وصرنا رجل واحد لكن نقاتل بسبع عضود      نعيش ف بيت واحد ونحمي سوره وجدرانه
عروبتنا اصيله ، وان عطينا ما نبا مردود      ونروي كل كبد من هجير القيض ضميانه
صنعنا للنصر سيف ، و زرعنا للسلام ورود      ولنا روس علي حد السحب ماهي بمنهانه
عزيمتنا جمل ياقف وحمله في الظهر مشدود      وتطورنا ما دام انه بدا ، ما نلجم عنانه
نتاجر في المراجل ما نتاجر في ترف ونقود      واصحاب المكارم رابحه ماهي بخسرانه
يموت الرجل فينا وجهه ابيض والليالي سود      حياه الرجل من دون المعزه ما لها خانه
واذا كان الفخر طيب النسب خذ علمي الموكود      اقول العلم ، ولا من قلت علمي جبت برهانه
ابوي الشيخ ابو راشد ( محمد ) والجدود جدود      وخاله ( زايد ) اللي طيب راسه تعب اقرانه
بدون قصور في الساده ولا تحقير في المسيود      باحساس كما ساس الجبال الشم سيسانه
اذا قام ( الفلاحي ) و ( الفلاسي ) ينتخون حشود      مقام بعز ابن مكتوم .. مع هيبه نهيانه
ما دام المجد (ابو خالد) معانا في البلد موجود      نبا نوقف وقوف المنتصر في وجوه عدوانه
محبه .. والمحبه وهبه من الخالق المعبود      تري ما هو علي شاني .. نبا نوقف علي شانه
وسري الليل وسري صوت المشاعر يا نسيم النود      وعلي الله ما سريت الا وساق الشعر قيفانه","في ملحمة ""إيمان الشعوب""، يُعرِّف ""فزاع"" الشعرَ نبضَ وجْدان الخفوق ومعانيَهِ العميقة، لا مجرَّدَ وزنٍ وقافية، بل سيدَنا وضيوفَنا الذينَ سجَّلْوا تاريخَ الإماراتِ في ديوانِهِ. يَفْخَرُ بأصْلِهِ الإماراتيِّ، مُتَغنِّيًا بِـ""زايد"" باني الوحدةِ وحكيمِ العربِ الذيَ زرَعَ بذْرَةَ محبَّةٍ نَمَتْ جِنَانًا، وَرَعَى جِيرانَهُ مِنْ عُمَانَ إِلَى مِصْرَ وَفِلَسْطِينَ وَالْبُوسْنَةِ. يَمْدَحُ ""رَاشِدَ بْنَ سَعِيدٍ"" مَاسِسَ نَهْضَةَ دُبَيْ، وَ""خَلِيفَةَ"" وَ""مُحَمَّدَ بْنَ رَاشِدٍ"" بِعَجَائِبِهِمَا فِي زَوَاجِ الصَّحْرَاءِ بِالْبَحْرِ وَحِكْمَةِ الْأَزْمَاتِ، وَ""أَبُو خَالِدٍ"" أَسْدَ الدَّوْلَةِ وَسَنْدَهَا. يُؤَكِّدُ وَحْدَةَ الشُّعُوبِ السَّبْعِ فِي إِيمَانٍ يُشْبِهُ إِيمَانَ وَطَنِهَا، صَمُودَهَا أَمَامَ الْحَسُودِ، تَوَكُّلَهَا عَلَى اللهِ، فَدَاءَهَا لِعَلَمِ الْعِزِّ، وَحُبَّهَا لِلْقُدْسِ وَالسَّلَامِ، مُنْهِيًا بِدَوْمِ الْعِزِّ بِإِيمَانِ الشُّعُوبِ وَحُلْمِهَا الْمُنْشُودِ.","Cinematic medium-wide shot of Sheikh Mohamed bin Zayed (Bo Khalid) and Sheikh Hamdan bin Mohammed (Fazaa) standing together in a dignified unity pose on a muted cyan-tinted desert terrace at twilight, both raising a traditional UAE flag in a slow tribute gesture while gazing toward the horizon with visionary resolve, faces etched with solemn pride and emotional depth, wearing pristine white kanduras and black bishts with intricate gold embroidery, distant falcon silhouettes and subtle incense smoke wisps curling upward, volumetric golden-hour rim lighting with cool blue-grey tones and warm amber highlights, shallow depth of field with bokeh, shot on ARRI Alexa 65 with anamorphic lens flare, contemplative and majestic atmosphere, 8K photorealistic cinematic masterpiece, Apple TV+ premium documentary aesthetic, no text, no watermark, no women",URL,"محمد,زايد,راشد,قابوس,مكتوم,خليفة,سيف,سلطان,سعود,آل,بن,بني,الشيخ,سمو",https://d1q70pf5vjeyhc.cloudfront.net/predictions/86674b0afa2840dc80965da2fd9fe72d/1.jpg,ee045a61b7ce41278eb188208d82ac4f
24,قصيده المستحيل,"المستحيل يحبني يوم رمته      كان مصيري مرتبط مع مصيره
والياس حاربني ، لكني هزمته      وايامنا راحاتها مستديره
عزي من ابوي الكريم استلمته      علي المسار اكملت نفس المسيره
الاوله .. حق العرب ماهضمته      والثانيه .. نباي في كل ديره
وابوي .. ابوي الصيرمي لا عدمته      خذيت منه الاوله والاخيره
كم بحر ترهب غبته .. بس عمته      خطير ، واحب الدروب الخطيره
وكم واحد لو ما حشمني حشمته      ماهو علي شانه .. علي شان غيره
وكم واحد لو يجهل اسمي ، ما لمته      عيون لومي عن شراته ضريره
وكم واحد عليه غيضي كتمته      اسامحه ، واقول هو و ضميره
وكم بيت شاعر كني اللي نظمته      يجذبني اسلوبه وحسن تعبيره
وكم صاحب يثبت معي لا زهمته      يبين في شر الزمن قبل خيره
وكم واحد احسسه باني فهمته      اقرا في عينه ما حوته السريره
وكم سيف في شوط التحدي لطمته      ونفوس من تكره نجاحي كسيره
وكم ليل اتعب رمش عيني ما نمته      لين احتضن جفني شعاع الظهيره
وكم من حزام يرتخي لا احتزمته      ما ينلبس عند الامور الكبيره
وكم من جدار في طريقي هدمته      وبنيت باحجاره للاجيال سيره
وكم عاقل تستغرب الناس صمته      كبير ، وعقول الخلايق صغيره
وكم حلم يتحقق لا مني حلمته      يثيرني يوم احلمه واستثيره
وكم يوم من عمري يا وقتي خصمته      يامااطولك ، وايام ناسك قصيره
انسان احس انه كفو لا احترمته      نفسه غنيه لو يدينه فقيره
وانسان .. بخزام الوفا لو خزمته      نار الغدر في وسط يوفه سعيره
وكم واحد لو ما حشمني ، حشمته      ماهو علي شانه ، علي شان غيره
الاوله .. حق العرب ماهضمته      والثانيه .. نباي في كل ديره
والثالثه .. الصيرمي لا عدمته      خذيت منه الاوله والاخيره","في قصيدة ""المستحيل""، يمجّد ""فزاع"" انتصاره على المستحيلات واليأس، مُعلناً ارتباط مصيره بتحديات الحياة التي هزمها بكل جدارة. يستمد عزه من أبيه ""الصيرمي"" (محمد بن راشد)، خَذَلَ مِنْهُ الأولى والأخيرة: حق العرب الذي لم يهضمه، نبأه في كل ديره، وثباته في الدروب الخطيرة. يتكرّر إيقاع ""كم"" ليُسَرِّدَ إرثَهُ البطوليّ: هَدْمُ الجدران لبناء سيرة الأجيال، لَطْمُ السيوف في التحدّي، سَهَرُ الليالي حتّى الظهيرة، احتضانُ الأحلام وتحقيقُها، عفوُ الغَيْظِ والغَدْرِ، احترامُ الكفاءاتِ رَغْمَ الفقرِ، وتمييزُ الوفيِّينَ في شرِّ الزِّمانِ. يُبَيِّنُ نبلَهُ في الصَّمْتِ الكبيرِ أمامِ الصِّغَارِ، وكَرْمَهُ في حَشْمِ الآخرينَ لِشَأْنِ غَيْرِهِمْ، مُؤَكِّدًا أنَّ أيَّامَهُ مُسْتَدِيرَةُ الرَّاحَةِ، وأيَّامَ النَّاسِ قَصِيرَةٌ. ملحمةُ عَزْمٍ ووفاءٍ تُحَوِّلُ المستحيلَ حُبًّا، رَاسِخَةً في تاريخِ الإماراتِ.","Cinematic medium-wide shot of Sheikh Mohamed bin Zayed (Bo Zayed) and Sheikh Hamdan bin Mohammed (Fazaa) standing together in a dignified unity pose on a muted cyan-tinted desert terrace at twilight, both raising a traditional UAE flag in a slow tribute gesture while one gently places a hand on the chest to signify deep reflection and resolve, faces etched with solemn pride, visionary determination, and an intense gaze that looks toward the horizon, wearing pristine white kanduras and black bishts with intricate gold embroidery, distant falcon silhouettes and subtle incense smoke wisps curling upward, volumetric golden-hour rim lighting with cool blue-grey tones and warm amber highlights, shallow depth of field with bokeh, shot on ARRI Alexa 65 with anamorphic lens flare, contemplative and majestic atmosphere, 8K photorealistic cinematic masterpiece, Apple TV+ premium documentary aesthetic, no text, no watermark, no women",URL,سيف,https://d1q70pf5vjeyhc.cloudfront.net/predictions/4751dff3efa94aee9763ecfa19d071d6/1.jpg,60aa823bff1b44cbb629f89315e4ccdf
25,مرت سنه,"مرت سنه والعين يعشقها السهر      ومرت سنه والشوق باقي ما انمحي
ومرت سنه والقلب ذابحه الهجر      ومرت سنه والهجر عيا ما استحي
ومرت سنه ومرت سنه وانا انتظر      ومرت سنه والوصل نايم ما صحي
ومرت سنه ما جا من الغالي خبر      ودارت علي حب المحبين الرحي
ومرت سنه صابر وعذري في الصبر      شماته اصحاب الشوارب واللحي
وعيونه السود وشفايفه الحمر      وجديل يضفي فوق متنه لا انتحي
وصدر يسد الليل عن نور القمر      وخد يسد الصبح عن شمس الضحي
ومرت سنه واخاف لا يروح العمر      وانا انتظر والشوق باقي ما انمحي","قصيدة ""مرت سنة"" لفزاع، نشيدٌ للشوق الدائريّ الذي يعصف بالعاشق بعد عامٍ من السهر والانتظار، حيث يذوب القلب تحت وطأة الهجر الذي لا يستحي. يتكرّر الإيقاع كدوران الزمن القاسي، مع وصفٍ حسّيّ للمحبوبة: عيون سودٌ، شفاه حمر، جديلٌ متدلٍّ، صدرٌ يغشي القمر، خدٌّ يُطفئ الشمس. يصبر الشاعر على شماتة الأصدقاء ذوي اللحى والشوارب، خائفاً أن يضيع العمر في غياب الغالية، مؤكّداً بقاء الشوق الذي لا ينمحي. ملحمة وجدانية تجمع الألم والجمال في حلقةٍ لا تنتهي، مثالية لتصميم بوستر يعكس الدوران الزمني والحبّ الخالد.","Cinematic close-up of Sheikh Hamdan bin Mohammed (Fazaa) in pristine white kandura and black bisht with gold embroidery, his face etched with dignified longing and poetic sorrow, standing on muted cyan-tinted desert dunes at twilight, scattered wilting desert roses and prayer beads at his feet symbolizing devotion, distant silhouette of a beloved's profile against desaturated teal sky, subtle incense smoke wisps curling upward, volumetric rim lighting with cool blue-grey tones and soft amber accents, shallow depth of field with bokeh, shot on ARRI Alexa 65 with 85mm anamorphic lens, contemplative emotional atmosphere reflecting the circular nature of time and love, 8K photorealistic masterpiece, Apple TV+ documentary aesthetic, no text, no watermark, no women",,,,
26,الاسم,"ما كنك الا شوق في بحر نسيان      كل المشاعر قبل لا اجيك لبتك
قبل المحبه تنخلق حس الانسان      كل الحواس الخمس يا شوق حبتك
وقبل اتعنون صرت للروح عنوان      ما دام هي في وسط الاحساس ربتك
من سبتك غيرت انا اسم (حمدان)      لين عرفوني باسم ( فزاع) سبتك
تبقي بمكان ويطلع البدر بمكان      واذا طلعت يضيع نوره بهيبتك
ما انته بلون الشمس وقت المسيان      استغفر الله الشمس بالنور صبتك
كن العمر لحظه اذا معك سهران      وكن السهر عمري بلحظات غيبتك
ان جيت صوبي صرت لك دار واوطان      وان رحت عني صرت بعدك وغربتك
قالوا تحت الاضلاع ما تنبت اغصان      قل لي وش اللي تحت الاضلاع نبتك
قطر الندي يصبح علي الورد ولهان      سميت طيب الورد من اصل طيبتك
شفتك وعاتبت الليالي والازمان      وين الليالي كل هالوقت خبتك
ومن سبتك غيرت انا اسم (حمدان)      لين اعرفوني باسم ( فزاع ) سبتك","قصيدة ""الاسم"" لفزاع ملحمة وجدانية تُعرِّي جذور الحب الأزلي، حيث يسبق الشوق كل مشاعر الإنسان والحواس الخمس، عنواناً للروح قبل الوجود. يروي الشاعر كيف غيَّر اسمه من ""حمدان"" إلى ""فزاع"" بسبب هجر المحبوب، مُصوِّراً إياها بدراً يُطفئ نور القمر، شمساً تُصبِغ النور، وطيباً يُعطِر الورد والندى. الحب هنا وطنٌ يُبنى بالوصل ويُهجَر بالفراق، يُنبِت أغصاناً تحت الضلوع مخالفاً الأقوال، ويُطِيل السهر إلى عمريٍّ في غيابها. يعاتب الزمان والليالي على إخفائها، مُؤَكِّداً أنَّها بحر نسيان يُلَبَّتُ فيه كلُّ العواطف، في رقصة شعرية بين الانتظار والألم والجمال الساحق.","Cinematic medium-wide shot of Sheikh Hamdan bin Mohammed (Fazaa) standing alone in a contemplative pose on a muted cyan-tinted desert terrace at twilight, deeply immersed in reciting poetry with an expression of profound longing and emotional resonance, wearing pristine white kandura and black bisht with intricate gold embroidery, surrounded by subtle symbolic elements including wilting desert roses, cracked earth, and wisps of incense smoke curling upward, volumetric golden-hour rim lighting with cool blue-grey tones and warm amber highlights, shallow depth of field with bokeh, shot on ARRI Alexa 65 with anamorphic lens flare, contemplative and poetic atmosphere, 8K photorealistic cinematic masterpiece, Apple TV+ premium documentary aesthetic, no text, no watermark, no women",URL,"فزاع,حمدان",https://d1q70pf5vjeyhc.cloudfront.net/predictions/127af98b5604457a95cea25ea8b6f5e2/1.jpg,4457eb1af77947f5bac4e50b84f907c7
27,ادب,"الادمي لو ان دمعه عشب كان انكبت      عليه رعيان الحلال اهل النفل والعندب
لكنها دمعه تناستها الجفون وصبت      فوق الخدود وجرحت قلب الضلوع الحدب
وش عاد ياللي لك سمي لبي وعيني لبت      وانا سنا جرد المعاني من فراقك جدب
حظ يقفي بك مثل بزر رياحه هبت      واقفي مثل ما اقفيت يندب والغلا مايندب
ولا طفت ضو الوصال وضو هجرك شبت      ابا احسب الندبات في قلب عروقه ندب
وان احملت عوج السنين المقبلات وربت      ندب علي قصيده زينه وانا با ندب
قلوب الاحباب الحقيقيه لا منها حبت      تعامل المتادبين بحشمه المتادب","قصيدة ""أدب"" وجدانية عميقة تعبر عن ألم الهجر الذي يُنسى ظاهرياً كدمعة تنساب على الخدود دون أن تنبت عليها رعيان الحلال، بل تجرح قلب الضلوع الحدب. يصور ""فزاع"" الشوق الجاف كسنا جردٍ يُعرِّي المعاني من الجدب، محذِّراً الغادر من حظٍ يقفي كبزرٍ تهبُّ عليه الرياح، بينما يبقى الغلاَّ لا يُندَب. يؤكِّد الشاعر صمود الوفاء رغم شبتِ ضوء الهجر في عروق القلب، متعهدًا بتحمُّل عوج السنين ليُرَبِّيَ ندْبَ قصيدةٍ زينةً، ويختم بحكمة: قلوب الأحباب الحقَّ تعامل المتأدِّبين بحشْمَةِ الأدب، رافضةً الخسَّةَ في التعامل. ملحمةٌ شعرية تُجَسِّدُ نبلَ الصَّبرِ والأدبِ في وجهِ الصدودِ، مثاليةٌ لتصْمِيمِ بوسترٍ يَرْفَعُ رايةَ الوفاءِ الإماراتيِّ العريقِ.","Cinematic medium shot of Sheikh Hamdan bin Mohammed (Fazaa) in pristine white kandura and black bisht with gold embroidery, his face etched with dignified sorrow and patriotic resilience, standing on muted cyan-tinted desert dunes at twilight, scattered wilting desert roses and cracked earth at his feet symbolizing hidden pain, distant falcon silhouette against desaturated teal sky, subtle incense smoke wisps, volumetric rim lighting with cool blue-grey tones and soft amber accents, shallow depth of field with bokeh, shot on ARRI Alexa 65 with 85mm anamorphic lens, contemplative emotional atmosphere celebrating steadfast loyalty, 8K photorealistic masterpiece, Apple TV+ documentary aesthetic, no text, no watermark, no women",,,,
28,اذا قالت الو,"وش رايك ف وحده لها صوت حلو      ما تتصل الا مع وقت الفطور
لكن صدقني الي قالت الو      ما عاد افكر بالاكل لين السحور
من الكبر كنها تكلم من علو      ومن الغنج كنها خليط من الزهور
اطيش مثل الما من بطن الدلو      وتهيد مثل الحزن في وسط الصدور
لو قالت انا فاتنه .. قلنا ولو      ما قلتي احنا نقولها يا اخت البدور
وانا عليها ذاب حالي .. واسالوا      احساسي اللي يدفعه صدق الشعور
احبها .. حتي درجات الغلو      واكتب تناهيدي لها بين السطور
في كل دور ف قلبها بادفع خلو      واطلع المستاجرين ف كل دور
اهل القلوب اللي من اللهفه سلو      وش فرقهم قلي عن اصحاب القبور
الي رخص مقدارهم والا غلو      غيابهم عندي يشابه الحضور
والا انت يالمزيون ابو صوت حلو      لا تتصل الا بعد وقت الفطور","قصيدة نبطية طريفة بعنوان ""إذا قالت الو""، تُمجد فتاة بصوت ساحر يتصل في رمضان مع الفطور، فتُفقد الشاعر شهيته حتى السحور. يصف صوتها الكِبْرَ الشامخ كمن يتكلم من علو، والغنج كخليط زهور، يطيش كالماء من الدلو ويهيد كالحزن في الصدور. يُغْدِق مديحاً مُغْرِياً، يذوب قلبه عشقاً ويُكْتِب تناهيده بين السطور، مُطْرِحاً مستأجري قلبه السابقين كأصحاب قبور، غائبهم حضورٌ رخيص. تكرار الأبيات يُعْزِز الإدمان العاطفي في سياق رمضاني مرح، مُخْلِفاً صدى حُبٍّ يفوق الغلو.","Cinematic medium shot of a distinguished Emirati poet in traditional white kandura and black bisht, his face etched with romantic longing and playful melancholy as he gazes upward at twilight, standing on muted cyan-tinted desert dunes near a subtle Burj Khalifa silhouette, scattered wilting desert roses and cracked earth symbolizing heartbreak and devotion, distant falcon feather floating in the air, volumetric rim lighting with cool blue-grey tones and soft amber accents, shallow depth of field with bokeh, shot on ARRI Alexa 65 with 85mm anamorphic lens, contemplative emotional atmosphere blending humor and deep love, 8K photorealistic masterpiece, Apple TV+ documentary aesthetic, no text, no watermark, no women",,,,
29,واحد x اثنين,"كل من الاقي نور في وسط الاحلام      جتني ورود الشوق تبكي علي النوم
ما نمت من عقب اللقا عشره ايام      كل من اغض العين اذكره واقوم
الله بلاني في المحبه علي توام      ما اقدر علي وحده وانا اعشق التوم
ما كنت الا هالك الحب م العام      ولا صرت الا هالك الحب لليوم
جني ثناءيات من وصف الاريام      واللي بلاني ما بلا حد يا قوم
بالضبط نفس الشي من قاع الاقدام      للراس حتي سايح الشعر مهضوم
نفس الشبه نفس الحكي نفس الانسام      نفس القمر لكن من النص مقسوم
ان جيت باحب الذي جات قدام      خذني علي اللي عقبها ما خذ اللوم
ما دام مافي فرق والحظ لي قام      با احلي بنات وكان بالحظ مقسوم
صعب علي اعطي ودادي لالهام      والهام مابها شي زايد علي نجوم
فيهن حلاوه نجد مع ضحكه الشام      وفيهن شموخ الباديه وهيبه الروم
جني وقالن لي نحن يابن الاكرام      منا من اللي بالوفا نرخص السوم
ما كل يوم يصير وحده علي الزام      وانا فهمت وقصدهن صار مفهوم
الحل عندي .. خوي شاعر ومقدام      واللي انا ف بالي تري فيه مرسوم
( فزاع ) انا هذا وهذاك ( عزام )      ولا عاد يفرق كلنا ال مكتوم","قصيدة ""واحد × اثنين"" لفزاع تعبر عن بلاء مزدوج في الحب، حيث يُصاب الشاعر بأرقٍّ دام عشرة أيام بعد لقاء توأمينِ متطابقينِ من أهلِ الوفاء، يشتركانِ في الشَبَهِ من القدمِ إلى الشعرِ المُهْضُومِ، كنَفْسِ القمرِ المقسومِ نصفينْ. يصفُهما بجمالِ نجدِ وضحكِ الشامِ، شموخِ الباديةِ وهيبةِ الرومِ، فلا يفرِّقُ بينهما، محتارًا في اختيارِ الأولِ أمْ الثاني. يحُلُّ اللغزُ بتوحيدِهما في ""عزام""، الشاعرِ المقدامِ من آلِ مكتومْ، فكلُّهُمْ عائلةٌ واحدةٌ، تُجْسِدُ الثنائيةَ المُحِبَّةَ التي تُضاعِفُ الشوقَ والعِشْقَ.","Cinematic medium-wide shot of Sheikh Hamdan bin Mohammed (Fazaa) and Sheikh Sultan bin Zayed (Bo Khalid) standing side-by-side in a moment of poetic unity on a muted cyan-tinted desert terrace at twilight, both holding traditional Arabic coffee pots (Dallah) as if pouring a shared cup to symbolize their inseparable bond, faces etched with warm affection and dignified resolve, wearing pristine white kanduras and black bishts with intricate gold embroidery, subtle wilting desert roses and wisps of incense smoke curling upward between them, volumetric golden-hour rim lighting with cool blue-grey tones and soft amber highlights, shallow depth of field with bokeh, shot on ARRI Alexa 65 with anamorphic lens flare, contemplative and emotionally resonant atmosphere celebrating unity over division, 8K photorealistic cinematic masterpiece, Apple TV+ premium documentary aesthetic, no text, no watermark, no women",URL,"زايد,فزاع,مكتوم,آل",https://d1q70pf5vjeyhc.cloudfront.net/predictions/dccaa41c8f8c493bb84b1b6e36bcd7e5/1.jpg,c329d9717d714104b48051d33c91ec29
30,ابليس ملعون,"من يوم حصل صورتي فالجريده      وهو يداعبني بسلك ( التليفون)
صوره بليا صوت هزت وريده      يالله عسي ما يشوفني في التلفزيون
كل يوم مرسل لي رساله جديده      عنوانها قلب من الحب محزون
المشكله ما اعرف وش اللي يريده      و في كل ليله له نظام وقانون
يا اهل العقول الواعيات الرشيده      لو انكم ( حمدان ) وش باتسوون
لا قلت له سولف بجمله مفيده      سولف ولكن دون معني ومضمون
وقاطعته بلهجه شديده شديده      عفوا انا ما افهم وش تقول وش لون
حقيقه .. هو روعه وفعلا اكيده      انه حبيب ويسلب الروح ويمون
ياللي عيونك عاملت بي مكيده      خصرك مع سحرك ولاسحر هارون
ومنحرك يختال بجماله لجيده      والردف كن ابليس وابليس ملعون
والفذ ( حمدان ) المكارم رصيده      وانته بدون اخلاق عادي يامزيون
خليت لك ذكري الغرام السعيده      واللي بقي جرح وري القلب مكنون
وكسبت لي مليون شخص بقصيده      وخسرت لي واحد شريته بمليون
والجرح الاول لا تحاول تعيده      من دون ما تشرح لي الوضع من دون","قصيدة ""إبليس ملعون"" لفزاع (حمدان بن محمد) سرد درامي لإغراء فتاة ساحرة بدأت بصورته في الجريدة، فأغرقت هاتفه برسائل حب محزونة دون معنى واضح، تُصور جمالها الفتّان بخصرٍ ساحر ومنحرٍ لجِيد، لكن ردفها كن إبليس ملعون، مزيون بلا أخلاق. يعترف الشاعر بإغرائها الذي سلب روحه، لكنه يقاطعها بلهجة شديدة، محافظاً على مكارمِهِ، فخسرها مقابل ملايين المعجبين بقصيدته، تاركاً جرحاً مكنوناً يحذّر من تكراره. تتكرر الأبيات كلازمة تُبرز الصراع بين الإغراء والكرامة، بلمسة فكاهية نابعة من نبل ""الفذ حمدان"".","Cinematic medium shot of Sheikh Hamdan bin Mohammed (Fazaa) standing alone in a contemplative, slightly distressed pose within a modern yet culturally rich Emirati interior at twilight, wearing a pristine white kandura and black bisht with subtle gold embroidery, his expression shifting between charismatic charm and deep introspection as he holds a smartphone to his ear, listening intently while looking toward a window overlooking a muted cyan-tinted desert skyline, faint wisps of incense smoke curling around him and a single wilting desert rose resting on a nearby table, volumetric golden-hour rim lighting with cool blue-grey tones and soft amber highlights, shallow depth of field with bokeh, shot on ARRI Alexa 65 with anamorphic lens flare, mood of poetic melancholy and dignified reflection, 8K photorealistic cinematic masterpiece, Apple TV+ premium documentary aesthetic, no text, no watermark, no women",URL,حمدان,https://d2p7pge43lyniu.cloudfront.net/output/cfc03937-3f1d-4ef4-9530-f2ea01c93887.jpeg,3b20f74e410f46d88b6cab7169856db3
31,ارسم غرام,"ارسم غرام الحب صوره ولونت      واسري ليالي في غياهب ظلامي
اشتقت لك يا ناعم الصوت وين انت      في العاصمه والا نويت المشامي
تشعل حرايق ناس لا من تكلمت      حيث ان صوتك للمولع هيامي
ليتك علي من حبك اليوم هونت      هون دخيلك صار في الحب ضامي
من فيض حبك في المحبه تعلمت      افراح عمري والكدر والتزامي
عن حب غيرك م المزايين حرمت      ما دام قلبي في محبتك هامي
لونت لك قصه هوانا و لونت      نور الصباح بجنح داج الظلامي
هذي حقيقه حب واليوم اعلنت      بانك بقلب اللي يحبك ختامي","قصيدة ""ارسم غرام"" لوحة حبية نابضة، يرسم فيها ""فزاع"" غرامه للحبيبة ""ناعمة الصوت"" بألوان الشوق والوله، محاصرًا ليالي الظلام بصورة حبه الملونة. يشتاق إليها في العاصمة أو مشاميها، فصوتها يشعل حرائق الإعجاب في القلوب، ويتمنى عليها الترحيب بعد عطش الحب الدامي. من فيض حبها تعلم أفراح العمر والكدر والالتزام، محرمًا نفسه عن غيرها من المزايين، ملونًا قصة هوانهما بنور الصباح في جنح الدجى. يعلن حقيقة حبه الأبدية: هي ختامه في قلب عاشقها، داعيًا لرسم هذا الغرام الخالد.","Cinematic close-up of Fazaa in pristine white kandura and black bisht with subtle gold embroidery, his face etched with deep longing and poetic devotion, standing on muted cyan-tinted desert dunes at twilight, scattered wilting desert roses and sand slipping through fingers symbolizing time and loss, distant silhouette of the capital skyline against desaturated teal sky, volumetric rim lighting with cool blue-grey tones and soft amber accents, shallow depth of field with bokeh, shot on ARRI Alexa 65 with 85mm anamorphic lens, contemplative emotional atmosphere celebrating eternal love, 8K photorealistic masterpiece, Apple TV+ documentary aesthetic, no text, no watermark, no women",,,,
32,اريد اتفلسف,"جيت ابا اكتب قصيده وقلت الحن كلام      قلت يالله بافكر من يلحن قصيد
قال انا ( فايز ) اللي ياسلامي سلام      من يلحن قصيدك غير فايز سعيد
قلت يالله بانبدا بس ايش المقام      رد قال ( الحجاز) وقلت لا ما يفيد
قال رايك بياتي ؟ قلت لا لا حرام      قال يعني ابا افهم انت ش اللي تريد
قلت اريد اتفلسف ع ملحن تمام      يعني مثلك مثل موسي لي بلحنه فريد
القصيده القديمه حق ناس _ قدام      والجديده جديده يعني تبغي الجديد
يعني هذي قصيده لبسوها وسام      باللحن لي اريده لان شعري يزيد
هذا ( راشد ) بصوته ما عليه الكلام      وان عنينا المشاعر هذا عبد المجيد
بالنهاوند تصلح وبالمقامات شام      وكان تبغي الخبيتي خذ لدينا المزيد
وانا اكتب قصيدي في الليالي الظلام      وارسل ارسال واضح عبر ساعي البريد
قبل لا اختم كلامي بين سين _ ولام      بين ميم المحبه وهاجس _ بي يزيد
حظ من هو معاه ملحن بشكل عام      مثل (موسي محمد) والا (فايز سعيد)","قصيدة ""أريد أتفلسف"" حوار طريف بين الشاعر وملحنه ""فايز سعيد""، يطالب فيها بلحن فلسفي عميق يليق بشعره الجديد، مستلهماً أسلوب ""موسى محمد"" الفريد. يرفض مقام ""الحجاز"" و""بياتي""، مفضلاً ""نهاوند"" أو ""شام""، ويمدح أصوات ""راشد"" و""عبد المجيد"" لتعزيز المشاعر. يصور كتابة القصيد في الليالي الظلامية، مرسلاً إياها عبر البريد، مع حسد لمن يملك ملحنين أسطوريين. تتكرر الأبيات للتأكيد على الشغف باللحن الذي يرتقي بالشعر إلى وسام خالد، بلغة نبطية ساخرة نابضة بالإبداع الموسيقي.","Cinematic medium-wide shot of three distinct Emirati male figures standing in a dignified, contemplative circle on a muted cyan-tinted desert terrace at twilight: Sheikh Mohamed bin Zayed (Bo Zayed) and Sheikh Mohamed bin Rashid (Bo Rashid) standing side-by-side in the foreground listening attentively with hands clasped respectfully, while a third figure representing the poet stands slightly apart gazing upward toward a distant horizon where faint silhouettes of falcons soar; all wearing pristine white kanduras and black bishts with intricate gold embroidery, faces etched with deep intellectual curiosity and poetic reverence, traditional Arabic coffee pots (Dallah) and scattered manuscript pages resting on low tables between them, subtle wisps of incense smoke curling upward to symbolize the blending of old and new, volumetric golden-hour rim lighting with cool blue-grey tones and warm amber highlights, shallow depth of field with bokeh, shot on ARRI Alexa 65 with anamorphic lens flare, contemplative and visionary atmosphere celebrating the fusion of philosophy and melody, 8K photorealistic cinematic masterpiece, Apple TV+ premium documentary aesthetic, no text, no watermark, no women",URL,"محمد,راشد",https://d1q70pf5vjeyhc.cloudfront.net/predictions/984fa6e33dd3475785845bd1b445e819/1.jpg,9807867b7d494cfe843a604f6ee4c3d3
33,ازعل عليك,"جيت ابا ازعل عليك ناوي بالخصام      وكل مافي خفوقي بس ازعل عليك
يعني روح واروح واسري ليل الظلام      بس من يوم شفتك قلت بارضي واجيك
خلي روحي بروحك هذا اغلا وسام      خل عيني بعينك خل ايدي بيديك
يا شروق المحبه ، يا شموع الغرام      يا ورود بحياتي عطرها يهتديك
سلم برمش عينك هالتغلي حرام      ما تموت المشاعر دامني احتويك
انطبع في خفوقي اسمك بحرف لام      وفي عيوني عشقتك وفي حياتي ابيك
دامك بوسط عيني كيف عيني تنام      ودامك بنبض قلبي كيف ما افتديك
مد لي كف وصلك ، قولها باحترام      موت احبك واحبك موت انا اموت فيك
عاد تبغي الصراحه ما نويت الخصام      هذا قلبي يحاسب كل خطوه اليك
اقترب لك حبيبي بالغلا والسلام      يا حبيبي بصراحه حلوه غمضه عينيك","قصيدة ""ازعل عليك"" لفزاع، ملحمة حبٍّ تتحدى الخصام، حيث ينوي الشاعر الزعل لكنه يذوب في وصف المحبوب كـ""شروق المحبة"" و""شموع الغرام"" و""ورد عطرٍ يهدي"". يصور اندماج الروحين بعضهما بعضاً، مع انطباع الاسم في الخفوق بحرف ""لام""، واستحالة النوم دام الغالي في العين ونبض القلب. يتوسل كف الوصل باحترام، معلناً ""موت أحبك"" في تضحية مطلقة، ويختم بدعوة الاقتراب بالغلا والسلام، مؤكداً أن الزعل وهمٌ أمام جمال غمضة عينيك. جوٌّ رومانسي مفعم بالعشق الوفي، مثالي لصورة بصرية تجمع الورد والشروق والعيون الدامعة حباً.","Cinematic close-up of Sheikh Hamdan bin Mohammed (Fazaa) in pristine white kandura and black bisht with gold embroidery, his face etched with dignified longing and romantic devotion, standing on muted cyan-tinted desert dunes at twilight, scattered wilting desert roses and a single falcon feather symbolizing noble love, distant Burj Khalifa silhouette against desaturated teal sky, subtle incense smoke wisps, volumetric rim lighting with cool blue-grey tones and soft amber accents, shallow depth of field with bokeh, shot on ARRI Alexa 65 with 85mm anamorphic lens, contemplative emotional atmosphere, 8K photorealistic masterpiece, Apple TV+ documentary aesthetic, no text, no watermark, no women",,,,
34,استجواب,"الوصف فن يليق بام الوصايف      هيا معي نستجوب الوصف هيا
من نحرها لي خصرها للردايف      ما تمنعك شيمه عرب او حميا
الي اقبلت في الحفل والجو كايف      وتقول : من قدي يجيني هنيا
ضابط علي الافراد يعطي وضايف      ياعسكري ثابت تهيا .. تهيا
ورموشها حد السيوف الرهايف      مقرونه الحاجب وطلقه محيا
وجديلها ياقلب ويش انت شايف      ليل _ يزيد اللي غيا فيه غيا
وخدودها بين الهدب والشفايف      مثل السحب بين الثري والثريا
صحيح يمكن وصف الاشواق زايف      لكن قلبي لو عذلتوه .. عيا
وانا علي المقفي ما ازيد الحسايف      لكن عليها كل حزني تهيا
صاحب يعينه ف الظروف الكلايف      ويصير اضحوكه لذيا و ذيا
القلب والهجران ما هم ولايف      واللي بليا احساس .. يبقي بليا
قالوا تريا .. قلت : يا قلب خايف      خايف اموت فراق وانا اتريا","قصيدة ""استجواب"" لفزاع، ملحمة وجدانية تُحوّل وصف المحبوبة إلى تحقيق شعري مفعم بالعشق، يبدأ بدعوة مثيرة: ""هيا معي نستجوب الوصف""، مروراً بتشريح حسيّ لجمالها من نحرٍ نحيل إلى خصرٍ منحوت وردايفِ مُغرية، في حفلٍ يغلب فيه الجو الكايفُ. ترتسم رموشها كسيوفِ رَهيفةٍ مقرونة بحاجبٍ حادٍّ، وجديلُها ليلٌ يُزيدُ الغِيَ في القلبِ غَيّاً، وخدودُها سحبٌ بين هدبٍ وشفاهٍ ثرثارةٍ كالثريا. يعترف الشاعر بزيفِ وصفِ الأشواقِ أحياناً، لكنه يُصرُّ على أن قلبهَ عاجزٌ عن الصبرِ، مذابلاً حُزْنَهُ عليها رغمَ تحذيراتِ ""تريا""، خائفاً الموتَ فراقاً. يُمجِّدُ الوفاءَ الحقيقيَّ الذي لا يَلْيِنُ أمامِ الهجرانِ، مُدَمِّراً كلَّ من يفتقرُ إحساساً، في إيقاعٍ نبطيٍّ يجمعُ بين الشِيَمِ العربِيَّةِ والعاطفةِ الجارفةِ، خاتماً بالتكرارِ الإغرائيِّ ليُعِيدَ ""الاستجوابَ"" في دائرةِ عشقٍ لا تنتهي.","Cinematic close-up of Fazaa in pristine white kandura and black bisht with gold embroidery, his face etched with intense longing and poetic passion, standing on muted cyan-tinted desert dunes at twilight, scattered wilting desert roses and prayer beads at his feet symbolizing devotion, distant falcon silhouette against desaturated teal sky, subtle incense smoke wisps, volumetric rim lighting with cool blue-grey tones and soft amber accents, shallow depth of field with bokeh, shot on ARRI Alexa 65 with 85mm anamorphic lens, contemplative emotional atmosphere, 8K photorealistic masterpiece, Apple TV+ documentary aesthetic, no text, no watermark, no women",,,,
35,اسف علي التاخير,"مساء الخير .. ودي قبل لا ابدي .. اعتذر منكم      سعيد اني حضرت الليله .. واسف علي التاخير
صراحه..ما اعرف شلون اعبر..بس اشكركم      مثل هذي المواقف شي طبيعي يخونك التعبير
اطالعكم .. واقول ف خاطري .. ياليتني معكم      تعرفون اللي عنده شي ما يخلا من التفكير
علي كثر القصايد .. بس ما ادري ويش اسمعكم      لانكم غير..ما ودي اقول الا قصايد غير
تري هذي قصيده .. بس .. كنت ابغي اداعبكم      ومره ثانيه يامرحبا .. و اسف علي التاخير","قصيدة نبطية عفوية بعنوان ""أسف على التأخير""، يفتتح فيها الشاعر مساء الخير باعتذار صادق عن التأخر، معبراً عن فرحته بالحضور وسعادته بلحظة اللقاء. يعترف بصعوبة التعبير عن الشكر أمام جمهور مميز يستحق قصائد خاصة، مشيراً إلى كثرة إبداعاته لكنه يختار الدعابة والمرح ليداوي الجميع. تتكرر الأبيات كلازمة تعزز الود والتواضع، محولة الاعتذار إلى احتفاء باللحظة والعلاقة الدافئة، في أسلوب ""فزاعي"" يجمع البساطة والعمق العاطفي. مثالية لملصق يبرز الابتسامة والترحيب في أجواء شعبية إماراتية.","Cinematic medium shot of Sheikh Hamdan bin Mohammed (Fazaa) in pristine white kandura and black bisht with gold embroidery, his face beaming with genuine warmth and a welcoming smile, standing on muted cyan-tinted desert dunes at twilight, scattered wilting desert roses and incense smoke wisps symbolizing memory and hospitality, distant falcon silhouette against desaturated teal sky, volumetric rim lighting with cool blue-grey tones and soft amber accents, shallow depth of field with bokeh, shot on ARRI Alexa 65 with 85mm anamorphic lens, joyful yet dignified emotional atmosphere, 8K photorealistic masterpiece, Apple TV+ documentary aesthetic, no text, no watermark, no women",,,,
36,اشياء واشياء,"تحت البحر اشياء واشياء واشياء      ومن لامني لا يرجع يلوم بعدين
شفت بعيوني خيل وتغوص في الماء      كنها علامات الدقايق الاخيرين
وانا اول اسمي يبتدي ياملا بحاء      والاخر النون الذي تعرفه زين
بديت من سنتين ما بين الاجواء      لين اتضح لي الجو من عقب سنتين
لبيك يا خلي .. و لبيك باغراء      والشوق يذبح والضحايا ملايين
التنميه في الارض يادار الانماء      تبغي ذكي والناس من هم ذكيين
ياللي دواء مواصلك سبه الداء      ذبحتني من دون بندق وسكين
وانا بحال الضيق واحباط واغماء      ارفق علي بزين وبزين وبزين
ولا عاد تتشاءم ولا عاد تستاء      لا هزت الفرقي قلوب المحبين
بغداد تبكي من مجازر سمراء      والقدس ينزف جرحها في فلسطين
احاول افهمك باسلوب الايحاء      الصبر قاسم مشترك بين الاثنين
بالختم والبصمه وبحروف الامضاء      بالحق والقانون والعرف والدين
ما تشعر الاموات باحساس الاحياء      وانته بعيني ميت قد لك سنين
وقفت ضدي ليه في صف الاعداء      واحرجتني في الناس والناس دارين
نفس الطموح اللي معك في الفشل باء      كونت به نصر مثل نصر حطين
وعشقت من يفهم كلامي بالاصغاء      اقرا عليه الحمد ويردد امين
من نور وجهه ينجلي كل ظلماء      وغلاه متربع ما بين الشرايين
ومتربي علي نعم ما عرف لاء      ويقول من ذا العين قدام ذا العين
ماهو في حاجه مدح او حاجه اطراء      عنده ثقه هو وين والعولمه وين
اسمه ماهو يسقط سهو بين الاسماء      عالي مثل نجم الجدي والميازين
القلب فيه يموت وتموت الاعضاء      وبالله يا ( فيروز) ياللي تغنين
غنيه لين الشوق ما يشبع ارضاء      وخليه يدخل جو الاشواق تكفين
ابغي صدي صوتك يغرد في الانحاء      حتي الحمام ينوح بين البساتين
كان البحر تلقي به اشياء واشياء      هذي سواه البحر ما كنه من طين","قصيدة ""أشياء .. وأشياء"" ملحمة نبطية عميقة تغوص في أعماق البحر الرمزي للألم والخيانة، حيث تكرر الشاعر صورة ""أشياء وأشياء"" المرمية تحت الموجات، رمزاً للذكريات الغارقة والخيول الغاطسة كعلامات الدقائق الأخيرة. يناجي ""الخلي"" بـ""لبيك"" مشحوناً بشوق يذبح ملايين الضحايا، معبراً عن إحباط سنتين من الاجواء المضطربة، ويطالب بالرفق بـ""زين"" وسط الضيق والإغماء. يندد بالتنمية التي تطلب الذكاء لكن دواؤها سَبَبُ الداء، ويربط آلام بغداد وسمراء بالقدس النزيف في فلسطين، مشدداً على الصبر القاسم المشترك بالإيحاء والحق والقانون. يتهم الخائن بأنه ""ميت"" في عينيه، وقد وقف مع الأعداء محرجاً الشاعر، رغم طموح مشترك تحول فشلاً إلى نصر حطيني. يعشق الفهيم الذي يستمع ويردد ""آمين""، ويمدح قائداً عالياً كنجم الجدي، متربعاً في الشرايين بنور ينجلي الظلماء، متربياً على النعم دون ""لا""، بعيداً عن العولمة والمديح. يناجي فيروز لتغني شوقاً يشبع الأرضاء، يغرد صداها حتى ينوح الحمام في البساتين، مؤكداً أن البحر لم يصنع سوى هذه الأشياء، ومن لامن لا يلوم بعدين. جوهرها صراع الوفاء والخيانة، الوطنية الدامية، والشوق الأبدي، بلغة حسية تلامس القلب لتصنع ملصقاً يجسد الغوص في الأعماق.","Cinematic medium shot of Sheikh Mohamed bin Zayed (Bo Zayed) in pristine white kandura and black bisht with gold embroidery, his face etched with dignified resolve and patriotic strength, standing on muted cyan-tinted desert dunes at twilight, scattered wilting desert roses and cracked earth symbolizing pain and resilience, distant falcon silhouette against desaturated teal sky, subtle incense smoke wisps rising from a traditional dallah, volumetric rim lighting with cool blue-grey tones and soft amber accents, shallow depth of field with bokeh, shot on ARRI Alexa 65 with 85mm anamorphic lens, contemplative emotional atmosphere blending heritage and modernity, 8K photorealistic masterpiece, Apple TV+ documentary aesthetic, no text, no watermark, no women",,,,
37,اعمار,"يشب الفكر بالمعني وهاجوس القصيد يثور      وحروف القافيه تسكن لساني واتهجاها
علي طاري بحور الشعر ياللي تعشقون بحور      قصيد الشاعر اللي يحسب الكلمه ومعناها
يلامس كل بيت من بيوته لهفه الجمهور      قبل تنزل بصوت المطرب اللي شاد بغناها
قصايد يمتزج معني وصايفها بصدق شعور      لفت والفكر ساق عنانها والليل سراها
تراقص كنها بنت الرمك يوم الثري ممطور      تهادتها القلوب لبعضها والشوق وداها
وانا لي من خيول السبق خيل _ فعلها مذكور      علي صهوه جوادي اكسب الطولات وارقاها
ولي باهل الصقاره باع ومن اغلي الصقور صقور      تنوش الصيد لو ترقي السحابه وتعداها
ولي في الهجن خير الهجن واسبقها بدون قصور      اصيله .. كلما ما لزه لها الضامر تحداها
اذا قلنا ( اعمار ) المجد يشهد والجناح يثور      تروم المستحيل اللي تمنته و تمناها
يغطيها الصفار تقول كنها شعله من نور      مزاياها عديده وانشدوني عن مزاياها
مفارقها وساع ومن مفارقها يالين الزور      مع طول رقبتها وصفها يوم اتحلاها
مناره مسجد مع قبته يا عنقها والكور      من عيون الحسود الله يحفظها ويرعاها
متي ما عرضت كن اكثريها للصدر منذور      ولا عقب السنام ووطيها الا خف موطاها
فريده عصر..هاله نصر..صفوه وطر..سمحه طور      تقل كن الله من عروق ( ناقه صالح ) انشاها
اذا تورد اعزل النوق عنها خمس ست شهور      واذا تصدر اوردهن .. واذا تورد صدرناها
علي مرباعها فزن ولا رامن بحق و زور      ميادين البطوله ملكها والهجن تتلاها
متي ما روحت كن الرياح المقبلات دبور      بامر الله مسراها و بامر الله مجراها
ومتي ما نحروها واقبلت .. رد الخصم منحور      تروم تحمد راعيها وصعب تحمد عقباها
تقل ميدانها ساحه قتال وفوقها تيمور      علي ضرب الدروب الكايده والسبق رباها
اذا قامت تقوم لحالها لو شوطها محشور      وهي بين اندر الهجن العمانيات واقواها
ما خلقت لاخر الطابور ، خلقت ف اول الطابور      زعيمه كاس والسيف المصقل من ضحاياها
بلا جنحان ما تقدر تحلق في الفضا لطيور      وهي تقدر تحلق في الفضا لان الله اعطاها
ما يكسر تيمها (اعمار) غير (اعمار) يا اهل الشور      كن التيمات معروضه عليها وتنقاها
اعشيها علي كفي محب وعاشق ومسرور      وهي لو ودها كفي تعشاها .. تعشاها
اجي مفحامها جيه ظمان الوادي الممطور      واسايرها وتفهم نظره عيوني وتقراها
اسميها بمعجزه الهجن والا باسم محظور      من اسلحه الدمار الشامل المحضور مبناها
هي البحر المحيط الهايج اللي كل موجه سور      او البرق الذي من ناره الغيمه نزل ماها
ش اسميها وهي اكبر من الاسما .. وانا معذور      تعب فيها الخيال وما قدر يكشف مسماها
باوصفها لكن من يقدر يوصف بنات الحور      بنات الحور في الجنه وهي في الارض مرباها
لو ان فرعون مصر اللي بنا الاهرام قبل عصور      حضر مركاضها في الشوط الاول يوم سقناها
هدم الاهرام والاهرام مشهوره وهو مشهور      علي هيكل ( اعمار ) اهرام مصر عاد مبناها","قصيدة ""أعمار"" ملحمة نبطية تُشِيدُ بـ""أعمار""، ناقة هجن عمانية أصيلةٍ تفوقُ خيولَ السبقِ وصقورَ الصيدِ، تجسّدُ المجدَ والقوَّةَ في ميادينِ البطولةِ. يصفُ الشاعرُ إعجابَهُ بها كشعلةٍ صفراءِ النورِ، عنقُها مئذنةُ مسجدٍ، رقبتُها طويلةُ الوسعِ، فريدةُ العصرِ هالةَ نصرٍ، تُعْزِلُ النوقَ شهوراً وتُصْدِرُهنَّ، تفوزُ مربَعَها بلا زيفٍ، ترتكبُ المستحيلَ كرياحِ الدبورِ. تُحْطِمُ الخصومَ منحورِينَ، تقومُ لحالِها في الشُّطُوطِ المحشورَةِ، زعيمةُ الطابورِ الأوَّلِ، سيفٌ مصقولٌ تضحاياها، تحلِقُ بلا جناحَيْنِ، لا تُكْسَرُها إلَّا هيَ نفسُها. يُعْشِقُها الشَّاعِرُ كمحبوبَةٍ تَفْهَمُ نَظْرَ عَيْنَيْهِ، يَسْمِيهَا مَعْجِزَةَ الهجنِ أوْ سِلَاحَ دَمَارٍ، أَوْ بَحْرَ مُحِيطٍ هَائِجٍ وَبَرْقًا، أَكْبَرَ مِنَ الأَسْمَاءِ، تَفُوقُ بَنَاتِ الحُورِ وَأَهْرَامَ فِرْعَوْنَ. يَتَدَفَّقُ الشِّعْرُ كَبِنْتِ الرَّمْكِ في الثَّرِيِّ، يَلْتَحِمُ المَعْنَى بِالْعَاطِفَةِ لِيَلْمَحَ لَهْفَةَ الْجُمْهُورِ.","Cinematic medium shot of a majestic male Emirati figure in pristine white kandura and black bisht, gazing with deep reverence at a colossal, legendary Arabian horse standing tall against a muted cyan-tinted desert twilight, the horse's neck towering like a minaret symbolizing strength and glory, scattered wilting desert roses and sand slipping through fingers at the base representing timelessness and resilience, distant silhouette of Burj Khalifa blending heritage with modernity, volumetric rim lighting with cool blue-grey tones and soft amber highlights, shallow depth of field with bokeh, shot on ARRI Alexa 65 with anamorphic lens flare, contemplative heroic atmosphere, 8K photorealistic masterpiece, Apple TV+ documentary aesthetic, no text, no watermark, no women",,,,
38,افا والله افا,"لا تعاتبني علي مزحي معاك      وتعتبر مزحي وسيله للجفا
لو خطاي ومزحتي كانت خطاك      كان قلبي يا حبيبي قد عفا
لان قلبي مطلبه يكسب رضاك      وعاهدك يا صاحبي عهد الوفا
عاهدك ما يعشق انسان سواك      وعن جميع الناس شايم واكتفي
اكتفي بك انت بالذات وعطاك      اصدق الاحساس والاعظم خفا
كيف تجفي صاحب ما قد جفاك      و في غيابك طرف عينه ما غفي
ينتظر وصلك يبي عل و عساك      تسمح الزله وخفاقك صفي
لدني بردك وانا احتاج لدفاك      حاجه القطب الشمالي للدفا
انت غالي و ماحد ياصل غلاك      لو تجافيني .. وتعطيني قفا
والليالي مالها معني بلاك      والمفارق جرح .. واللقيا شفا
ما هقيت ان ترمي الماضي وراك      بس ذا المره افا … والله افا","قصيدة ""أفا والله أفا"" لفزاع، صرخة وجدانية من عاشق يتوسل عفو حبيبه عن مزاحه الذي اعتُبر جفاءً، مؤكداً أن قلبه عاهد الوفاء ولا يعشق سواه. يصور الشاعر اكتفاءه التام به، وألمه في الغياب كجرحٍ لا يُشفى إلا باللقاء، مقارناً حاجته لدفئه بحاجة القطب الشمالي للدفء. يرفض الفراق رغم البرد العاطفي، متوسلاً عدم رمي الماضي، ويختتم بتكرار النداء الحارِّ: ""أفا والله أفا""، رمزاً للتوبة والتمسك بالحبيب الغالي الذي لا يُضاهى.","Cinematic close-up of Sheikh Hamdan bin Mohammed (Fazaa) in pristine white kandura and black bisht with gold embroidery, his face etched with desperate longing and tearful devotion, standing on muted cyan-tinted cracked desert earth at twilight, scattered wilting desert roses and a single falcon feather symbolizing fragile hope, distant silhouette of Burj Khalifa against desaturated teal sky, volumetric rim lighting with cool blue-grey tones and soft amber accents, shallow depth of field with bokeh, shot on ARRI Alexa 65 with 85mm anamorphic lens, emotionally resonant atmosphere of pleading love and unyielding loyalty, 8K photorealistic masterpiece, Apple TV+ documentary aesthetic, no text, no watermark, no women",,,,
39,اقرب تعال,"يا فريد الجمال طاب ليل الوصال      اقرب البيت بيتك اقرب اقرب تعال
مرحبا بك هلا مرحبا ومسهلا      جيت كلي غلا وجيت كلك دلال
رمش عينك ورف خزني من طرف      اعترف .. اعترف سحر عينك حلال
بك فوادي حيا يا سحاب الحيا      ان منعت الحيا بس يكفي اتصال","قصيدة ""اقرب تعال"" لفزاع، دعوة عاشقة مشتعلة للمحبوب ""فريد الجمال"" للاقتراب في ليل الوصال، مرحباً به بكل غلا ودلال. يصف سحر عينيه الذي يرفع الخزن برمشة، ويحيي الفؤاد حياءً كسحاب، حتى لو منع الوصل فكفى اتصالاً. تكرار الأبيات يعزز الشوق الحسي والترحيب الدافئ، رمزاً للجاذبية الرومانسية في أجواء نبطية رقيقة.","Cinematic close-up of Fazaa (Hamdan bin Mohammed) in pristine white kandura and black bisht with gold embroidery, his face etched with intense romantic longing and warm welcome, standing on muted cyan-tinted desert dunes under a twilight sky, scattered wilting desert roses and incense smoke wisps symbolizing spiritual connection, distant silhouette of the beloved ""Fareed Al-Jamal"" against desaturated teal horizon, volumetric rim lighting with cool blue-grey tones and soft amber accents, shallow depth of field with bokeh, shot on ARRI Alexa 65 with 85mm anamorphic lens, intimate emotional atmosphere celebrating Nubian romance and poetic devotion, 8K photorealistic masterpiece, Apple TV+ documentary aesthetic, no text, no watermark, no women",,,,
40,الف عام,"ما يفيد الكلام ولو ابا احكي كلامي      كيف اعاتب خفوقي وما يفيد الكلام
من زرعته في قلبي صار كل اهتمامي      طار بي فوق هامه ومر بي الف عام
قمت احس الخفوق ونبضها في عظامي      بعظامي نبضها وكسرت بي العظام
وانا احب الليالي واعشق اعشق ظلامي      وانا ما قمت اميز نورها من ظلام
باحترام اجيها ورجعت باحترامي      وانا اكتب بدمي اسمها باحترام
قمت انادي اسمها وانسي كل الاسامي      واسمها في اسمها م الاسامي الكرام
لام ميم وياء والالف في الختامي      وعقبها هالله هالله ويا سلام سلام
الف عام قضيته و الف عام امامي      ورجعتني في عالم شوق بر وخيام","قصيدة ""ألف عام"" لفزاع، ملحمة عشق خالدة تتجاوز الزمن، حيث يعترف الشاعر بعجز الكلام عن وصف هيمنة ""خفوقِه"" على قلبه، التي زرعها فصارت كل اهتمامه، طار به فوق هاماتها ومرّ عليه ألف عام من الشوق. يصف اندماج نبضها بعظامه حتى كسرتها، وعشقه للظلام الذي لا يميز فيه نورها، يقابلها باحترام ويكتب اسمها بدمه (لام ميم ياء ألف)، ناسياً كل الأسماء الكرام. يتكرر الإيقاع في لفائف الشوق بر الخيام، مع ألف عام مضت وأخرى آتية، معلناً عهداً أبدياً بالمحبوبة التي تساوي الخلود.","Cinematic close-up of Sheikh Hamdan bin Mohammed (Fazaa) in pristine white kandura and black bisht with gold embroidery, his face etched with intense, reverent longing and poetic devotion, standing on muted cyan-tinted desert dunes at twilight, cracked earth beneath his feet symbolizing the breaking of his heart by her pulse, scattered wilting desert roses and a single falcon feather floating in the air representing eternal freedom and nobility, volumetric rim lighting with cool blue-grey tones and soft amber accents, shallow depth of field with bokeh, shot on ARRI Alexa 65 with 85mm anamorphic lens, contemplative emotional atmosphere celebrating an eternal love that transcends time, 8K photorealistic masterpiece, Apple TV+ documentary aesthetic, no text, no watermark, no women",,,,
41,الي البراءه,"حبيبي والله اني ما قدرت استوعب اللي صار      لفا خبر النيا واخلفت ظن اللي صدق ظنه
انا كذبت فيك اللي نقل لي صادقات اخبار      كتمت انفاس صدري وافضحتني جره الونه
حبيبي ضاعت دروب الرجا والدار غير الدار      سكنت بدار من يسكن بها ما تلحقه منه
ياويلي كل ما اطالع براءه تلمحك الانظار      ومن يسكن بعينك كيف تقدر تبتعد عنه
بدت تتشابه دروبي يالين الدرب فيها احتار      انا المغرم وكانت لي دروب الشوق مطمنه
اعاتب كل خطوه شوق واصنع للذنوب اعذار      يالين العذر اصبح ذنب حظي واعتذر منه
اذا سن الدهر سيفه وحلت بالقضا الاقدار      من يرد للقضا سيفه اذا سيف الدهر سنه
اذا جفت موارد هالتمني واذبلت الازهار      من يرد السواقي والندي والعطر والبنه
كتبتك والقوافي بيت سري والبيوت اسرار      تعبت اخفي جروحي والشعر يوشي وانا اكنه
حبيبي وانت في قربك وبعدك جنتي والنار      واذا لابد من بعدك .. حبيبي نارك الجنه","قصيدة ""إلى البراءة"" ملحمة وجدانية لفزاع، تعبر عن صدمة الخيانة والفراق غير المتوقع، حيث يُفاجَأ العاشق بخبر يُخْلِفُ ظنَّهُ بالمحبوب، مُفَضِحًا أسرارَ القلبِ رغمَ كتمانِهِ. يتيهُ في دروبِ الشوقِ المُضْطَرِبَةِ، يُعَاتِبُ خطواتِهِ ويُصْنِعُ أعذارًا للذنوبِ، مُقِرًّا بأنَّ عذرَهُ صارَ ذَنْبًا. يُقَاوِمُ قضاءَ الدهرِ وسَيْفَهُ الحادَّ، ويَرْفُضُ جَفَافَ التمنِّي وَذِبْلَ الأزهارِ، مُكْتَبًا الشعرَ بيتَ سرٍّ يُفْضَحُ الجروحَ. يَخْتَتِمُ بِتَعْبِيرٍ جَسْدَانِيٍّ عَنِ الحُبِّ: قرْبُكَ جَنَّةٌ وبُعْدُكَ نَارٌ، وَإِنْ لَزِمَ الْبُعْدُ فَنَارُكَ جَنَّتِي، مُؤَكِّدًا أَنَّ الْبَرَاءَةَ فِي عَيْنَيْهِ وَقَلْبِهِ أَبَدِيَّةٌ.","""Cinematic medium shot of Sheikh Mohamed bin Zayed (Bo Zayed) standing alone in a contemplative pose on a muted cyan-tinted desert terrace at twilight, his hand gently placed over his heart as if reciting poetry or processing deep emotional turmoil, face etched with sorrowful resolve and a gaze filled with longing and confusion, wearing pristine white kandura and black bisht with intricate gold embroidery, wilting desert roses and cracked earth subtly visible in the foreground symbolizing lost hope, distant silhouette of a falcon looking upward, volumetric golden-hour rim lighting with cool blue-grey tones and warm amber highlights, shallow depth of field with bokeh, shot on ARRI Alexa 65 with anamorphic lens flare, melancholic and poetic atmosphere, 8K photorealistic cinematic masterpiece, Apple TV+ premium documentary aesthetic, no text, no watermark, no women""",URL,سيف,https://d2p7pge43lyniu.cloudfront.net/output/b053e652-81c0-4afb-87f1-58ff1c5dd801.jpeg,fae0b229fd034b8c85196f6f4d005c5b
42,امجاد الجدود,"في ظل من يسجد لجاهه عبيده      والاعمار تمضي والليالي مقيمه
واللي يقول اللي خذ المجد بيده      المجد ما يوخذ بليا عزيمه
سلام ينبض بالفخامه وريده      كله علو و فيه قدر وحشيمه
ينصاك ياشبل الاسود العنيده      يا ابن الكريم ويا سلاله كريمه
ماجد مليك المجد ، والمجد عيده      علاقته مع التقدم .. حميمه
يزخر بالاعجاز الخيالي رصيده      بفضل من يحيي العظام الرميمه
فريد وانجازات فعله فريده      عظيم ويحب الفعول العظيمه
حثيت رجلك والمسافه بعيده      والعقل ناضج والجوارح سليمه
خطوه فداءيه .. وخطوه سديده      طولت في الغيبه وجبت الغنيمه
الناقص بفعله فعولك تزيده      والزايد فعوله معك دون قيمه
مالك شبيه و كل فعل _ تجيده      قلي من اللي يقول بانك خصيمه
وشلون احفر فكرتي في قصيده      وابوك من مجده علي متن غيمه
لكن .. تاكيد العلوم الاكيده      يحتاج له شهاده مستقيمه
قررت انشرها بوسط الجريده      لاجل يغنيها السحاب ونسيمه
في كل عام تجيب فرحه جديده      وتكمل امجاد الجدود القديمه
السيف في ايدك عبد يخضع لسيده      ويدك تزيد السيف رونق وقيمه","قصيدة ""أمجاد الجدود"" ملحمة فخرية تُكرِّم ""ماجد""، شبل الأسود العنيدة وابن السلالة الكريمة، ملك المجد الذي يُحيي عظام الأجداد برصيد إعجازي فريد. يرفض الشاعر فكرة انتزاع المجد بلا عزيمة، مُؤكِّداً أنّ إنجازاته الفدائية تُكمل تراث الجدود، حيث خطواته السديدة تحول الغياب إلى غنيمة، والناقص إلى كمال. يصفُ أباه فوق غيمات المجد، ويعلن نشر الشهادة في الجريدة ليغنِّيها السحاب والنسمات، مُعلِّناً أنَّ السيف في يده يُخضِعُ العبيدَ ويَزِيدُ رونقاً. تتكرَّر الأبيات كنشيدٍ أبديٍّ يربط الماضي العظيم بالحاضر المنتصر، رمزاً للعلو والتقدُّم الذي لا يُدانيه شبيه.","Cinematic medium shot of Majd, the noble black lion cub and heir to a royal lineage, wearing pristine white kandura and an ornate gold-embroidered bisht, his face etched with dignified pride and fierce determination, standing atop cracked desert earth where wilting desert roses scatter near his feet symbolizing resilience, holding a gleaming khanjar in one hand while sand slips through the other representing time conquered, distant silhouette of Burj Khalifa against a muted cyan-tinted twilight sky, volumetric rim lighting with cool blue-grey tones and soft amber accents, shallow depth of field with bokeh, shot on ARRI Alexa 65 with 85mm anamorphic lens, epic atmosphere connecting past glory to present triumph, 8K photorealistic masterpiece, Apple TV+ documentary aesthetic, no text, no watermark, no women",,,,
43,امتحانك صعب,"امتحانك صعب .. لكن سهل حله      بس عطني يا حبيبي ربع ساعه
لين عيني تكنز الدمع وتهله      والدموع احيان تحتاج لشجاعه
كن فرع الليل يوم الليل فله      فرعك اللي سهر الناظر و لاعه
ليله كانت ضلوعي مستحله      لين نور الفجر وقضني شعاعه
يوم لاحت من محياك الاهله      كنها تنشد عن الحب ومتاعه
كيف تنشد عن مقامك وش محله      وانت عقب الوصل قدمت القطاعه
تحت صدري قلب ما يقبل مذله      حسبي الله ع الذي تله وصاعه
حسبي الله ع الذي صاعه و تله      والمصيبه قلت له سمع وطاعه
ما قدرت اجزم علي كثر الادله      طال صدك غير لك عندي شفاعه
كل عرق _ ينبض بحبك تدله      والوفا حكم ضميرك في ضياعه
للوفا اسست دوله مستقله      حجمها ياخذ من الكون اتساعه
الوفا معقود في صدري سجله      سجلوا باسمي براءه اختراعه","قصيدة ""امتحانك صعب"" لفزاع، ملحمة عاطفية تُجسّد صراع الوفاء أمام الصدّ القاسي، حيث يتوسّل الشاعر حبيبه بربع ساعة ليُفرّغ دموعه المكبوتة التي تحتاج شجاعةً للانهمار. يُشبّه نفسه بفرع الليل الذي يُسهر الناظرين، وضلوعه مستحلةً حتى شعاع الفجر الذي يُقضيها لمعان محيّا الحبيب، فتنشد عن متاع الحب رغم خيانته بالقطيعة عقب الوصل. يرفض القلب المذلّة، مُلجِئًا إلى الله على الظالم، ويُصرّ على الشفاعة رغم الأدلّة الكَثار، مُؤكّدًا أن كل عرق ينبض بحبه، وأن الوفاء دولةٌ مستقِلّةٌ امتدّتْ لاتساع الكون، مسجّلةً باسمه براءةَ اختراعه. تتكرّر الدعوةِ الرقيقةِ للحلّ السهل: مجرّد ربع ساعةٍ ليُكْنِزَ الدمعُ ويَهْلِلْ.","Cinematic close-up of Sheikh Hamdan bin Mohammed (Fazaa) in pristine white kandura and black bisht with gold embroidery, his face etched with dignified longing and deep emotional pain, standing on muted cyan-tinted desert dunes at twilight, scattered wilting desert roses and cracked earth at his feet symbolizing heartbreak, distant falcon silhouette against desaturated teal sky, subtle incense smoke wisps rising from a traditional dallah, volumetric rim lighting with cool blue-grey tones and soft amber accents, shallow depth of field with bokeh, shot on ARRI Alexa 65 with 85mm anamorphic lens, contemplative emotional atmosphere reflecting the struggle of loyalty against harsh rejection, 8K photorealistic masterpiece, Apple TV+ documentary aesthetic, no text, no watermark, no women",,,,
44,امر يا بو خالد,"عم الفرح والكل هنا      شرفتنا يالعين يالعين
طير السعد رفرف وغنا      وتمايلت خضر البساتين
الفوز راياته لفنا      والفوز تشهد له ميادين
راياتكم فينا ومنا      لافراحكم جينا ملبين
نقولها عنكم وعنا      هذي عوايدنا من سنين
سقنا البراهين وضمنا      بافعالنا سقنا البراهين
امر يابو (خالد) تمني      واسكن قبل هالعين هالعين
غصن الثنا لجلك تثنا      خذها يابو خالد عن يمين
بالحق في شفكم شهدنا      والحق ترجح به موازين
بك نفخر ويفخر وطنا      شرفتنا يا قايد العين","قصيدة ""أمر يا بو خالد"" ملحمة فخر وطني يرفع فيها ""فزاع"" رايات الولاء لمحمد بن زايد (بو خالد)، قائد الإمارات وسيد العين. يغمر الفرح الربوع، حيث يرفرف طير السعد وتتمايل بساتين الخضرة، معلناً فوزاً متأصلاً في ميادين العز. رايات النصر ترفرف بين الشعب والقيادة، تعبيراً عن عوائد سنين من الإخلاص والبراهين الفعالة. يدعو الشاعر بو خالد للأمر والتمني، مقدمًا غصن الثناء يميناً، مؤكداً أن الحق يرتجح بموازينه ويشهد شفاه الجميع. يختتم بفخر الوطن بقائده، في نشيد جماعي يعلو: ""عم الفرح والكل هنا، شرفتنا يا عين يا عين"".","Cinematic medium shot of Sheikh Mohamed bin Zayed (Bo Khalid) in pristine white kandura and black bisht with gold embroidery, his face radiating dignified joy and patriotic pride, standing amidst lush green gardens where birds of happiness soar under a muted cyan-tinted twilight sky, scattered wilting desert roses and incense smoke wisps symbolizing enduring victory, distant Burj Khalifa silhouette against desaturated teal horizon, volumetric rim lighting with cool blue-grey tones and soft amber accents, shallow depth of field with bokeh, shot on ARRI Alexa 65 with 85mm anamorphic lens, collective anthem atmosphere of national unity and honor, 8K photorealistic masterpiece, Apple TV+ documentary aesthetic, no text, no watermark, no women",,,,
45,امشي بعزم,"اسمع صدي صوته بعيد ينادي      واشوف قلبي للصدي يتبع نداه
من فاتنه في وصفها الحسن عادي      يرسم صور من خاطر ما تعداه
شعر لفاني منه ريم البوادي      الجادل اللي تزهرالارض بخطاه
يشكي وداد من صميم الفوادي      ويا كم قبله من شكي الحب ويلاه
وكان الذي به في خيال اعتقادي      عنه نشيل الهم والجرح و وزاه
وان كان له فدوي تري الحال فادي      والمال قبل الحال والله يفداه
دامه تربع فوق عرش الودادي      وش لي بعمر دونه اليوم ما باه
الزين له امشي بعزم اجتهادي      واللي يصون الحب في العين سكناه","قصيدة ""امشي بعزم"" لفزاع، نشيدٌ وجدانيّ يُعيدُ صوتَ الحبيبِ البعيدِ ينادي، فَيَتبَعُهُ القلبُ مُذْعِنًا لِندَاهِ، مُصْوِرًا فَاتِنَةً تَرْسُمُ صُوَرَ الْخَاطِرِ بِحُسْنٍ يَفُوقُ الْوَصْفَ. يَشْكُو الْوُدَّادَ مِنْ صَمِيمِ الْفُؤَادِ، مُتَذَكِّرًا رِيمَ الْبَوَادِي الْجَادِلَ الَّذِي يُزْهِرُ الْأَرْضَ بِخُطْوَاتِهِ، وَيَحْمِلُ هَمَّ الْحُبِّ وَجُرْحَهُ. يَرْفَعُ الْحَبِيبَ عَلَى عَرْشِ الْوُدَّادِ، فَدَائِهُ بِالْمَالِ وَالْحَالِ، مُؤَكِّدًا أَنَّ الْعُمْرَ بِدُونِهِ بَاهِتٌ، فَيَمْشِي بِعَزْمٍ وَاجْتِهَادٍ لِصَوْنِ الْحُبِّ فِي الْعَيْنِ سِكْنَاهُ. تَتَكَرَّرُ الْأَبْيَاتُ كَإِيقَاعِ الْقَلْبِ الْمُتَيَمِّمِ، مُجْسِدَةً الْإِخْلَاصَ الْبَدَوِيَّ الْعَمِيقَ.","Cinematic medium shot of Sheikh Hamdan bin Mohammed (Fazaa) in pristine white kandura and black bisht with gold embroidery, his face etched with dignified longing and deep devotion, standing on muted cyan-tinted desert dunes at twilight, scattered wilting desert roses and a single falcon feather at his feet symbolizing noble love, distant silhouette of a Ghaf tree against desaturated teal sky, subtle incense smoke wisps rising from an Arabic coffee pot nearby, volumetric rim lighting with cool blue-grey tones and soft amber accents, shallow depth of field with bokeh, shot on ARRI Alexa 65 with 85mm anamorphic lens, contemplative emotional atmosphere reflecting the poem's resolve to walk with determination for love, 8K photorealistic masterpiece, Apple TV+ documentary aesthetic, no text, no watermark, no women",,,,
46,انا في الشعر,"انا في الشعر ابن هذاك اذا انته تعرف الشعر      اهيج في البحور امواج ، امشيها علي كيفي
واقولك لا تجاريني تري امشي بدرب وعر      واذا تبغي تجاريني تري لك صامد سيفي
ولا تضمن تحوز النصر وانا بحر وانته نهر      واذا عارضت تياري تبري موجي وسيفي
وكم من واحد غيرك تعرض لي وجاه الكسر      ودارت به هبوب رياح في اقوي عواصيفي
تهاجم سايل الاقلام وسطر ما يهزه سطر      وانته وينها افكارك عن بيوتي وتهديفي
تبا روس العلا وانته تحول في طريقك حدر      تحاول بس ما تقدر بان توصل مشاريفي
نجوم الليل ما تنور اذا بين شعاع البدر      وش اللي يجمع الوسمي علي سحب ورعد صيفي
تشوف الجاذبيه لي في هالدنيا تجرك جر      انا عكسه افرك وين ما ابغي علي كيفي","قصيدة ""أنا في الشعر"" لفزاع، إعلانٌ جريء لسيادته الشعرية، حيث يُشبّه نفسه ببحرٍ هائجٍ يهيج أمواجَهُ في البحور على كيفه، صامدَ سيفٍ في دروبٍ وعرة. يحذّر المنافسَ (نهرٌ ضعيف) من مواجهة تيّارهِ المُدمِّر، فموجُهُ وسيفهُ يُسحِقان المُعارِضينَ كعواصِفَ تُدَوِّرُ الكَسْرَ. يَهْجُمُ سَايِلُ أقْلامِهِ سطوراً لا تُهْزَهَا سطورٌ، متَفَوِّقاً على أفكارِ الآخَرِينَ البَائِسَةِ، كالبَدْرِ يُطْفِئُ نُجُومَ اللَّيْلِ، والْوَسْمِيِّ يَفْرُقُ عَنْ سَحَبِ الصَّيْفِ. هو الجاذِبِيَّةُ المُعْكَوسَةُ التي تُفْرِكُ الدُّنْيا، ابْنُ هَذَاكَ الشَّعْرِ الْعَظِيمِ، رَمْزُ الْقُوَّةِ وَالْعُزَّةِ الْإِمَارَاتِيَّةِ.","Cinematic medium shot of Sheikh Hamdan bin Mohammed (Fazaa) in pristine white kandura and black bisht with gold embroidery, his face etched with confident intensity and poetic dominance, standing on muted cyan-tinted desert dunes at twilight, a single falcon feather floating near his shoulder symbolizing nobility, distant cracked earth texture hinting at the crushing of weak rivals, volumetric rim lighting with cool blue-grey tones and soft amber accents, shallow depth of field with bokeh, shot on ARRI Alexa 65 with 85mm anamorphic lens, contemplative yet powerful atmosphere, 8K photorealistic masterpiece, Apple TV+ documentary aesthetic, no text, no watermark, no women",,,,
47,انا و عيني,"انا وعيني نشتكي منك اليوم      ونقول وينك غبت يا نور عيني
دونك تري العالم من الفرح محروم      ماتدري انك صرت فرحه سنيني
شوفتك منها تنجلي كل الهموم      وان غبت عني كنها نار فيني
اهواك من يوم تحيده الي اليوم      واليوم حبك يالغلا محتويني
يا ملهم الشعار يا ورد مشموم      يا حب في وسط الخفايا دفيني
وجه بشوش وعين نجلا ومهضوم      خصره ، ونهدينه كما ثمر تيني
هل كيف ما احبه انا كيف ياقوم      ما دام حسنه صار بينه وبيني
حسنه غريب ونادر وشي محسوم      من ناظر بحسنه يجيه ال.. يجيني","قصيدة ""أنا وعيني"" لفزاع، نشيد غرامي يجسّد شكوى العاشق الشوقيّة للحبيب الغائب، ""نور العين"" الذي يُحرِمُ العالمَ فرحَهُ بغيبتهِ. يصفُ الشاعرُ تأثيرَهُ الساحرَ في طردِ الهمومِ كنسمةٍ نجلاءِ، وغيابَهُ كنارٍ تُحرِقُ القلبَ، مع إصرارِ حبٍّ أزليٍّ يُمْلأُ الروحَ ويُدْفِنُ في الخفايا. يُغْنِي عن وجهِهِ البشوشِ، عيونِهِ النجلاءِ، خصْرِهِ المنحَلِ، ونَهْدَيْهِ كثمرِ تينٍ نَاضِجٍ، مُبَيِّنًا حسْنَهُ الغريبَ النادرَ الذي يُذِيبُ كلَّ ناظِرٍ. تتكرَّرُ الأبياتُ كإيقاعِ نبضِ الهيامِ، مُؤَكِّدَةً أنَّ هذا الحُسْنَ بَيْنَهُ وَبَيْنَهُ عهْدٌ أبديٌّ يُشْفِي الجُرْحَ بالشَّوقِ.","Cinematic close-up of Fazaa (Hamdan bin Mohammed) in pristine white kandura and black bisht with subtle gold embroidery, his face etched with dignified longing and poetic sorrow, standing on muted cyan-tinted desert dunes at twilight, scattered wilting desert roses and cracked earth at his feet symbolizing heartbreak, distant falcon silhouette against desaturated teal sky, volumetric rim lighting with cool blue-grey tones and soft amber accents, shallow depth of field with bokeh, shot on ARRI Alexa 65 with 85mm anamorphic lens, contemplative emotional atmosphere, 8K photorealistic masterpiece, Apple TV+ documentary aesthetic, no text, no watermark, no women",,,,
48,انتباه,"يا بحر انا سباح واغوص واعوم      واطلق شنب اقدر اشد انتباهه
وجاهتي اني ورث ابن مكتوم      واملك من وصوف النباهه نباهه
والا الشعر تصوير عن واقع اليوم      لا تعتقد اني كتبته وجاهه
ويا نايمين اصحوا تري كثره النوم      باب من ابواب الكسل والبلاهه
كم واحد في الارض ضايق ومحروم      وعينه علي جيب الغني وبشراهه
والناس ترحل بس وجه الله يدوم      والشح في قلوب المهابيل عاهه
والطيب بطيبه مع الناس ملزوم      وبخيل من يبخل عليهم بجاهه
اطيح لعيون الرجاجيل واقوم      واقول من باهاك يا قلب باهه
يمكن احصل لي من الناس زيزوم      يشد انتباهي قبل اشد انتباهه","قصيدة ""انتباه"" لفزاع، ملحمة استيقاظٍ نابعة من تراث ابن مكتوم، يصور فيها الشاعر نفسه سباحاً ماهراً في بحر الحياة يغوص ليشد انتباه الغافلين. ينتقد كسل النيام وبلاهة الشحّادين الذين يحسدون جيوب الأغنياء بينما يدوم وجه الله، محذّراً من بخل المهابيل الذي يُفقر الروح. يدعو الطيبَ إلى الكرم الملزوم بالناس، رافضاً وجاهة الشعر الفارغة، ويبحث عن ""زيزوم"" من الرجاجيل يوقظ قلبه قبل أن يُثير انتباههم. رسالة حادّة تجمع الفخر الوراثي بالنباهة والحثّ على العمل والعطاء في واقع اليوم.","Cinematic medium-wide shot of a solitary Emirati man (representing the poet) standing on the edge of a vast, muted cyan-tinted ocean at twilight, performing the action of diving into the water with one hand raised to signal attention while gazing upward with eyes full of longing and resolve, wearing a pristine white kandura and black bisht with subtle gold embroidery, face etched with deep contemplation and poetic intensity, surrounded by gentle waves reflecting cool blue-grey tones with warm amber highlights, distant silhouette of a falcon soaring above the horizon and wisps of incense smoke curling upward to symbolize heritage, volumetric golden-hour rim lighting with dramatic cyan undertones, shallow depth of field with bokeh, shot on ARRI Alexa 65 with anamorphic lens flare, contemplative and emotionally resonant atmosphere, 8K photorealistic cinematic masterpiece, Apple TV+ premium documentary aesthetic, no text, no watermark, no women",URL,مكتوم,https://d2p7pge43lyniu.cloudfront.net/output/d21986f1-57d8-4b2c-957d-0cf7d8543287.jpeg,ff68f40b57fe46a2ac347ed832174d41
49,انصاف الحلول,"لا.. لا تعاتبني اذا فرعها مال      فرع العتب بين المحبين منشول
ابطت وهي تبرق وانا اخص واختال      مزن العذر واشرب خطاها ولا اقول
وتكيلني وتكيل غيري بمكيال      تخلط حنين الذود وصهيل الخيول
لا عندنا حيله ولا ودي احتال      قولي كما فعلي وانا اقول واطول
واطولها لو هي من الصعب تنطال      عزمي علي طرق الصعيبات مفتول
ياما تردي فارس بزمه جبال      من عقب ما جال وضرب عرضها طول
من عقب ما جال وظما صدق اللال      واللال يكذب والملا تملك عقول
غلاك لي لا تتركه بيد عذال      بعض الغلا ما يقبل انصاف الحلول","قصيدة ""انصاف الحلول"" لفزاع، ملحمة عاطفية ترفض عتاب المحبوبة وتنتقد انصاف الحلول في الغلا العميق، حيث يصور الشاعر فرع العتب كشجرة مالية بين العشاق، وهو يشرب مزن عذرها بكبرياء بدوي. يرفض المكيال المزدوج الذي يخلط حنين الإبل بصهيل الخيول، مؤكداً عزمه على طرق الصعيبات المفتولة، كفارس يردي الجبال بعد جولات الظمأ والصدق. يحذر من تسليم الغلا للعذال، فبعض الحب لا يقبل النصف، بل يطول ويثبت في وجه الكذب والملا الماكرين. صور صحراوية كثيفة: خيول، جبال، لال، تعكس نبل الوفاء الذي لا يحتال.","Cinematic medium shot of Sheikh Hamdan bin Mohammed (Fazaa) in pristine white kandura and black bisht with gold embroidery, his face etched with dignified defiance and deep longing, standing on muted cyan-tinted desert dunes at twilight amidst jagged mountain silhouettes, scattered wilting desert roses and cracked earth symbolizing broken promises, distant Arabian horse silhouette against desaturated teal sky, subtle incense smoke wisps rising from a traditional dallah, volumetric rim lighting with cool blue-grey tones and soft amber accents, shallow depth of field with bokeh, shot on ARRI Alexa 65 with 85mm anamorphic lens, contemplative emotional atmosphere of noble refusal against deception, 8K photorealistic masterpiece, Apple TV+ documentary aesthetic, no text, no watermark, no women",,,,
50,اوراقي,"لو طول الصد وغصون الوله يبست      مري وشوفي وش المكتوب باوراقي
عبراتي اللي بوقت فراقي انحبست      وانتي تقفين .. مايعني لك فراقي
الساعه اللي علي حطتك من لبست      هي اخر اللي بقت للعاشق الشاقي
نار الغلا رمدت وان جيتي انقبست      كانك ف جيتك تسعين لاحراقي
والنجمه اللي تحت ظل السما اندبست      قالت لا طال السهر قل لي وش تلاقي
ماغير امور بوسط الخافق انكبست      تراكمت يوم زاد الصد باعماقي
يازين الايام مثلي شرهت وعبست      ماباقي الا الهجر .. ياخيبه الباقي
ما الوم اغصان قلبي يومها يبست      لانك رحلتي ولا فتشتي اوراقي","قصيدة ""أوراقي"" لفزاع، ملحمة وجدانية للعاشق الشاقي أمام صدّ المحبوب وقسوة الفراق، حيث يبست غصون الوله وانحبست عبراته رغم لهيب الغلا الذي يرمده. يصور الشاعر قلبه أشجاراً يابسة، أوراقها تحمل كتابة الوجع الخفيّ، مدعواً إياها لترى ما خطّه الحبّ في أعماقه قبل الرحيل. تتكرّر الصور الشعرية الدرامية: ساعة اللبس آخر رفيق، نجمة السهر تنتقد التمسّك، أمور الخافق تتراكم كالدموع، والأيام تشره وتعبس معه. يبرّئ الشاعر غصن قلبه من اللوم، مؤكّداً أن الهجر خيبة الباقي، في نبض نبطيّ يجمع بين الألم الحسيّ والصبر الجميل، شاهداً على نبل ""فزاع"" في مواجهة الصدّ.","Cinematic close-up of Sheikh Hamdan bin Mohammed (Fazaa) in pristine white kandura and black bisht with gold embroidery, his face etched with dignified sorrow and deep longing, standing on muted cyan-tinted cracked desert earth at twilight, scattered wilting desert roses and prayer beads at his feet symbolizing devotion and patience, distant falcon silhouette against desaturated teal sky, subtle incense smoke wisps rising from a traditional dallah, volumetric rim lighting with cool blue-grey tones and soft amber accents, shallow depth of field with bokeh, shot on ARRI Alexa 65 with 85mm anamorphic lens, contemplative emotional atmosphere reflecting the pain of separation and noble endurance, 8K photorealistic masterpiece, Apple TV+ documentary aesthetic, no text, no watermark, no women",,,,
51,اوربت,"يا محمد حط لي شربت      خلني با نقعه كاسي
من ثلاث ايام في اوربت      طالع المجنون في راسي
خطه حاسبتها وخربت      والسياسي يبغي سياسي
جبتها يا محمد بتربت      قافيه شعري واحساسي
ابتعدت ولانها قربت      بابتعادك وانت يا ناسي
جيتها متواضع وهربت      طولها واحد علي قياسي
زندها مليان متزربت      وعنقها عنق اشقر نحاسي
دقت الدقات وانطربت      واستوي وقاف يلاسي
تمشي ومن خلفها انضربت      وعاشق المويات غطاسي
ومن تطول السالفه خربت      وانهدم ساسي علي راسي","قصيدة ""أوربت"" نبطية وجدانية لفزاع، تعبر عن هيام مجنون بفتاة ""أوربت"" الطويلة الجذلاء، ذات العنق النحاسي الأشقر والزند المتزرب، التي دقّت دقات قلبه فانطربت روحه. يصور الشاعر خططه المحسوبة التي خربت بسبب سياساتها وابتعادها، رغم قربها الذي أشعل الشوق منذ ثلاثة أيام. ينادي ""يا محمد حط لي شربت"" طالبًا النقع ليغرق مجنونه، مع وصف حسيّ لمشيتها المهيبة ونظرته الغاطسة خلفها كعاشق المواج، حتى انهدم سدّه وسقط ساسي رأسه. مليئة بالعواطف المتضاربة بين التواضع والهرب، والقافية الشعرية التي جُلبت بالتربة والإحساس، تجسّد صراع العاشق الذي تطاول سالفته فخربت خططه، في إيقاع يعكس نبض الشوق والفشل العذب.","Cinematic medium shot of Sheikh Mohamed bin Zayed (Bo Zayed) seated in a traditional Emirati majlis, pouring Arabic coffee from a silver dallah into a copper cup with a look of gentle concern and wisdom, wearing a pristine white kandura and black bisht with subtle gold embroidery, his expression reflecting deep empathy for the poet's sorrowful state, setting is an intimate heritage courtyard with sandstone arches and soft twilight shadows, symbolic elements include wilting desert roses on the table, wisps of incense smoke curling upward, and a single cracked earth texture near the cup, moody volumetric lighting with muted cyan and desaturated teal tones accented by warm amber highlights from the coffee steam, shot on ARRI Alexa 65 with shallow depth of field and bokeh background, contemplative and emotionally resonant atmosphere, 8K photorealistic cinematic masterpiece, Apple TV+ premium documentary aesthetic, no text, no watermark, no women",URL,محمد,https://d2p7pge43lyniu.cloudfront.net/output/702e7cb1-f740-4dfa-ae1c-0b95e7016317.jpeg,fab824bc95654d979d10d3f1fc7790f0
52,الاخير  الاول,"الحب ما يسكن قلوب ومحاني      الحب اسمي عاطفه تسكن الروح
يا حبك اللي كل ما اظما سقاني      سراب لال ودرب مهجور ونزوح
ما اقول منك اللي لفاني كفاني      لاني احبك هجر وعناد وجروح
ان غبت عني طال عمر الثواني      تقول عمر الثانيه من عمر نوح
وان جيتني مرت ليالي زماني      ما كنه الا البرق بعيوني يلوح
قبل الجفا عذرك سبقني وجاني      لا تعتذر ذنبك من العام مسموح
ابني علي شوفك صروح واماني      وشلون ما تبني علي شوفي صروح
ان كان غيري عوضك عن حناني      ما عاضني غيرك من الغيد مملوح
انت الاخير .. وانته الاولاني      لو كان حبك حد قلبي علي الصوح
والله ما باح بغرامك لساني      الا عيوني يوم يطرونك تبوح
كتمت سرك لين دمعي عصاني      راعي الهوي لو يكتم السر مفضوح
لا تلوم قلب جر فيك الاغاني      حتي الحمام يجره الشوق وينوح","قصيدة ""الأخير .. الأول"" لفزاع، ملحمة حبٍّ وجدانيٍّ يجمع بين الشوق الدامي والوفاء الأبدي، حيث الحبيب ""الأخير والأول"" في قلب الشاعر رغم الهجر والجروح. يصور فزاع العذاب كسرابٍ في درب مهجور، ثوانٍ تطول كنوح، وليالٍ تلوح كبرقٍ عابر، معبراً عن صبرٍ يبني صروحَ أماني على الشوف. يتجاوز الغيابَ والعنادَ، رافضاً العوضَ بغيره، ويكتمُ سرَّ غرامه حتى تبوحُ عيناهُ والدمعُ يعصيه. يختتم بدائرةٍ شعريةٍ تؤكد: الحبُّ عاطفةُ الروحِ لا القلوبِ، جراحٌ تُنوحُ بها حتى الحمامُ، في نبضٍ إماراتيٍّ يمزجُ الألمَ بالعزَّةِ والحنانِ الأصيلِ.","Cinematic close-up of Sheikh Hamdan bin Mohammed (Fazaa) in pristine white kandura and black bisht with gold embroidery, his face etched with dignified longing and deep emotional pain, standing on muted cyan-tinted cracked desert earth at twilight, scattered wilting desert roses and a single falcon feather symbolizing noble freedom, distant Burj Khalifa silhouette against desaturated teal sky, subtle incense smoke wisps rising from an Arabic coffee pot, volumetric rim lighting with cool blue-grey tones and soft amber accents, shallow depth of field with bokeh, shot on ARRI Alexa 65 with 85mm anamorphic lens, contemplative sorrowful atmosphere blending pain with dignity, 8K photorealistic masterpiece, Apple TV+ documentary aesthetic, no text, no watermark, no women",,,,
53,البدر,"هذا هو البدر والا البدر ابن عمه      في علم انا والا هذا الليل وحلومه
ان كان للحسن قمه هذي القمه      والا عسي الحسن كله فدوه قدومه
اقبل يضم السهر وعيوني تضمه      ما ادري من اللي من الثاني سرق نومه
كن الوصل دنيتي يوم الوعد تمه      وكن الوعد جنتي دام الوصل يومه
ما الوم من لامني في حبه ونمه      حتي فوادي ولو يشكيه ما الومه
اذا تكلم يغار العطر من فمه      سوالفه كلها بالمسك مختومه
ياليت لي همني من نظرته همه      عينه خذت نظرتي قبل اخذ علومه
ابطا يسولف عن الطيب وحنان امه      ما يدري انه بقلبي وثق سهومه
ما يدري انه علاج العاشق وسمه      وان القصايد علي طاريه منظومه
طالعت في ساعته رد ورفع كمه      لا ساعته قصدي ولا قصدي ختومه
ما قصدي الا الغلا لي ساقني يمه      احيان ارومه وبعض احيان ما ارومه
لولا الحيا والا انا في ذمتي ذمه      لا غزي علي روض رمانه ومشمومه","قصيدة ""البدر"" لفزاع، نشيد غرامي يقارن المحبوب بقمر بدرٍ يُضيء ليالي العاشق، محيّراً بين نوره وحلمه الذي يسرق النوم. يصف الشاعر حسنَه قمَّةً تفدي كلَ جمال، وعيونَهِ تضمُّ السهرَ، وسَوالِفَهُ مسكًا يُغارُ منهُ العطرُ. الوصلُ دُنْيَاهُ والوَعْدُ جَنَّتُهُ، لا يَلُومُ مَنْ لَامَ حُبَّهُ حتَّى فُؤَادَهُ، ويَهْوَى نَظْرَتَهُ التي سبقتْ عِلْمَهُ. يَتَرَاءَى في ساعَتِهِ وَخْتَامِهِ غِلَاهُ، يَهْذِي بِطِيبِ أُمِّهِ دُونَ إِدْرَاكِ سَهْمِهِ في القلبِ، علاجًا وَسَمًّا، وقَصَائِدَ مُنْظُومَةً. يَحْيَا بِحَيَاءٍ يَمْنَعُ غَزْوَ رَوْضِهِ الرَّمَّانِي المُشْمُومِ، مُكَرِّرًا الإِعْجَابَ في دَوْرَانِ الأَبْيَاتِ كَلَيْلٍ يَدُورُ حَوْلَ البَدْرِ.","Cinematic close-up of Sheikh Hamdan bin Mohammed (Fazaa) in pristine white kandura and black bisht with gold embroidery, his face etched with shy romantic longing and poetic adoration, standing on muted cyan-tinted desert dunes at twilight, scattered wilting desert roses and prayer beads at his feet symbolizing devotion and timelessness, distant falcon silhouette against desaturated teal sky, subtle incense smoke wisps rising from a traditional dallah, volumetric rim lighting with cool blue-grey tones and soft amber accents, shallow depth of field with bokeh, shot on ARRI Alexa 65 with 85mm anamorphic lens, contemplative emotional atmosphere, 8K photorealistic masterpiece, Apple TV+ documentary aesthetic, no text, no watermark, no women",,,,
54,الجروح,"الله خلق لي نفس تسمو علي البوح      ماهيب لا ضاقت من الهم باحت
علي كثر ما شفت ضيقات وجروح      لا الوجه متغير ولا العين صاحت
ابشرك .. بشاره الروح للروح      تبي تطيحني الليالي وطاحت
هذا انا والوجه باسم ومشروح      وجه بروقه لمعظم الناس لاحت
كم محزم _ بني علي شوفه صروح      وكم نفس من طارف عطاه استراحت
الله وهبنا عز و امجاد و طموح      وذكر علي جدران الايام ناحت
هذي مراجل ماهي بضحك ومزوح      ماهي شموعي لا ضوا الصبح ساحت
الصفح خصله والفخر ماله صفوح      والحزن لا سيطر علي الروح ناحت
بعض الجروح تجي لك شوي وتروح      وبعض الجروح ان جات ماعاد راحت","قصيدة ""الجروح"" لفزاع تُمجّد قوة النفس السمحة التي تسمو فوق الهموم والألم، محافظةً على وجهٍ باسمٍ رغم كثرة الضيقات والجروح العميقة. يُبرز الشاعر صبر الروح الذي لا يُظهر ضعفه، بل يُشفي الآخرين بعزّه وطموحه، متجاوزاً الحزن بالصفح والفخر الراسخ. بين مراجل الحياة الحقيقية –لا المزاح– يفرّق بين الجروح العابرة والدائمة، مؤكّداً أنّ الإرادة الإلهية وهبتنا مجداً يُنقش في جدران الأيام. رسالة أملٍ للروح: ""ابشرك""، فالليالي السوداء طاحت، والوجه يلمع بريقاً يُريح النفوس ويبني صروحاً للمحزونين.","Cinematic close-up of Fazaa (Hamdan bin Mohammed) in pristine white kandura and black bisht with gold embroidery, his face etched with dignified resilience and serene strength despite deep scars, standing on muted cyan-tinted cracked desert earth at twilight, wilting desert roses and scattered sand slipping through fingers symbolizing time and pain, distant falcon silhouette against desaturated teal sky, subtle incense smoke wisps rising from a traditional dallah, volumetric rim lighting with cool blue-grey tones and soft amber accents, shallow depth of field with bokeh, shot on ARRI Alexa 65 with 85mm anamorphic lens, contemplative hopeful atmosphere where the face shines with inner light, 8K photorealistic masterpiece, Apple TV+ documentary aesthetic, no text, no watermark, no women",,,,
55,الزعل ماهو دموع,"وقت الساعه حسب توقيت الاحباب المحلي      ياخفوق _ مايهاب البحر ضيقه واتساعه
ويا نجوم الليل لاغاب السهر في العين طلي      لين نور الصبح باكر يسطع ف وجهي شعاعه
ويا قريحه شاعر _ فكره من اللهفه مولي      علمي حسادي ان الشعر ابداع وبراعه
وزعيني في قلوب الناس وانا في محلي      يكفي اني فرد واحد وتاثر به جماعه
صادق الاحساس لو انه ورا ضلع _ معلي      ياصل لجمهوره الواعي بلا صحف واذاعه
والزعل ماهو دموع وضيقه وحسره ياخلي      ومن يقول انه دموع وضيقه وحسره.. اشاعه
الزعل بين الحبايب مثل لحظات التجلي      فرصه التفكير يا للوصل والا للقطاعه
والليالي من سنين العمر تاخذ ما تخلي      من نشر فيها شراعه لازم _ يطوي شراعه
واللقا مثل القناعه .. كل مازادت تقلي      والفقير ان مات عذره مات من كثر القناعه
والمفارق .. مثل طاري الموت ماعنه تخلي      مءمن به حق ايماني ولا اداني سماعه
ويا حبيبي لا تلوم انسان من طبعه يزلي      ما خلقه الله رسول ولا جعل عنده شفاعه
في الزعل ارفق علينا بالدلال وبالتغلي      وان سمحت العفو عند المقدره والاستطاعه
وان بغيت البعد قلت البعد قال ش فيك قلي      قلت ويش اقول ماعندي علي الفرقي مناعه
كنت احسب اني شجاع _ لايهاب ولا يولي      واثر يوم البعد ماينفع شجاع ولا شجاعه
قال شكلك تبغي الدعوي مسرات وتسلي      وانثني ما عاد له في شوفتي شف وطماعه
قلت له يا كامل الاوصاف انا طالبك باللي      ملكك روح الضعيف وعلمك سمع _ وطاعه
دامك اخترت الفراق وجزت من بعضي وكلي      اخذ عيني واخذ عقلي واخذ خفاقي وداعه
قال : ليه ؟ وقلت عيني لاجل دمعاتي تهلي      يمكن اذا شفت دمعي يحزنك كثر اندفاعه
واخذ عقلي لاجل تدري كيف منك ما يملي      كيف طيفك في خياله كل وقت وكل ساعه
واخذ خفاقي معك لله في لله .. ياللي      مادريت بقيمته عندي سوي لحظه وداعه
وكان لا هذا ولا هذا ولا هذا حصل لي      الفقير ان مات عذره مات من كثر القناعه","في قصيدة ""الزعل ماهو دموع""، يرسم ""فزاع"" لوحة عاطفية عميقة للزعل بين الحبايب كفرصة تجلي وتأمل، لا ضيقاً أو حسرة، بل لحظة تفكير بين الوصل والقطيعة. يعبر عن الشقاء في المفارقة المؤقتة كالموت المؤكد، محذراً من كثرة اللقاء التي تقتُلُ القناعة، ومن نشر الشراع في ليالي العمر دون طيه. يخاطب الحبيب بلطف، طالباً الرفق بالدلال في الزعل، معترفاً بضعفه أمام الفراق رغم شجاعته الظاهرية، ومُسْلِماً عينيه لتهدئة دموعها، وعقله لطيف الشوق الدائم، وقلبَهُ وداعاً أخيراً. يعزز نبع الشعر الصادق تأثيره في القلوب دون وسائط، متفائلاً بنور الصبح بعد سهر العين، مؤكداً أن الزعل اختبار وفاء يعلو فوق الدموع. يدور النص حول حبٍ ناضج يقبل الطباع البشرية، مختتماً بحكمة: الفقير يموت من كثرة القناعة إنْ لمْ يُرْفَقْ.","Cinematic medium shot of Fazaa (Hamdan bin Mohammed) in pristine white kandura and black bisht with subtle gold embroidery, his face etched with dignified contemplation and gentle longing, standing on muted cyan-tinted desert dunes at twilight, wilting desert roses and scattered sand slipping through fingers symbolizing the transient nature of separation, distant falcon silhouette against desaturated teal sky, volumetric rim lighting with cool blue-grey tones and soft amber accents, shallow depth of field with bokeh, shot on ARRI Alexa 65 with 85mm anamorphic lens, poetic atmosphere of mature love and wisdom, 8K photorealistic masterpiece, Apple TV+ documentary aesthetic, no text, no watermark, no women",,,,
56,السالفه,"قم علم الصبح ويش البارحه قلنا      خله يقول لعواذلنا تصافينا
حتي يعرفون يوم انه تزاعلنا      نبغي نزود قهرهم لا تراضينا
حنا شربنا الغلا حتي تمايلنا      من نشوه الحب تدفعنا خطاوينا
نكسب تعاطف هل الحب بتعاملنا      وهروج حسادنا ما اثرت فينا
ياما وياما حكوا لكن .. تجاهلنا      تلامس احساسنا يسبق خطاوينا
من بدهم في الوفا حنا تاهلنا      كسرت يدين التجافي من تسامينا
يابحر كان انت في موجك تساهلنا      في الحب نبحر ونمسي في موانينا
روض المحبين محمي في مداهلنا      وزهور الاشواق تنبت في مراعينا
حنا الشرف والنقا ونشرف اهلنا      عن الرذيله علي النايف تعلينا
يا ضامي الحب اروتنا مناهلنا      اذا طوانا هجير البعد تسقينا
والسالفه كلها .. يوم تزاعلنا      كله علي شان يقهرهم تراضينا","قصيدة ""السالفة"" لفزاع ملحمة حبٍّ تحدي، يروي فيها العاشقان تزاعلاً مصطنعاً لإغاظة العواذل والحساد، معلنين تصالحَهما صباحاً ليُثبتوا نقاءَ وفائهما. يصفان غِمْرَهما في بحرِ الغلا حتى تمايلَتْ خطاويهما، متجاهلينَ أحاديثَ الشامتين، ومُكْسِبينَ تعاطفَ الخلقِ بتعاملهما النبيلِ. يُشبِّهان حبهما بروْضٍ محميٍّ ينبتُ زهْرَ الأشواقِ، ويَفْخَرُونَ بشرفِهما الذي يُعِلُّوا به أهْلَهُمْ فوقَ الرذيلةِ. يخْتَتِمُونَ بِتَأْكِيدٍ أنَّ السالفةَ كُلَّها مؤامرةٌ لِتَرْضِيَةِ الْحُبِّ وَقَهْرِ الْحَاسِدِينَ، مُسْتَخْدِمِينَ صوراً بحريةً ورعويةً تُجْسِدُ عُزَّ الْعِشْقِ الْإِمَارَاتِيِّ.","Cinematic medium shot of Sheikh Hamdan bin Mohammed (Fazaa) in pristine white kandura and black bisht with gold embroidery, his face etched with dignified romantic resolve and subtle defiance against slander, standing on muted cyan-tinted desert dunes at twilight where the horizon meets a calm azure sea, scattered wilting desert roses and prayer beads at his feet symbolizing devotion amidst a fabricated rivalry, distant falcon silhouette against desaturated teal sky, subtle incense smoke wisps rising from an unseen source, volumetric rim lighting with cool blue-grey tones and soft amber accents, shallow depth of field with bokeh, shot on ARRI Alexa 65 with 85mm anamorphic lens, contemplative emotional atmosphere celebrating noble love and heritage, 8K photorealistic masterpiece, Apple TV+ documentary aesthetic, no text, no watermark, no women",,,,
57,السمو,"ياعرب تري المكارم والمروه      سيف عز فاللقا ما هو بحاكل
والسمو الي جهل قيمه سموه      ما عرف فرق التوكل والتواكل
والرجل مع رفيقه او عدوه      شيمته هي شيمته ويقولها كل
قالها ياصاحبي واليوم قوه      والله اني كم سنه وانا متواكل
الحقيقه واضحه من دون انوه      تاكل الغيره مثل ما النار تاكل
والمشاكل تهدم جسور الاخوه      هذي كلمه حق من راعي المشاكل","قصيدة ""السمو"" لفزاع ترسم ملامح الرجولة الحقة في أرض العرب، حيث يُقدَّم السموَ سيفَ عِزٍّ لا يُحَاكَل، يُميِّزُ التوكُّلَ عن التواكُلِ، والمكارمَ عن الغِيرةِ النَّارِيَّةِ التي تُهدِمُ جسورَ الأخوَّةِ. يُحذِّرُ الشَّاعِرُ مِنْ شِيَمِ الصَّاحِبِ الَّتِي تُعْرِفُهُ فِي السَّرَّاءِ وَالضَّرَّاءِ، مُكَرِّرًا رَفْرَفَةَ الأبْيَاتِ كَصَرْخَةِ وَعْيٍ وَطَنِيٍّ، فَالْحَقِيقَةُ وَاضِحَةٌ: الْغِيرَةُ تَأْكُلُ كَالنَّارِ، وَالْمَشَاكِلُ تَهْدِمُ الْعُصْبَةَ إِنْ لَمْ يَحْفَظِ الْعَرَبِيُّ قِيْمَ سَمَاهُ.","Cinematic medium-wide shot of a distinguished Emirati elder (Sheikh figure) standing alone on a weathered stone terrace overlooking a vast, muted cyan-tinted desert horizon at twilight, performing the action of tracing sand slipping through his fingers while gazing upward with a profound expression of contemplative regret and wisdom regarding the nature of arrogance versus humility, wearing a pristine white kandura and black bisht with subtle gold embroidery, face etched with dignified sorrow and deep introspection, distant silhouettes of traditional architecture and a single wilting desert rose in the foreground to symbolize the fragility of pride, volumetric golden-hour rim lighting with cool blue-grey tones and warm amber highlights creating dramatic contrast, shallow depth of field with bokeh, shot on ARRI Alexa 65 with anamorphic lens flare and subtle film grain texture, contemplative and emotionally resonant atmosphere reflecting the poem's theme of self-reflection and the destructive nature of envy, 8K photorealistic cinematic masterpiece, Apple TV+ premium documentary aesthetic, no text, no watermark, no women",URL,سيف,https://d2p7pge43lyniu.cloudfront.net/output/dec48098-1c2c-488b-9ff5-e2531dea3620.jpeg,c7c3ea2b04a3432d9dc55736c07f1a0c
58,السمو والمعالي,"لو نقول ان المراجل مالها رجال غيره      العفو يارب .. لو قلنا كذا قالوا تعالي
فيه غيره بس نختاله لوحده في الجزيره      مثلما يختال راعي الذود سحب من خيالي
هو نموذج للعدل والدار بافعاله جديره      من مراجل سيدي تلتف هامات الرجالي
شف (دبي ) المستبده بالحلا و المستذيره      في ظلاله كيف صار لها من كفوفه ظلالي
العوالي عسره ودروب مرقاها عسيره      والذي ما يستلذ العسر .. ما يرقي العوالي
يا طموح مواطن رجله علي دربه قصيره      وان ذكرك تسوقه الخطوه علي روس الجبالي
وان ذكرتك مالت بيوت القصيد المستديره      روسها لي لين اقول لها علي شانه تعالي
عادني في الميم الاول من جناب اسم المغيره      اكملت من قبل اكمل (حا) و(ميم)و(دال) تالي
(حاء) حمد و(ميم) مجد و(دال)دار به منيره      كل حرف من حروف اسمه علي القيفان غالي
تكثر باسمه قلايل .. لان مداته كثيره      ولان اوصافه كثيره .. لكن امثاله قلالي
ماهو بطير السعد ، لا والله الا السعد طيره      علم اصحاب السمو وعلم اصحاب المعالي
يفهمون ان المكارم كنز وامجاد وذخيره      حطها الله في يدين القايد الرجل المثالي
حطها الله في يدين ( محمد ) وهلت وفيره      وارتوت منها الشعوب و ربعت منها المفالي
من صنع للدار عز و من بني في البحر ديره      يستحق يقال فيه من الثنا مالا يقالي
حاكم كفه واصابعها سنابلها بخيره      انجزت في ظرف ليله صرح يحتاج لليالي
سنبله تبني عمار وسنبله تغني فقيره      وسنبله ما تعترف باللي يسمونه محالي
والنجاح اللي بزغ ماهوب منقطع نظيره      الا ماله .. لا نظير و لا حلي و لا مثالي
البحر والموج والحلم ومعانيه الخطيره      من صفاته كلها .. ولا يقول ان كلها لي
فيه غيره للوطن والدين .. ولا فيه غيره      من يسولف كل مجد بعزته والراس عالي
كل يوم نشوف صرح _ يلهم العقل ويحيره      يعني التكرار ماله في مخططها مجالي
والثنا والحمد للي كل مسلم يستجيره      والي ما فيه غيره في السما والارض والي
ثم ابو راشد خوي الشعب محمود السريره      دامه الله للمواطن والوطن في و ظلالي
كل خطوه من قدم رجله لها مجد ومسيره      وكل كلمه من فمه فخر وطموحات وامالي
يا سليل المجد تكفيني عن اشياء كثيره      انت ابويه وانت عمي وانت اخويه وانت خالي
خذت م الشهر الفضيل ايامه العشر الاخيره      وخذت م العشر الاواخر ليله غير الليالي","قصيدة ""السمو والمعالي"" ملحمة مديح لشيخ محمد بن راشد آل مكتوم (أبو راشد)، حاكم دبي والقايد المثالي، يُختال لوحده في الجزيرة كراعي الذود سحب خيالية، نموذج عدل يلتف حوله هامات الرجال. يصف الشاعر ""فزاع"" إنجازاته الخارقة: بناء صروح في ليلة ما تحتاج لسنين، كف ينبت سنابل تبني عمارات، تغني فقراء، وتتحدى المحال. يفكك اسم ""محمد"" إلى حمد ومجد ودار مُنيرة، طير السعد الذي يروي شعوباً بمكارم الله في يديه، يجسد البحر والموج والحلم. يرفع الشعر ثناءً على أبٍ وعم وأخ وخال، سليل مجد يلهم الطموح، يقصر دروب المواطن إلى قمم الجبال، ويجعل بيوت القصيد تميل رؤوسها تعظيمه. يدعو بدوامه للوطن والشعب تحت ظلاله، معترفاً بغيره لكنّه الأفضل بعزة رأس عالية، في تكرار إبداع يحير العقول.","Cinematic medium-wide shot of Sheikh Mohamed bin Zayed (Bo Zayed) and Sheikh Mohamed bin Rashid (Bo Rashid) standing side-by-side in a powerful unity pose on a muted cyan-tinted desert terrace overlooking the modern Dubai skyline at twilight, both raising a traditional UAE flag high in a gesture of visionary leadership and national pride, faces etched with solemn dignity, profound resolve, and warm paternal affection for the people, wearing pristine white kanduras and black bishts with intricate gold embroidery, subtle incense smoke wisps curling upward and distant falcon silhouettes against the horizon, volumetric golden-hour rim lighting with cool blue-grey tones and soft amber highlights, shallow depth of field with bokeh, shot on ARRI Alexa 65 with anamorphic lens flare, contemplative, majestic, and emotionally resonant atmosphere, 8K photorealistic cinematic masterpiece, Apple TV+ premium documentary aesthetic, no text, no watermark, no women",URL,"محمد,راشد,بني",https://d2p7pge43lyniu.cloudfront.net/output/8e3e8f54-4087-4975-b4c8-4d1916a7a884.jpeg,7ffd520832364ed597fd20e1605d5f67
59,الشاعر اللي,"الهرج فضه والذهب ما يشبهه غير السكات      والطيب اقدر سواليفه واحسب منطقه
والشاعر اللي ضاقت بوجهه وسيعات الجهات      وش فيه شخصيته مهتزه ولا عنده ثقه
حنا سرجنا الريح .. لا تفخر بسرج العاديات      وشوف الزمان اللي يسابقنا قدرنا نسبقه
ولا نحب الثرثره والمعمعه والالتفات      والكذب ليله ينجلي والحق شمسه مشرقه
ما يصنع الانجاز رجال بلا عزم وثبات      الانجاز يبغي له جبين يروي الخد عرقه
طموحنا يسمو علي بدع القصايد في البنات      واكبر من بيوت القصيد اللي علي صدر ورقه
حنا نفكر نجمع التاريخ من بعد الشتات      وانته علي الماضي عيونك كل يوم مبلقه
الاسماء والالقاب والتقدير وانواع الصفات      ينعم بها ربي علي عبده واذا شاء ارزقه
واعذب من النهرين نهر النيل او نهر الفرات      طموح رجال تحداه الزمان و حققه
لا ترتفع يا طيرنا بين النجوم الساريات      ويعاندك صلف الهوي والشمس ريشك تحرقه
لا تحسب انك معجزه .. الا خليفه معجزات      تراك انسان ذنوبه كل ما امسي تورقه
ولا تفلك البندق ما دام انك تهاب الانفلات      تركت للرعيان ما يصمل ويفلك بندقه
وانا اعرف عيال الفقاري واعرف عيال الذوات      مثل البحر يغرق عباد الله وهي ما تغرقه
ابوي علمني ما اسولف غير بالشي الثبات      لو موتتي بالسيف والبندق وحبل المشنقه
ياليت ما انت بحرف في غصن شجره سبع اللغات      اللي تقول جذورها للنصر لا للتفرقه
ياليتك اللي مت واللي مات للحينه ما مات      وعساك فدوه سندسه وديباجته واستبرقه","قصيدة ""الشاعر اللي"" لفزاع، ملحمة نبطية حماسية تُمجّد الثبات والعزيمة كجوهر الرجولة، محتقرةً الثرثرة والكبرياء الزائف. يُقارن الشاعر الصمت بالذهب، ويُفضّل سيرج الريح على العاديات، مُشدّداً أن الإنجاز يَروِي الخدَ عَرَقاً لا قصائدَ بناتٍ أو ورَقاً. يَعْلُو طموحه جمعَ التاريخ من الشتات، متجاوزاً الألقابَ الربانيةَ والنيلَ والفراتَ، ناصحاً الطيرَ بعدمِ الارتفاعِ خوفاً من صلفِ الهوى. يُذْكِرُ أباهُ ""محمد بن راشد"" معلّماً الثباتَ حتىَ المشنقة، مُفَرِّقاً بين عيالِ الفقاري والذواتِ كالبحرِ الغامرِ، مُدْعِياً الشاعرَ الحقيقيَّ جذرَهُ نصرٌ لا تفرقةٌ. تكرارُ الأبياتِ يُعَزِّزُ العهدَ بالحقِّ المشرقِ كشمسٍ، رمزٌ لفخرِ الإماراتِ وقيادتِهاِ الثابتةِ.","Cinematic medium-wide shot of Sheikh Khalifa bin Zayed (Bo Khalifa) and Sheikh Mohamed bin Rashid (Bo Rashid) standing side-by-side in a dignified unity pose on a muted cyan-tinted desert terrace at twilight, both raising a traditional UAE flag in a slow tribute gesture while gazing toward a distant modern skyline, faces etched with solemn pride, visionary resolve, and unwavering determination, wearing pristine white kanduras and black bishts with intricate gold embroidery, subtle incense smoke wisps curling upward and a distant falcon silhouette perched on a rock, volumetric golden-hour rim lighting with cool blue-grey tones and warm amber highlights, shallow depth of field with bokeh, shot on ARRI Alexa 65 with anamorphic lens flare, contemplative and majestic atmosphere, 8K photorealistic cinematic masterpiece, Apple TV+ premium documentary aesthetic, no text, no watermark, no women",URL,خليفة,https://d2p7pge43lyniu.cloudfront.net/output/e701ea53-7824-419d-a391-2e0adec9aa16.jpeg,6ac991c1248646068a77edee65c9de16
60,الصاحب المعني,"والله لخلي السنين الماضيه تعني      ووادع الناس وارجع واخذ المعني
يمكن حبيبي اذا غنيت يسمعني      قبل البحر ياقلوب الشوق تبلعنا
اللي خذاني وعيا ما يرجعني      والدرب مجهول والتفكير ضيعنا
يدفعني الشوق لمواصله يدفعني      تبادل العشق هو سبه دوافعنا
تدرون قلبي علي هجره ما طاوعني      الناس تعذل وحنا ما تسمعنا
لا قلت احبه تراه الصاحب المعني      واللي مع الهجر طبعا ماهو بمعنا
لا قال دعني وانا ما قلت له دعني      يالين سالت من الفرقا مدامعنا
حتي في يوم الموادع يوم ودعني      بكت جميع الليالي من موادعنا
الله يمتعك بلقاي و يمتعني      والقاك والسحب تمطر من تمتعنا","قصيدة ""الصاحب المعني"" لفزاع، نشيدٌ للعشق الثابت أمام الهجر القاسي، حيث يقسم الشاعر بترك السنين الماضية والعودة لأخذ ""المعني"" – الحبيب الذي يُسمع صوته في الغناء قبل أن يبتلعه بحر الشوق. يصف صراع القلب الذي لا يطاوع على الفراق رغم عذل الناس، فالصاحب الحقيقي لا يقول ""دعني"" ولا يقبل الهجر، بل يبكي الليالي كلها في يوم الوداع. يدفع الشوقُ للاستمرار بتبادل العشق، ويختم بدعاءٍ للقاءٍ يمطر السحبُ من سعادته، مؤكداً أن الوفاءَ هو معنى الحبِّ الحقيقي في دروبِ الضياعِ والدموعِ.","Cinematic close-up of Sheikh Hamdan bin Mohammed (Fazaa) in pristine white kandura and black bisht with gold embroidery, his face etched with dignified longing and deep emotional pain as he clutches a wilting desert rose, standing on cracked earth under a muted cyan twilight sky, scattered prayer beads symbolizing devotion and patience, distant falcon silhouette against desaturated teal horizon, subtle incense smoke wisps rising from an Arabic coffee pot, volumetric rim lighting with cool blue-grey tones and soft amber accents, shallow depth of field with bokeh, shot on ARRI Alexa 65 with 85mm anamorphic lens, contemplative atmosphere of steadfast love against exile, 8K photorealistic masterpiece, Apple TV+ documentary aesthetic, no text, no watermark, no women",,,,
61,الغول و العنقاء,"كل اتصالات الغلا في خافقي مشبوكه      لاني اتصلت بخافقك وانته تبي تشبكني
واكثر احاسيسي للجنه خافقك متروكه      وكانك متنك لا تزيد الهم وتتنكني
ضمك خفوقي مثل ما ضم الفضا مكوكه      واقفيت مثل الغول والعنقا والا السكني
اللي من اول احسب لهم في الحياه اضحوكه      حتي عرفتك يا معذبني ويا مربكني
تجارب الايام منها مهجتي معروكه      عركت نفسي يا حبيبي قبل ما تعركني
افكر بعقلي وخطه سيرك المحبوكه      وتعالج الايام وادركها قبل تدركني
يبرك ردي العزم من حمله لو انه شوكه      وانا ثقيل الحمل في كتفي ولا بركني
ولا لقيت ابواب حبك يالغلا مصكوكه      ماني بكاشف سدي لخلق الله الا بكني
تري مصابيح السحر تحت يدي مفروكه      وانا ماني بمصباح لجل انك تجي تفركني
لي محزم ماهو يلين و بندق مفلوكه      مشاعري مترابطه وشلون با تفككني
من كثر تصريحاتك اللي فالغلا مشكوكه      حتي الهبوب اللي تحرك ثوبك تشككني
ومن يوم شفتك تنسج العذر الردي وتحوكه      وانا مقرر اتركك قدام ما تتركني
لو كل غايه تشتهيها نفسنا المدروكه      كان ادرك الراعي طموح الشيخ يا مهلكني
يفداك ما تملك جيوب اللي عشقك وبوكه      هذي مقوله كثر ما رددتها تضحكني
انا ملك عاشق ونفسي للغلا مملوكه      املك قلوب المرهفين وطيبها يملكني","قصيدة ""الغول و العنقاء"" ملحمة عاطفية لفزاع، يصور فيها صراع الحب الملكي مع الخداع والشك، حيث تُشبَّك اتصالات الغلا بخافق المحبوب الذي يتنكَّر ويُعذِّب بالردود المُحوكة والأبواب المُصَكَّكَة. يقف الشاعر كالغول والعنقاء، صلباً أمام تجارب الأيام التي عَرَكَتْ نفسه قبل أن تُعْرِكَهُ، محزماً بندقاً مَفْلُوكاً يحمي مشاعره المترابطة من تصريحات الغلا المشكوكة. يسخر من عذر الفقراء وطموحات المدْرُوكَة، مؤكِّداً سيادته كملك عاشق مَلِكٍ لقلوب المرهفين، مصمِّماً الترك قبل التركِ، في إيقاع يجمع بين القسوة والعزيمة الثابتة.","Cinematic medium shot of Fazaa (Hamdan bin Mohammed) in pristine white kandura and black bisht with gold embroidery, his face etched with stoic resolve and regal melancholy, standing on muted cyan-tinted desert dunes at twilight, cracked earth and scattered wilting desert roses symbolizing heartbreak and separation, distant falcon silhouette against desaturated teal sky, volumetric rim lighting with cool blue-grey tones and soft amber accents, shallow depth of field with bokeh, shot on ARRI Alexa 65 with 85mm anamorphic lens, contemplative emotional atmosphere blending cruelty and steadfast will, 8K photorealistic masterpiece, Apple TV+ documentary aesthetic, no text, no watermark, no women",,,,
62,الفصول الاربعه,"انساك كلمه مالها ايه وجود بمرجعي      والقلب لا منه نوي غيرك حبيبي بامنعه
تنتابني ذكراك مابين الوعي واللاوعي      ما كنك الا بحر حلمي والمشاعر الاشرعه
من وين تطلع كنك الا تقول ياشمس اطلعي      يتنفس الفجر بنفس حسنك ويشرق مطلعه
مع ان فرعك لو رميت الشمس به عيت تعي      ان الدجا يسري لها من دون ما تتوقعه
ان الدجا يكنز عبيره للنسيم المطلعي      كله علي شان النسيم المطلعي يلعب معه
يمتد ليلي واشعلك شمعه غلا بين اضلعي      ويمر بي طيفك ويتناثر بصدري واجمعه
تحتاج تتعبني وانا احتاج لك وانته معي      بعض المشاعر تتعب المشتاق لكن ممتعه
موقعك من قلبي تدله بس حدد موقعي      وبعدين خذ قلبي وفي دنيا غرامك ضيعه
وان طاب لك شوقي وطاب لصوت همسك مسمعي      القلب لك والشوق في عروقي بكيفك وزعه
القلب ملكك والفصول الاربعه من مطمعي      دام التقت في مبسمك كل الفصول الاربعه","قصيدة ""الفصول الأربعة"" لحمدان بن محمد (فزاع) ملحمة عاشقة تُعلن استحالة النسيان، حيث يرفض القلب أي وجود لغيره رغم الوعي اللاواعي الذي تنتابه ذكرى الحبيب كبحر الأحلام الآشرع. يصور الشاعر جمالها كشمس تُطلع الفجر بنفسها، تفوق إشراقها حتى لو رميتَ بها الشمسَ، مع ليلٍ يُشعلُ شمعةَ الغلا بين الأضلعِ وطيفٍ يتناثرُ في الصدرِ ليُجْمَعَ. يترددُ الشوقُ المُتعِبُ المُمتِعُ، مطالبًا بتحديدِ موقعِهِ في القلبِ قبلَ ضياعِهِ في غرامِها، فالقلبُ ملكُها والفصولُ الأربعةُ تتلاقى في مبسمِهاِ الساحرِ، تجمعُ الربيعَ والصيفَ والخريفَ والشتاءَ في ابتسامةٍ تُزْهِرُ الكونَ. هكذا يُكْرِسُ ""فزاع"" الوفاءَ الأبديَّ، مُحَوِّلًا الشوقَ إلى عهدٍ يتجاوزُ الزمنَ والفصولَ.","Cinematic close-up of Sheikh Hamdan bin Mohammed (Fazaa) in pristine white kandura and black bisht with gold embroidery, his face etched with dignified longing and poetic devotion, standing on muted cyan-tinted desert dunes at twilight, wilting desert roses and scattered sand slipping through fingers symbolizing time and loss, distant falcon silhouette against desaturated teal sky, subtle incense smoke wisps rising from a traditional dallah, volumetric rim lighting with cool blue-grey tones and soft amber accents, shallow depth of field with bokeh, shot on ARRI Alexa 65 with 85mm anamorphic lens, contemplative emotional atmosphere where four seasons converge in a magical smile, 8K photorealistic masterpiece, Apple TV+ documentary aesthetic, no text, no watermark, no women",,,,
63,القضا بالقضا,"لاتحاول تعيد بدمعتك ما مضي      ماتداوي دموعك جرح طول البعاد
انتهي الحب ياللي بيننا وانقضي      ولا بقي لك بقلبي غير ذكري وداد
كنت اجيك بخفوق فيه حب ورضا      وكنت انته حبيبي غايتي والمراد
وكنت اشوفك حياتي جوها والفضا      وكنت يوم تغيب اموت هم و نكاد
بس خذها بصراحه القضا بالقضا      ذوق كاس شربته منك اسمه عناد
يرفض القلب مثلك به وداد حظا      دامه انسان مثلك قطعه من جماد
ما تعيش المشاعر في خفوق فضا      كيف تبني وداد له عنادك عماد
يا فقير المشاعر ، ياشتات الشظا      المحبه بوادي ، وانت والله بواد","قصيدة ""القضاء بالقضاء"" ملحمة عاطفية لفزاع، تعلن نهاية حبٍّ انقرضَ بسبب عنادِ المحبوبِ الباردِ كالجمادِ. يصفُ الشاعرُ وفاءَهُ السابقَ بالخِفوقِ والرضا، حيثُ كانَ الحبيبُ حياتَهُ وفضاءَهُ، لِيُقابلْ بِجُرحِ البُعادِ والشظايا. بصراحةٍ قاطعةٍ، يَذوقُ الخصمَ كأسَ عنادِهِ، مُرفِضًا ودَادًا لِفقيرِ المشاعرِ الشَّتاتِ في الوادي. تَتَجَلَّى الصورُ الدراميةُ: دموعٌ لا تَدْوِي، قلبٌ يَرْفُضُ الجمادَ، وَحُبٌّ يَبْنِي عَلَى رَمْلِ العنادِ فَيَهْوِي. جوهرُها: العدلُ العاطفيُّ بِالْمُقَابَلَةِ بِالْمِثْلِ، وَفْقَاءٌ يَحْمِي قَلْبَهُ مِنْ وَادِي الْخِيَانَةِ.","Cinematic close-up of Fazaa (Hamdan bin Mohammed) in pristine white kandura and black bisht with gold embroidery, his face etched with dignified heartbreak and stoic resolve, standing on cracked desert earth at twilight, wilting scattered desert roses and a single falcon feather symbolizing lost freedom, distant Burj Khalifa silhouette against desaturated teal sky, volumetric rim lighting with cool blue-grey tones and soft amber accents, shallow depth of field with bokeh, shot on ARRI Alexa 65 with 85mm anamorphic lens, emotional atmosphere of poetic justice and resilience, 8K photorealistic masterpiece, Apple TV+ documentary aesthetic, no text, no watermark, no women",,,,
64,المورد واحد,"يا شوق عيني عقب شوفتك ضميا      عزي لصب ضاميات اعيانه
تطري له اشيا من فراقك اشيا      مجبور يتركها تحت ضلعانه
ان غض جفنه جاب طيفك طريا      وشلون تغضي بالمنام اجفانه
ما شاف لك بين البرايا حليا      يا غربته .. ودروبه .. وعنوانه
عين الغلا يانور عيني عميا      ما ينظر العاشق عدي خلانه
ان غبت عن عيني تضيق الدنيا      وان جيتني ساق الفرح ركبانه
اموت بك ياروح روحي واحيا      يا منوه القلب وصدي حرمانه
ليت العمر تقبل سنينه عطيا      واعطيك من عمري جميل ازمانه
عيت سنيني يا حبيبي وعيا      صرف الدهر يجلي سحاب احزانه
عيت وانا روحي بحبك مليا      والعين بك يا صاحبي مليانه
لا تطري المقبل قبل ما اتهيا      وتزيد في صدر الغريم اشجانه
مادام لك بين الحنايا ريا      خل (الوصل) يخطب (رياض) اجنانه
خل العمر ياروح روحي فيا      ويجر في حسنك بديع الحانه
لك حسن يخجل من بهاه الضيا      سبحان من صاغ الحسن سبحانه
الزين ما زادت بزينه لازيا      زايد بزينه .. لان زوده زانه
الفرع وارد والموارد ( لميا )      ما تنورد واطرافها ريانه
في نشرها نشر الورود العذيا      والنحر منها واضحات الوانه
والثغر صارت له وصوف عصيا      يوم اجتمع ثلجه علي نيرانه
بين البرد والجمر صارت لقيا      كيف التقت لاضداد في بستانه
هذا وانا عيني لشوفته ضميا      عزي لصب ضاميات اعيانه","قصيدة ""المورد واحد"" لفزاع، ملحمة عشقية تُدور حول الشوق الجارف للحبيب الذي يُصبح نور العين وروح الروح، حيث يعصف الشاعر بين ضيق الفراق الذي يُضيق الدنيا، وانبساط الوصل الذي يُركب ساق الفرح. يصف جمال المحبوب بصور نباتية فاتنة: فرع وارد يُروى بلَمْيَاء متلألئة أطرافها رياحين، ثغر يجمع بين برد الوَصْف والجمر، ونحر ينشر وروداً عذبة الألوان، مُشبِّهاً إياه ببستان يلتقي فيه الأضداد في تناغم إلهي. يتردد المطلع كلازمة تُعزِّز عُزْيَ الشوق بعد الشوفة، معبراً عن تضحية العاشق بسنين عمره عطيّةً، وعيِّ سنيه في غلاِّه رغم أحزان الدهر. يدعو للوَصْلِ الدائم الذي يُخْتِبْ رياضَ الجنّة، مُسَبِّحاً خالقَ الحسن الذي يزداد زينَهُ بزوْدِهِ، في لوحة شعرية تجمع بين الوجد النابض والجمال الخالد لتكريس ""المورد الواحد"" كمصدر حياة أبدي.","Cinematic medium-wide shot of Sheikh Mohamed bin Zayed (Bo Zayed) and Sheikh Khalifa bin Zayed (Bo Khalifa) standing side-by-side in a dignified unity pose on a muted cyan-tinted desert terrace at twilight, both gazing upward with expressions of deep longing and poetic reverence as if listening to a recitation of the poem ""Al-Mawrid Wadhad"", wearing pristine white kanduras and black bishts with intricate gold embroidery, subtle wilting desert roses and wisps of incense smoke curling gently in the air, volumetric golden-hour rim lighting with cool blue-grey tones and warm amber highlights, shallow depth of field with bokeh, shot on ARRI Alexa 65 with anamorphic lens flare, contemplative and emotionally resonant atmosphere, 8K photorealistic cinematic masterpiece, Apple TV+ premium documentary aesthetic, no text, no watermark, no women",URL,زايد,https://d2p7pge43lyniu.cloudfront.net/output/8cfde252-7c33-4ad9-b0a3-81f4897ce521.jpeg,0e4d47e5f49f4a988b4239374d3eea71
65,الموعد,"جيتك علي الموعد ولا جيت      وش عن لقانا مانعنك
كنك عن الموعد تخليت      يا ويل ياللي عاشقنك
ليتك لصوت المغرم اصغيت      اوتار صوته يعزفنك
كل حرف منك يستوي بيت      واربع حروف ينطقنك
ياما علي شانك تحديت      سود الليالي واسهرنك
منك انا لا حي لا ميت      لا ميت و لا حي منك
يوم بنظر عيني تربيت      وامرت بامرك طايعنك
ليش التغلي والتعنيت      اهات صدري ما كفنك
لونك تباعدت وتقاسيت      لك في المحبه عكس ظنك
ان كان لي يوم وتمنيت      شوفه عيونك طالبنك","قصيدة ""الموعد"" لفزاع، نشيد شغفٍ يجسّد الانتظار المؤلم للمحبوب الذي يخلف الوعد، فالشاعر يأتي على اللقاء ويُقابل بالغياب. يصور صراع العاشق الذي تحدّى الليالي السوداء وسهر النواميس، معلقاً بين الحياة والموت برهينة نظرة عينيها، طائعاً لأمرها رغم التعنّت والتباعد. يتردّد النداء الوجداني: ""ليتك لصوت المغرم أصغيت""، حيث يعزف الحب أوتار القلب، وكل حرفٍ منها بيتٌ يُبنى به العشق، معبراً عن حيرة الوفاء أمام قسوة الظنّ. ملحمة عاطفية تُجسّد الإخلاص الإماراتي النابض، مثالية لصورة بصرية تجمع الرمال الذهبية، عيوناً ساحرة، وساعة رملية تنتظر الوصل الأبدي.","Cinematic medium shot of Fazaa (Hamdan bin Mohammed) in pristine white kandura and black bisht with subtle gold embroidery, his face etched with dignified longing and emotional turmoil as he gazes into the distance, standing on muted cyan-tinted golden desert dunes at twilight, a cracked hourglass filled with slipping sand symbolizing time lost and a single wilting desert rose near his feet representing painful devotion, distant silhouette of Burj Khalifa against desaturated teal sky, volumetric rim lighting with cool blue-grey tones and soft amber accents, shallow depth of field with bokeh, shot on ARRI Alexa 65 with 85mm anamorphic lens, contemplative melancholic atmosphere, 8K photorealistic masterpiece, Apple TV+ documentary aesthetic, no text, no watermark, no women",,,,
66,الناس بالاحساس,"الصمت نعمه والتواضع فضيله      والكون له خالق و في الارض حكام
والمجد غايه والجمايل وسيله      والموهبه للروح تعبير والهام
واللي يدور حاجه مستحيله      لابد ما يجزع من النوم لا نام
قد لي ثلاث ايام ما نمت ليله      مع ان عيني من سهرها لها عام
لو كنت ادور للبيوت الجميله      شبعت عطاش الورق حبر الاقلام
ماني بمن يكتب لقاله وقيله      او طامح بتصفيق ودروع ووسام
غير ملامح دفتره من مزيله      ياما كتب ميم _ وياما كتب لام
ان غاب عنك قلت ياعزتي له      وان زاحم الشعار ما سبب زحام
وانا لو اكتب لي قصيده طويله      اصور التعبير تصوير الافلام
اشعل سما الابداع نار وفتيله      وازرع مساحات المعاني بالالغام
واشفي عذابات الكبود العليله      واغير انشاءات ..واكسر ارقام
اجيب روس الكاملات الجزيله      صناعتي ماهي صناعات الاعلام
والا الضعيف ابو المعاني الهزيله      ماهو موصلها ولو يركض اعوام
اما الثقيل .. ابو المعاني الثقيله      يبغي له اربع خمسه سنين قدام
انا كذا .. ما لي مع الشعر حيله      كلما كبرت اشوف حسادي اقزام
ياهاجسي باوصيك ولك الدليله      رح بلغ اللي عايشين _ بالاوهام
قل للبخيل اللي يمينه بخيله      تري حياته كلها .. عده ايام
اعطي العطا لو هي بحاجه قليله      علي الاقل يقال من نسل الاكرام
ويا دمع خلك في العيون العليله      بجاه من صلي لربه ومن صام
لا تنتثر علي الخدود النحيله      وتهتز لك حكام .. وعيال حكام
حنا عيال العود راع الجزيله      حنا بني السءدد ومن لام ينلام
تطول قوايمنا مع كل عيله      وتحني قوايمنا علي دموع الايتام
لاتقول يا حلوه ولا يا حليله      ذولا بشر .. ربي مقسمهم اقسام
خذا عوافيهم .. وحصل حصيله      واعطي لهم صبر وتباشير واحلام
وقل للمعاق اللي ماتمشي رجيله      الناس بالاحساس ماهي بالاجسام
وتري احاسيس الخفوق النبيله      توصل اللي ما توصله الاقدام","في قصيدة ""الناس بالاحساس""، يمجّد الشاعر الصمت نعمة والتواضع فضيلة، مؤكداً أن الكون له خالق والأرض حكام، والمجد غاية تجمل الوسيل. يصف سهره الثلاثيّ لأجل الشعر الثقيل الذي يشفي العذابات ويكسر الأرقام، رافضاً الكتابة للقالة أو الجوائز، فهو يزرع المعاني بالألغام ويصنع روس الكاملات بعيداً عن صناعة الإعلام. يحتقر الضعيف ذا المعاني الهزيلة، ويُعلي الشعر الذي يحتاج سنيناً ليبلغ العميق، محذّراً الحساد الأقزام والعايشين بالأوهام. يدعو للعطاء حتى لو قليلاً، فالبخيل يموت بعد أيام، ويأمر الدمع بالصبر في العيون العليّة لا الانتثار أمام الحكام. يفخر بنسب ""عيال العود"" وبني السؤدد، الذين تطول قوايمهم مع العِلل وتحني لدموع اليتامى، مُذكّراً أن البشر مقسّمون أقساماً، فخذ عوافيهم وأعطهم صبراً وأحلاماً. يختم برسالة جوهريّة: الناس بالإحساس لا بالأجسام، فأحاسيس الخُفوق النبيلة توصل ما لا توصلُه الأقدام، في لوحة إنسانيّة عميقة تجمع الفخر الشعري بالرحمة الاجتماعيّة والإيمان بالجودة الأصيلة.","Cinematic medium shot of a distinguished Emirati poet in pristine white kandura and black bisht with subtle gold embroidery, his face etched with dignified contemplation and noble pride, standing on muted cyan-tinted desert dunes at twilight, scattered wilting desert roses and cracked earth symbolizing deep emotion and resilience, distant silhouette of a Ghaf tree against desaturated teal sky, volumetric rim lighting with cool blue-grey tones and soft amber accents, shallow depth of field with bokeh, shot on ARRI Alexa 65 with 85mm anamorphic lens, contemplative emotional atmosphere celebrating silence and humility, 8K photorealistic masterpiece, Apple TV+ documentary aesthetic, no text, no watermark, no women",,,,
67,اول انسان احبه,"لي صاحب من اول اذا قمت اناديه      الشوق من بين المحاني يشبه
تقول لي لبيه .. لبيه .. لبيه      وانا اتفدي به مع كل لبه
واليوم شكله ضايق _ ما اعرف ش فيه      من الوصل ريح المفارق تهبه
لو كان ضاق بسبه .. اجيه وارضيه      المشكله ضايق ومن دون سبه
ياهيه .. يامغرور .. ياهيه ياهيه      هذا تري ماهو نظام الاحبه
لو قالوا العذال وش انت تبغيه      ابغيه رمز _ للوفا والمحبه
ابغيه دايم كل ما مر طاريه      اغيض به عذالي اللي تسبه
سولف معي لكن من دون تشبيه      ما بيني وبينك شبه لا تشبه
انته تقول انا اخر انسان تغليه      وانا اقول انت اول انسان احبه","قصيدة ""أول إنسان أحبه"" لفزاع، تعبر عن عشقٍ نقيٍّ يتجاوز الغرور والعذال، حيث يصف الشاعر ""صاحبه"" الذي يلبّي نداء الشوق بـ""لبيه"" متكرّر، فتفديه به نفسه. يحيّر الشاعر ضيق الحبيب دون سبب، مردّداً ""ياهيه يا مغرور""، مؤكّداً أنّ نظام الأحبّة يقوم على الوفاء لا السبّ. رغم حسد العذال، يُصرّ على جعله رمزاً للمحبّة الأبديّة، رافضاً التشبيه بغيره، ومُخْتَتِماً بتبادلٍ عاطفيٍّ: ""أنتَ آخر من أغليه، وأنتَ أول من أحبّه"". صورٌ حسّيّة للشوق المتدفّق من ""المحاني""، مع إيقاعٍ متكرّر يُبرز التمسُّك بالوصل رغم ريح المفارق.","Cinematic medium shot of Fazaa (Hamdan bin Mohammed) in pristine white kandura and black bisht with gold embroidery, his face etched with dignified longing and deep affection, standing on muted cyan-tinted desert dunes at twilight, scattered wilting desert roses and prayer beads at his feet symbolizing devotion, distant falcon silhouette against desaturated teal sky, subtle incense smoke wisps, volumetric rim lighting with cool blue-grey tones and soft amber accents, shallow depth of field with bokeh, shot on ARRI Alexa 65 with 85mm anamorphic lens, contemplative emotional atmosphere celebrating pure love beyond pride, 8K photorealistic masterpiece, Apple TV+ documentary aesthetic, no text, no watermark, no women",,,,
68,بالمختصر,"بعيد تاركني ادور لك اعذار      علي الغياب وصدتك وانعزالك
معقول ما جالك علي البال زوار      اللي عطالك فرحته ما طري لك ؟
شهرين واسراب الغلا مالها دار      تاهت وهي تبحث في غابه خيالك
ماتدري ان مفارق الخل جبار      وان الفراق اكبر سبب للمهالك
وانا وحيد وما معي غير تذكار      لو تنشده عن حال خلك حكي لك
كانت حياتي قبلك دروب واسفار      حتي ملكت اللي بقي في وصالك
حبيبك محطم جروح ومنهار      حاله عليك من الوله عكس حالك
قبلك انا وسهيل والجدي سمار      نشرح تغنجك وحلاك و دلالك
نسيتني في الليل ونجوم الاسحار      قيلت ما لي مرقد في ظلالك
خليتني اتعب علي جزل الافكار      قلت القصيد وقلت لك طاب فالك
نقلت قدام العدد كل الاصفار      وحطيتني رغم الفقر راس مالك
انا غريب الدار .. غريب الاطوار      بالمختصر انقذت لك شخص هالك
والحين من شهرين من صار ماصار      وانا اتمني يا حبيبي سءالك
بالله .. ما جيتك علي البال زوار      طيفي دخيل الله ما قد طري لك","قصيدة ""بالمختصر"" لفزاع تُجسّد ألم الغياب والفراق بعد شهرين من الصدود، حيث يتيه سرب الغلا في غابة خيال الحبيب البعيد، بحثاً عن عذر لانعزاله. يصف الشاعر وحشته الدامية، محطماً جروحاً ومنهاراً، بينما كانت حياته دروباً واسفاراً قبل وصال المحبوب الذي أنقذه من الهلاك، جاعلاً إياه رأس ماله رغم الفقر. يتردد صوته في الليل تحت نجوم الأسحار، مشرحاً تغنجه وحلاوة دلاله مع سهيل والجد سمار، متسائلاً بحسرة: معقول ما طري لك زوار البال؟ يختتم بدعاء يتمنى سؤال الحبيب، مؤكداً أن الفراق جبار والطيف الدخيل لا يُنسى، في لوحة عاطفية تجمع الشوق والكبرياء والنداء اليائس للعودة.","Cinematic close-up of Fazaa (Hamdan bin Mohammed) in pristine white kandura and black bisht with gold embroidery, his face etched with dignified longing and heartbreak, standing on muted cyan-tinted cracked desert earth at twilight, scattered wilting desert roses and prayer beads symbolizing devotion and pain, distant silhouette of a lone falcon against desaturated teal sky, subtle incense smoke wisps rising from an ancient ghaf tree, volumetric rim lighting with cool blue-grey tones and soft amber accents, shallow depth of field with bokeh, shot on ARRI Alexa 65 with 85mm anamorphic lens, contemplative emotional atmosphere of separation and noble despair, 8K photorealistic masterpiece, Apple TV+ documentary aesthetic, no text, no watermark, no women",,,,
69,بحور,"صغت المعاني من بحور الهواجيس      واخترت منهن من صفا نقو الالماس
بيوت شعري يسبقني مراميس      وبهن احرك نبض قلبي والاحساس
سايرتهن يوم الخلايق مناعيس      ونظمت نظم القاف ساس علي ساس
واجد في سيري علي ضمر العيس      واسري بليله سرمديه بالاغلاس
ما همني طول المدي والمراويس      ضاري علي فعل يحيدونه الناس
اغوص قوع ما تجيبه مقاييس      اخذ من الدانات ما يصيبني ياس
وان هيضني قايدات المكانيس      احس في قلبي شري دق الاجراس
انا الهواوي ما علي القلب تحميس      اطلق عنان الشوق واقول لا باس
طب الامور المقفيات المناحيس      وانظر بعيد وطاول النجم بقياس","في قصيدة ""بحور""، يمجّد فزاع فنّ الشعر النبطي كبحارٍ من عواصف الهواجس، يصطاد معانيَ نقيةً كالألماس من أعماق الشوق والإحساس. يصف بيوتَ الشعرِ كمراميسَ تسبقهُ، تُحرّك نبضَ القلبِ، ويُنظِمُ قوافيَها ساسًا على ساسٍ رغم ليالي السرمدِ والأغلال. يتجاوزُ الشاعرَ حدودَ المدى والمراويسِ، غواصًا في الداناتِ ليأخذَ ما يُشفي الروحَ، غيرَ مُبالٍ بقيودِ الناسِ أو هيضَنِ المكانيسِ. يعلنُ نفسهُ ""الهواوي"" الذي يُطلِقُ عنانَ الشوقِ دونَ تحميسٍ، يُطبِّبُ المناحيسَ ويَطُولُ النجمَ بقياسِهِ، مؤكِّدًا حرِّيَّةَ الروحِ الشعريَّةِ التي تُحوِّلُ الألمَ إلى إبداعٍ خالدٍ.","Cinematic medium shot of Fazaa (Hamdan bin Mohammed) in pristine white kandura and black bisht with gold embroidery, his face etched with dignified artistic passion and contemplative freedom, standing on muted cyan-tinted desert dunes at twilight, scattered wilting desert roses and incense smoke wisps symbolizing memory and longing, distant silhouette of a falcon against desaturated teal sky representing poetic liberty, volumetric rim lighting with cool blue-grey tones and soft amber accents, shallow depth of field with bokeh, shot on ARRI Alexa 65 with 85mm anamorphic lens, emotionally resonant atmosphere celebrating the art of Nabati poetry, 8K photorealistic masterpiece, Apple TV+ documentary aesthetic, no text, no watermark, no women",,,,
70,برج العرب,"في عبارات العيون اشيا كثيره تسالك      دمعها حكي ونداها بلل الخد الندي
ما قدرت ارضي غرورك واستحيت ازعلك      كلما لك وانت تنهيني وانا ارد ابتدي
دام نظراتك مدارات ورجا قلبي فلك      كم عن برج العرب يبعد مدي برج الجدي
قلت تقريبا عدد ما عاشق بحبك هلك      تقصد الا اعد نص جروح قلبي يا بعدي
قلت لك لا لا ترد تقول لي ما قلت لك      المشاعر ما تنام الا انت قلت لها ارقدي
وانت يوم الله عطاك احلي الوصوف وكملك      كيف تتركني علي شطك وانا قلبي صدي
والله ان عروق قلبي كلها ترتاح لك      ليتك الا مثل ما خذت بيدك خذت بيدي
من لمست ايدك وانا اتفداك واتفدي هلك      ما دريت ان الهوي والعشق باللمس يعدي","قصيدة ""برج العرب"" وجدانية متكررة تعبر عن عذاب العاشق تحت نظرات المحبوبة الدامية، حيث تروي عيونها قصة الدموع والندى على الخد الندي، وهو يصبر على غرورها خوفاً من إيذائها رغم نهيها المتواصل. يقارن مسافة قلبه عن ""برج العرب"" بمدى برج الجدي، مشبهاً جروحه بعدد العشاق الذين هلكوا بحبها، رافضاً عدّها ومشدداً أن مشاعره لا تهدأ إلا بأمرها. يتوسلها بعدم تركه على شطّها وقلب صدي، متمنياً أن تأخذ بيده كما أمسكت بيده، محذراً أن لمس إيدها يعدي الهوى والعشق في عروقه الراقية. صور حسية للعيون والدموع واللمس تخلق توتراً بين الوفاء والألم، مع إيقاع تكراري يعزز الشوق اللامتناهي.","Cinematic close-up of a male Emirati poet in pristine white kandura and black bisht, his face etched with dignified longing and restrained pain, standing on muted cyan-tinted desert dunes at twilight, scattered wilting desert roses and cracked earth symbolizing heartbreak, distant silhouette of the Burj Khalifa against desaturated teal sky, subtle incense smoke wisps rising from a traditional dallah, volumetric rim lighting with cool blue-grey tones and soft amber accents, shallow depth of field with bokeh, shot on ARRI Alexa 65 with 85mm anamorphic lens, contemplative emotional atmosphere of unending desire and devotion, 8K photorealistic masterpiece, Apple TV+ documentary aesthetic, no text, no watermark, no women",,,,
71,برج عاجي,"في حضورك في غيابك ما يغير لي مزاجي      في كلامك في ملامك ما تكدر لي طربها
لا تحسب ان كل قلب انعكاسه كالزجاجي      وان ياخذ كل عين حسنك ويعلن نهبها
كيف اعذرك عقب هجرك وانت برجك برج عاجي      شفت نفسك مثل شمس للنهار الله وهبها
من عطي لك حق تجرح من يقول انك علاجي      لا تسولف عن علاجي والجروح انته سببها
لا تناجي في عتابك العتب غير التناجي      خذ مقامك باحترامك لا تبين لي عتبها
طال داجي كيف اناجي في الهوي شخص احتجاجي      صار قدره مثل عذره يشبه ذنوب ارتكبها
لا تلاعب بالمشاعر دام بحر الشوق هاجي      المشاعر نبض شاعر والحظيظ اللي كتبها
وانت ياللي صرت خلي احذر اقوال المداجي      قال كلمه لوم لكن ما عرف كيف يحسبها
وان صفينا والتقينا لا تكدر لي مزاجي      خذ مقامك باحترامك لا تبين لي عتبها","قصيدة ""برج عاجي"" ملحمة عاطفية تُمجّد كرامة الشاعر أمام هجر المحبوب المتعجرف، الذي يُشبَّه ببرج عاجٍ متعالٍ كالشمس، يجرح دون حق ويُدَّعي العلاج. يرفض فزاع التنازل عن مزاجه وطربَه، مُحذِّرًا من لعب المشاعر كنبض الشوق الهائج، ومُنْكِرًا عتابَ المتلاعبين بالقلوب غير الزجاجية الهشَّة. يدور النصُّ حول الثبات أمام الظلام الطويل، مطالبًا احترامَ المقامات، في إيقاعٍ متكرِّر يُعزِّز الرفض الحازم للخيانة العاطفية، مُبرِزًا نبلَ الصَّبر والاحتجاجِ الدَّاخليِّ. يختم بتأكيدِ السيادةِ الشخصيَّةِ، حيثُ لا يُكْدِرُ الحضورُ أوْ الْغِيَابُ سرَّ الروحِ الْمُنْتَصِرَةِ.","Cinematic medium shot of Sheikh Hamdan bin Mohammed (Fazaa) in pristine white kandura and black bisht with gold embroidery, his face etched with dignified defiance and noble patience against a long twilight, standing on muted cyan-tinted desert dunes where cracked earth symbolizes emotional separation, distant wilting desert roses and scattered incense smoke wisps evoke longing and memory, subtle warm amber highlights contrast the cool blue-grey desaturated teal sky, volumetric rim lighting with dramatic cyan undertones, shallow depth of field with bokeh, shot on ARRI Alexa 65 with anamorphic lens flare, contemplative atmosphere of resilient solitude and personal sovereignty, 8K photorealistic masterpiece, Apple TV+ premium documentary aesthetic, no text, no watermark, no women",,,,
72,بعلبك,"هاتوا لي البنتلي لو في طرف سكه      ابغي اطالع حبيبي ع البلكونه
لو سهم عينه بقلبي صوب وشكه      ما ارد دونه لو ان الموت من دونه
اقلب ( بعلبك ) لو يامر بعلبكه      وارض الكنانه عشانه ارض مكنونه
رمشه يهودي ولكن قبلته مكه      له رمش كافر لو الاسلام في عيونه
كم درهم من ذهب هارون ما سكه      وكم درهم زاد سعره لجل هارونه
بشري بمليون لكن ما معي فكه      من يقدر يفك والمليون مليونه
ويا صاحبي لا تبيع الجبن في عكه      الجبن اكثر اهل ( عكه ) يبيعونه
والشعر اماشيه بعض احيان وادكه      عاقل ولكن بيوت الشعر مجنونه
كل المزايين لول .. وخلي اليكه      واليك يفرق حلاه و وزنه ولونه
يا معشر القوم انس في الحشا تكه      حسبي علي اللي بقلبي وثق طعونه","قصيدة نبطية عاشقة بعنوان ""بعلبك""، تُمجّد حبيباً فاق سعره المليون درهم، حتى ذهب هارون الرشيد يبخس أمامه. يتوسّل الشاعر البنطلة ليطل على محبوبته بالبلكونة في بعلبك، مستعداً لقلب أرض كنعان عشقاً بها، رغم سهم عينها القاتل. رموشه ""يهودية"" كافرة، لكن قبلته مكة والإسلام في عيونها. يحذّر من بيع الجبن بعكّا، ويُعلي الشعر الذي يُجنّ العاشقين، رافضاً المزايين ومُثقلاً بالجرح في الحشا. تكرار الأبيات يُعزّز الجنون العاشق والوفاء الذي يُقلب الأرض رأساً على عقب، بصور لبنانية تاريخية نابضة بالغرام الجامح.","Cinematic medium shot of a distinguished Emirati poet in pristine white kandura and black bisht with gold embroidery, his face etched with intense romantic longing and dignified devotion, standing on muted cyan-tinted ancient stone ruins at twilight, scattered wilting desert roses and cracked earth symbolizing deep heartbreak, distant silhouette of traditional architecture against desaturated teal sky, subtle incense smoke wisps and a single falcon feather floating in the air, volumetric rim lighting with cool blue-grey tones and soft amber accents, shallow depth of field with bokeh, shot on ARRI Alexa 65 with 85mm anamorphic lens, contemplative emotional atmosphere of passionate loyalty, 8K photorealistic masterpiece, Apple TV+ documentary aesthetic, no text, no watermark, no women",,,,
73,بن و هيل و تمر,"يا صباح النور .. من بعد العتيمه      ويا صباح النرجسي من بين ثمره
وياصباح الخير والورد ونسيمه      ويا صباح العود الازرق فوق جمره
ويا صباح العز جعل الله يديمه      من بعد ليل خذينا فيه سمره
اعظم الاحساس للناس العظيمه      وللعقل زمره وللخفاق زمره
والوصل يا صاحبي مثل الغنيمه      ليه تنسي واحد معطيك عمره
الغلا مثل الندي والشوق ديمه      وانت بن العاشق وهيله وتمره
والوله ماهو بنصر ولا هزيمه      ما انت قادر تهدمه حتي تعمره
الوصل من بيننا ماهو جريمه      الوصل بامر الولي والهجر بامره
والخجل في خدودك البيض الحشيمه      كاسي لون البياض شوي حمره
تدمع عيوني من الذكري القديمه      والحزن ينساب في القلب ويغمره
شوف قلبي نار فرقاك ف صميمه      جمر فحم وجمر رمث وجمر سمره
استقم علي الدروب المستقيمه      روح مكه واخذ لك حجه وعمره
دايم قمرا نواياها سليمه      ليه قلبك ما يسوي مثل قمره","قصيدة ""بن وهيل وتمر"" لفزاع، ملحمة وجدانية تفتح أبواب الصباح بنورٍ يبدّد الظلام، مزجاً بين ريح العود الأزرق فوق جمر السمره، والنرجس اليانع بين ثمرة التمر. يخاطب الشاعر حبيبه ""بن العاشق وهيلة وتمر""، مردداً أن الغلا ندى دائم والشوق ديمه، والوصل غنيمة لا جريمة بل أمر الولي، بينما الهجر خيارٌ يُقاسِمُ. يصف خجل خدودها البيض الحشيمة المحمّرة، ودموع عيونه من ذكريات قديمة تغمر القلب حُزْنًا، وقلبَهُ نارَ فراقٍ صميمة: جمر فحم ورمث وسمره. يدعو للاستقامة على الدروب المستقيمة، والحجّ إلى مكة لتهدئة الوله الذي لا يُهْدَمُ حتى يُعْمَرُ، مقارنًا نواياها القمرية السليمة بقلب الغالي الذي يُفترض أن يُحاكيها. تتكرر الأبيات كلازمة تعزز العزّ الدائم والوفاء الأبدي، رمزاً للحبّ الذي يتجاوز النصر والهزيمة في عالم الخفاق العظيم.","Cinematic medium shot of Fazaa (Hamdan bin Mohammed) in pristine white kandura and black bisht with gold embroidery, his face etched with dignified longing and patriotic pride, standing on muted cyan-tinted desert dunes at twilight, scattered wilting desert roses and prayer beads at his feet symbolizing devotion, distant falcon silhouette against desaturated teal sky, subtle incense smoke wisps, volumetric rim lighting with cool blue-grey tones and soft amber accents, shallow depth of field with bokeh, shot on ARRI Alexa 65 with 85mm anamorphic lens, contemplative emotional atmosphere, 8K photorealistic masterpiece, Apple TV+ documentary aesthetic, no text, no watermark, no women",,,,
74,بنات الريح,"يا الريح ياللي تنثرين المناديل      قلبي بنات الريح عقبك غدو به
قلب تولع بالاصايل من الخيل      اللي لها في كل لفته عجوبه
للخيل عند اهلي مكانه وتبجيل      علي ظهرها كم بتيل لفوبه
متوارثين السبق جيل بعد جيل      من قبل ( قود الفن ) يتناعتوبه
قند (يابو راشد) دلال معاميل      ما دام نفسي للقوافي طروبه
لا تطري اللي جدموا لي مهازيل      خيل قبل عطب الدروب معطوبه
قالوا خذ اللي سيرها يسبق السيل      والعاتي الصرصر تناخر هبوبه
وتوشحوا خيل مداها مداهيل      عزومها فوق الدروب معصوبه
هم فضلوا لانفسهم الخيل تفضيل      واللي فضل عنهم بصدري رموبه
ما لومهم لو شفت قل المحاصيل      من يزرع بارض الصبخ وش ينوبه
اترك (يابن حرمش) هل القال والقيل      طب الردي لا تحط دوبك ودوبه
والله ما اكذبك جمله وتفصيل      صادق ولو نظرات غيرك كذوبه
معزبك يقرا عيون الرجاجيل      يفطن لهم لو سرهم ما فضوبه
معانس الدنيا علي العدل والميل      اقفر ثري الساري واسري دروبه
واللي يمثل لي محبته تمثيل      احك ظهره لين تظهر عيوبه
مابطري اسمه دام من سبق الخيل      شع اوله يوم اخره فارقوبه","قصيدة ""بنات الريح"" ملحمة نبطية تُمجّد حب الخيل المتأصل في تراث آل مكتوم، حيث يُخاطب الشاعر ""فزاع"" الريحَ كنّاتٍ تُنثر المناديل، مُصوِّرًا قلبهَ مُلتهِبًا بِـ""الإصايل"" الخَيْلِ ذاتِ اللَفَاتِ العَجُوْبِ. يَفْخَرُ بِمَكَانَتِها عِنْدَ أَهْلِهِ، مَتْوَارِثِينَ السَّبْقَ جِيلًا بَعْدَ جِيلٍ مُنْذُ قَبْلِ ""قُوْدِ الفَّنْ""، مُشِيرًا إِلَى ""يَا بُوْ رَاشِدْ"" بِدَلَالِ مَعَامِلِهِ وَقَنْدِهِ. يَنْفِي تَطْرِيَ الْخَائِنِينَ الَّذِينَ جَدَمُوا مَهَازِيلَ، مُفَضِّلًا الْخَيْلَ الَّتِي تَسْبِقُ السَّيْلَ وَتَعْصُبُ الدُّرُوبَ، وَيُلَامُ الْمُنْتَقِلِينَ إِلَى الْمَحَاصِيلِ فِي أَرْضِ الصَّبْخِ. يَنْصَحُ ""يَا بْنَ حَرْمَشْ"" بِتَرْكِ الْقِيلِ وَالْقَالِ، مُؤَكِّدًا صِدْقَهُ وَفَطْنَةَ مَعْزَبِهِ لِعُيُونِ الرِّجَالِ، مُحَذِّرًا مِنَ الْمُتَمَثِّلِينَ بِالْحُبِّ. خَاتِمَةٌ بِتَرْنِيمَةِ الْفَخْرِ: مَنْ سَبَقَ الْخَيْلَ شَعَّ أَوْلُهُ وَآخِرُهُ، رَمْزًا لِلْعِزِّ الْبَدْوِيِّ الْمُتَجَذِّرِ فِي الصَّحْرَاءِ.","Cinematic medium-wide shot of Sheikh Mohamed bin Rashid Al Maktoum (Bo Rashid) standing alone in a contemplative pose on a muted cyan-tinted desert terrace at twilight, holding a traditional Dallah while gazing thoughtfully toward the horizon where silhouettes of Arabian horses and distant falcons are visible, face etched with dignified resolve and poetic melancholy, wearing pristine white kandura and black bisht with intricate gold Sadu embroidery, subtle incense smoke wisps curling upward and cracked earth texture in the foreground, volumetric golden-hour rim lighting with cool blue-grey tones and warm amber highlights, shallow depth of field with bokeh, shot on ARRI Alexa 65 with anamorphic lens flare, contemplative and majestic atmosphere, 8K photorealistic cinematic masterpiece, Apple TV+ premium documentary aesthetic, no text, no watermark, no women",URL,راشد,https://d2p7pge43lyniu.cloudfront.net/output/4eafdd97-6f0c-4d2d-8b7c-b65257f3784d.jpeg,682179b5ba8a4237829b6291ab78b29e
75,بياض التجربه,"احب هاجوس الشعر من كل نوع      والنادره تصبح بي وامسي بها
والهامه اللي ما تعرف الا الخضوع      كم في ميادين الشرف ترتيبها
مع كبار السن .. ياتيني خشوع      واشعر براحه ماحد _ يدري بها
كم شايب _ ماهو من الدنيا جزوع      متمرس _ فيها … وفاساليبها
لحيته فيها شيب لكنه قنوع      شوفوا بياض التجربه في شيبها
باعياد ميلاد البدر ليت الشموع      اللي البشر فاعيادها تضحي بها
ما تنور لرجل _ في هالدنيا خنوع      ما تنور الا للرجال .. وطيبها
واذا الطلوع اصعب علي نفوس التبوع      يامشرق احلامي ويا تغريبها
انا النزول اصعب علي من الطلوع      ميزه بعض الاحيان ما ودي بها
وقف هنا لحظات خليها سبوع      في الصدر غنوه ودي اغني بها
واللي سواتي غنوته جرح و دموع      بكيه .. ولكن مستحي يبكي بها
اذا الخطا قدام .. ياطيب الرجوع      مالت علي نفس _ ما تستر عيبها
واذا الوقوف يصير من بعده وقوع      الجلسه اللي بينهن يا طيبها
ما يذبحك من داخلك الا _ الطبوع      اللي تمارسها .. ولا توصي بها
اطلب رضا الله دام قلبك فيه روع      واثني الصلاه اللي تبي تصلي بها
وضع السجود يشابهه وضع الركوع      واستحضر الدعوه قبل تدعي بها
يارب سبحانك عساي من الجموع      اللي علي النار يحرم تعذيبها
القلب في العشر الاواخر جاك طوع      ويقول .. سبحانك يا عالم غيبها","قصيدة ""بياض التجربة"" ملحمة حكمية نابئية تُمجّد عشق الشعر بكل أنواعه، خاصة الإلهام النادر الذي يخضع لميادين الشرف والخشوع مع كبار السن. يصوّر الشاعر الشيب في لحى الشيوخ كـ""بياض التجربة"" القنوع، متمرّس في فنون الحياة دون جزع، ويندّد بالشموع التي تضحي بالبشر فلا تضيء إلا للرجال الخُنُوق الطيّبين. يعترف بأن النزول أشقّ عليه من الطلوع، ميزة تُثقل النفس أحيانًا، ويدعو للتوقف أسبوعًا ليغنّي الجراح والدموع المستحيّة في الصدر. يُشِدّد على طيب الرجوع عن الخطأ، وجمال الجلسة بين الوقوف والوقوع، محذّرًا من ""الطَبُوع"" الداخلية المُذْبِحَة، ومُحَثًّا على طلب رضا الله بالصلاة والسجود والدعاء في العشر الأواخر. يختم بالتسبيح والرجاء أن يُحْرَمَ من النار، مع تكرار الافتتاحية ليؤكّد الدوران الحياتي بين الشعر والحكمة والتوبة، في لوحة بيضاء نقيّة تجمع الشرف والخشوع والإيمان.","Cinematic medium shot of an elderly Emirati Sheikh with a full white beard symbolizing the ""whiteness of experience,"" wearing a pristine white kandura and black bisht, his face etched with dignified contentment and deep contemplation, standing on muted cyan-tinted desert earth at twilight, scattered wilting desert roses and cracked earth textures symbolizing pain and resilience, subtle incense smoke wisps rising from a traditional dallah in the foreground, volumetric rim lighting with cool blue-grey tones and soft amber accents, shallow depth of field with bokeh, shot on ARRI Alexa 65 with 85mm anamorphic lens, contemplative spiritual atmosphere focusing on prayer beads and distant silhouette of a Ghaf tree, 8K photorealistic masterpiece, Apple TV+ documentary aesthetic, no text, no watermark, no women",,,,
76,بيت في حرف,"متي ما ينوزن لك بيت لكن يختفي لك حرف      متي كل ما يجي لك حزن لكن ما تبي تلمه
متي كل ما تشوف العين عينك دمعها يذرف      متي كل ما يجيك صديق خايف من بني عمه
متي ما زادت حمولك ع ظهرك ولاتروم تخف      متي ما تنقطف الازهار وريح الزهر ما تشمه
متي ما هم عزوك الناس حتي عرق جدك قف      متي يحتار بني ادم ما بين الشك والذمه
متي ما اهتزوا الشجعان بطاري الموت في موقف      متي ما تلتقي الاعدا تشوف الناس ملتمه
متي ما يضحكوا لك ناس لكن بحجاج عكف      هذاك اليوم بني ادم يبي يتبرا من دمه
احس الشوق لي فيني مثل هذا ويزيده رضف      اذا الميعاد يتخالف وهو الميعاد ما يتمه
حبيبي لا تزيد البيت ولا لا تنقصه في حرف      انا وياك نتراضي ونعيش الحب في القمه","قصيدة ""بيت في حرف"" لفزاع، ملحمة وجدانية تُصور صبر العاشق على هموم الحياة المتكررة: حزن ينوزن كالبيت لكن حرفاً يختفي، دموع العين، أحمال الظهر، قطف الأزهار، عزو الناس حتى عرق الجد، وهياج الشجعان أمام الموت والأعداء. يعبر الشاعر عن شوقٍ يرضف الروح رغم تأجيل الميعاد، محذّراً المحبوب من تغيير ""البيت"" بحرفٍ يُفسد الانسجام، داعياً للرضا المتبادل والعيش في قمة الحب النقي. تتكرر الأبيات كلازمة تُعزز التحدي والوفاء، رمزاً للثبات العاطفي في وجه الزمن الخائن، بلمسة نبطية عميقة تجمع الألم والأمل في وحدة شعرية.","Cinematic close-up of Fazaa in pristine white kandura and black bisht with gold embroidery, his face etched with dignified longing and deep emotional resilience, standing on muted cyan-tinted desert dunes at twilight, scattered wilting desert roses and cracked earth symbolizing heartbreak and endurance, distant falcon silhouette against desaturated teal sky, subtle incense smoke wisps rising from a traditional dallah, volumetric rim lighting with cool blue-grey tones and soft amber accents, shallow depth of field with bokeh, shot on ARRI Alexa 65 with 85mm anamorphic lens, contemplative poetic atmosphere blending pain and hope, 8K photorealistic masterpiece, Apple TV+ documentary aesthetic, no text, no watermark, no women",,,,
77,ترنيمه,"بواحه الاسرار منقود منقود      لا لا تكلم باللسان الطليقي
ترنيمه النهوند وترنيمه النود      قام يعزفها حيل وانا في ضيقي
يا ذا البشر يا راعي الخيل والذود      كيف الخيانه لي تزين الرفيقي
ما كنت بعشقها ولا كنت باعود      لين اكتشفت انه هواها حقيقي
في مقلتيك انهار وبحور وورود      لايق وفيك الوصف كله يليقي
يا معادي للنقص تستاهل الزود      وانا لك بسمع الغرام استريقي
ارحمني بنظره تري نظرتك جود      مشاعري نامت ولا قلت فيقي
ضميان قرب شفتك يا سيد الخود      اخاف اموت فراق ما ابتل ريقي
صحيح انا محبوب للبيض والسود      لكن ما غيرك لقلبي عشيقي
اليا فتحت العين القاك موجود      ذكراك ترسم صورتك في طريقي
لا تشعل النارين يا مخصر العود      انا بليا عود .. زايد حريقي","قصيدة ""ترنيمة"" لفزاع، نشيد عاشق يئن تحت وطأة الشوق الجارف، حيث يعزف ""النهوند"" لحن الحزن في بواحة الأسرار، محذراً الحبيب من الكلام الطليقي خوفاً من الفراق. يصور الشاعر اكتشافه حبّاً حقيقياً في عيون الجميل الذي تنهمر فيها الأنهار والبحور والورود، رافضاً الخيانة رغم جمال ""راعي الخيل والذود"". يتوسل الرحمة بنظرة جودٍ توقظ مشاعره النائمة، ويخشى موت الفراق قبل لمس الشفاه، مؤكداً أن الحبيب وحده عشيق القلب رغم شعبيته بين البيض والسود. تتكرر الترنيمة كلازمة حزينة، مشعلة حريقاً يزداد في غياب العود، معبرة عن نبض الغرام الذي يرسم صورة المحبوب في كل طريق.","Cinematic medium-wide shot of Sheikh Mohamed bin Zayed (Bo Zayed) and Sheikh Mohamed bin Rashid (Bo Rashid) standing side-by-side in a dignified unity pose on a muted cyan-tinted desert terrace at twilight, both holding traditional Arabic coffee pots (Dallah) as if pouring for each other in a gesture of deep alliance and shared vision, faces etched with solemn pride and visionary resolve, wearing pristine white kanduras and black bishts with intricate gold embroidery, distant falcon silhouettes and subtle incense smoke wisps curling upward, volumetric golden-hour rim lighting with cool blue-grey tones and warm amber highlights, shallow depth of field with bokeh, shot on ARRI Alexa 65 with anamorphic lens flare, contemplative and majestic atmosphere, 8K photorealistic cinematic masterpiece, Apple TV+ premium documentary aesthetic, no text, no watermark, no women",URL,زايد,https://d2p7pge43lyniu.cloudfront.net/output/b2b161da-81b3-4270-8f11-e855ac62a05a.jpeg,1c393a56239f4dea8999b04d3ed315c6
78,تعال واسالني,"مفروض لا قلت عني سالفه قلني      مع فعول الرجاجيل اذكر اسماها
ما ابيك لا انته ولاغيرك يجاملني      انا اكبر من النفوس ومن محاباها
في خاطرك شي لي تعال واسالني      لا تحكم بغيب نفسك وترضاها
لا تنوي انك باسلوبك تقللني      تري الله يحاسب الناس بنواياها
وتراك ما انته بتفرحني وتزعلني      لان الحقيقه حقيقه لو تناساها
والفرق بين تجاهلني .. وتجهلني      كبر البسيطه من اقصاها لادناها
انا اللي عقول مثلك ما تحللني      الله خلق خلقه وميز مزاياها
خلقني بهالزمان اللي معلمني      كثرت حكايا الرجال وقلت احلاها
تنزيل مثلك لقدري ما ينزلني      ما كل حاجه تمناها با تلقاها
في عيون بيض الوجوه الله مجملني      انا احشم اشنابها وادسم لحاها
لا تعتذر لي ولا ترجي تواصلني      ولا تلحق الذنب مدح وتقصر خطاها
مدايح اللي سواتك ما توصلني      لو تمطر الارض ماوصل السما ماها","قصيدة ""تعال واسالني"" لفزاع، صرخة كرامة وعزة نفس تتحدى الظنون والجاهلين، مطالبةً بالحقيقة المباشرة بدلاً من الغيب والمجاملة. يؤكد الشاعر تفوقه على النفوس الدنيئة والمحاباة، محذراً من حساب الله على النوايا، ومفرقاً بين التجاهل الواعي والجهل الأحمق. يصف نفسه كمخلوق مميز في زمن الرجال القلائل، لا تهزه مدائح السوء ولا تنزله تنزيل الضعفاء، فهو في عيون النبلاء مجملٌ بجمال الله. يرفض الاعتذار واللحاق بالذنب مدحاً، مؤكداً أن مدايح الدنس لا تصل سماه، في إعادةٍ حماسية تزرع الفخر والثبات.","Cinematic medium shot of Sheikh Hamdan bin Mohammed (Fazaa) in pristine white kandura and black bisht with gold embroidery, his face etched with defiant dignity and noble pride, standing on muted cyan-tinted desert dunes at twilight, cracked earth symbolizing rejection of falsehoods and scattered wilting desert roses representing the pain of slander, distant falcon silhouette against desaturated teal sky, subtle incense smoke wisps rising from a traditional dallah, volumetric rim lighting with cool blue-grey tones and soft amber accents, shallow depth of field with bokeh, shot on ARRI Alexa 65 with 85mm anamorphic lens, contemplative yet powerful emotional atmosphere, 8K photorealistic masterpiece, Apple TV+ documentary aesthetic, no text, no watermark, no women",,,,
79,تناهيت المحبه,"يا اخر طموحاتي وذروه حنيني      تلبس علي فالك وانا بفالي اموت
اموت في اللبس الخفي المبيني      والشعر لا منه تناثر علي الكوت
الصوره اللي بين خدك و بيني      تقول يالسكر تعال المس التوت
في عيونك اللي تحتها شامتيني      خيل العرب في معركه عين جالوت
كل شي يتمني يشاركك فيني      الارض والاشجار والبحر والحوت
يا مبراك .. يا ما اظلمك.. يا ضنيني      ما ضاع لك ضايع ولا فات لك فوت
اقسي الرجال ان شاف حسنك يليني      واي بنت في جنبك تحول لطاغوت
خذني معاك .. بلاك انا ما يبيني      يا شعر ابو راشد ويا سحر هاروت
هذي امنياتي يا مبعثر سنيني      الود ودي نجتمع لو بتابوت
ودي احطك يا حبيبي في عيني      واسكر عيوني عليك انت واموت
وادخل معك قبر الغرام الحزيني      واسمع تناهيت المحبه بلا صوت","قصيدة ""تناهيت المحبة"" لفزاع، ملحمة عشقٍ متكرّرة تُعانِق ذروة الحنين، حيث يخاطب الشاعر الحبيبة ""آخر طموحاتي"" بلغةٍ نبطيةٍ حسيّةٍ تذوب فيها الروح. يصف جمالها الفاتن بـ""شعرٍ يتناثر على الكوت"" وعيونٍ كـ""خيل العرب في عين جالوت""، وخدٍّ يُغري بـ""مسّ التوت"". كلُّ الكون –أرضٌ، أشجارٌ، بحرٌ، حوتٌ– يتوقُّ مشاركتها فيه، ويُقْسِمُ أنَّ حسنَها يُلْيِنُ الرجالَ ويُحَوِّلُ الفتياتِ طَاغُوتًا. يتوسَّلُ وفاءَها الذي ""لا يضيعُ ولا يَفُوتُ""، مُتَوسِّلًا: ""خذني معك""، حتَّى لو في تابوتٍ، ليضَعَها في عَيْنَيْهِ ويَسْكُرَهُما عليها مُحْتَضِنًا قَبْرَ الغرامِ الحَزِينِ، يَسْمَعُ في صَمْتِهِ ""تناهيت المحبة"". صورٌ دراميَّةٌ من شعرِ أبي راشدِ وسِحْرِ هارُوتَ، تُجْسِدُ عشْقًا يَمُوتُ في لَبْسِ الخَفِيِّ المُبْيِنِ، مُخْتَتِمَةً بتَكْرَارٍ يُعَزِّزُ الوجْدَ الأَبَدِيَّ.","Cinematic medium shot of Sheikh Mohamed bin Rashid (Bo Rashid) standing alone in a contemplative, poetic pose on a muted cyan-tinted desert terrace at twilight, gently tracing the rim of a traditional Dallah coffee pot as if pouring an endless cup of love, face etched with deep longing and solemn devotion, wearing pristine white kandura and black bisht with intricate gold embroidery, subtle wilting desert roses and wisps of incense smoke curling upward near his chest, volumetric golden-hour rim lighting with cool blue-grey tones and warm amber highlights, shallow depth of field with bokeh, shot on ARRI Alexa 65 with anamorphic lens flare, melancholic and romantic atmosphere, 8K photorealistic cinematic masterpiece, Apple TV+ premium documentary aesthetic, no text, no watermark, no women",URL,راشد,https://d1q70pf5vjeyhc.cloudfront.net/predictions/9ffef7204cd642a4a8e6bfe16a52eff1/1.jpg,82996ce6c7524afabb533d98d7afaf4d
80,تهاني العيد,"يا صباح العيد يا الحسن الفريد      يا صباح الورد يا عطر الزهور
يا صباح من سنا وجهك يزيد      من محياك الجميل ازداد نور
ابتدا في حبنا عام جديد      وانقضي عام تفاصيله شعور
كل عام وانت لي الحب الاكيد      وكل عام وانت في خير وسرور
لك في عيد الحب مني ما تريد      لك خفوق به مشاعر لك تثور
لك غلا يجري بدمي والوريد      ما تغيره السنين ولا الشهور
ولك تهاني العيد في حرف القصيد      ولك عناوينه وما بين السطور
ويا عساه يكون لك عام سعيد      تحتفل به بين تغريد الطيور","قصيدة ""تهاني العيد"" لفزاع، نشيد حب عيدي يبدأ بصباح الورد والزهور، موجهاً للحبيبة ""يا الحسن الفريد""، معبراً عن ازدياد النور من وجهها الجميل. يحتفل بانقضاء عام مشاعر وابتداء جديد في الحب الأكيد، متمنياً لها الخير والسرور، ومُقدماً خفوقاً يثور فيه الغلا الدائم بدمائه. يختتم بتهاني شعرية عميقة، راجياً عاماً سعيداً بين تغريد الطيور، في إيقاع متكرر يعزز البهجة والوفاء الأبدي.","Cinematic medium shot of Sheikh Hamdan bin Mohammed (Fazaa) in pristine white kandura and black bisht with gold embroidery, his face radiating joyful devotion and deep affection, standing amidst a vibrant yet muted cyan-tinted garden at dawn, scattered wilting desert roses and single falcon feather symbolizing noble love, distant Burj Khalifa silhouette against desaturated teal sky, volumetric rim lighting with cool blue-grey tones and soft amber highlights on his beard, shallow depth of field with bokeh, shot on ARRI Alexa 65 with anamorphic lens flare, celebratory yet contemplative atmosphere, 8K photorealistic masterpiece, Apple TV+ documentary aesthetic, no text, no watermark, no women",,,,
81,توبه,"ياللي غرامك هزني بين الاضلاع      توبه اذا شقيت فرقاك .. توبه
الله وهبك اوصاف واخلاق واطباع      تسبي شمالي الخفوق وجنوبه
نهيت قلبي عن وصالك ولا طاع      غلاك تهمه والمفارق عقوبه
و في كل مصياف و في كل مرباع      و في كل وقت و كل لحظه ونوبه
من حقي اطمع فيك واصير طماع      لو دون وصلك يا حبيبي صعوبه
صحيح من ينهل من الشوق يلتاع      يشرب ولا يقطع ضماه بشروبه
الهجر بدعه عاطفيه والابداع      وصلك في ليل يبتسم لي غروبه
والورد ينبت يوم تمشي علي القاع      والصبح انفاسك تعطر هبوبه","قصيدة ""توبة"" لفزاع، نشيد توبة عاشقٍ عنيدٍ يرفض الهجرَ رغم الألم، معلنًا: ""توبة إذا شقيت فرقاك"". يمدح أوصافَ الحبيبِ الإلهية التي تسلبُ الشمالَ والجنوبَ، ويُصرُّ على الوصلِ كحقٍّ طبيعيٍّ في كلِّ مصيافٍ ومرباعٍ ولحظةٍ. الشوقُ الذي يُلتَعُ بهِ يُصبحَ إبداعًا، والهجرُ بدعةٌ عاطفيَّةٌ، بينما يزهرُ الوردُ تحتَ خطواتِهِ ويَعْطِرُ الصبحَ نفَسُهُ. صورٌ حسيَّةٌ تجمعُ بينَ الوجدِ والإصرارِ، تُعْلِنُ الوفاءَ الأبديَّ رغمَ الصِّعَابِ.","Cinematic close-up of Fazaa in pristine white kandura and black bisht with gold embroidery, his face etched with defiant longing and unwavering devotion, standing on muted cyan-tinted desert dunes at twilight, scattered wilting desert roses and sand slipping through fingers symbolizing time and pain, distant falcon silhouette against desaturated teal sky, subtle incense smoke wisps rising from a traditional dallah, volumetric rim lighting with cool blue-grey tones and soft amber accents, shallow depth of field with bokeh, shot on ARRI Alexa 65 with 85mm anamorphic lens, contemplative emotional atmosphere of eternal fidelity, 8K photorealistic masterpiece, Apple TV+ documentary aesthetic, no text, no watermark, no women",,,,
82,ثقه زايد,"لان الله خلق للمجد من روس الرجال رجال      ماهوب كل المتون اللي تزم الحمل تقوي له
ولا يقوي علي حمل التعب ويحقق الامال      سوي ( محمد ابن زايد ابن سلطان ) وامثاله
يمينه فخر واكرام ويساره عز واستبسال      ولا منه فعل يشهد له التاريخ بافعاله
ولا منه وعد يوفي ولا من قال قال وطال      يعز المجد لا قال ويزيد المنصب ان طاله
يقولون الفخر له لو لبس فوق الجبين عقال      وانا اقول الفخر ماهوب له الفخر لعقاله
هذاك اللي زرع له ف القلوب الطيبه تمثال      تمنت كل نجمه توصله وتصير تمثاله
لان اللي مثل قدره ليا منه رقي وانهال      يطيح من الثري صوب السما والنجم يرقي له
وليا من عودت للفخر بالاعمام والاخوال      يجملها من الصوبين باعمامه وباخواله
كثير افضال وشوي ان وصفناه بكثير افضال      حشا نفس الفضايل نفسها ما تعمل اعماله
اذا الله خالق العزه مراتب والعباد خصال      ابااعرف هو بقي يااهل الخصال اكرم من خصاله
كثير .. ما بعده الا المطر والغيث والهمال      غزير .. ما حسده الا البحر والموج واهواله
قوي .. ما يهاب من الحدو والخيل والخيال      شجاع .. يرعب قلوب العدو لو انه لحاله
اذا عرش البطوله ما يليق الا علي الابطال      من ابطاله اذا انتم يا ( محمد ) ما انتم ابطاله !؟
هنيالك ثقه ( زايد ) سند واسم وذري وظلال      وهنيالك علي حمل الثقه واسمك هنياله
خذ حروفي وانا ( فزاع ) ما عقب الجزال هزال      لان الشعر بامثالك تصير هزاله جزاله
قصيد ينذبح يفداك ، تنعاه الرفوف اجيال      وحرف ينولد لرضاك يحلا لك وتحلا له
رعودك اكدت للغيم ان اصل المطر رجال      سجودك .. يثبت ان الدين يبقي صلب برجاله
وجودك .. اثبت ان الله خلق للعنفوان اشكال      صعودك .. اثبت ان اللي تناله ما حد ناله
اعرف ان السنين تزول لكن الامل لا زال      وقليل من المتون اللي تزم الحمل تقوي له
ولا يقوي علي حمل التعب ويحقق الامال      سوي ( محمد ابن زايد ابن سلطان ) وامثاله","في قصيدة ""ثقة زايد""، يمجّد ""فزاع"" (حمدان بن محمد) الشيخ محمد بن زايد آل نهيان كوريثٍ لثقة الجدّ زايد بن سلطان، الباني الأكبر، مُصوِّرًا إياه رجلاً خُلِقَ للمجد من رؤوس الرجال، يحمل التعب ويُحقِّقُ الأماني بيمين فخرٍ ويسار عزٍّ واستبسال. يُشبِّهُهُ بمطرٍ غزيرٍ يُغارُ منه البحر، وقويٍّ لا يَهابُ الحربَ والخيلَ، شجاعٍ يُرعِبُ أعداءَهُ وحده، مُزْرِعًا تماثيلَ في القلوبِ الطيِّبَةِ تفوقُ العقالَ في الفخرِ الحقِّ. يُؤَكِّدُ الشاعرُ أنَّ عرشَ البطولةِ للأبطالِ فحَسْبُ، مُبَاهِيًا بأعمامٍ وأخوالٍ يُجْمِلُونَ الشَّرَفَ، ومُنْشِئًا شعْرًا يَنْذَبُحُ فِدَاءَهُ ويُحْيَا الأجيالَ. تكرارُ الأبياتِ يُعَزِّزُ العهدَ الخالِدَ، مُثْبِتًا أنَّ وجودَهُ صُعُودٌ للعُنْفَوانِ، وسجودَهُ رَدْءٌ للدِّينِ برجالِهِ، فالأملُ باقٍ رَغْمَ زَوَالِ السِّنِينَ.","Cinematic medium-wide shot of Sheikh Mohamed bin Zayed Al Nahyan (Bo Zayed) standing alone in a dignified, contemplative pose on a muted cyan-tinted desert terrace at twilight, holding a traditional UAE flag upright with one hand while placing the other hand firmly over his heart to signify unwavering trust and leadership, face etched with solemn pride, visionary resolve, and deep emotional resonance, wearing pristine white kandura and black bisht with intricate gold embroidery, distant falcon silhouettes and subtle incense smoke wisps curling upward, volumetric golden-hour rim lighting with cool blue-grey tones and warm amber highlights, shallow depth of field with bokeh, shot on ARRI Alexa 65 with anamorphic lens flare, contemplative and majestic atmosphere, 8K photorealistic cinematic masterpiece, Apple TV+ premium documentary aesthetic, no text, no watermark, no women",URL,"محمد,زايد,فزاع,سلطان",https://d2p7pge43lyniu.cloudfront.net/output/4ae30dce-47c3-497c-b654-21c59f37201b.jpeg,c4d8e60e500a4fbb995b89e9fa67b33e
83,ثلاث ايام,"ثلاث ايام مرن في حياتي غير      ثلاث ايام عشت الحب واغليتك
ثلاث ايام واتهجي كلام الطير      كلام اعذب من اعذب من تفديتك
رساله حب شاهدها غلا وتعمير      علي فوادي تربع واسكن ف بيتك
اقول اش قد انا عطشان وانت البير      دلو فكري نضح من كلمتي ليتك
اقول ال (مايصير) لعينك انت يصير      ولو حتي بثريا الكون حطيتك
حبيبي والغلا صوره بلا تصوير      صورها بكل رمشه عين انا ريتك
حبيبي والعطا يحتاج للتقدير      اذا صرحت انا اللي حيك وميتك
ثلاث ايام مرن في حياتي غير      ثلاث ايام عشت الحب واغليتك
ثلاث ايام لكن ما ادري ش التفسير      بس ادري من ثلاث ايام حبيتك","قصيدة ""ثلاث أيام"" لحبيب ""فزاع""، ملحمة وجدانية تحتفل بثلاثة أيام غيّرت مسار الحياة، حيث عاش الشاعر حباً أغلاه فيه بعمق الروح، وتهجّى كلام الطيور أعذب من تفضيل المحبوب. رسالة غلاً تربع على الفؤاد، يصور فيها الحبيب بئراً يروي عطشه، ويعد بتحقيق المستحيل حتى لو في الثريا، مع تصوير الغلا في رموش العين. يتكرر الإيقاع الإنشادي مؤكداً الالتزام: ""أنا اللي حيك وميتك""، رمزاً للوفاء الأبدي رغم غموض التفسير، في نسيج نبطي يجمع بين الشوق الحسي والعهد الرومانسي.","Cinematic medium shot of Sheikh Hamdan bin Mohammed (Fazaa) in pristine white kandura and black bisht with gold embroidery, his face etched with deep longing and romantic devotion, standing on muted cyan-tinted desert dunes at twilight, holding a khanjar symbolizing eternal loyalty while gazing at a distant well representing the beloved's thirst, scattered wilting desert roses and prayer beads at his feet symbolizing patience and pain, subtle incense smoke wisps rising against desaturated teal sky, volumetric rim lighting with cool blue-grey tones and soft amber accents, shallow depth of field with bokeh, shot on ARRI Alexa 65 with 85mm anamorphic lens, contemplative emotional atmosphere blending sensory desire with romantic promise, 8K photorealistic masterpiece, Apple TV+ documentary aesthetic, no text, no watermark, no women",,,,
84,ثمار الهوي,"ليتك معي يوم الهوي نود نسناس      من الفرح والله ما تدمع العين
ناس علي تعذيب ناس لهم ناس      وهذا الهوي ياخذ قلوب المحبين
لكن لا يطري علي بالك الياس      ذوق الهوي دامك تعيش العمر حين
خذ من عطر ورد مع طيب الانفاس      واقطف من اثمار الهوي في البساتين
خلك مع حلو اللما عذب الالعاس      الجادل اللي فايق بكل تكوين
لا تحط نفسك بين وعرات الاطعاس      وافهم بان الحب عذب ملايين
الحب مرجع للمحبين واحساس      والحب هو في قلب الاحباب نوعين
ع كيف ما تبغي لك تدق الاجراس      والشاطر اللي يملك الحب بيدين","قصيدة ""ثمار الهوي"" ترسم لوحة حبٍّ نابضٍ بالفرح والتفاؤل، يدعو فيها ""فزاع"" الحبيبَ للاقتراب يومَ الهوى، حيثَ تُسَاقِطُ أفراحُ الوصلِ نسناسَ البهجةِ دونَ دمعِ عَيْنٍ. يُحَذِّرُ مِنْ تعذيبِ النفسِ باليَأْسِ، مُؤَكِّدًا أَنَّ طَعْمَ الهَوَى عَذْبٌ كَعَطْرِ الْوَرْدِ وَثِمَارِ الْبَسَاتِينِ، وَحُلْوُ اللَّمَى يَفُوقُ كُلَّ تَكْوِينٍ. يَرْفَضُ وَعْرَاتِ الْأَطْعَاسِ، مُشِيرًا إِلَى أَنَّ الْحُبَّ مَرْجِعُ الْمُحِبِّينَ وَإِحْسَاسُهُمْ، نَوْعَانِ فِي قُلُوبِ الْأَحْبَابِ، وَالشَّاطِرُ يَدْقُّ أَجْرَاسَهُ بِيَدَيْهِ كَمَا يَشَاءُ. تَكْرَارُ الْأَبْيَاتِ يُعَزِّزُ رِسَالَةَ الْعَيْشِ بِذَوْقِ الْهَوَى وَاسْتِخْلَاصِ ثِمَارِهِ الْحُلْوَى.","Cinematic medium shot of Sheikh Hamdan bin Mohammed (Fazaa) in pristine white kandura and black bisht with gold embroidery, his face radiating joyful anticipation and hopeful pride, standing on muted cyan-tinted desert dunes at twilight, scattered wilting desert roses and incense smoke wisps symbolizing sweet longing, distant falcon silhouette against desaturated teal sky, volumetric rim lighting with cool blue-grey tones and soft amber accents, shallow depth of field with bokeh, shot on ARRI Alexa 65 with 85mm anamorphic lens, contemplative emotional atmosphere, 8K photorealistic masterpiece, Apple TV+ documentary aesthetic, no text, no watermark, no women",,,,
85,جرح الصداقه,"كلما بنيت الحلم في القلب وكمل      قبل اعلنه يظهر صدي عداوته
وضحت همومي من ورا الخافق همل      واحجامها حسب الوضع متفاوته
وانا العزيز اللي تشبث بالامل      عسي يشوف من الزمن طراوته
درس الحياه القاسيه لو اشتمل      علي الجبابر لا اعرفوا قساوته
تلقي بعض تجارهم يمشي ثمل      مع الفقاري يرتشف حلاوته
والقاضي اللي في كلامه ماصمل      فاضي عمل مسترسل بفضاوته
كيف المطوع يخلف بقول وعمل      والمصحف الطاهر نسي تلاوته
قال المثل : خل الجمل بما حمل      صافح عدو _ ما يبين نقاوته
رجل _ ضلوعه للحمل ما تحتمل      يحرم علي رجلي حشا ما خاوته
مثل النعامه راسها تحت الرمل      ومن ظلها تشكي مدي ضراوته
جرح الصداقه في الظهر ما يندمل      عيت سنيني كلها .. ما داوته","قصيدة ""جرح الصداقة"" ملحمة نبطية عميقة تُجسّد ألم الخيانة والغدر من الأصدقاء المزِيفين، حيث يبني الشاعر أحلامه في القلب لتُهدَمْ قبل إعلانها بظهور عداوة الصديِّ القابعة خلف الستار. يصوِّرُ صوراً حية للتجَّار الثملين مع الفقراء، والقضاة الفاضِلين في القول والفارغين في العمل، والمتَّقِين الذين ينسون تلاوة المصحف، مُسَخِّرًا الأمثال كـ""خَلِّ الجَمَلَ بِما حَمَلْ"" ليحذِّرَ من مصافحة العدوِّ. يَشبَّثُ الشاعر بالأمل رغم قسوة دروس الحياة، مُشَبِّهًا النَّفْسَ بالنَّعَامَةِ التي تدفن رأسَها في الرَّملِ، بينما جرحُ الصَّداقةِ في الظَّهرِ لا يَنْدَمِلُ، عَجْزًا عن دَوَائِهِ عَبْثًا بالسِّنِينَ. تَتَكَرَّرُ الأبياتُ رمزًا لِلْأَلَمِ الدَّائِرِيِّ، مُؤَكِّدَةً نُبْلَ الصَّبْرِ وَفَضِيحَةَ الْخِيَانَةِ في عَالَمِ الْجَبَابِرَةِ وَالْمُنَافِقِينَ.","Cinematic medium shot of a weary Emirati man in traditional white kandura and black bisht, his face etched with dignified sorrow and contemplative resilience against a muted cyan-tinted desert twilight, cracked earth beneath his feet symbolizing the unhealing wound of betrayal, wilting desert roses scattered near his hand representing shattered trust, distant silhouette of a falcon soaring above desaturated teal sky, subtle incense smoke wisps curling around him, volumetric rim lighting with cool blue-grey tones and soft amber accents, shallow depth of field with bokeh, shot on ARRI Alexa 65 with anamorphic lens flare, moody atmosphere emphasizing noble patience amidst treachery, 8K photorealistic masterpiece, Apple TV+ documentary aesthetic, no text, no watermark, no women",,,,
86,جودنا ينجاد منه جود,"صباح الخير يا اهل الخير..صباح الورد والعنقود      صباح كلما هز الشعر غصنه قضي ثاره
اذا جادت يمينك يا البنادم جودها مردود      من اللي بامره نجوم السما تنساب مدراره
و رجل ما يوقف في حياته موقف مشهود      يعيش يموت ما يدري عن احواله ولا اخباره
الي مر الفتي باول صباه ولا قدح بارود      اجل وش خانه ايام الشباب و ينعه ازهاره
يجودون الرجال وجودنا ينجاد منه جود      وحنا اللي نبطل للعطايا كل محاره
علي درب المعزه ما قصرنا حبلنا الممدود      ولا حتي نفكر لو يجور الوقت قصاره
يعلمنا الزمان ونستفيد ونبذل المجهود      وعزيزين النفوس نفوسهم صلفه ومغواره
بلشنا ما عرفنا منهو المذموم والمحمود      واشوف الجار ما يدي الديون اللي علي جاره
وضعيفين النفوس من الليالي حيلهم مهدود      وانا حيلي صواديف الزمان تزيد اصراره
انا عندي علي كل الكلام اللي اقول شهود      حشا ماني باثرثر والقلوب السود ثرثاره
اشوف النفس مثل البكره اللي ما تحب القود      وعسفها واحد نفسه علي الايام صباره
الا يالسحب هلي لين اشوف الما في راس العود      تباشربه رعايا الابل بعد القيظ وغباره
والا يالشمس طلي لين تجلين الليال السود      واشوف النور في عيون من التفكير محتاره
والا يا قلب خلك مثل ما اخبرك حفيظ سدود      تري الرجال لو يكشف سدوده قل مقداره
والا يا عين لا تبكين ما دام البكا منقود      تحلي بالتصبر والعزم تاره بعد تاره
والا يا طير غرد دام حبل وصالها ممدود      هنوف.. لا تذكرها خفوقي زادت اثاره
وهي كن في ثغرها ريحه الياسمين والكمبود      تثني كنها غصن عليه السحب مطاره
تلفت كنها ريميه ترعي بوسط حدود      مكان ف وادي دار الزمان وما حد زاره
سراب الظامي اللي مستحيل انه يبل كبود      محطمهم غلاك اللي تحب الرجل مشواره
تعالي لا تخليني علي باب الامل مفقود      فراقك سبب جروح الحزين وكثر اضراره
وانا اللي حاضر ذكري لو اني ماهو بموجود      احب الشامخات ولا اطرق البيبان في الغاره
انا للمرجله صقر جناحينه تضم النود      ماغير ( محمد ابن راشد ابن مكتوم ) صقاره","قصيدة ""جودنا ينجاد منه جود"" لفزاع، ملحمة نبطية تُمجّد الكرمَ والعزَّةَ والصَّبرَ على الزمان، مُبْتَدِئَةً بصباح الخيرِ والوردِ، ومُنْهِيَةً بمديحٍ لمحمد بن راشد آل مكتوم، الصَّقْرِ الشَّامِخِ الَّذِي يَضُمُّ النُّودَ. يُفَرِّقُ الشَّاعِرُ بَيْنَ الرِّجَالِ الْجُودِ الْمَرْدُودِ الَّذِينَ يُنْجِي جُودُهُمْ أُمَتَهُمْ، وَالْعَادَتِينَ الْمَذْمُومِينَ الْمُنْكَرِينَ الْجَارَ وَالْمُتَقَصِّرِينَ فِي الْمَعْرُوفِ. يَصْفُ الْحَبِيبَةَ ""هْنُوفْ"" بِصُورٍ بَدْرِيَّةٍ: غُصْنُ يَاسَمِينٍ، رِيمِيَّةٌ فِي وَادِي الزَّمَانِ، سِرَابُ الظَّامِي، مُثِيرَةً شَوْقَهُ وَحُزْنَهُ عَلَى الْفِرَاقِ. يُنَاصِحُ النَّفْسَ بِالْحِفَاظِ عَلَى السُّدُودِ، وَالْعَيْنَ بِالصَّبْرِ، وَالْقَلْبَ بِالْعَزْمِ، وَالطَّيْرَ بِالْغَرْدِ، مُسْتَحْضِرًا صُوَرَ الْغَيْثِ وَالشَّمْسِ وَالْبَكْرَةِ الْحُرَّةِ. ثيماتُ الْفَخْرِ بِآلِ مَكْتُومْ، الْوَفَاءِ لِلْمَرْجِلَةِ، وَالْحُبِّ الشَّامِخِ تَجْعَلُهَا لَوْحَةً بَصَرِيَّةً لِلْعُلُوِّ وَالْجُودِ فِي صَحْرَاءِ الْحَيَاةِ.","Cinematic medium-wide shot of Sheikh Mohamed bin Rashid Al Maktoum (Bo Rashid) standing alone in a dignified, contemplative pose on a muted cyan-tinted desert terrace at twilight, holding a traditional UAE flag with one hand while gazing toward a distant modern skyline with visionary resolve, faces etched with solemn pride and deep introspection, wearing pristine white kandura and black bisht with intricate gold embroidery, subtle wilting desert roses and wisps of incense smoke curling upward to symbolize fleeting time, volumetric golden-hour rim lighting with cool blue-grey tones and warm amber highlights, shallow depth of field with bokeh, shot on ARRI Alexa 65 with anamorphic lens flare, contemplative and majestic atmosphere reflecting the poem's themes of generosity, resilience, and leadership, 8K photorealistic cinematic masterpiece, Apple TV+ premium documentary aesthetic, no text, no watermark, no women",URL,"محمد,راشد,مكتوم,صقر",https://d2p7pge43lyniu.cloudfront.net/output/de098312-35d0-442a-ad44-755b8efff79b.jpeg,79588f6ad7b346ac8a8bc42b1faf8359
87,حارث البحر,"يا براق القصيد ابرق لهاجوس عليه الزام      جزيلات البحور اللي معانيها تلازمها
جزيلات البحور اللي وفت لاهل العقول ذمام      لعلك في سما الافكار تشعلها وتغنمها
عشانك من سحب الغمام .. سقنا لك كنيف غمام      يا اما انك تروي قاعها .. والا .. تسلمها
يصوم من القصايد خاطرك لكن متي ما صام      ما يفطر غير بابيات هل الطولات تفهمها
احاسيس القلوب الغافيه ماهي بحلول الهام      لكن اهل القلوب الصافيه مولاك يلهمها
وانا لا من سرجت خيول فكري والصفوف زحام      تعديت الصفوف اللي هل القيفان تزحمها
يا عمي وانت ضرغام تحدر من ظهر ضرغام      يا عمي والمكارم يفخر بطاريك معجمها
ياريسنا ( خليفه ) لي بفكرك تقتدي الافهام      ويابو ( خالد ) يا والي عهد دولتنا ومحزمها
اهنيكم بشيخ _ في سما العليا يقود زمام      يسمي ( حارث البحر ) وبحور الدر ينظمها
هو ناءب ريس الدوله في كل امر صعيب وهام      وريس مجلس دروع البلد و (دبي) حاكمها
اهنيكم وانا في العام هذا مثل ذاك العام      تعظمني محبته ومحبتكم واعظمها
بيوم مثل هذا اليوم متميز علي الايام      تكون عيد في دار سلاح رجالها دمها
يسمونه يابو راشد هل الصحف وهل الاعلام      باسم عيد الجلوس وكان تسمح لي باعلمها
انا اسميه عيد المجد لان المجد لاجله شام      ولان بلادنا رب السما بقدومه اكرمها
تباشرنا بجلوس اللي لا قام يحلها لا قام      شهوده واسعه والدوله برءياه يدعمها
عقول المعرفه تحمل من الادراك والالمام      مالا يمكن تحمله المعاني لو نترجمها
يابو راشد جلوسك وقفه وعيدك نصر واكرام      دول الاكرام تهديك التهاني من عواصمها
يابوراشد حضورك نور شمس وخطوتك قدام      تجي قدام حتي قبل رجلك ما تقدمها
تقدمك العزوم وطير عزك للمعالي حام      شهاده حق .. واللي ينسال عنها ما يكتمها
شهد حتي معاديك وتكلم عن مدي اسهام      جهودك ف التطور قبل ما اصحابك تكلمها
علي حجم الفعول يقيمون الصارم الصمصام      لكن فعولك اصحاب الفكر تعجز تقيمها
يا عقل (دبي) يارمز البنا ياللي كبحت لجام      معادين التطور لين قرت لك مفاهمها
(دبي) اللي حقايقها تعدت مستوي الاحلام      عسي الله عن عيون اهل الحسد والزيف يعصمها
(دبي) اللي مفاخرها فعل يمناك يالمقدام      شعوبك تفتدي يمناك لانك صرت معصمها
شعوبك ما تقسم يا طويل العمر سبع اقسام      يوحدها سموك والليالي ما تقسمها
ولا زالت تحلي بالصفات النادره ما دام      سموك يحتضنها عز و يرتب مواسمها
طويل العمر رفت عن يمينك شامخات اعلام      غنمت الرايه اللي مستحيل الغير يغنمها
حرثت البحر بيدك وانت فوق البحر بدر تمام      علي كيفك تفاصيل البحر يا شيخ تنظمها
علي كيفك معالمها سرت واسرت بها الانام      معالمها كبيره ، وانته اكبر من معالمها
تفضل وانت والله فوق روس اهل العقول حسام      اذا احتارت عقول الناس سيف الحق يحسمها
( محمد ابن راشد ) كلما يطري نفز قيام      نفز قيام للي يكرم شعوبه و يحشمها
لابو راشد ملوك الارض توقف منزله و مقام      لو ان الارض تتكلم … قسم بالله كلمها
حفيد اهل العروبه ، ناصر الدين وسند الاسلام      عسي ربي يسلمه لعروبته و يسلمها
سمي ( محمد ) اللي للنبوه كان مسك ختام      ابوي اللي يمينه بالسخا والجود خاتمها
نجل ( راشد ) مءسسنا وخاله سيد الحكام      يحكم بفطنته من قبل هالعالم تحكمها
اهل الاهرام سووا معجزه لما بنوا الاهرام      لكنك قبل ما تبني بلد .. تبني مكارمها
تفاخر بك ( دبي ) الدره اللي يعجز الرسام      ما يرسمها علي شانك برءيا الفكر راسمها
دروب اسمك من (محمد) الي المكتوم خير وسام      تادي للفخر والمجد والعزه علايمها
علامه من تعجب ! .. قبلها علامه استفهام ؟      بعد اسمك وتاريخ النجاح اللي يتممها
تري صورتك قبل انها تعلق في الطريق العام      تعلق في قلوب الناس لانك صرت عالمها","قصيدة ""حارث البحر"" ملحمة فخرية يرفع فيها ""فزاع"" رايات التهنئة والولاء لسمو الشيخ محمد بن راشد آل مكتوم (أبو راشد)، حاكم دبي ونائب رئيس الدولة ورئيس مجلس الدروع، بمناسبة ""عيد الجلوس"" الذي يسميه الشاعر ""عيد المجد"" لإسهاماته الخالدة في حرث البحر وتنظيم بحوره ومعالمه، متجاوزاً الأحلام نحو حقائق تبهر العالم.

يمدح الشاعر أباه كعقل دبي ورمز البناء، الذي كبح لجام معادي التطور، وحقق إنجازات تفوق أهرامات المصريين ببناء المكارم قبل البلد، موحداً شعوبه تحت راية العز والإسلام، حفيداً لآل مكتوم وراشد المؤسس.

يخاطب الشاعر قادة الإمارات: الرئيس خليفة، ومحمد بن زايد (بو خالد) والي العهد، مشيداً بـ""حارث البحر"" الذي يقود زمام السمو، حضوره نور شمس وخطوته قدام، حتى الأعداء يشهدون بجهوده في التطور والمجد الشامخ.

تتكرر الأبيات كبرق القصيد اللامع، تروي قاع الأفكار وتغنمها، معبرة عن حب متبادل يعظم الشاعر ويُعْظَم، في عيد يدعم الدولة برؤياه الواسعة، مؤكدة أن دبي الدرة تفاخر به، صورته معلقة في القلوب قبل الطرقات.","Cinematic medium-wide shot of Sheikh Khalifa bin Zayed (Bo Khalifa), Sheikh Hamdan bin Mohammed (Fazaa), and Sheikh Sultan bin Zayed (Bo Khalid) standing together in a dignified unity pose on a muted cyan-tinted desert terrace at twilight, all raising traditional UAE flags in a slow tribute gesture while gazing toward a modern skyline silhouette, faces etched with solemn pride and visionary resolve, wearing pristine white kanduras and black bishts with intricate gold embroidery, distant falcon silhouettes and subtle incense smoke wisps curling upward, volumetric golden-hour rim lighting with cool blue-grey tones and warm amber highlights, shallow depth of field with bokeh, shot on ARRI Alexa 65 with anamorphic lens flare, contemplative and majestic atmosphere, 8K photorealistic cinematic masterpiece, Apple TV+ premium documentary aesthetic, no text, no watermark, no women",URL,"محمد,راشد,خليفة,سيف",https://d2p7pge43lyniu.cloudfront.net/output/c2731e71-58b9-4edd-989e-48a23cb4860d.jpeg,163f8f11f7ba4017abd967119b453497
88,حبال صوتك,"حبال صوتك قامت تقطع حبال      لا طلعت نبرات صوتك حزيني
والناس تشكي حالهم قبل الاحوال      تشكي من الايام واللوم فيني
تعال تبغي جزال في ليلك جزال      امر ويدعمك الوله والحنيني
ما تدري اني لا انثني فكري وقال      رفعت سوق اهل القصيد الثميني
الي نقشت حروفها نقش تمثال      رسمت فيها من تجارب سنيني
وخليتك الفكره وفصلت الامثال      علي طريق الوصل بينك وبيني
ادللك بالشعر تدليل الاطفال      واضمك بقلبي وعقلي وعيني
بيني وبين مواصلك عده اميال      مدري تبي فرقاي والا تبيني
اقول لدروبك لو دروبك طوال      بامشيك دام ان الوفا يحتويني
لكن لا تدور بدالي وتحتال      ما دامني شاريك يا مشتريني
ما كل رجال يعيضك برجال      هذا مثل قالوه لي الاوليني","قصيدة ""حبال صوتك"" ملحمة عاطفية لفزاع، يصور فيها ألم نبرات الحبيبة الحزينة التي تقطع حبال القلب، وسط شكوى الناس من الأيام واللوم الموجه إليه. يعرض نفسه سنداً أبدياً بالشعر الذي نقش تجاربه كنقوش تمثال، مفصلاً الأمثال ليجعلها فكرة الوصل الوحيدة بينهما. يدللها كالأطفال بقلبٍ وعقلٍ وعينٍ، متجاوزاً المسافات بوفاء لا ينثني، محذراً من البحث عن بديلٍ يحتال، فلا رجل يعوض عن مشتريه الحقيقي. تتكرر الأبيات كلازمة تأكيد للثبات العاشق أمام الشك والفرقا، مرسخة أن الوفاء هو الجسر الذي لا ينهار.","Cinematic close-up of Fazaa in pristine white kandura and black bisht with gold embroidery, his face etched with dignified sorrow and unwavering devotion as he gazes at a wilting desert rose, standing on cracked earth under a muted cyan twilight sky, subtle incense smoke wisps drifting past a distant falcon silhouette, volumetric rim lighting with cool blue-grey tones and soft amber accents highlighting the texture of his traditional attire, shallow depth of field with bokeh, shot on ARRI Alexa 65 with 85mm anamorphic lens, contemplative emotional atmosphere emphasizing loyalty amidst doubt, 8K photorealistic masterpiece, Apple TV+ documentary aesthetic, no text, no watermark, no women",,,,
89,حديقه ورود,"حل الظما في خاطر المنهل العذب      وامسي كما نجم تباعد بريقه
ما ودي البعد عنك لكنه القرب      القرب ظام القلب ما بل ريقه
قل المطر ما يروي القاع لو خصب      القاع ترويه السيول الدفيقه
هذا وانا ضاري علي المحمل الصعب      ومحمل الايام ما لا تطيقه
لا تحسب انك ناهب حاضري نهب      عندي علي ماضي سنينك وثيقه
ان كان وردك تاه غصنه علي القلب      عادي اضيع ورد ، عندي حديقه
وان كان صغر السن عذرك وانا الذنب      قبل العذر والذنب عطني دقيقه
كم لي وانا امشي كلامك وهو كذب      برقعت لعيونك عيون الحقيقه
يا جرح قلبي لا تسولف عن الطب      لا تضحك وعينك بدمعك غريقه
انت اصلا اخر شخص يحكي عن الحب      الحب غايه .. وانت حبك طريقه","قصيدة ""حديقة ورود"" لفزاع، ملحمة عاطفية تُعانق الشوق المُرّ والكبرياء النبيل أمام هجر المحبوب، حيث يصف حل الظمأ في خاطر المنهل العذب رغم بريق النجم البعيد. يرفض الشاعر الاستسلام للقرب الذي يُظمِق القلب أكثر من البعد، مقارناً حبه بالسيول الدفقة لا المطر الخفيف، وهو يحمل أثقال الأيام الصعبة. يُثبت وثيقة ماضي السنين ضد نهب الحاضر، مطمئناً بـ""حديقة ورود"" تعوّض الغصن الضائع في القلب، ويطالب بدقيقة قبل عذر الصغر السنّي الذي يلقيه ذنباً عليه. يفضح كذب الكلام المُزَيَّن بعيون الحقيقة، مُوبِخاً ""جرح القلب"" الغارق في الدمع تحت ضحكة زائفة، مؤكداً أن حب المحبوب مجرّد طريق لا غاية، في تناغم حزين يجمع بين الألم والعزة والوفاء الخالد.","Cinematic close-up of Fazaa (Hamdan bin Mohammed) in pristine white kandura and black bisht with gold embroidery, his face etched with dignified longing and noble pride against a muted cyan-tinted twilight desert backdrop, scattered wilting desert roses and cracked earth symbolizing heartbreak and resilience at his feet, distant falcon silhouette against desaturated teal sky, subtle incense smoke wisps rising from an ancient dhow, volumetric rim lighting with cool blue-grey tones and soft amber accents, shallow depth of field with bokeh, shot on ARRI Alexa 65 with 85mm anamorphic lens, contemplative emotional atmosphere blending pain and honor, 8K photorealistic masterpiece, Apple TV+ documentary aesthetic, no text, no watermark, no women",,,,
90,حراس قلبي,"حراس قلبي يافتي الجود حراس      ولا يخطف الخفاق لو شي مدسوس
نبراس رجم يعتلي كل نبراس      رابي ما بين البحر والبر وطعوس
يتحسب انه بدل الذهب بالماس      ضيع حياته في رجا شي ملموس
قام يتجرع كاس هجري علي كاس      هذي حياه اللي به الحظ منحوس
وانا بني ياسي عطا المجد لي راس      ولي عاده ما البس لباس ملبوس
ابني حياتي فوق ساس علي ساس      وانا تراني افهم الخط معكوس
لاباس يا عمر الشقا فيك لاباس      هذي حياتي كلها علم و دروس
اقطع رجا من كان يبغي لي الياس      واقطع بعزمي لو بعد تنقطع روس
انت الذي مديت لي سهم الاقواس      وانا الذي للسهم اصبحت له قوس
مثل الذي زايد علي العوق به باس      او مثل من يتبع علي الدوس ويدوس
الناس اجناس .. ولكن ابي ناس      اخط شاربهم مثل خطت الموس","قصيدة ""حراس قلبي"" لفزاع، ملحمة أبوية نابضة بالعزة والثبات، تُخاطب ابنه ""يافتي الجود"" كحارس أمين للقلب لا يُخْطَفُ بالمكر. يُصْوِرُ الشاعرَ الغِرْبَى الذي يَرْجُو الماديَ فَيَضِيعُ حَيَاتَهُ بَيْنَ البَحْرِ وَالْبَرِّ كَرَابِيَ طُعُوسٍ، مُقَابِلَاً إِيْمَانَهُ بِبِنَاءِ الْمَجْدِ عَلَى سَاسٍ وَثِيقٍ، مُتَفَوِّقًا عَلَى مَنْ يَقْرَأُ الْخَطَّ مَعْكُوسًا. يَرْفُضُ الْيَأْسَ بِعَزْمٍ يَقْطَعُ الرُّؤْيَا، مُؤَكِّدًا أَنَّ الْأَبَ مَدَّ السَّهْمَ فَصَارَ الْابْنُ قَوْسَهُ، بَيْنَمَا الْخَائِنُونَ كَزَايِدٍ عَلَى الْعَوْقِ أَوْ دَاسِينَ عَلَى الْخُطُوَةِ. يَخْتَارُ نَاسًا أَصِيلِينَ كَخَطِّ الْمِيسْ، مُجْسِدًا حِكْمَةَ الْحَيَاةِ كَدُرُوسٍ مِنْ شَقَا وَمَجْدٍ إِمَارَاتِيٍّ.","Cinematic medium-wide shot of Sheikh Mohamed bin Zayed (Bo Zayed) and Sheikh Hamdan bin Mohammed (Fazaa) standing together in a dignified unity pose on a muted cyan-tinted desert terrace at twilight, both holding traditional Arabic coffee pots (Dallahs) as if pouring for guests or reflecting on heritage, faces etched with solemn pride and visionary resolve, wearing pristine white kanduras and black bishts with intricate gold embroidery, distant falcon silhouettes and subtle incense smoke wisps curling upward, volumetric golden-hour rim lighting with cool blue-grey tones and warm amber highlights, shallow depth of field with bokeh, shot on ARRI Alexa 65 with anamorphic lens flare, contemplative and majestic atmosphere, 8K photorealistic cinematic masterpiece, Apple TV+ premium documentary aesthetic, no text, no watermark, no women",URL,"زايد,بني",https://d2p7pge43lyniu.cloudfront.net/output/8a3cc190-1d9f-48a5-be21-ac0062961662.jpeg,81897bee94ce494b8eb477bd2e860692
91,حصه,"الصبر ورث الانبيا والتنميه تبغي كفاح      والناس يرزقها الولي علي حسب نياتها
يا(حصه) انا ما نسيت اقول مبروك النجاح      لكن ادور لحظه نفسي تلامس ذاتها
تبريكتي برق تناظره العرب لا منه لاح      ما هي بمثل العالم الثالث وتبريكاتها
مبروك يا اشرف حب في قلبي تمكن واستراح      يا اغلي من احياء الديار الشاسعه وامواتها
روضت احاسيسي من الفرحه وهي تجمح جماح      وصورتها لك في قصيده ماتموت ابياتها
الاشجار في انحا(دبي)ترقص طرب والطيب فاح      وحدايق الارض اينعت بالتهنءه ورداتها
الليل عيد والنجوم تقول وينك يا الصباح      يا لين ذابت في دقايقها و في ساعاتها
وارتاح في قلبي تري شوفك يسبب الارتياح      وتبريكتي تسوي صدي العالم وتبريكاتها","قصيدة ""حصة"" ملحمة تهنئةٍ حميمةٍ لـ""حصة"" بنجاحها العظيم، تجسّد الصبرَ وارثَ الأنبياء والتنميةَ بكفاحٍ يُرزقه الوليُّ حسب النيات. يصف ""فزاع"" فرحَهُ الجارفَ الذي يُرقصُ أشجارَ دبي ويُينعُ حدائقَ الأرضِ وردَ التهاني، حيثُ تُضاهي تبريكُهُ برقَ العربِ لا تُقارَنْ بِعالمِ الثالثِ. الليلُ عيدٌ والنجومُ تَشتاقُ الصباحَ، وشعْرُهُ خالدٌ يُروّضُ الفرحَ الجامحَ، مُخلِّدًا حُبَّها الأشرفَ في القلبِ أغلىَ من أحياءِ الديارِ وأمواتِها، رمزًا للارتياحِ الروحيِّ والعزِّ الإماراتيِّ.","Cinematic medium shot of Fazaa (Hamdan bin Mohammed) in pristine white kandura and black bisht with gold embroidery, his face radiating ecstatic joy and patriotic pride as he dances amidst Dubai's lush gardens at twilight, scattered wilting desert roses and prayer beads symbolizing devotion and resilience, distant silhouette of Burj Khalifa against a muted cyan-tinted sky, subtle incense smoke wisps and soft golden rim lighting with cool blue-grey tones, shallow depth of field with bokeh, shot on ARRI Alexa 65 with anamorphic lens flare, contemplative yet celebratory emotional atmosphere, 8K photorealistic masterpiece, Apple TV+ documentary aesthetic, no text, no watermark, no women",,,,
92,حكومه الحب,"سالت جفني ليه يا جفن ما تنام      قال اسال القلب الشقاوي لعله
يجاوبك لانه هالايام منضام      سالت قلبي قال الاحساس خله
واسال زمانك لانه اسباب الالام      رحت اساله شفت الزمن فيه عله
والاسءله تشبه تفاسير الاحلام      والحلم ما تقدر تفسره كله
وان الليالي والثقافه والالمام      اقول لنجوم السما والاهله
ما ترفع الشاعر محطات الاعلام      ولا الصور علي غلاف المجله
ما يرفعه الا مقامه ليا قام      في موقف ما كل رجل يحله
والصحف لوجفت ما جفن الاقلام      سمع قلوب الحاسدين المغله
وانا قبل عامين والا قبل عام      والشعر سيف لا تضايقت اسله
اركب الفكره علي حسب الالهام      واخاف من بيت يجي فيه زله
والارض ضاقت كره والعالم اقسام      ولكل قسم بين الاقسام مله
ولا صار وضع الناس بين الايام      بين المجامل والحياه الممله
ودي اكون دوله دون حكام      الحب يحكمها .. وهي مستقله
ما احب ابدي راي او اخذ احكام      قبل اطلع علي جميع الادله
سياسه المتسيد القاءد العام      اللي يقدره الزمان بسجله
ابوي عون الجار وضعاف الايتام      اللي يفز لهم لاجوه ف محله
الله يعز اللي يعزون الاسلام      والله يذل اللي يحب المذله","في قصيدة ""حكومة الحب""، ينطلق ""فزاع"" حواراً داخلياً عميقاً مع جفنه القابل للنوم، والقلب الشقيّ، والزمن المُثقل بالأحلام غير المفسَّرة، معبراً عن ليالٍ طويلة من القلق والإلهام الشعريّ. يرفض الشاعر الشهرة الزائفة من الإعلام والمجلات، مؤكّداً أنّ رفعة الشاعر مقام أخلاقيّ يُبنى في مواقف الشجاعة لا بالصور والأقلام الجافّة، محذّراً من حسد القلوب المغلقة. يصف ضيق الأرض والعالم المقسّم، وحياة الناس بين المجاملات والملل، متمنّياً دولةً مثاليّة تحكمها الحبُّ دون حكّام، مستقِلّةً بالعدل والإنصاف بعد دراسة الأدلّة كلِّها. يُثني على ""أبي"" –القائد العامِّ المتسِيِّدَ– عونَ الجيران والأيتام الذي يُفِزُّ لهم في محنَهم، مُدْعِياً عِزَّ مَنْ يُعِزُّ الإسلام وذُلَّ مَنْ يَحِبُّ المذلّة. تتكرّر الدَّوْرَةُ الشعريّةُ كرمزٍ للّيلِ الدَّائِرِيِّ المُثَقَّلِ بالوجدان، مُجْسِدَةً حُلْمَ حُكُومَةِ الحُبِّ في عالمِ الْقِيَادَةِ الْكَرِيمَةِ.","Cinematic medium-wide shot of a solitary male Emirati poet (Sheikh figure) standing in a contemplative pose on a muted cyan-tinted desert terrace at twilight, holding a traditional Arabic manuscript open as if reciting the poem ""Hukoomah Al-Hob"" with deep emotional resolve and visionary expression, wearing pristine white kandura and black bisht with subtle gold embroidery, surrounded by wilting desert roses and faint wisps of incense smoke rising into the cool blue-grey sky, volumetric golden-hour rim lighting with soft amber highlights against desaturated teal tones, shallow depth of field with bokeh background showing distant Burj Khalifa silhouette and traditional architecture, shot on ARRI Alexa 65 with anamorphic lens flare and subtle film grain texture, mood is dignified, melancholic yet hopeful, emotionally resonant poetic atmosphere, 8K photorealistic cinematic masterpiece, Apple TV+ premium documentary aesthetic, no text, no watermark, no women",URL,سيف,https://d2p7pge43lyniu.cloudfront.net/output/44517d3d-5266-4b3c-b0ca-169816363f1e.jpeg,147dc3064a1d423f9c8bbdf6003ac72a
93,حلوه موت,"هذي عسي ربي يسامحها      والا انا ماني مسامحها
اتحاول باطرافها تستر      وهو اللي اكثر شي يفضحها
ان اجلست يورد الكرسي      توقف الدنيا مسارحها
لانها خلاصه فتنه الفتنه      الله يا ماحلاها وما املحها
ولا مشت علي الرصيف يقول      ياكوس تكفي هب واطرحها
ايه من ايات الله العالي      كل شي يتمني يصافحها
الحزن يضحك كل ماتحزن      والفرح يبكي كل ما افرحها
الله يحفظها ويحميها      والله يهديها ويصلحها
ترخصني احيانا وتجرحني      وانا اللي اغليها ولا اجرحها
احبها بجنون وبطيبي      تزعلني وانا اللي اصالحها
قولوا لها يا اهل الجنوبيه      تري الجفا ماهو بصالحها
باتخسر الانسان والشاعر      اللي يقدرها .. ويمدحها
بعض الغلا كتمانه احسن له      ياليتني ما كنت اصارحها
الحب له سلطه وله هيبه      واشياء لا يمكني اشرحها
لءيمه .. تدري انها جنونيه      ودك بعض الاحيان تذبحها
من كثرماهي حلوه موت تحس      هي اللي مختاره ملامحها","قصيدة ""حلوة موت"" لفزاع، ملحمة عشق جنونيٍّ تجمع بين الإعجاب الساحر والغضب المكبوت تجاه ""الحبيبة"" الفتّانة التي تفيض فتنةٍ تُوقف الدنيا بمجلسها أو خطوتها، كـ""يورد الكرسي"" أو ""فتنة الفتن"". يصف الشاعر جمالها الإلهيّ الذي يُضحك الحزن ويُبكي الفرح، مع صراعه الداخليِّ: يحبُّها بجنونٍ وطيبٍ، يصالحُها رغم جُرحها له، لكنه يرفض مسامحتها لجفاها الذي يُخسرُ به ""الإنسان والشاعر"". يدعو أهل ""الجنوبيّة"" لنصحها، نادماً على التصريحِ بغلاهِ، مؤكِّداً سلطة الحبِّ الهيبيِّ الذي يُذبحُ العاشقُ من أجله. تتكرَّر الأبيات كلازمةٍ تعزِّز التناقض بين محاولةِ السترِ وفضيحةِ الجمالِ، خاتمةً بأنَّ ملامحَها ""حلوة موت"" مختارةً لتُهلِكَ القلوبَ.","Cinematic close-up of Fazaa (Hamdan bin Mohammed) in pristine white kandura and black bisht with gold embroidery, his face etched with intense internal conflict between passionate adoration and suppressed anger, standing on muted cyan-tinted desert dunes at twilight, scattered wilting desert roses and cracked earth symbolizing heartbreak and separation, distant silhouette of a majestic falcon against desaturated teal sky, subtle incense smoke wisps rising from an ancient incense burner, volumetric rim lighting with cool blue-grey tones and soft amber accents, shallow depth of field with bokeh, shot on ARRI Alexa 65 with 85mm anamorphic lens, contemplative tragic atmosphere, 8K photorealistic masterpiece, Apple TV+ documentary aesthetic, no text, no watermark, no women",,,,
94,حمام الاحباب,"بغيت اعلمك قبل تروح يا خلي      ان ازعلك صار هاليومين بزياده
كنت احسبك كل ماصديت متغلي      بس للاسف صار هذا الطبع لك عاده
بيني وبينك .. اشوف البعد اسهل لي      خلاص ابا ابعد مادام ان عندي اراده
اصفيت لك واحسب انك كنت صاف لي      تبغي الحقيقه.. كرهت الحب واجهاده
من شمس هجرك ما عاد يفيدني ظلي      وش فيه قلبك .. يزيد ف ليني عناده
وهو من اول الي من جيته يهلي      ويحط لي في حنايا القلب سجاده
ويشاغب نجوم اهل الليل ويملي      ويفتح لي ابواب حصنه وادخل بلاده
وانا اتركه في ربيع الخافق يفلي      مشاعري كلها لرضاه منقاده
يا كبر جرحي من الهجران يا غلي      ما عاد جاني من الاحباب نشاده
حمام الاحباب ..سلم لي علي خلي      لان ازعله صار هاليومين بزياده","قصيدة ""حمام الأحباب"" تعبر عن وجع الفراق والكبرياء الجريح، حيث يودع الشاعر ""فزاع"" حبيبه ""يا خلي"" قبل رحيله، محذراً من ازدياد الإزعاج في الأيام الأخيرة. يصف تحول الصدود من غضب عابر إلى عادة مقيتة، مفضلاً البعد رغم الإصرار على الوفاء والصفاء المتبادل، لكنه يكره صراع الحب الشاق. يصور قلب المحبوب كشمس هجر تحرق الظلال، بعناد يعصف بليونة الروح التي كانت تهلُّ له بـ""سجادة"" في حنايا القلب، تشاغب النجوم وتفتح أبواب الحصن في ربيع الخافق. يترك مشاعره رهينة رضاه، لكن جرح الهجران أفنى نشوة الأحباب، فيلجأ إلى ""حمام الأحباب"" سلاماً أخيراً، معلناً نهاية عهد الغلا بالكلمات المتكررة كصدى الألم المتواصل.","Cinematic medium shot of Fazaa (Hamdan bin Mohammed) in pristine white kandura and black bisht, his face etched with dignified heartbreak and wounded pride, standing on muted cyan-tinted cracked desert earth at twilight, wilting scattered desert roses and a single falcon feather symbolizing lost freedom, distant silhouette of Burj Khalifa against desaturated teal sky, volumetric rim lighting with cool blue-grey tones and soft amber accents, shallow depth of field with bokeh, shot on ARRI Alexa 65 with 85mm anamorphic lens, contemplative emotional atmosphere of separation and final peace, 8K photorealistic masterpiece, Apple TV+ documentary aesthetic, no text, no watermark, no women",,,,
95,حمايم,"شوقي حمايم والغناوي ربابه      غنت علي لحن الربابه حمايم
ياصاحبي بعض النوايا تشابه      والفعل يفرق بين بايع وسايم
ياللي حبيبك فيك زايد عذابه      دايم علي باله ولو كان نايم
قربك سعاده والمفارق كابه      مشاعرك ورد و غرامك نسايم
عزمت قلبك للغلا والرحابه      لو كان ما بين الحبايب عزايم
لو خافقك يفتح ل ( فزاع ) بابه      لقيت قلبه عن هوي البيض صايم
ولو ان احاسيس القلوب تشابه      سمحت لي كل الذنوب العظايم
القلب لك روض خضر ما وطا به      الا غلاك اللي احييه .. دايم
اعذر حبيبك لو يطول غيابه      من طول الغيبات جاب الغنايم","قصيدة ""حمايم"" لفزاع، ملحمة شوقٍ عذب تغنيها ربابة الغناوي، تعبر عن حبٍّ يتجاوز النوايا المشابهة إلى فعل الوفاء الحقيقي. يخاطب الشاعر حبيبه برفق، مؤكداً أن قربه سعادة ومفارقته كآبة، وأن قلبه روضٌ خضر يرويه غلاّه دائماً. يبرز نبل ""فزاع"" الذي يصوم عن هوى البيض لأجله، طالبًا العذر للغياب الطويل الذي يعود بالغنائم، في تناغم بين الورد والنسائم والرحابة الواسعة. تكرار الأبيات يعزز إيقاع الشوق الدائم، رمزاً للحب الذي يُحيي القلوب ويُسامح الذنوب العظام.","Cinematic medium-wide shot of Sheikh Hamdan bin Mohammed (Fazaa) standing alone in a contemplative pose on a muted cyan-tinted desert terrace at twilight, gently tracing the rim of a traditional Dallah coffee pot as if pouring a drink for an absent beloved, face etched with deep longing and poetic melancholy, wearing pristine white kandura and black bisht with subtle Sadu embroidery, wilting desert roses and wisps of incense smoke curling upward near his chest, volumetric golden-hour rim lighting with cool blue-grey tones and warm amber highlights, shallow depth of field with bokeh, shot on ARRI Alexa 65 with anamorphic lens flare, contemplative and emotionally resonant atmosphere, 8K photorealistic cinematic masterpiece, Apple TV+ premium documentary aesthetic, no text, no watermark, no women",URL,"زايد,فزاع",https://d2p7pge43lyniu.cloudfront.net/output/7559f347-6828-4e8a-806d-3e247345ff27.jpeg,eb5bec6a75fc4a07af6333343bb39f59
96,خذ من الشاعر كلامه,"لا تحسب ورود تنثر لك غلا وتفله      والبحر عشرين ونجومه وضحك هلاله
تعتقد اني انا ميت ..وانا لا والله      انا لا ميت حبيبي لا ولا الله قاله
لي يبي يقرب خفوقي ما يجيني بزله      زله اسمح لها ومن عقبها بزواله
كان عندك هرج باتقوله لقلبي قله      وش علينا بهرجه المسكين واللي قاله
ما عرف شي _ في بالي لا بغيت اوصل له      ويذكر اسمي يومها وبحله وبترحاله
من يحب بحب ضايع قلت الله شله      ضاع واللي ضاع عندي احتياط بداله
والله لا احذفه انا ويصير حرف العله      يالين ما يضحك عليه ابليس قبل عياله
لي مسج يكتب في بالي وعقبها ارسل له      ويدخل بشاشات حبه وينحرق جواله
من خباله الخباله نيه ناو له      ولا بغيت ازيد شاف خبال غير خباله
ارفعه وارجع اذله وارفعه واذله      لين اسمع مرتين باذني ياهي حاله
ولو بغاني هو رقي لي والا انا ما انزل له      لا له انزل لا له و لا الف من اشكاله
ذا طريقي من عرفتك والطريق تدله      والطريق اللي تدله لازم ان تسعي له
خذ من الشاعر كلامه والا حبه خله      انا احبك .. لا حبيبي لا ولا الله قاله","قصيدة نبطية حادة لـ""فزاع"" بعنوان ""خذ من الشاعر كلامه""، تُعلن فيها رفضاً قاطعاً للحب الزائف والكلام الهرجي، محذرةً المحبوب من الوهم بأن الشاعر ""ميت"" أو ميال للاستسلام. يصور الشاعر نفسه قوياً كالبحر العشرين ونجومه، يسامح الزلة مرة لكنه يُذل الخائن مراراً حتى يُهان، رافضاً الاحتفاظ بمن يضيع حبه أو يُرسل رسائلاً تحرق الشاشات. يؤكد طريقه الثابت: ""أنا أحبك لا حبيبي لا ولا الله قاله""، مطالبًا باتخاذ كلامه جدًا أو ترك الحب خاليًا، في إيقاع يجمع بين الغضب الشعري والكبرياء الإماراتي، مع تكرار الأبيات لتعزيز الصور الدرامية كالرفع والإذلال والضحك الشيطاني.","Cinematic medium shot of Sheikh Hamdan bin Mohammed (Fazaa) in pristine white kandura and black bisht with gold embroidery, his face etched with fierce poetic anger and unyielding pride, standing on muted cyan-tinted desert dunes at twilight, scattered wilting desert roses and cracked earth symbolizing broken illusions, distant falcon silhouette against desaturated teal sky, subtle incense smoke wisps rising from a traditional dallah, volumetric rim lighting with cool blue-grey tones and soft amber accents, shallow depth of field with bokeh, shot on ARRI Alexa 65 with 85mm anamorphic lens, dramatic emotional atmosphere blending poetic rage and Emirati nobility, 8K photorealistic masterpiece, Apple TV+ documentary aesthetic, no text, no watermark, no women",,,,
97,خلاص يعني,"خلاص يعني كل شي انتهي وراح      خلاص يعني ما بقينا حبايب
يعني وعودك كلها كانت مزاح      والا انت مالك في المحبه رغايب
وين العهود و وين لحظات الافراح      يعني تلاشت مع هبوب الهبايب
القلب بعدك من له اليوم يرتاح      من بعد ما هو في محبتك ذايب
ياما علي شانك تحملت الاجراح      وياما جروحي من صدودك عطايب
سرقتني عن جمله الناس يا صاح      والفكر عندك ماخذنه نهايب
خلك يحبك يا بعد سيد الملاح      ان رحت عنه راودنه مصايب
خلك معه دام الهوي حيل نضاح      والواش رده يا هوي البال خايب","قصيدة ""خلاص يعني"" نبطية حزينة تعبر عن انهيار حبٍّ تلاشت فيه العهود والأفراح مع هبوب الرياح، تكشف عن خيانة الوعود المزاح والصدود القاسي الذي ذيّب القلب وأغرق الفكر. يلوم الشاعر ""فزاع"" المحبوبة على سرقته عن الناس وإثارة الجروح العطاء، معبراً عن تحمُّل الألم طويلاً قبل الاستسلام للهجر. يتردد النداء اليائس: ""خلك يحبك.. خلك معه""، محذِّراً من مصايب الفراق لقلبٍ يهوى بنضاح، في إيقاعٍ متكرِّر يعكس الوجع الدائري والفقدان الأليم.","Cinematic close-up of Fazaa (Hamdan bin Mohammed) in pristine white kandura and black bisht with gold embroidery, his face etched with deep heartbreak and weary resignation, standing on cracked desert earth at twilight, scattered wilting desert roses and sand slipping through fingers symbolizing lost time and pain, distant falcon silhouette against desaturated teal sky, subtle incense smoke wisps rising from a broken khanjar, volumetric rim lighting with cool blue-grey tones and soft amber accents, shallow depth of field with bokeh, shot on ARRI Alexa 65 with 85mm anamorphic lens, contemplative emotional atmosphere of circular sorrow and longing, 8K photorealistic masterpiece, Apple TV+ documentary aesthetic, no text, no watermark, no women",,,,
98,دراهم,"تحبني .؟ والا تحب الدراهم ؟      اختار لك وحده علي شان ما تضيع
علاقه ما تنبني بالتفاهم      حتي تحت نور القمر يمكن تميع
وتري هل الحب الحقيقي تراهم      مشجعين احساسهم دون تشجيع
صغيرهم يدري بقيمه غلاهم      لا يمكن تحصله معروض للبيع
مزروع في قلبي غلاك وعساهم      فدوي لبستانك وحصد المزاريع
مداك مايشبه في عيني مداهم      ياظبي .. ياللي مرتعك في المرابيع
اذا زماني مانصفني .. واذا هم      يبغونني انثر دموع التواديع
للحين بعده ماوصل مستواهم      لمستوي شقر الحرار المطاليع
صغار وعيوني لا يمكن تراهم      ماهي تشوف الا النجوم الملاميع
البحر والا الموت .. انا كلاهم      اغرقهم واحذفهم ليابس الريع
الا اذا شفتك معاهم مساهم      كنك تقطع قلب مغليك تقطيع
لك محتوي يطغي علي محتواهم      ويزيدني شوق ومحبه وتلويع
انت القمر والشمس والا احداهم      انت الورود اليانعه والينابيع
اهل الحروب تجر لاجلك حداهم      واهل الطرب تعزف لك اللحن تنويع
والاتقياء موحدين _ دعاهم      يحفظك ربي من عيون المقاليع
فرع وعلم هالبنات اش بلاهم      احيا بك الموتي ياسيد المفاريع
في ارضهم جنه، نجم في سماهم      اذاعه اهل الحسن بوصوفك تذيع
من دون تطلع ، تراك احلاهم      واذا طلعت تصدع الناس تصديع
لكن لا تبعد بفكرك معاهم      لا الوصل يشرونه ولا الشوق للبيع
لو كل حاجه تنشري بالدراهم      كان اشتريت العمر قدام ما يضيع","قصيدة ""دراهم"" لفزاع، ملحمة حب نبيل تتحدى الماديات، حيث يواجه الشاعر حبيبته باختيارٍ حاسم: هل تحبيني أم الدراهم؟ يرفض علاقات التميع تحت القمر، مؤكداً أن الحب الحقيقي غير مشجّعٍ ولا يُباع، مزروعٌ في القلب كغلاءٍ لا يُحصَل. يصور المنافسين كصغارٍ رخيصين في المرابيع، بعيدين عن مستوى ""شقر الحرار""، فهو يغرقهم في البحر أو الموت إلا إذا شاركتهِ، فتقطع قلبه. يمجّد المحبوبة كقمرٍ وشمسٍ وينابيع يانعة، تجذب الحروب والطرب والتقوى، نجمةً في سمائهم تجنةً، تفوقُهم محتوىً وجمالاً يصدّع النوى. يحذّر من بيع الشوق بالمال، متمنياً شراء العمر قبل الضياع، في تأكيدٍ للوفاء الأصيل فوق الزائل.","Cinematic close-up of Fazaa (Hamdan bin Mohammed) in pristine white kandura and black bisht with gold embroidery, his face etched with dignified sorrow and fierce loyalty, standing on muted cyan-tinted desert dunes at twilight, scattered wilting desert roses and cracked earth symbolizing the pain of unrequited love, distant silhouette of a noble falcon against desaturated teal sky, subtle incense smoke wisps rising from a traditional dallah, volumetric rim lighting with cool blue-grey tones and soft amber accents, shallow depth of field with bokeh, shot on ARRI Alexa 65 with 85mm anamorphic lens, contemplative emotional atmosphere celebrating true love over material wealth, 8K photorealistic masterpiece, Apple TV+ documentary aesthetic, no text, no watermark, no women",,,,
99,دروب الارانب,"احيان يطري لي علي كل الاوقات      واحيان يلعب مثل لعب الارانب
هذي نهايه من بدايه نهايات      كنها نهايه يوم غالب وطالب
مثل القمر ما يطلع بكل الاوقات      مره بجانب ومره عكسه بجانب
هذي الامور اللي مثلها مخيفات      مثل الاراضي اللي خذوها الاجانب
عبروا مسافه ، عبروا كل المحيطات      والقصد واحد ، كل يبغي مطالب
حد _ طلع دكتور يحمل شهادات      وحد _ علي كرسيه مازال طالب
اتبع اثرها ع الندا لو غبيات      ما اظن تسلم من سموم المخالب
ما ينخلط وصف الردي بالمروات      من يقدر يجمع كل موجب بسالب
الوقت ما يرجع علي بعض الاوقات      اليوم لو مغلوب فيه يوم غالب
افهم وفكر في رموز الاشارات      تري اعرف دروب حفر الارانب","قصيدة ""دروب الأرانب"" تأمل فلسفي عميق في تقلبات الدهر والحياة، حيث يشبه الشاعر الزمن بلعب الأرانب الماكرة: أحياناً يطري وأحياناً يخدع. يصور النهايات المتداخلة كيوم غالب وطالب، والقمر المتغير، محذراً من الأمور المخيفة كغزو الأجانب للأراضي عابرين المحيطات لطلب المطالب. ينتقد التناقضات البشرية – دكتور مشتهر مقابل طالب جالس – ويحذر من اتباع آثار الغبيات المليئة بسموم المخالب، فالردي لا يخلط بالمروءة، والوقت لا يعود. يدعو لفهم رموز الإشارات واكتشاف دروب حفر الأرانب، رمزاً للخداع والمكر في سبيل البقاء.","Cinematic medium shot of a distinguished Emirati scholar in pristine white kandura and black bisht, his face etched with profound philosophical contemplation and subtle melancholy regarding the fleeting nature of time, standing on muted cyan-tinted cracked desert earth at twilight, scattered wilting desert roses and a single distant falcon feather symbolizing freedom amidst deception, faint wisps of incense smoke rising from a traditional dallah nearby, volumetric rim lighting with cool blue-grey tones and soft amber accents, shallow depth of field with bokeh, shot on ARRI Alexa 65 with 85mm anamorphic lens, moody atmospheric quality reflecting the poem's warning against cunning and foreign intrusion, 8K photorealistic masterpiece, Apple TV+ documentary aesthetic, no text, no watermark, no women",,,,
100,دلال و مسند,"شف دمعتي تنتحر لمواصلك يا بعدي      من كل دمعه معي لهفه تسلم عليك
من عيني اللي ذبحها بعدك السرمدي      ومن قلبي اللي يبيع العالم ويشتريك
يا اجمل صدف عمري لهجران ذكره ردي      لا تغيب وتطول الغيبه وانا محتريك
تروي ضما قلبي اطلاله ثغرك الندي      سكنت قلبي ولا لك في الحنايا شريك
ياطول ليلي ما بين دلالي و مسندي      مشتاقه يديني الثنتين ضمه يديك
تعال باموت في يدك وانت موت ف يدي      الموت لذه ما دام الموت منك وفيك
غلاك مهره في ميدان الملوك تعدي      تهز عرش الملوك ويهتويها المليك
يا سيد العشق لا يطول الهجر يابعدي      تري عيوني من اللهفه تسلم عليك","قصيدة ""دلال ومسند"" ملحمة عشقية نابضة، يصف فيها ""فزاع"" الشوق الجارف للحبيب ""يا بعدي""، حيث تنتحر الدموع لهفةً تسلم عليه، والعين مذبوحة بغيابه السرمدي، والقلب يبيع العالم ليشتريه. يتوسل عدم الغياب الطويل، فثغره الندي يروي الظمأ، وسكن الحنايا وحيداً، طول الليل بين الدلال والمسند يشتاق لضم يديه. يقترح موتاً متبادلاً لذيذاً في يديهما، وغلاه مهرٌ يهز عرش الملوك. تكرار البيتين الافتتاحيين يعزز النداء المتأجج، صور حسية للفراق والوفاء تجعلها لوحة بصرية للعشق الملكي.","Cinematic close-up of Fazaa (Hamdan bin Mohammed) in pristine white kandura and black bisht with gold embroidery, his face etched with intense longing and heartbreak as he gazes into the twilight, standing on muted cyan-tinted desert dunes where cracked earth symbolizes separation, a single wilting desert rose rests near his hand representing painful beauty, distant silhouette of a falcon against desaturated teal sky, subtle incense smoke wisps curling around him, volumetric rim lighting with cool blue-grey tones and soft amber accents highlighting his tear-streaked cheek, shallow depth of field with bokeh, shot on ARRI Alexa 65 with 85mm anamorphic lens, contemplative emotional atmosphere of royal love and eternal absence, 8K photorealistic masterpiece, Apple TV+ documentary aesthetic, no text, no watermark, no women",,,,
101,دموع المحبين,"منابع دموع المحبين عيني      تبكي علي نفسي وتبكي علي الغير
وعن الغلا يا ساريه خبريني      هل عاد له في قلوب الاحباب تاثير
قلب الفراق اللي غدي له حنيني      ضميان والقصه ماهي جمه البير
لكنها شوق يدفه ضنيني      يالله عساها ما تطول المشاوير
نوارتي .. تجمعي واجمعيني      وتغطرسي علي جميع النواوير
مالي عذر حتي اقول اعذريني      بس احفظي تركيبه البيت الاخير
اشرف مثل مقاصده تحتويني      قل العطا .. ولا كبار المعاذير
خلي علامات الشقا في جبيني      عطر وبساتين وورود وعصافير
ابي اشوف العيد في مقلتيني      واركب لقلبي جناحين واطير
وابي اعيش العمر ما عاد فيني      اصادم الايام والا المقادير
يا مشغله خط الغرام اشغليني      تراي جوال بليا فواتير
تمردي علي النظر وسط عيني      وتعددي علي وجيه الجماهير
لان المنام اللي بغيته يجيني      عيا يجيني لين مسيت بالخير","قصيدة ""دموع المحبين"" نبعٌ من عيون الشوق الدامي، حيث يرثي الشاعر ""فزاع"" قلبه الدامع على نفسه وعلى الغائبين، مستفهماً عن بقاء الغلا في ضمائر الأحباب. يصف الفراقَ ضمياناً يدفعه حنينٌ ضنين، متوسلاً المحبوبة ""نوارتي"" أن تجمعه به وتغترس على النواوير، محفوظةً تركيبَ البيتِ الأخيرِ من حبه. يطلب تحويلَ علاماتِ الشقا في جبينهِ إلى عطورٍ وبساتينَ وورودٍ وعصافيرَ، ليشهدَ العيدَ في مقلتَيْهاِ ويطيرَ جناحَيْ قلبِهِ، عابِثاً بالأيامِ والمقاديرِ. يدعوها لمشغلةِ خطِّ الغرامِ بلا فواتيرَ، متمرِّدَةً على الجماهيرِ وسطِ عَيْنَيْهِ، حتى يأتيَ المنامُ المُرْغَوْبُ ويُسْرِيَ بالخيرِ. ملحمةُ وجْدٍ تُحَوِّلُ الدموعَ إلى أجنحةِ أملٍ، مُكَرَّرَةً لتُعْمِقَ الوجْدَ والتوسُّلَ.","Cinematic close-up of Fazaa (Hamdan bin Mohammed) in pristine white kandura and black bisht with gold embroidery, his face etched with deep longing and poetic sorrow, standing on muted cyan-tinted desert dunes at twilight, scattered wilting desert roses and cracked earth at his feet symbolizing heartbreak, distant falcon silhouette against desaturated teal sky, subtle incense smoke wisps rising from a traditional dallah, volumetric rim lighting with cool blue-grey tones and soft amber accents, shallow depth of field with bokeh, shot on ARRI Alexa 65 with 85mm anamorphic lens, contemplative emotional atmosphere of undying love and hope, 8K photorealistic masterpiece, Apple TV+ documentary aesthetic, no text, no watermark, no women",,,,
102,خير الكلام,"اذا شفت الزمن مقفي .. بعينه نيه التجريح      رهنت النفس للعليا الين تموت مرهونه
تري خير الكلام الذكر واشرف مفرده تسبيح      ودنيتنا قصيده ، واعتقد ماهي بموزونه
يطيح المزن لكن السحابه ثابته ما تطيح      مثل مداتنا لامن عطينا جات مضمونه
وانا ماني بطير صاده القناص بالتلويح      انا طير علي الغيمه يحوم ولونها لونه
من التلميح ما يكفي عن الشرح ومن التلميح      مايجرح لي زوايا خافقي ويحطم ركونه
قصيدي كان ما بكي السحاب ولا استثار الشيح      يمين الله .. لا اطبع بنات الفكر من دونه
اعسف القاف للمعني مثل عسفي ببنات الريح      وتجي قافي مثل شيخ بني عمه يحشمونه
انا اعشق بكل احساس لكن مستحيل اصيح      انا لي هامه عيت تطيع الذل .. مجنونه
انا سدي حفظ سر الكلام ولا احب ابيح      وعذالي تعرف ش قيمتي في روح مغبونه
عجزت اداوي اهات الشعوب وفكره التسليح      واذا جيت اشعل اهرام الظلام يموت فرعونه
واذا عيا علي الظامي نهر دجله وعين السيح      من يلوم الحزين ليا انتثر دمعه من عيونه
ابا اشبح دام ما يقبل ميول الفكره التصحيح      وابا ارقي للنجوم اللي تبا موتي علي هونه
تري طعن الظهر غادر ولا يحتاج له تصريح      ولدغات الحنش تقتل وخص ان جات مدفونه
يقال ان الاساطير القديمه ما تبي تنقيح      وسنون سممت تقتل ولو ماهي بمسنونه
انا ما خفت من برد الضلوع وقسوه التبريح      انا الفظ كل زفرات الغلا واللي تعرفونه
انا اخاف انثر بيوت القصايد في مهب الريح      واجرح مهجه الاحساس والقيفان ملعونه","قصيدة ""خير الكلام"" ملحمة نبطية عميقة لفزاع، تُعلن رهن النفس للعليا أمام زمن التجريح، مفضلة ذكر الله وتسبيحه على الكلام الدنيوي غير الموزون. يصور الشاعر ثبات السحاب رغم مطر المزن، كمدى الوفاء المضمون، ويعلن نفسه طائر غيمة يحوم بعيداً عن قناص التلميح الجارح. يرفض الشعر ما يبكي السحاب أو يستثير الشيح، معتسفاً القافية للمعنى كعسفه لبنات الريح، محافظاً على سر الكلام في سدّ الصدر. يعبر عن عشق حسّي دون صياح، وعجزه عن داوي أهات الشووب أو إشعال أهرام الظلام، متحدياً طعن الظهر ولدغات الحنش والأساطير السمّة. يخشى إنثراء بيوت القصائد في مهب الريح، محذّراً من جرح مهاه الإحساس، مؤكّداً شجاعة الفظّ أمام برد الضلوع وقسوة التبريح، في عهدٍ بالكرامة حتى الموت مرهونة.","Cinematic medium shot of Fazaa (Hamdan bin Mohammed) in pristine white kandura and black bisht with gold embroidery, his face etched with dignified contemplation and spiritual resolve, standing on muted cyan-tinted desert dunes at twilight, scattered wilting desert roses and prayer beads at his feet symbolizing devotion, distant falcon silhouette against desaturated teal sky, subtle incense smoke wisps rising from a traditional dallah, volumetric rim lighting with cool blue-grey tones and soft amber accents, shallow depth of field with bokeh, shot on ARRI Alexa 65 with 85mm anamorphic lens, contemplative emotional atmosphere honoring the sanctity of speech, 8K photorealistic masterpiece, Apple TV+ documentary aesthetic, no text, no watermark, no women",,,,
103,ديره الغربه,"الله يسامحك علي كل ما جاني      القلب لعيونك الثنتين اعذر به
والا طموحي في راسي واسال امتاني      اكبر من اللي علي شرواك اجاهر به
تذكرني ايام سعدي وتناساني      في الضيق والهم واللوعات والكربه
تدري وش الغربه ؟ اني داخل اوطاني      واعيش مثل الغريب بديره الغربه
لا تعتذر عذر ما يقنع علي شاني      وان كان به عذر تكفي لا تعذر به
شخصي ومبدع ومجنون واناني      وشفايفك جمر يحرق والهدب حربه
خصر يهز القلوب وعود رياني      يحقق اكبر طموحات النظر وربه
لكن تذكر بان ابن ادم ثاني      والكبر صاحبه له يوم يحدر به
في الحب ساير تعيش الحب وحداني      وتحارب الناس عقلك ما تفكر به
لا عاد تسال من الاول من الثاني      والا من اللي خفوقي يفرح بقربه
الاول اللي يعاني مثل ما اعاني      وليا شعرت بلذيذ الشوق يشعربه
واللي خفوقي علي شوفته طرباني      كل الدروب العفيفه تطمح لدربه
والا انت مالك حبيب مثل حمداني      لو درت في الكون من شرقه الي غربه
ليه اتحداك .. لا قمت تحداني      وانا مقامي علي النجمات افاخربه","قصيدة ""ديرة الغربة"" ملحمة عاطفية لفزاع (حمدان بن محمد)، يعبر فيها عن ألم الغربة داخل الوطن نفسه، حيث يعيش كغريب بسبب هجر المحبوبة رغم جمالها الساحر: شفاه جمر، هدب حرب، خصر يهز القلوب، عود ريان. يسامحها القلب لعيونها الثنتين، لكنه يرفض عذرها غير المقنع، مؤكداً طموحه العالي وكبريائه الذي يفوق شرواها. يصف نفسه شخصاً مبدعاً مجنوناً أنانياً، يعيش الحب وحداناً محارباً للناس بعقله، غير مهتم بالأول أو الثاني، فكل عاشق يعاني الشوق كما يعاني. يحذرها من الكبر الزائل، ويتباهى بمكانته النجمية، متحدياً أحداً يفوق حبيبه مثل حمداني في الكون كله. تكرار الأبيات يعزز الوجع الدائري للغربة العاطفية في ربوع الإمارات، مزيج من الفخر والحزن والوفاء.","Cinematic close-up of Sheikh Hamdan bin Mohammed (Fazaa) in pristine white kandura and black bisht with gold embroidery, his face etched with dignified heartbreak and defiant pride, standing on muted cyan-tinted cracked desert earth at twilight, scattered wilting desert roses and a single falcon feather symbolizing noble solitude, distant silhouette of Burj Khalifa against desaturated teal sky, subtle incense smoke wisps rising from an Arabic coffee pot, volumetric rim lighting with cool blue-grey tones and soft amber accents, shallow depth of field with bokeh, shot on ARRI Alexa 65 with 85mm anamorphic lens, contemplative emotional atmosphere blending patriotism and longing, 8K photorealistic masterpiece, Apple TV+ documentary aesthetic, no text, no watermark, no women",,,,
104,ديمقراطي,"تصدق مابقي له شي في باله من الافكار      عجز يخفيه في صدره كلام الحق ويلمه
عجز يقطف ورود الفل ويظلم ورده النوار      لاجل ما يكسب الاذان يطري له ولد عمه
اذا ما عاش ليله ليل ولاعاش النهار نهار      ليا صبحه غدي ليله ونور الصبح مظلمه
واذا ماعاش مستقبل يعيش اليوم بالتذكار      يعيش الحاضر الماضي يهمه بس مايهمه
ديمقراطي يعبر عن كلامه عاش باستقرار      يوم القلب لافكاره واذا وم الفكر ومه
وانا ما جبتها لك سحب الا في سما الامطار      سحاب لا بغي يمطر دموعه اندفق دمه
سحاب من دموع الموت هالك يروي الانهار      روي نهره ونبت ورد عجز يقطف ولايشمه
جبل صامد قوي عزمه كبر حتي بدي ينهار      عقب ما كان في العالي تهاوي من علي القمه
بدي يصغر يالين اصبح حجر يلعب بيدين صغار      تبعثر والطفل ينثر حصاه ويرجع يلمه
نصيحه قلتها احذر تعاكس جارف التيار      صعب تامن في بحر الوقت لاموجه ولا يمه
ونصيحه لاتذيكا لك علي ناس اذكيا شطار      تري بعض البشر تحسب بلا روح وبلا ذمه
وانا لا ماعلي الا اقول الحق مهما صار      تريد الحق خذ قولي ولا تاخذ ولد عمه
انا قلت النصيحه لك واعيد الدار غير الدار      وافاعيها تريا بس لحظه غدر وتسمه
انا ماجيتها لك سحب الا في سما الامطار      واذا زم البحر موجه لك الله ردها زمه","قصيدة ""ديمقراطي"" نقدٌ لاذع للمنافق الذي يخفي عجزه عن قول الحق خلف كلامٍ زائف، يطري لـ""ولد عمه"" لكسب الآذان، مفضلاً الظلام على النور والهجرة للماضي على المستقبل. يصوره الشاعر سحاباً دموعه دمٌ، جبلاً ينهار من القمة ليصبح حصىً يلعب به الأطفال، رمزاً للسقوط من العز إلى الذل. يحذر من تعاكس التيار وعدم الثقة بذوي الشطارة بلا ضمير، مؤكداً إصراره على الحق: ""خذ قولي لا تاخذ ولد عمه"". تتكرر الصور الطبيعية –سحب الأمطار، جارف البحر، ورد الفل– لتعزيز الدرس الأخلاقي في وفاء النفس الصادقة وسط زيف العصر.","Cinematic medium shot of a distinguished Emirati scholar in pristine white kandura and black bisht with gold embroidery, his face etched with stern moral conviction and piercing wisdom, standing on muted cyan-tinted desert dunes at twilight, scattered wilting desert roses and cracked earth symbolizing the collapse of hypocrisy, distant falcon silhouette against desaturated teal sky, subtle incense smoke wisps rising from a traditional dallah, volumetric rim lighting with cool blue-grey tones and soft amber accents, shallow depth of field with bokeh, shot on ARRI Alexa 65 with 85mm anamorphic lens, contemplative yet authoritative atmosphere, 8K photorealistic masterpiece, Apple TV+ documentary aesthetic, no text, no watermark, no women",,,,
105,ذيب عوي,"البارحه غنيت انا بنشوده      وعبرت في حدودي وجيت حدوده
عز الله ان الدار هذي داري      وعز الله ان النود نفحه نوده
اسلوبها فكري وهي فكريه      ايعرفها النقاد من منقوده
وطريقها علي الجهات الاربع      اللي في وجهي ماهي بمسدوده
اذا قراها الشاعر المتمكن      تناسب احساسه وتدخل موده
من كل بستان اتنقي ورده      بستاني الشعري يا كثر وروده
الارض يمكن ثمرها باينبت      وهي الاراضي كلها مسموده
بغيتها برحي باتطلع برحي      وبغيتها ( عجوا ) ثمر عنقوده
اشب ضوي فوق ضلع المعني      وجزايلي مثل الغضا مرموده
اسبح بحور الشعر واحد واحد      معاي طاقه ماهي بمحدوده
تلمع بروق افكاري الشعريه      وخيالي الجامح تدن رعوده
بين المراكز الاوله لي مركز      انا لها في الليله المشهوده
اكسر التيمات لو هي ريخا      وانته ولا تكسر وهي مشدوده
لاني مضمر شعر عندي خبره      ما افحم الحايل مع المفروده
وهذي القصيده لو بتطلع بكره      اما علي شاهين او سلهوده
ادخل براس المال واعرف ربحي      قدام ما يدخل علي مردوده
يوم اصهلت خيل المعاني قالت      سلام لك يا (محمد النابوده)
اللي غيابك عن حضورك يكفي      وذكرك ذعاذيع النسيم تقوده
اطلع معي فوق السحاب نسولف      وكلمات من مثلي تجي معدوده
ويعدها الرواي كلمه كلمه      مابه ولا كلمه ما هي مقصوده
كل ذوي نعمه بنعمه يحسد      وانا زعيم العالم المحسوده
عسي فعولي في عيون امثالك      مقبوله ومشكوره ومحموده
الي هنا والوقت يجري يجري      معدود وايام البشر معدوده
ذكرت عاد وقلت سبحان الله      وش صار في عاده وفي ثموده
الكبر يهدم والتواضع يبني      والوصل يحيي والهجر وش فوده
مضيع الثروه محب الثروه      كنه يدور حاجه مفقوده
ولا خذا منه البخيل الممسك      رغم عقاراته وكثر نقوده
واللي ما ياخذ عمره من ايامه      والا بتاخذ من جسده الدوده
اللي كفوفه جايده من خيره      تجود و تجود العرب من جوده
اللي جيوبه من كفوفه تشكي      دايم ملا كفوفه وهي مضهوده
من كثر ما كفه تجي م المده      وينام وكفوف السعد ممدوده
ما قاله الله في الكتاب المنزل      ما ينكره انجيله و تلموده
وما نقصنا لامرء _ متصدق      قل للزهيد ونفسه المزهوده
عزمه علي الظلع الكبير يرزه      ما بين اسباعه وبين فهوده
لو تربط الاجسام بالافعالي      لقيت افكار العرب معقوده
العقل منهج مختلف في ذاته      عن منهج الواقع وكل بنوده
قد يكبر ف عينك كبير بحجمه      او يصغر ف عينك صغير بعوده
وفي قصه النمرود من وحي الله      اللي تمادي في كبر معبوده
من البعوض ارسل عليه بعوضه      اذلت النمرود بين جنوده
ومن قال ما يقدر يكوده وقته      قولوا لي البعوض كيف يكوده
اكبر مافي عين الفقير الدرهم      اللي رضا بحظوظه المقروده
واصغر مافي عين الغني الحاجه      لو انها كبر الجبل مشهوده
اراءهم وافكارهم مختلفه      كل _ حسب تفكيره ومجهوده
والانسان يولد طفل ماله حيله      مولود وايامه معه مولوده
يصارع ايام الزمان البايد      واليوم لا من راح ماله عوده
يهز بزنوده ركون الدنيا      عايش علي ذكري فعول جدوده
وهو عن جدوده مقصر فعله      لو طلع بوجه الزمان زنوده
من راح من عمره ثلاث ارباعه      قعد يفكر في القبر ولحوده
ولا جلس تصعب عليه القومه      وان قام كفه بالعصا مسنوده
الموت واقع والمقدر واقع      والناس لو طال العمر موعوده
والعالمي نظرته حول العالم      ماهيب في جو البلد وحدوده
مقدام .. من خلا الرجال اخلافه      وينقاد .. لي خلا الرجال تقوده
قدام لا بو الخطوه الخوافه      ولا ابوه قلب ما يحث عضوده
كم رجل باروده حما من دونه      واخر حياته يذبحه باروده
والناس عن شوف الصحيح الجارح      مصدده وعيونها مرموده
عسي عيوني عن حقايق غيري      ماهي بمرموده ولا مصدوده
هي هكذا الدنيا ، وذي لعبتها      ف ايامها واحداثها المعيوده
تحدنا .. وتردنا .. ياساتر      علي المسدد لا يبيح سدوده
ضلع الشموخ متعب الرقايه      نزوله اهون وايد من صعوده
استقرء المستقبل بامعاني      في حاضر _ دلايله موجوده
لو ان ذا الدنيا مافيها ناقص      ما كان راعي الزود شفنا زوده
هذا شعور الشاعر اللي غني      بعيد عن عين الغضي وخدوده
ذيب عوي من فوق ضلع عالي      صداه ياصل في الجبل ببروده
عسي عواه اذا عوي من ضيقه      ياصل سموع محمد النابوده","قصيدة ""ذيب عوي"" ملحمة نبطية حماسية لفزاع، يمجّد فيها موهبته الشعرية الجامحة كذئب عويٍّ من ضلعٍ عالٍ، يسبح بحور الشعر بطاقة لا حدود لها، وينتقي وروداً من كل بستان ليبني قصائده التي تخترق الجهات الأربع وتدخل مودة الشعراء المتمكنين. يوجه نداءً خاصاً إلى ""محمد النابودة""، يدعوه للصعود فوق السحاب للحوار، مؤكداً أن غيابه عن حضوره يكفي، وذكره يقوده نسيم الذعاذيع. يتدفق النص حكمة حياتية عميقة: التواضع يبني والكبر يهدم، الجود يخصب والشح يفقر، مستذكراً عاد وثمود والنمرود الذي أذله الله بعوضة، ومؤكداً أن آراء الناس تختلف بحسب جهودهم، والإنسان يولد ضعيفاً ليصارع الزمان حتى الموت الموعود. ينتهي بفخر الشاعر ""الغني"" بعيداً عن الغضب، عواؤه يصل الجبال ببرودة، متمنياً أن يبلغ سمع محمد النابودة في ضيقه، رمزاً للشموخ والحكمة الشعرية الخالدة.","""Cinematic medium-wide shot of Sheikh Mohamed bin Zayed (Bo Zayed) and Sheikh Mohamed bin Rashid (Bo Rashid) standing together in a dignified unity pose on a muted cyan-tinted desert terrace at twilight, both raising a traditional UAE flag in a slow tribute gesture while reciting poetry with solemn pride and visionary resolve, wearing pristine white kanduras and black bishts with intricate gold embroidery, distant falcon silhouettes and subtle incense smoke wisps curling upward, volumetric golden-hour rim lighting with cool blue-grey tones and warm amber highlights, shallow depth of field with bokeh, shot on ARRI Alexa 65 with anamorphic lens flare, contemplative and majestic atmosphere, 8K photorealistic cinematic masterpiece, Apple TV+ premium documentary aesthetic, no text, no watermark, no women""",,,,
106,رجل مثالي,"علي الله ما تغيبني الليالي      لو ان صدوف صكات الليالي
تنصاني وانا رجل عزومه      يصد بها النوايب ما يبالي
افل حجايه بوجه الكبيره      وتصغر من فضل ربي قبالي
واحب الطيب واللي يفعلونه      ويرخص من غلاهم كل غالي
ولولا حكمه الله ما خلقنا      وامر قد كتب اول وتالي
سالت الله كوكب في المجره      جعلت الطيبين من الرجالي
يحكمونه بحكم يهتني به      عزيز من عليه الوقت مالي
واذا قالوا مدوره السوالف      تري بعض النظم نظم خيالي
باقول الله يجمل من تجمل      وانا قبل الشعر رجل مثالي
وانا شاعر قصيدي فيه مني      طموحي واعتزازي واتكالي
لكن ياللي تعذربني تمهل      انا خوه رفيقي راس مالي
تنافسني بطول الظل لكن      ستر ظل الشجر ظل الجبالي
وانا لو اعتزلت الشعر لحظه      يموت الشعر في يوم اعتزالي
مقامي اشرف من ايه قصيده      اسويها علي الدرب ارتجالي
معي ذكر عليه ابني حضاره      وانومس به عمامي مع خوالي
ومعي ذكر الي منه سمع به      من الحكام واصحاب المعالي
كريم طيب راسه يقتدي به      ولا يلحقه شك ولا احتمالي
تنافسني عليه ويحتزم له      يدوس المستحيله والمحالي
تقزمت في عين اقزم مجرد      كبرت في عين كبار الرجالي
ومتي شدوا الرحال اشد عزمي      ومتي ما عزموا .. شدت رحالي
قدم رجلي علي الطرقه ما تتعب      اعرضها علي وعر الجبالي
معودها علي دوس المخاطر      وحملي ما تحمله الجمالي
وردت البير وعزومي قويه      توردني طويلات الحبالي
سليل المجد راع الطيب جدي      وابوي اللي بني صرح المعالي
نعز اللي تذري في ذرانا      يعيش بوسطنا امن وسالي
عرين الاسد يبقي له مهابه      نزف الروح دونه والغوالي
صغير القوم منا لا نخيته      تنهض مثل ابو زيد الهلالي
زمان الخف والحافر ثبتنا      وشيدنا العلم في راس عالي
بفضل الله في هالكون سدنا      نصرنا الله بعد عسر الليالي
سفينتنا رغم الاهوال ترسي      بفضل الله وقروم العيالي
عطانا الله من خيره وجدنا      عطانا عم الاقصي والموالي
تبالي من صروف الدهر قوم      ولكنا .. رجال لا نبالي
لكن نظرات افكاري بعيده      ابي ذكر يسمي لي لحالي
طموحاتي كذا والا بلاها      عزوم ما توصلني مثالي
تري الناس العزيزه يوم تسال      عن الرجال مضمون السءالي
تقول الرجل هذا ويش فعله      ماهي بتقول هذا ويش قالي
لو ان القوم بالهرج اغلبونا      يابو وجهين رعيان الحلالي
لكن لا تنفعل يا قلبي ياللي      طموحك اكبر من الانفعالي","قصيدة ""رجل مثالي"" ملحمة فخرية لفزاع، يمجّد فيها صفات الرجل الكامل: العزم الذي يصدّ النوائب، الطيب الذي يُرخص الغالي، والكرم الذي يُقتدى به من الحكام والمعالي. يتجاوز الشاعر الشعر إلى مقام أشرف، مبنيًا حضارة بذكر يسمع له العالم، سليل مجد جدّه راعي الطيب وأبيه باني الصرح. يواجه صروف الليالي بثبات جبلي، يدوس المستحيلات، يشد الرحال على المخاطر، ويحمّل الجمالَ عبءَ الأهوال، مؤكدًا أن الرجالَ لا يبالون بالدهر. يرفض الهرجَ والأقوالَ الفارغة، مفضّلاً الأفعالَ التي تبني ذكرًا خالدًا، ويختم بطموحٍ بعيدٍ يفوق الانفعال، صورٌ بصرية لأسدِ عرينٍ ينزف الروحَ دفاعًا عن قومه، وسفينةٍ ترسي رغم العواصف بفضل الله وقروم العيال. جوهرها: الرجولةُ فعلٌ وإرادةٌ، لا كلامٌ خياليّ.","Cinematic medium shot of Fazaa (Hamdan bin Mohammed) in pristine white kandura and black bisht with gold embroidery, his face etched with stoic determination and noble pride, standing on muted cyan-tinted desert dunes at twilight, cracked earth symbolizing resilience against storms and a single falcon feather floating nearby representing freedom, distant silhouette of a ship battling waves embodying steadfastness despite chaos, volumetric rim lighting with cool blue-grey tones and soft amber accents, shallow depth of field with bokeh, shot on ARRI Alexa 65 with 85mm anamorphic lens, contemplative heroic atmosphere, 8K photorealistic masterpiece, Apple TV+ documentary aesthetic, no text, no watermark, no women",,,,
107,رساله الي امي,"وش خانه دبي وبحرها      مادام شمس دبي ما حد
تبكي فيافيها وشجرها      والطير عيا ما يغرد
وزعبيل لي مظلم قصرها      مابه سوي صوت الصدي يرد
ونجوم تسال عن بدرها      لي ينير داجي الليل الاسود
ياشمعه الدار وسفرها      يا امي من الشوق اتوقد
ان كان شعري ماحصرها      الاشواق تظهر في التنهد
تجيب لي النسمه عطرها      لي يغار منه فايح الورد
القلب ينبض به ذكرها      وطيوفها في العين ترقد
الله يطول في عمرها      وتبقي لنا وبعمرها يمد
وعساه ما يطول سفرها      ولنا بخير انشا الله ترد","رسالة شعرية مؤثرة إلى ""هند بنت مكتوم""، أم ""فزاع""، تعبر عن الشوق الجارف لدبي وبحرها في غيابها، حيث تُشبّه الأم بشمس المدينة التي لا تُضاهى. يصف الشاعر حزن الطبيعة: تبكي الفيافي والشجر، يصمت الطير، يتردد صدى الزعبيل في قصور مظلمة، وتسأل النجوم عن بدرها المنير لليل الأسود. يشتعل الشوق في قلبه كشمعة، ينبض بالذكريات، وتُحيي النسيم عطرها الفوّاح الذي يغار منه الورد، بينما طيوفها ترقد في العين. يدعو الله بطول عمرها وبقائها سنداً، ويتمنى عودتها سريعاً بخير، مؤكداً أن دبي بلا شمسها خالية البهجة. قصيدة تكرارية تعزز الصور الطبيعية الوجدانية، تجسد الوفاء الأسري والحنين الإماراتي الأصيل.","Cinematic medium shot of Sheikh Hamdan bin Mohammed (Fazaa) in pristine white kandura and black bisht with gold embroidery, his face etched with deep longing and tender devotion as he gazes toward a distant horizon, standing on muted cyan-tinted desert dunes at twilight where the sea glimmers softly, scattered wilting desert roses and prayer beads at his feet symbolizing memory and patience, faint incense smoke wisps drifting upward, volumetric rim lighting with cool blue-grey tones and soft amber accents, shallow depth of field with bokeh, shot on ARRI Alexa 65 with 85mm anamorphic lens, contemplative emotional atmosphere honoring family bond and UAE heritage, 8K photorealistic masterpiece, Apple TV+ documentary aesthetic, no text, no watermark, no women",,,,
108,زايد,"تشوفون الشتا والصيف تشوفون السحب وامطار      تشوفون الشجر والطير وامن وخيرنا سايد
تشوفون الفرح ياللي يداعب ورده النوار      وفجر يا حلا صبحه نسيمه عطر متزايد
تشوفون البحر والبر ، جبال وتحتها انهار      تشوفون الاراضي كلها تزهر لاجل واحد
لاجل من وحد الدوله زعيم وقايد مغوار      ابونا وشيخنا زايد ومن مثله لنا قايد
بني مجد وبني عز وبني صرح الوطن باصرار      بني شعب تحت ظله فدي لهذا الوطن صامد
في عيده غنت الفرحه طرب واستبشرت به دار      وداره دام هو فيها ، نعيم و خيرها وايد
تهلي بعيده السامي وتسمو باسمه المختار      وزايد بالفعل زايد وزايد حبنا الخالد
انا اشهد بان ذا العالم اذا بيوم نوي يختار      حكيم يفخر باسمه ، نعم ماله سوي زايد","قصيدة ""زايد"" ملحمة وطنية خالدة ترفع رايات الفخر للمؤسس الشيخ زايد بن سلطان آل نهيان (عود، باني الدار)، واصفةً إياه بـ""أبونا وشيخنا"" الزعيم المغوار الذي وحد الدولة وبنى مجدها وعزها. يدور الشعر في حلقات متكررة تصور الطبيعة السامية –شتاءً وصيفاً، سحباً وأمطاراً، أشجاراً وطيوراً، بحراً وبرّاً، جبالاً وأنهاراً– كلها تتزهر وتغني في عيده، رمزاً للأمان والخير الذي يعمّ الوطن تحت ظله. يؤكد ""فزاع"" أن زايد بنى صرح الإمارات بإصرار، فداه شعب صامد، وفي داره نعيم ووفرة، مع حب خالد يسمو به العيد السامي. يشهد الشاعر أن العالم لو اختار حكيماً يفخر به، لم يجد سوى زايد، تجسيداً للحكمة والقيادة الأسطورية. صور بصرية نابضة بالفرح والعطر المتزايد، مثالية لملصق يجسّد الولاء الإماراتي الأبدي.","Cinematic medium-wide shot of Sheikh Zayed bin Sultan Al Nahyan (Zayed Al Khair) standing alone in a dignified, contemplative pose on a muted cyan-tinted desert terrace overlooking the horizon at twilight, gently placing a hand over his heart while gazing toward a distant, starlit skyline that subtly hints at modern UAE architecture, faces etched with serene wisdom and profound love for the nation, wearing pristine white kandura and black bisht with intricate gold embroidery, wilting desert roses and subtle incense smoke wisps curling upward near his feet, volumetric golden-hour rim lighting with cool blue-grey tones and warm amber highlights, shallow depth of field with bokeh, shot on ARRI Alexa 65 with anamorphic lens flare, contemplative and majestic atmosphere, 8K photorealistic cinematic masterpiece, Apple TV+ premium documentary aesthetic, no text, no watermark, no women",URL,"زايد,بني",https://d2p7pge43lyniu.cloudfront.net/output/0ad4c3af-7b83-4b96-91f5-32a517470988.jpeg,6311a6971df14cf9b2209dd72341ab83
109,سريه فكر,"سري فكري وانا فزاع والدنيا بها ضجه      واظن ان الشعر هاليوم يبا يقضي علي حاجه
سري بليل وفي بحر يعاند غزره ولجه      يقاوم جره التيار ولو تطمي به امواجه
بحور غزار يبغيها لاصعب درب متوجه      يبا روس العلا ويقدر علي صعبات لمواجه
يطول الدرب كم بايطول وحرف القافيه غلجه      ولكن يقدر ان يبني بيوته تصبح ابراجه
علي وصف الجميل الفاتن الساحر لنا حجه      ما دام الحب هو ليل المتيم او هو سراجه
عنود رمشها سلهم وعين ناعسه دعجه      و خد مورد ومنور طبيعي دون مكياجه
ووجه من سنا نوره علي البهجه ضفا بهجه      مزون غيثها البسمه ليا من تضحك حجاجه
وميدول علي متنه كما داج الدجا هجه      علي عود كما قز الحرير الناعم انتاجه
جميل وكل ما فيه الجمال سكوته وهرجه      واذا للزين منهاج حبيبي الزين منهاجه
اهو تاج الجمال .. الا مداه اللي تبع نهجه      وانا اشهد بان حسن الفاتنات الصاحبي تاجه
تصدق من كثر حسنك تصيب بعالمك رجه      ولي تبغي له احراج بحسنك تملك احراجه
حبيبي لا تلوم القلب ، لوم عيونك الدعجه      بها حاجه ولا ادري وش بها لكن بها حاجه
دخيلك يا هوي بالي حبيبك في الهوي نجه      تري حبك سبب همه وصدك سبه ازعاجه
واذا المطلوب م الخفاق مني يطلب الرفجه      ورفجه ما ارده دام هذا القلب محتاجه","في قصيدة ""سرية فكر"" لفزاع، يجسّد الشاعر سرّ فكره الخفيّ وسط ضجيج الدنيا، مقارنًا الشعر ببحرٍ هائج يقاوم تياراته العاتية نحو قمم العُلا، يبني من صعاب الدرب أبراجَ عزّ رغم طول الطريق وغَلْظَة القافية. ينتقل إلى وصفِ ""عنود""، الحبيبةِ الفاتنةِ، برموشِ سِهَامٍ وعينٍ ناعسةِ دعْجَةٍ، خدٍّ مُورِدٍ مُنَوَّرٍ بلا مكياج، وجهٍ سَنَاوِيِّ يُضِفُ بهجَةً، مبتسمَةٍ غَيْثِيَّةِ حجَّاجَةٍ، وقامَةٍ مَيْدُولَةٍ كدَجِيِّ هَجْجَةٍ وعُودٍ حَرِيرِيِّنَاعِمٍ. تَتَوَّجُها جمالُ سكوتِها وهَرْجُها، تاجُ الزَّيْنِ مُنْهَجَةً بِمَدَاهَا، تُرْجِحُ العوالمَ وتَحْرِجُ الأحْرَاجَ بحُسْنِها السَّاحِرِ. يَتَوَجَّعُ فزاعُ لِلْقَلْبِ المُحْتَاجِ، مُلْتَمِسًا رَحْمَةَ عُيُونِهَا الْمُسْتَهْلِكَةِ، فَحُبُّهَا هَمُّهُ وَصَدُّهَا إِزْعَاجُهُ، وَرَفْجَةُ الْقَلْبِ مَا يَرْضَاهُ دُونَ وَصْلٍ. ملحمَةُ عِشْقٍ وَصَمْتٍ وَصَمُودٍ شَعْرِيٍّ، تَجْمَعُ بَيْنَ بُحُورِ الْبَحْرِ وَجَمَالِ الْمَحْبُوبَةِ فِي لَيْلِ الْمُتَيَّمِ.","""Cinematic close-up of Fazaa (Hamdan bin Mohammed) standing alone in a contemplative pose on a muted cyan-tinted desert terrace at twilight, holding a traditional Arabic manuscript open as if reciting poetry with deep resolve and visionary emotion, wearing pristine white kandura and black bisht with intricate gold embroidery, face illuminated by soft golden rim lighting against cool blue-grey tones, subtle incense smoke wisps curling upward and distant falcon silhouette in the background, shallow depth of field with bokeh, shot on ARRI Alexa 65 with anamorphic lens flare, mood of poetic defiance and quiet strength, 8K photorealistic cinematic masterpiece, Apple TV+ premium documentary aesthetic, no text, no watermark, no women""",URL,فزاع,https://d2p7pge43lyniu.cloudfront.net/output/9bfc9607-82d0-43f9-9a38-5e5a02622244.jpeg,311e6cdb0b334b5a8bba15329c8b194b
110,سكر زياده,"الله يغمرك بالهنا والسعاده      ياللي جعلت ايامي افراح وياك
في نظرتك هيبه شموخ واراده      و في وقفتك تكثر بعيني مزاياك
واشوف ليلي في شعرك وسواده      واشوف شمسي مشرقه في محياك
واشوف في رمشك جيوش الاباده      واشوف في عينك مدارات وافلاك
سماع صوتك حزه النوم عاده      صار السهر .. شي اساسي بلياك
طلع معي سكر علي غير عاده      وهذي سبايب كثر وصلك ولاماك
في شفاتك الثنتين سكر زياده      حاول تقلل نسبته في شفاياك
يمشي علي شورك ويترك مراده      قلب يحبك لان ..ما عنده ادراك
وان غبت قلبي معلن _ لك حداده      وان جيتني .. متعه حياتي بلقياك
خلاص انا قررت.. وبلا هواده      افارقك واشبع خفوقي بفرقاك
تعبت من كثر الفرح والسعاده      ابغي اجرب طعم الاحزان وياك","قصيدة ""سكر زيادة"" لفزاع، ملحمة وجدانية تجمع بين الغرام الفاقع والتناقض العاشق، حيث يدعو الله للمحبوب بالسعادة ويصف أيامه معها افراحاً لا تنتهي. يصور جمالها الساحر: هيبة النظرة، وقفة الشموخ، شعر أسود كالليل، وجه مشرق كالشمس، رموش جيوش إبادة، وعيون مدارات أفلاك. صوتها يحول النوم إلى سهر أساسي، ووصلها يثير سكراً غير معتاد، خاصة في شفاهها ""سكر زيادة"" يُنصح بتقليل نسبته. قلب العاشق يخضع لشورفها رغم فقدان الإدراك، يحزن بغيابها ويفرح بلقائها، لكنه يقرر الفراق ليجرب طعم الأحزان بعد تعبه من كثر الفرح، مردداً الأبيات في حلقة درامية تُبرز صراع الإدمان العاطفي والرغبة في الوجع.","Cinematic close-up of Sheikh Hamdan bin Mohammed (Fazaa) in pristine white kandura and black bisht with gold embroidery, his face etched with intense emotional conflict between ecstatic joy and profound longing, standing on muted cyan-tinted desert dunes at twilight, scattered wilting desert roses and cracked earth symbolizing the pain of addiction, distant falcon silhouette against desaturated teal sky, subtle incense smoke wisps rising from a traditional dallah, volumetric rim lighting with cool blue-grey tones and soft amber accents, shallow depth of field with bokeh, shot on ARRI Alexa 65 with 85mm anamorphic lens, contemplative dramatic atmosphere exploring the duality of love and sorrow, 8K photorealistic masterpiece, Apple TV+ documentary aesthetic, no text, no watermark, no women",,,,
111,سلام تسليم,"سلام تسليم حلاته مثل شهد المنحله      احلي من انفاس الربيع اللي يذعذع ندها
نوره الي سلمت به يشبه من الصبح اوله      وعفويته تصعب علي مزح الرجال وجدها
ماخذ من الطيب احسنه وماخذ من الحب الوله      وماخذ من الثنتين طيبها .. وخلا ضدها
مطرز بالطيبات وبالفكر والبسمله      صلاه خلاق البشر علي النبي لا بدها
ماهو يقال من الضمير الا لمن يستاهله      ولا عشق غير النفوس الصافيات وودها
عليك يا ريف النفوس الخاويات الممحله      اللي زمنها لاعب فيها وبيح سدها
يا صانع قول المثل ( الطيب يوجد في هله )      يا جابر دورات بقعا تلتزم في حدها
الطيب من طيبك يغار يغار وانت تموله      يالين صاحت كفك اللي طيبها من جدها
يابو المراجل لا اوضحت حقيقه المسترجله      اللي حداهم لا تمرجل مرتين يعدها
يابو اليتامي والفقاري والضعيف والارمله      يا معلم كفك ثقيلات الحمول يشدها
قالوا هذا من هو ؟ وقلت شوي يالين اصله      ماهي توصفه القصيده لو توصل حدها
هذا الذي لامن زعل تهتز الارض من ازعله      واذا رضا تمطر وتزهر بالنفل مجردها
هذا الذي حلمه يجلي ف المواقيف اجهله      هذا الذي لا كبرت الصكات بيده ردها
هذا الذي لا كبرت القصه وحجم المعضله      ثقل الحمل فوق الزمول اللي تطاير بدها
تثني له الركبه ويسكت شارب لم يفتله      تاتي علي ما يشتهي يوم الجذور يقدها
مابه فقير ولا غني الا من الجيد اشمله      يمناه تعمر ف الديار الخاليه لا مدها
الله وهبه من الفراجات العلا والمنزله      والله خبير ف العباد ويدري انه قدها
هذا ولد راشد ولد مكتوم راعي الاوله      لولاه .. ما قامت بلاد ولا ترسم حدها
مسلسله عز وفخر ياطيب بحر مسلسله      نعم ونعم .. نعم ونعم .. نعم واعد اردها
وانا يابوي اذا تغنيت البيوت مهوله      لاترتقي غصبا علي لساني لا جيت اعدها
كنها علي حضره جنابك تنحفظ ومقوله      كنها تقول انا رساله .. والرساله ودها","قصيدة ""سلام تسليم"" ملحمة فخرية يرفع فيها ""فزاع"" رايات الولاء لأبيه الشيخ محمد بن راشد آل مكتوم، موصوفاً إياه بشهد المناحل أحلى من نسيم الربيع، نور صباحي عفيف يجمع طيب الحب والفكر والبسملة. يصوره الشاعر صانع أمثال الطيب في هله، جابر الدورات، معلم المراجل الحقيقيين، راعي اليتامى والفقراء والأرامل، كفه الثقيلة تشد الحمول. هذا ولد راشد ومكتوم الذي لولاه ما قامت البلاد، حلمه يجلي المعضلات، غضبه يهز الأرض، رضاه يمطر النفل، يمنحه الله الفرجات العلا. يختم ""فزاع"" بتغنٍّ مهولٍ يحفظ لسانه احتراماً، كأن البيوت رسائل ودٍّ لجناب أبيه، مسلسل عزٍّ وفخرٍ يُعَدُّ نِعَماً متتالية.","Cinematic medium-wide shot of Sheikh Mohamed bin Rashid Al Maktoum (Bo Rashid) standing in a dignified, contemplative pose on a muted cyan-tinted desert terrace at twilight, gently pouring traditional Arabic coffee from a silver Dallah into a copper cup held by an unseen guest, representing his role as the ""teacher"" and provider for the weak and orphans mentioned in the poem, face etched with profound wisdom, benevolence, and a serene smile reflecting the ""sweetness of honey"" described, wearing pristine white kandura and black bisht with intricate gold Sadu embroidery, subtle incense smoke wisps curling upward and a distant falcon silhouette perched on a low wall, volumetric golden-hour rim lighting with cool blue-grey tones and warm amber highlights, shallow depth of field with bokeh, shot on ARRI Alexa 65 with anamorphic lens flare, contemplative and majestic atmosphere, 8K photorealistic cinematic masterpiece, Apple TV+ premium documentary aesthetic, no text, no watermark, no women",URL,"راشد,مكتوم",https://d2p7pge43lyniu.cloudfront.net/output/e96f7f5f-6046-4c31-80a4-1d55feb8cba0.jpeg,8999813626b14a3f890f2bc15df320a1
112,سمح الجناب,"الشعر في راسي تجارب شايب و ثوره شباب      وافكار شاعر يحسب الكلمه لا منه قالها
الي برق هاجوسي وهلت مثل وبل السحاب      تحيي قلوب اكثر جماهيري وتشغل بالها
يا خوي يا (راشد بن محمد ) ويا سمح الجناب      يا مجد دوله سطر التاريخ فعل ابطالها
نويت مدحك وانفتح لي في المدح مليون باب      وعرفت بان الطيبين المدح ما يرقا لها
لا ضاقت الدنيا علي اقول مالك يالصعاب      الا عضيد كل ما ضاقت يقول : انا لها
يامحزمي اصغر صفاتك بس تحتاج لكتاب      والا القصيده مستحيل توصفك بلحالها
المرجله اما وراثه جد والا باكتساب      وانت الوريث المكتسب ونقول فالك فالها
تعزف عن الاضواء لين النور ارسل لك عتاب      الارض وش تسوي بليا شمسها وهلالها
والناس تسالني عن احوالي وانا اقول الجواب      روحوا لراشد واسالوا عن نفسه وعن حالها
واذا فرح افرح معه واذا شعر بالاكتءاب      اشعر معه بالاكتءاب .. بحلها وترحالها
اخوان فينا عزه و هيبه و وقفات قراب      والاوسمه تسعي لنا لو كان ما نسعي لها
ننافس بشوط الركاب ، ونسبق بشوط الركاب      والا اعتلينا ع ظهور الخيل .. حن خيالها
الله خلقنا للتقدم والتطور والصواب      وتعقد علينا دارنا .. طموحها وامالها
صغيرنا يحشم قدر كبيرنا ولا نهاب      من السنين .. وكل ما قامت لنا قمنا لها
فينا الادب فطره ولا نخرج عن حدود الاداب      وقلوبنا بيض وعزايمنا تهد جبالها
افعالنا تلفت لنا الانظار قدام الرقاب      واهل الفعول تموت لكن ما تموت افعالها
حنا عيال اللي صنع من بعد عصر الانتداب      المعجزات الكايده بانواعها واشكالها
عجيب والحكام تنظر في سموه بانعجاب      حسنته عند الله مجزيه بعشر امثالها
واعداه ما تطمع بفنجاله وتحسب له حساب      وهو الي منه تحداها شرب فنجالها
من غرب الارض اللي يغطي شمسها كثر الضباب      لشرق الارض اللي توهج شمسها اضفي لها
ومن الجنوب اللي هبوبه يوم هبت بانسياب      تردد اسمه وتتغني باحرفه شمالها
من حكمه الله يوم تمشي مثلنا فوق التراب      لجل تكون انت السند للارمله واطفالها
والا مكانك فوق فوق العاليات من الهضاب      ماهوب فوق الارض يا اغلي من وطا برمالها
هذي احاسيسي بعد ما اسرفت في طول الغياب      من شاعر _ جاته جماهيره وجا ارضا لها
تقبلوها قبل ما اعلن بدايه الانسحاب      طولتها بس اعذروا ( حمدان ) يوم _ طالها
تجارب الشيبان لا اختلطت بثورات الشباب      تصنع قصيده مبدعه وتسلب عقل من قالها","قصيدة ""سمح الجناب"" لفزاع (حمدان بن محمد) مديح حميمي لأخيه الفقيد راشد بن محمد آل مكتوم، يصفه بـ""عضيد الصعاب"" و""الوريث المكتسب"" الذي يفوق المدح، محظماً بعيداً عن الأضواء كشمس وهلال الأرض. يتغنى الشاعر بإخوانية عميقة تجمع العزة والهيبة والوقفات القرابية، ويرسم لوحة عائلة آل مكتوم كأبطال سطروا مجد الدولة بعد الانتداب بمعجزات تلهم العالم من الغرب المغبر إلى الشرق المتوهج. تبرز القصيدة طموح التقدم، الأدب الفطري، القلوب البيضاء، والأفعال الخالدة التي تهد الجبال وتلفت الرقاب، مع ختام يعترف بطولها اعتذاراً من الجماهير بعد غياب، مزجاً تجارب الشيبان بثورات الشباب في برق شعري يحيي القلوب.","Cinematic medium-wide shot of Sheikh Hamdan bin Mohammed (Fazaa) and Sheikh Rashid bin Mohammed standing together in a dignified unity pose on a muted cyan-tinted desert terrace at twilight, both raising a traditional UAE flag in a slow tribute gesture while gazing toward the horizon with visionary resolve, faces etched with solemn pride and deep emotional resonance, wearing pristine white kanduras and black bishts with intricate gold embroidery, distant falcon silhouettes and subtle incense smoke wisps curling upward, volumetric golden-hour rim lighting with cool blue-grey tones and warm amber highlights, shallow depth of field with bokeh, shot on ARRI Alexa 65 with anamorphic lens flare, contemplative and majestic atmosphere celebrating heritage and brotherhood, 8K photorealistic cinematic masterpiece, Apple TV+ premium documentary aesthetic, no text, no watermark, no women",URL,"محمد,راشد,حمدان,بن",https://d2p7pge43lyniu.cloudfront.net/output/6066ee04-a576-4905-ae9b-199f4e8ebb66.jpeg,72d8ddaeadb84c6bad833fee302eee19
113,سءال,"الامر هايل لكن ماني بمتهول      ولاني بمتصاعب ولاني بمتساهل
انا اعول علي الادراك واعول      علي هجوس من بحور الشعر ناهل
ياللي تسول ، تري ماني بمتسول      لو للشعر مرتبه .. قصيدي العاهل
يا مطول البال .. لكن الصبر طول      يا هل تري وش نهايات الصبر يا هل
عندي سءال علي لساني يبا يحول      ساعات ارده ، وساعات اقول يستاهل
شهرين له في ضلوع الصدر يتجول      اذهل ويصحي ويصحيني وانا ذاهل
وشلون الاخر ولو جاهل يصير اول      والاول شلون يرضا يتبع الجاهل
لو يبدي الراي شخص ماهو مخول      اراءه المستطيشه تثقل الكاهل
الناس متغيره ، والوقت متحول      وسنيننا تنتهي .. وهلالنا ما هل","قصيدة ""سؤال"" لفزاع تعبر عن صراع داخلي عميق مع سؤال يتجول في الصدر شهرين، يُذهل الشاعر ويُصحِّيهُ، متعلقاً بتغيُّر الناس والزمن المتحوَّل، حيث يصبح الجاهل أوَّلَ والأوَّلُ يتبعُهُ. يرفضُ الشاعرَ التهوُّلَ أو التساهُلَ، معتمِداً على الإدراكِ وهِجوسِ بحورِ الشعرِ النَّاهِلِ، رافِضاً التَّسَوُّلَ رغمَ عِظَمِ قَصِيدِهِ العَاهِلِ. يتساءلُ عن نهاياتِ الصَّبْرِ الطَّوِيلِ، وثقلِ آرَاءِ غَيْرِ المُخَوَّلِ، مُؤَكِّداً أنَّ السنِينَ تنْتَهِي والْهِلَالَ لا يَهِلُّ، في لُبٍّ فلسفِيٍّ يَجْمَعُ بَيْنَ الصَّبْرِ وَالْحِيرَةِ وَفَخْرِ الْكَلِمِ.","Cinematic medium shot of Fazaa (Hamdan bin Mohammed) in pristine white kandura and black bisht with subtle gold embroidery, his face etched with deep philosophical contemplation and internal struggle regarding the changing times, standing on muted cyan-tinted cracked desert earth at twilight, wilting desert roses and scattered sand slipping through fingers symbolizing the end of patience and time's weight, distant silhouette of a falcon against desaturated teal sky representing noble freedom, volumetric rim lighting with cool blue-grey tones and soft amber accents, shallow depth of field with bokeh, shot on ARRI Alexa 65 with 85mm anamorphic lens, moody contemplative atmosphere blending wisdom and confusion, 8K photorealistic masterpiece, Apple TV+ documentary aesthetic, no text, no watermark, no women",,,,
114,سيدي,"من يجيب (الهاترك) ب (سيح السلم)      ومن لعزمه تنحني روس الرجال
غير ذاك اللي رقي روس القمم      نال مطلوبه .. ولو حتي محال
به قليله يا ملا كلمه ( نعم )      دام فعله صار من ضرب الخيال
الشهم ولد الشهم ولد الشهم      زاكي الجدين من عم وخال
سيدي سيد الشجاعه والكرم      والشهامه ما بها قيل وقال
نادر ما له شبيه في الامم      والنداره ما تجي الا بقلال
العدو من هيبته يوقف صنم      وما تماري قوته صم الجبال
والله انه للنصر اصعب رقم      والشهاده عند هذيك التلال
المهم الفوز والشي الاهم      انه بفوزه غدا مضرب مثال
طالبنك سيدي وتقول .. تم      كافي .. وافتح لغيرك هالمجال","قصيدة ملحمية في مديح ""سيدي"" محمد بن زايد آل نهيان (بوخالد)، سيد الشجاعة والكرم، الذي يجيب الهاترك بسيح السلم ويخضع له عزم الرجال. يصفه الشاعر ""فزاع"" بولد الشهمين من عمّ وخال، نادر الندى الذي يرقى القمم ويحقق المحال بكلمة ""نعم"" تحول الخيال إلى واقع. هيبته ترعش الأعداء كالصنم، وقوته صم الجبال، نصرٌ أصعب رقم والشهادة عنده تلالٌ مشرفة. الفوزُ عنده مثالٌ يُحتذى، وتواضعه يفتح المجال لغيره بعد التمكين، فيتراءى كقائدٍ يجمع بين العزّ والإيثار في أرض الإمارات العظيمة.","Cinematic medium shot of Sheikh Mohamed bin Zayed Al Nahyan (Bo Khalid) in pristine white kandura and black bisht with gold embroidery, his face etched with dignified strength and noble humility, standing atop a muted cyan-tinted desert ridge at twilight, scattered wilting desert roses and sand slipping through fingers symbolizing time and resilience, distant falcon silhouette against desaturated teal sky, subtle incense smoke wisps, volumetric rim lighting with cool blue-grey tones and soft amber accents, shallow depth of field with bokeh, shot on ARRI Alexa 65 with 85mm anamorphic lens, contemplative heroic atmosphere, 8K photorealistic masterpiece, Apple TV+ documentary aesthetic, no text, no watermark, no women",,,,
115,شاعر ارتجالي,"يا مرحبا يا مغلط في تليفوني      مسموح مسموح والغلطات عفويه
صفرين تسعه وسته سته تموني      الرقم هذا فتح خط السعوديه
ثم قلت لبيك امر هذي عيوني      فتحت ذا القلب والنيه علي النيه
خليت لك في الحنايا بصمه ولوني      تفرق علي لون دمي في مجاريه
وخليت لك يا حبيبي بيت فرعوني      يخربط الناس في الروحات والجيه
وخليت لك في عيوني ركب وضعوني      تزعل وتنزل تحت جفني وفوقيه
يا صاحبي وان نشدني طيفك شلوني      اقول طيب وطيفك فيه ماريه
ماريه يوم تقبل تجذب لحوني      واجر له من لحون الشوق قافيه
بيحت يا قاصد الغلطات مكنوني      وانا رومانسي احب اهل الرومانسيه
من دونك اعيش وانت تعيش من دوني      يالين اوحيت صوتك لعنبو حيه
ضجت زوايا خفوقي وانشد ركوني      وانا ولد شيخ لي هيبه وشخصيه
الارض ارضي وكون المرجله كوني      لكنه الحب والعاشق وطاريه
تكفون يا ناس بالله لا تلوموني      الصدفه اللي بلا ميعاد جبريه
سموني العاشق المغرم وسموني      الشاعر اللي قصايده ارتجاليه
قنابل من فكر راسي ومضموني      لكن قنابل غلا ما هيب ذريه
واغني البيت متراكب وموزوني      مبدع ومجنون وافكاري خياليه
يا نجد ودي اغني بك علي هوني      حوريه الارض فوق الارض نجديه","قصيدة ""شاعر ارتجالي"" ملحمة رومانسية عفوية، تبدأ بترحيب مرح بمكالمة خاطئة من رقم سعودي (٢٠٩٦٦)، تتحول إلى انفجار حبّ يفتح أبواب القلب والنفس. يصف الشاعر – الرومانسي ابن الشيخ ذي الهيبة – كيف نقش بصمة الحبيبة في حناياه، ملوناً دمه ولحنه، وبناءً بيتاً فرعونياً يهز الروح، مع دموع تركب عيونه. يعترف بطيفه المريه الجاذب، يحتضن الغلطات كصدفة جبرية، ويبرر عشه الشقي رغم عزّته وملكيته للأرض والكون. يدافع عن رومانسيته، يطلب عدم اللوم، ويتوّج نفسه عاشقاً مغرماً وشاعراً ارتجالياً مبدعاً مجنوناً، يطلق قنابل غلاّ خيالية موزونة. يختم بمديح ""نجد"" حورية الأرض السعودية، معلناً الحب قوّة تطير بالعاشق فوق المنطق، في إيقاع يعكس نبل ""فزاع"" الذي يحوّل الصدفة إلى أسطورة وفاء.","Cinematic medium shot of Sheikh Hamdan bin Mohammed (Fazaa) in pristine white kandura and black bisht with gold embroidery, his face etched with romantic intensity and dignified passion, standing on muted cyan-tinted desert dunes at twilight, scattered wilting desert roses and incense smoke wisps symbolizing memory and longing, distant silhouette of a falcon against desaturated teal sky, volumetric rim lighting with cool blue-grey tones and soft amber accents, shallow depth of field with bokeh, shot on ARRI Alexa 65 with 85mm anamorphic lens, contemplative emotional atmosphere blending spontaneous romance with noble heritage, 8K photorealistic masterpiece, Apple TV+ documentary aesthetic, no text, no watermark, no women",,,,
116,شاعر مشاعر,"خل يوصل الخفوقك حب او انك تجيه      كل ما اشوفك فلانه واتردد كيف اجيك
رددت نظرات عيني اعشقه اوموت فيه      وكل ما اطالع عيونك وارمي النظره اليك
سمني النظره وقالت اه اسم الله عليه      من عنيه القلب يرسل نبضه لنظره عنيك
من عنيك ارسال واضح تجبره بغمضه عنيه      وانت لو قصدك تذيكا في سكوتك او حكيك
ابتسم لك وابتسم لي وبس هذا اللي ابيه      لا تخلي الحب يذبح شاعرك ويموت فيك
خذ عيونه او خفوقه والا اقولك خذ يديه      يعني خذ شاعر مشاعر قصده الا يحتويك
لا تخلي القلب يهوي وتجبره بمده يديك      لا تغزل في عيونك عينك اللي تحتويه
ابتليتك حب واضح واضح اني لا ابتليك      واعشقك يا شوق بلوي وبلوي اني لا ابتليه
اعشقك يعني عشقتك من غلاوه والديك      واحضنك طفل تدلع .. في خميله والديه
اعجبك او ما اعجبك كل واحد هيك وهيك      بس ردك لي بسرعه قول لا او قول هيه
وش عليك اللي يحبك ياحبيبي وش عليك      وانت تبغي بس عامل نفسك انك ما تبيه","قصيدة ""شاعر مشاعر"" نبطية عذبة تعبر عن هيام شاعر ""فزاع"" الوجداني بحبيبه المتردد، حيث يتوسل وصول ""الخفوق"" – قبلة أو لقاء – وسط تردده في الاقتراب خوفاً من الصد. يصف لقاء النظرات الساحرة التي ترسل نبض القلب، وابتسامة بسيطة تكفيه لإنقاذ روحه من ذبح الحب، محذراً من الهجر الذي يقتل ""شاعر مشاعر"" الذي يقصد الاحتواء الكامل. يبرز التناقض بين عشقه الواضح غير المُبلَى والمحبوب الذي يتظاهر باللامبالاة رغم رغبته الخفية، متوسلاً رداً سريعاً: ""لا أو هيه"". يعشق من غلاوة أهله، يحضنه طفلاً في خميلة والديه، مؤكداً أن الحب قدر لا يُقاوم، بلُوعٌ يشفى بالقرب. تكرار الأبيات يعزز إلحاح الشوق والعاطفة المتقدة، تجسيد لنبل الوفاء النبطي في مواجهة الكبرياء.","Cinematic medium shot of Sheikh Hamdan bin Mohammed (Fazaa) in pristine white kandura and black bisht with gold embroidery, his face etched with dignified longing and emotional intensity, standing on muted cyan-tinted desert dunes at twilight, scattered wilting desert roses and cracked earth symbolizing heartbreak, distant falcon silhouette against desaturated teal sky, subtle incense smoke wisps, volumetric rim lighting with cool blue-grey tones and soft amber accents, shallow depth of field with bokeh, shot on ARRI Alexa 65 with 85mm anamorphic lens, contemplative emotional atmosphere, 8K photorealistic masterpiece, Apple TV+ documentary aesthetic, no text, no watermark, no women",,,,
117,سيدي لا عدمناك,"حنا تحت امرك وظلك ويمناك      وحنا اذا منا وعدنا وفينا
شجعان ما ظني اذا قلت نعصاك      منك المراجل والتحمل خذينا
سواك رب العرش ماحد شرواك      واكبر فخر باسمك يابوي استمينا
والقصد كله سيدي نطلب رضاك      للعز نرقي والمعالي اعتلينا
حنا اذا منا بيوم وعدناك      لا تظن وعد الحر يصعب علينا
ما دامنا ننهل مناهل سجاياك      انا اشهد انا ع المصاعب قوينا
يحماك ربي سيدي لا عدمناك      وتعيش ازمان ودهور وسنينا","قصيدة ""سيدي لا عدمناك"" ملحمة ولاءٍ عميقٍ لـ""محمد بن زايد آل نهيان"" (سيدي، أبوي، رب العرش)، حيث يُعلن الشاعر ""فزاع"" تبعية الشعب الكاملة تحت أمره وظله ويمنه، مؤكداً الوفاء بالوعود والشجاعة الموروثة من سجاياه. يصور الأبيات الشعب كشجعانٍ ينهلون من مناهل قيادته قوةً على المصاعب، طالبين رضا سيديهم للارتقاء بالعز والمعالي، مع فخرٍ أبدي باسمه. تتكرر الإيقاعات الشعرية كنشيدٍ وطنيّ يدعو لدوام حياته عبر الدهور، مرسخاً عهداً بين القائد والأمة في إطار نبطيّ حماسيّ يليق بملصقٍ يعكس الهيبة والانتماء الإماراتي.","Cinematic medium shot of Sheikh Mohamed bin Zayed (Bo Khalid) in pristine white kandura and black bisht with gold embroidery, his face etched with dignified authority and paternal warmth, standing on muted cyan-tinted desert dunes at twilight, scattered wilting desert roses and incense smoke wisps symbolizing devotion and memory, distant Burj Khalifa silhouette against desaturated teal sky, subtle warm amber highlights for contrast, volumetric rim lighting with cool blue-grey tones, shallow depth of field with bokeh, shot on ARRI Alexa 65 with anamorphic lens flare, contemplative patriotic atmosphere, 8K photorealistic masterpiece, Apple TV+ documentary aesthetic, no text, no watermark, no women",,,,
118,شرق و غرب,"جيتك بقلب صدوقه معانيه      وانته بقلبك ما تحرك مشاعر
الحر قالوا بالاشارات تكفيه      وانته بعد ذا القول يا كيف حاير
قلب يحبك والله اليوم بارميه      ما اريد قلب في غرامك يكابر
لاول خفوقي عن هوي الكل تغنيه      واليوم حبك صار ع الكل عابر
خلك بدرب عكس ما احب تمشيه      اسير شرق وانت بالغرب ساير","قصيدة ""شرق وغرب"" تعبر عن ألم الشوق المكبوت والفراق القسري، حيث يأتي الشاعر بقلب صادق يفيض معاني الحب، لكن المحبوب يبقى جامداً لا يحرك مشاعره. يرمي الشاعر قلبه الذي كان يغني عن هواه فوق الكل، ليصبح اليوم حبُّه عابراً بسبب درب الخصم المعاكس. يصور التناقض بين ""شرق"" الشاعر و""غرب"" الغالي، معبراً عن كرامة الحر الذي تكفيه الإشارات، في لوحة درامية تجمع بين الوفاء والحيرة والابتعاد الجغرافي الرمزي، مثالية لتصميم بوستر يبرز الصراع العاطفي بالألوان المتضادة والصحراء الشاسعة.","Cinematic medium shot of a male Emirati poet in traditional white kandura and black bisht, his face etched with dignified heartbreak and suppressed longing, standing alone on cracked desert earth under muted cyan and desaturated teal twilight skies, holding a wilting desert rose that slips through his fingers symbolizing lost love and time, distant silhouette of a falcon representing noble freedom against cool blue-grey horizon, subtle incense smoke wisps curling upward, volumetric rim lighting with soft amber accents contrasting the cold palette, shallow depth of field with bokeh, shot on ARRI Alexa 65 with anamorphic lens flare, contemplative atmosphere of forced separation and emotional conflict, 8K photorealistic masterpiece, Apple TV+ premium documentary aesthetic, no text, no watermark, no women",,,,
119,شي ولا شي,"كنتي بعيوني شي واليوم لا شي      وكنتي بخفوقي نبض واليوم حتفه
الحي من موتك وهو الموت بك حي      كلمه وهي كلمه لها الف حذفه
كم طويت الحب ع خافقي طي      وكم ملكت القلب نصفه و نصفه
لك بحر متمادي ولك موج يطمي      واليوم يا خلي لك الشرب رشفه
اليوم لك مده علي كف يدمي      مدي كفوفك خلي كفك بكفه
واليوم كم ناس علي الشوق تسري      والحب له ميزه يبا شوي خفه
عيشي الفرح دامك سكنتي بها دبي      ذوقي المحبه كيف تاتي بلطفه
كيف الظما ياتي علي وارد المي      تشرب وتظما وترتوي له بنطفه
لي راح هو روح ولي ياتي يجي      و لي لفني لفه له الفين لفه","قصيدة ""شي ولا شي"" لفزاع، ملحمة عاطفية تُلخص تحول المحبوبة من ""شيء"" في عيونه ونبض خفقه إلى ""لا شيء"" بعد الفراق، مع صراع الحياة والموت في الشوق. يصف الشاعر طيّ الحب في الخافق، بحر الموج المتلاطم، والكفوف الدامية، ناصحاً بالفرح في دبي ولطف المحبة رغم الظمأ الأبدي على وارد الماء. تتكرر الأبيات كلازمة حزينة، تجسد التناقض بين الروح الراجعة واللفّ المتشابك، في نبطي يفيض جرحاً وحنيناً.","Cinematic close-up of Sheikh Hamdan bin Mohammed (Fazaa) in pristine white kandura and black bisht with gold embroidery, his face etched with profound heartbreak and dignified longing, standing on cracked desert earth at twilight, scattered wilting desert roses and a single falcon feather symbolizing lost freedom and noble pain, distant Burj Khalifa silhouette against desaturated teal sky, volumetric rim lighting with cool blue-grey tones and soft amber accents, shallow depth of field with bokeh, shot on ARRI Alexa 65 with 85mm anamorphic lens, contemplative emotional atmosphere reflecting the struggle between life and death in longing, 8K photorealistic masterpiece, Apple TV+ documentary aesthetic, no text, no watermark, no women",,,,
120,شفه الصمت,"ان رحت عني مت وان جيتني مت      هذا غريب الحب لي عشته وياك
اغرب من الكلمه علي شفه الصمت      يوم افصحت عن حال قلب تفداك
قلب تملكته وعشمته و شمت      وشلون يصدر والظما ما ورد ماك
اخطيت لكن للاسف ما تعلمت      ان الملا تشره علي مد يمناك
مديت كفك يا حبيبي وسلمت      لعلني فدوه يمينك و يسراك
انا اشهد اني في وصوفك تلعثمت      شفت الغدير هناك وهناك وهناك","قصيدة ""شفه الصمت"" تعبر عن حبٍ غريبٍ يُميتُ العاشقَ في الرحيلِ أو القدومِ، ككلمةٍ تُفصِحُ على شَفَةِ الصَّمْتِ عن قلبٍ مَمْلُوكٍ وعَشْمَانٍ. يَرْثِي الشاعرُ (""فَزَاعْ"") خِطْأَتَهُ في التَّعَلُّمِ منَ الْخِيَانَةِ، رَغْمَ مَدِّ الْحَبِيبِ كَفَّهُ وَتَسْلِيمِهِ يَمِينَهُ وَيَسَارَهُ. يَشْهَدُ بِالْعَثْرَةِ فِي وَصْفِهِ، وَرُؤْيَةِ الْغَدِيرِ (الْوَفَاءِ) في كُلِّ مَكَانٍ، مُكَرِّرًا لَوْعَةَ الْحُزْنِ وَالْأَمَانِي الْمُتَعَثِّرَةِ بِجَمَالٍ نَبَتِيٍّ عَاطِفِيٍّ.","Cinematic close-up of Fazaa (Hamdan bin Mohammed) in pristine white kandura and black bisht with gold embroidery, his face etched with dignified sorrow and contemplative regret over past betrayal, standing on muted cyan-tinted cracked desert earth at twilight, scattered wilting desert roses and prayer beads symbolizing devotion and pain, distant Ghaf tree silhouette against desaturated teal sky, subtle incense smoke wisps rising from a traditional dallah, volumetric rim lighting with cool blue-grey tones and soft amber accents, shallow depth of field with bokeh, shot on ARRI Alexa 65 with 85mm anamorphic lens, melancholic poetic atmosphere, 8K photorealistic masterpiece, Apple TV+ documentary aesthetic, no text, no watermark, no women",,,,
121,شيخه الغيد,"يا شيخه الغيد .. قال الشاعر من الشعر      قصيده .. تذهل النقاد باوزانها
شعاع شمس الضحا يغري غصون الشجر      ما الومه البلبل ان غرد علي اغصانها
يا مدعين الفخر .. هذا سنام الفخر      غرام ابوها الكريم وعزوه اخوانها
خلوني اعزف علي وصف العزيزه وتر      اللي كن العشق يستوطن ف فستانها
هل تعرفون الخبر ؟! او تجهلون الخبر ؟      السحب ترسل تهانيها مع امزانها
البنت هذي عروس البر والا البحر      الشمس تشرق اشعتها علي شانها
بنت سحرني غلاها لين قلت السحر      في نظره عيونها او لثغه لسانها
فيها يطيب الغلا والوصف حتي الشعر      تطرب بيوته علي لحن من الحانها","قصيدة ""شيخه الغيد"" مديحٌ شعريٌ متكررٌ يُزهِرُ جمالَ ""شيخة الغيد"" العذراء، التي تُذهِلُ النقادَ بأوزانِها كشعاعِ ضحى يُغريُ غصونَ الشجرِ ويُغرِّدُ البلبلُ عليها.  
يُعلِي الشاعرُ فخرَها بغرامِ أبيها الكريمِ وعزِّ إخوانِها، مُعزِفاً على وترِ وصفِها حيثُ يستوطنُ العشقُ فستانَها، وسحرُ عيونِها ولثْغَةِ لسانِها يُسْحَرُ القلوبَ حتَّى يُخْتَصَرُ السِّحْرُ فيهما.  
عروسُ البرِّ والبحرِ تُبَارِكُها السُّحُبُ بأمْطَارِها والشَّمْسُ تُشْرِقُ لشأنِها، ففيها يطيبُ الغِلُّ والشِّعْرُ يَطْرُبُ بِحَنَانِها، رَسْمَةٌ لِجَمَالٍ يَجْمَعُ بَيْنَ النَّسَبِ العَزِيزِ وَالْحُسْنِ السَّاحِرِ.","Cinematic medium shot of a distinguished Emirati male poet in traditional white kandura and black bisht, his face illuminated with reverent awe as he gazes at an ethereal, radiant female silhouette representing Sheikhah Al-Gheid, standing amidst muted cyan-tinted desert dunes at twilight, scattered wilting desert roses and incense smoke wisps symbolizing longing and spirituality, distant falcon silhouette against desaturated teal sky, volumetric rim lighting with cool blue-grey tones and soft amber accents, shallow depth of field with bokeh, shot on ARRI Alexa 65 with 85mm anamorphic lens, contemplative emotional atmosphere celebrating noble lineage and poetic beauty, 8K photorealistic masterpiece, Apple TV+ documentary aesthetic, no text, no watermark, no women",,,,
122,شياطينك,"با جيك يا ناعس الاهداب وانت ادري      لو المسافه كبيره بيني وبينك
اجرح عسي كل جرح منك ما يبري      وتشيطن الله يحفظ لي شياطينك
ابغيك مستقبل الخفاق والذكر      وابغي عيوني تنام وتصبح ف عينك
يا غاليه لو يطول الليل والمسري      ابا اسال الليل عن اخر عناوينك
تمخطري مثل وصف المهره الشقرا      الي تمثلت بالاشعار في زينك
وتمايلي مثل غصن الشجره الخضرا      لا حست ايدي برقه لمسه يدينك
ولهان يا فاتنه .. يا بنت .. يا عذرا      ولو ان عندي صبر ما قلت لك وينك
ان القيم والادب والصدق والاحري      يطغي علي قسوتك يوم الهجر لينك
الهجر بين الحبايب عيب ما يطري      وانتي من الهجر ذابله بساتينك
يكتب فراقي في عينك شي ما يقرا      وتنسخ دموعك حروفه فوق خدينك
يالله عسي كل جرح منك ما يبرا      وعساني اخر حبيب من محبينك","قصيدة ""شياطينك"" لفزاع، نشيدٌ عاشقٌ يجمع بين الشوق الجارف والغيرة الدافئة تجاه ""الغالية"" ناعسة الإهداب، التي تُشبَّه بمهرة شقراء تمخطرُ وغصنٍ أخضر يتمايلُ برقة لمسةِ يديه. يصرخُ الشاعرُ بألمِ الهجرِ الذي يُذبلُ بساتينَ الحبيبةِ، رافضاً الفراقَ عيباً يُطغي عليه قيمُ الصدقِ والأدبِ، متمنياً أن تظلَّ جروحُها غيرَ بريئةٍ في عينيهِ، وأن يبقى آخرُ محبِّينِها. تتكرَّرُ النداءاتُ الحارَّةُ ""با جيك"" مع صورٍ حسيَّةٍ لليلِ الطويلِ وعيونِهاِ الساحرةِ، مُبرِزَةً تناقُضَ الفتنةِ والعذراءِ في وجهِ المسافةِ البعيدةِ، ليصبحَ الحبُّ صبراً يُحفَظُ من شياطينِ الابتعادِ.","Cinematic close-up of Sheikh Hamdan bin Mohammed (Fazaa) in pristine white kandura and black bisht with gold embroidery, his face etched with intense longing and protective devotion, standing on muted cyan-tinted desert dunes under a twilight sky, scattered wilting desert roses and a single falcon feather at his feet symbolizing fragile beauty and noble freedom, distant silhouette of a green branch swaying gently against desaturated teal backdrop, volumetric rim lighting with cool blue-grey tones and soft amber accents, shallow depth of field with bokeh, shot on ARRI Alexa 65 with 85mm anamorphic lens, contemplative emotional atmosphere of passionate restraint, 8K photorealistic masterpiece, Apple TV+ documentary aesthetic, no text, no watermark, no women",,,,
123,صبري ملني,"لمني في محجر عيونك حبيبي وخلني      خلني اشوف نفسي في عيونك واطمءن
دامك ان سلهمت بالرمش الظليل تفلني      لعنبو ذا الرمش كيف اني من اسبابه اجن
حبك اللي تل قلبي من بعد ما تلني      صدق انا ميت بحبك كانها عيونك كفن
اجمع اللي باقي مني شتات ودلني      شوفني ذاك الغريب اللي يدور عن وطن
صدك اللي هد حيلي والجفا لي علني      ليه قلبين المحبه بالمحبه ما التقن
قلت اباصبر والصبر من زود صبري ملني      وقلت ابانسي واثر طيفك صار له عقلي سجن
ضاعت دروب المحبه والحزن ما ضلني      ياحسافه ذي الليالي ، ذي الليالي ما انصفن
لا تهل دموع من عينك اخاف تهلني      خايف اطلع من عيونك لا من ف يوم بكن","قصيدة ""صبري ملني"" لفزاع، ملحمة وجدانية تُلخص عذاب العاشق الذي يتوسل ""لمني في محجر عيونك حبيبي""، راغباً في الاطمئنان بنظرةٍ تعكس صورته. يصف رموشها الظليلة كسجنٍ يُفقده عقله، وحبها كفنٍ يُميته بعد أن ملّه الشوق والجفاء. يجمع شتات نفسه الغريبة الباحثة عن وطن في حضنها، متألماً من صدمات الصدّ التي تهدّ حيله، ويسأل: لِمَ لا يلتقي قلبا المحبّتَيْنِ؟ يعترف بأن الصبر ملّه والنسيان سجنٌ لطيفِها، وضاعت دروب الحبّ وسط ليالٍ ظالمة. يخشى دموعها التي تهلُّهُ، متوسلاً عدم طرده من عيونها يوماً. تكرار الأبيات يعزّز اليأس الدائريّ، مُبرزاً التناقض بين التلاحم والفراق في نسيجٍ نبطيّ عاطفيّ مكثّف.","Cinematic close-up of Sheikh Hamdan bin Mohammed (Fazaa) in pristine white kandura and black bisht with gold embroidery, his face etched with profound longing and heartbreak, standing on muted cyan-tinted cracked desert earth at twilight, scattered wilting desert roses and prayer beads at his feet symbolizing devotion and patience, distant falcon silhouette against desaturated teal sky, subtle incense smoke wisps rising from a traditional dallah, volumetric rim lighting with cool blue-grey tones and soft amber accents, shallow depth of field with bokeh, shot on ARRI Alexa 65 with 85mm anamorphic lens, contemplative emotional atmosphere of circular despair and poetic yearning, 8K photorealistic masterpiece, Apple TV+ documentary aesthetic, no text, no watermark, no women",,,,
124,صد و بعاد,"ان بغيت العناد اجزيك صد وبعاد      وان بغيت التلاقي لك عيوني جزا
كان قصدك تحدي عيش وقت الحداد      من يحاول عنادي ماله الا عزا
المحبه اجتهاد و في المحبه جهاد      ليش تبغي ودادي معك هم ووزا
ياقليل التصافي .. يا كثير العناد      ان كرهتك كرهتك ما يفيد البزا
لي بحب العذاري خطه واعتماد      ولي خفوق قبل ما ينغزي هو غزا
كن صدوق بحبك واغتنمني وكاد      سعد من كنت جنبه او بمثلي اعتزا","قصيدة ""صد وبعاد"" لفزاع، ملحمة عاطفية تُعلنُ عن نبلِ العاشقِ الذي يُقابلُ العنادَ بِالصَّدِّ والابتعادِ، ويُفَرِدُ عيونَهُ لِلْتِلَاقِي الصَّادِقِ. تُصْوِرُ صراعَ الْحُبِّ كَجِهَادٍ وَاجْتِهَادٍ، حَيْثُ يَرْفُضُ الْحَمْلَ الْعَاطِفِيَّ الثَّقِيلَ وَالْهُمُومَ، مُؤَكِّدًا أَنَّ الْمُحِبَّ الْحَقَّ يَسْتَحِقُّ الْخَطَّةَ وَالْاعْتِمَادَ. يَسْتَدْعِي الْمَحْبُوبَ لِلْصِدْقِ وَالْاغْتِنَامِ، فَالْعِزَّ وَالسَّعْدُ مَعَ الصَّادِقِينَ، بِلُغَةٍ نَبَطِيَّةٍ حَادَّةٍ تَجْمَعُ بَيْنَ الْفَخْرِ وَالْحَدِّ الْعَاطِفِيِّ، مُخْتَتِمَةً بِتَكْرَارٍ يُعَزِّزُ الْحَسْمَ وَالْجَمَالَ الْبَادِيَ.","Cinematic medium shot of Sheikh Hamdan bin Mohammed (Fazaa) in pristine white kandura and black bisht with gold embroidery, his face etched with dignified longing and fierce emotional resolve, standing on muted cyan-tinted desert dunes at twilight, scattered wilting desert roses and cracked earth at his feet symbolizing the struggle of love, distant falcon silhouette against desaturated teal sky, subtle incense smoke wisps, volumetric rim lighting with cool blue-grey tones and soft amber accents, shallow depth of field with bokeh, shot on ARRI Alexa 65 with 85mm anamorphic lens, contemplative yet heroic atmosphere, 8K photorealistic masterpiece, Apple TV+ documentary aesthetic, no text, no watermark, no women",,,,
125,صراحه,"روح وروح ابعد بدنياك      يامتعب قلبي بصدك
الدرب لي ضحكك بكاك      موت وتكوي بنار حقدك
كم في العذاري ناس شرواك      بحر الجمال يفوق مدك
واليوم لي بايصير وياك      باكر مع الايام ضدك
تذكر زمان كنت اهواك      انت الوحيد ومين قدك
ودك ادور غير لقياك      و ودك ادور غير ودك
انا نسيتك قبل لا انساك      حتي خفوقي اليوم هدك
بكل صراحه واتحداك      اوقف مكانك عند حدك
لقياك اصبح مثل فرقاك      والبحر مده غير مدك
والدرب لي ضحكك بكاك      موت وتكوي بنار حقدك","قصيدة ""صراحة"" نبطية حادة تعلن الفراق الجذري مع حبيب قاسٍ، حيث يأمر الشاعر ""روح وروح ابعد بدنياك""، مُعبّراً عن تعب القلب من الصدود والحقد الذي يحوّل ضحك المحبوب إلى بكاءٍ موتِيّ. يتذكّر الماضي حيث كان الآخر ""الوحيد""، لكنه يتحدّاه اليوم بصراحةٍ صريحة: ""نسيتك قبل لا أنساك""، مؤكّداً أن لقياه صار كفراقه، وبحر الجمال يفوق مَدَّه. تكرار الأبيات يعزّز التحدّي والقطيعة، رمزاً للكرامة الرافضة للأذى، مع صورٍ درامية من نار الحقد والعذاري الجميلة، تجسّد تحول الحب إلى عداءٍ حاسم.","Cinematic medium shot of a male Emirati poet in traditional white kandura and black bisht with gold embroidery, his face etched with dignified defiance and heartbreak, standing on muted cyan-tinted cracked desert earth at twilight, scattered wilting desert roses and incense smoke wisps symbolizing the transformation of love to hatred, distant silhouette of a single falcon against desaturated teal sky, volumetric rim lighting with cool blue-grey tones and soft amber accents, shallow depth of field with bokeh, shot on ARRI Alexa 65 with 85mm anamorphic lens, contemplative emotional atmosphere of sharp rejection and noble pride, 8K photorealistic masterpiece, Apple TV+ documentary aesthetic, no text, no watermark, no women",,,,
126,ضرس و ناب,"بادي هضب ماهو عالي واغني بالسليقه      توني في ذمه الدنيا وباكوره شبابي
ما حد منكم محلفني لكن احلي دقيقه      والله انها وقفه الرجال في روس الهضابي
كل ما بل السحاب بوبله لساني وريقه      العن الايام واستثني هماليل السحابي
ان طريت ابكي واهل الدمع واسوي حريقه      واحلف محد يسوق الروح وانهي من حسابي
والحزن يمتد له شريان الامعاء الدقيقه      والدهر هو عله الرجال ، ثوري ياعصابي
ما بغيت اقول يا الاجواد شوفوا لي طريقه      لين حدتني مطانيخ العلوم وجبت مابي
لين شفت ان الصحيح اول ملفات الحقيقه      مرني هاجوسي اللي ما توقعت وسري بي
ان شهدت ان البشير اكثر طموحاته تعيقه      فارس الخرطوم واستنكرني الشيخ الترابي
اعثر واقوم والشرهه علي الوقت ورفيقه      اتصبر وان غدت كانك علابيك ف علابي
كل حمل كايد تكفي من النشوه يطيقه      ماني اللي ياتي الحله ولا هو يندري بي
شاعر بلحالي اطول القمر واطفي بريقه      واعجب القراء والنقاد سمحين الجنابي
ان تماديت افتخر نفسي في الاعذار اللبيقه      ما علي شبه الجزيره زود ياخور الروابي
يالله انك جابر العثرات فارج كل ضيقه      طالبك يا سافط الجنه لابو بكر الصحابي
ما توردني علي دله ردي والا ابريقه      لو غدت من قسوه لحاله حطب ضوي ثيابي
والهوي لو يعقد حجاجيني السمح الطليقه      ما ثني رجلي عن الممشي علي خد الترابي
والغلا ياللي سكبته في فوادي لا تريقه      كلما هليت بي قالت لي الفرقي هلابي
الكلام الزين ياللي جيت بالسمع استريقه      لو غرامك سوسه في ضرسي وتطمح لنابي
الموادع جرح لقلوب المحبين الرقيقه      وانت يا تختار في جرحي وتختار الصوابي
وف كذا الحالات لك قلبي يا ساعته ومضيقه      لين اضم القبر وتركز علي روس النصابي
اعشقك عاد البدو ما هم يعرفون الموسيقه      عادها الا خلف هذال والمطرب حجابي
ما يجيك الشك لو ترحل كذا وبلا وثيقه      ويعداك اللوم لو ترجع علي روس الركابي
والله انها صنعه الخلاق في بعض الخليقه      واعذابي لو تشوف جروح قلبي وا عذابي
انت لو ترفع ستار القلب لحظات وتويقه      شفت نكبه تونس الخضراء من شلفا ثيابي
بس هذا ماهو بمعناه يالشمس الشريقه      انت طاريك مجرد هم واحزان وعتابي
ما بغيت احلف لاني هذه احلي دقيقه      وقفه الرجال يا احمد علي روس الهضابي
يوم شفت ان الصحيح اول ملفات الحقيقه      لو غدت من قسوه لحاله حطب ضوي ثيابي","قصيدة ""ضرس وناب"" ملحمة نبطية عميقة لفزاع، تجسّد صراع العاشق البدوي الشجاع مع جرح الهجر والمحبة المعذّبة، حيث يصف شبابه في ذمّة الدنيا كبادي هضبٍ عالٍ غنيّ السليقة. يتردّد فيها فخر ""وقفة الرجال"" على رؤوس الهضاب، رغم امتداد الحزن كشريان الأمعاء الدقيقة، وثورة العصاب ضدّ الدهر الذي يُعلِل الرجال. يرفض الشاعر الاستجداء، مفضّلاً مطانيخ العلوم والحقيقة التي هاجستْه بشهادة البشير واستنكار الترابي، مع إصرار على الصبر والنهوض رغم العثرات. يخاطب المحبوبَ بـ""شمس شريقة""، مقارناً غرامَه بسوسةٍ في الضرس تطمحُ للناب، جرحاً في قلب رقيقٍ يبقى رهيناً حتّى القبر. يتخلّلها دعاءٌ لجابر العثرات، وفخرٌ بشبه الجزيرة، وإباحةٌ للرحيل دون وثيقة أو لومٍ عند الرجوع، مؤكّداً أنّ حُبَّه موسيقى بدوٍ لا يعرفونها إلا خلفَ هذال. تكرّر الأبيات الدائرية تعزيز العهد بالصمود والعتاب الرقيق، رمزاً للقلب الذي يحرق ثيابه حطبَ ضَوِيٍّ من قسوة الفراق.","Cinematic medium shot of Sheikh Hamdan bin Mohammed (Fazaa) in pristine white kandura and black bisht with gold embroidery, his face etched with dignified longing and poetic resilience, standing on muted cyan-tinted desert dunes at twilight, scattered wilting desert roses and cracked earth symbolsizing heartbreak and separation, distant falcon silhouette against desaturated teal sky, subtle incense smoke wisps rising from a traditional dallah, volumetric rim lighting with cool blue-grey tones and soft amber accents, shallow depth of field with bokeh, shot on ARRI Alexa 65 with 85mm anamorphic lens, contemplative emotional atmosphere celebrating Bedouin pride and the pain of love, 8K photorealistic masterpiece, Apple TV+ documentary aesthetic, no text, no watermark, no women",,,,
127,طاحت الحيه,"هلا باللي سبي قلبي واخذني حسنه بقوه      سلب روحي واخذ صبري وانفاسي من يديه
احس انه لعب بالقلب لعبه شاطر و موه      يبعثرني .. ويجمعني رجا واحلام ورديه
اذا نور ظلام الليل عرفت ان الفجر ضوه      تبسم من جبينه مبسم الصبح وضحك ضيه
اذا سلهم برمشه طرت من جوي الي جوه      ورحب به خفوقي غصب عني قال يا حيه
اثاريني بحسنه طحت وانا اظن الهوي توه      فكيف ان الهوي توه وانا غرقان في طيه
تعلقته وصار اليوم نو القلب من نوه      مع اني قبل هذا اليوم كانت نيتي نيه
قبل يطري الحسن حسنه لفظ قبل اسمه سموه      تسامت به سنا الحسن وسرت له سحب وسميه
تقول ارفق بمن حبك وعقب اللي تبي سوه      تري ميتك اذا شافك ترد الروح به حيه
حبيبي خاطري عن ما بداله عبر و نوه      ومن شرواك يفطن وانت شمس الخاطر وفيه
اذا كان الحيا يمنعك .. ما تمنعك لمروه      واذا خايف من الحساد قلي .. طاحت الحيه","قصيدة ""طاحت الحيه"" نبطية عاشقة تُمجد جاذبية الحبيب الفتّانة التي سَبَتْ قلب الشاعر بقوّة، سَالَبَتْ صبرَه وأنفاسَه، مُلْعِبَةً بمشاعرِهِ كَشَاطِرٍ مَاهِرٍ يُبَعْثِرُهُ ثُمَّ يَجْمَعُهُ بِرَجَاءٍ وَأَحْلَامٍ وَرْدِيَّةٍ. يَصْفُهُ بِنُورِ الْفَجْرِ الْمُبْسِمِ، وَرَمْشَةِ عَيْنِهِ تُطِيرُ الْخَفُوقَ صَارِخَةً ""يَا حَيَّةُ""، فَطَحَتْ حِيَاهُ بِحُسْنِهِ الْمُغْرِقِ، مُحَوِّلَةً نِيَّتَهُ الْقَبْلِيَّةَ إِلَى تَعَلُّقٍ وَنُوٍّ قَلْبِيٍّ. يَدْعُوهُ لِلْوُصْلِ رَاغِبًا، مُؤَكِّدًا أَنَّ الْحَيَاءَ وَالْحَسَادَ لَا يَمْنَعَانِهِ، فَ""طَاحَتِ الْحَيَّةُ"" وَانْتَهَتِ الْحُجُبُ، فِي تَكْرَارٍ مُوسِيقِيٍّ يُعَزِّزُ الْعَاطِفَةَ الْجَارِحَةَ وَالْمُتَحَدِّيَةَ.","Cinematic close-up of a male Emirati poet in pristine white kandura and black bisht with gold embroidery, his face etched with intense longing and passionate devotion as he gazes upward, standing on muted cyan-tinted desert dunes at twilight, scattered wilting desert roses and cracked earth at his feet symbolizing heartbreak and separation, distant falcon silhouette against desaturated teal sky, subtle incense smoke wisps rising from a traditional dallah, volumetric rim lighting with cool blue-grey tones and soft amber accents, shallow depth of field with bokeh, shot on ARRI Alexa 65 with 85mm anamorphic lens, contemplative emotional atmosphere, 8K photorealistic masterpiece, Apple TV+ documentary aesthetic, no text, no watermark, no women",,,,
128,طويه زمن,"علي باب الامل ابكي وانا انثر ورود الشوق      ويجمعها رجي الاحلام والله يحلها ليا
اسوق بعزمي احساسي الي مالا تروم تسوق      يعاندني رجي عمري وكل من جيت له عيا
يا دنيا ما عرفت الليل من طلعه ظيا لشروق      تفارق روحي بروحي قبل لا اقوم واتهيا
يا دنيا بس يا دنيا تراني ع الحزن ملحوق      تراني عايش الحزن العميق وقلت له حيا
يجيني من يمين ومن شمال ومن تحت او فوق      يجيني كيف ما يهوي المهم انه يبا هنيا
هنيا بين ضلعي وبين روحي ساكن بخفوق      وبعد حبك انا والله زاهد ما ارتجي شيا
عشقتك كيف انا ما ادري من العاشق من المعشوق      من الظالم من المظلوم من الميت من الحيا
وفي غمضه بصر غبت وتواري حبنا المرموق      حسافه يازمن كيف انطوي ذاك الزمن طيا
تحن عيوني لشوفك وصوتي خافت مخنوق      ينادي وين ذاك اللي جمع قلبيننا سويا
ينادي والعشق صمت العروق ودمها مدفوق      عشق صمت الحروف ولا نطق الا وداعيا
يا اجمل حب انا عشته ابارك لك ولو بي عوق      ابارك لك ولو بي هم ، ابارك وانكوي كيا
تهانينا يا حب من قبل ما ينولد مسروق      تهاني قالها قبلي ( ابن لعبون ) ال ( ميا )
تجمعنا ياليت اللي جمعنا خافقين وشوق      جمعنا خافقين وشوق جمع غالي ومغليا
اذا هيا تعلمني تفارقني باحلا ذوق      تفارقني وانا ابكي .. يامحلا ذوقها هيا","قصيدة ""طويه زمن"" ملحمة وجدانية لفزاع، تُجسّد صراع العاشق مع هجر محبوبة تُفارقه بأناقة قاسية، رغم شوق ينثر ورودَه على باب الأمل. يصور الشاعر الحزنَ الملحوقَ الذي يسكُنُ الضلوعَ والروحَ، متسائلاً عن هوياتِ العاشقِ والمعشوقِ، الظالمِ والمظلومِ، في زمنٍ طُويَ حبُهُ المرموقُ. يتردَّدُ البكاءُ والتهاني المُرَّةُ لفرحِها المُسروقِ، مع إشارةٍ شعريةٍ إلى ""ابن لعبون""، مُبرِزاً نبلَ الوداعِ الذي يُعلِّمُ الفراقَ بأحلى ذوقٍ. تُكرَّرُ الأبياتُ كصدى ألمٍ عميقٍ، يجمعُ بين الشجنِ والكبرياءِ في نسيجٍ نبطيٍّ حزينَ مُتَرَاقِصٍ.","Cinematic close-up of Fazaa in pristine white kandura and black bisht with gold embroidery, his face etched with dignified longing and deep sorrow, standing on muted cyan-tinted desert dunes at twilight, scattered wilting desert roses and cracked earth at his feet symbolizing heartbreak, distant falcon silhouette against desaturated teal sky, subtle incense smoke wisps rising from a traditional dallah, volumetric rim lighting with cool blue-grey tones and soft amber accents, shallow depth of field with bokeh, shot on ARRI Alexa 65 with 85mm anamorphic lens, contemplative emotional atmosphere blending melancholy and nobility, 8K photorealistic masterpiece, Apple TV+ documentary aesthetic, no text, no watermark, no women",,,,
129,طيب القلب,"يا طيب القلب حكم قلبك الطيب      اخرت غيرك وبعدته وقربتك
ليه التباعد مع انك دايم قريب      من وين ما اصد في عيوني تخيلتك
ليه انت ناسي وذكري عندك مغيب      تنسي وانا اذكرك وانسي اني تذكرتك
صارحتك بما يكن القلب يا حبيب      الظاهر اخطيت في ظني وصارحتك
لو باعزي الصبر دونك قال ما اثيب      المشكله ياطويل العمر .. مشكلتك
الصبر شيب وشوق القلب ما شيب      لا زال يلعب بقلبي كل ما شفتك
كم احسن الظن فيك وترجع تخيب      كدرت بالي وانا ما يوم كدرتك
اليوم حتي شعوري منك متريب      هذا خفوقي يحذرني وحذرتك","قصيدة ""طيب القلب"" لفزاع تُجسّد صراع العاشق مع التناقض في قلب المحبوب الطيّب، الذي يُقرّبُهُ حُكْمُهُ الجميلُ ثم يُبْعِدُهُ بالتباعدِ رغم القُرْبِ الدائمِ في العيونِ والخيالِ. يَعْلُو الشَكْوَى مِنْ نِسْيَانِهِ لِذِكْرَاهَا وَصَرَاحَتِهَا الَّتِي أَخْطَأَتْ فِي ظَنِّهِ، فَالصَّبْرُ شَيْبٌ وَالشَّوْقُ أَبَدِيٌّ يَلْعَبُ بِالْقَلْبِ كُلَّمَا الْتَقَى. يَتَكَرَّرُ الْحُسْنُ الظَّنُّ وَالْخَيْبَةُ، مُكْدِرًا بَالَهَا دُونَ كَدْرِهَا يَوْمًا، حَتَّى يَحْذِرَهُ خَفُوقُهُ وَيُنْذِرَهُ بِرِيبَةِ الشُّعُورِ. نَبْعُ طِيبٍ يَجْمَعُ بَيْنَ الْوَفَاءِ وَالْحَيْرَةِ فِي عَالَمِ الْحُبِّ النَّابِتِيِّ.","Cinematic close-up of Sheikh Hamdan bin Mohammed (Fazaa) in pristine white kandura and black bisht with gold embroidery, his face etched with dignified longing and poetic sorrow, standing on muted cyan-tinted desert dunes at twilight, scattered wilting desert roses and cracked earth symbolizing heartbreak and separation, distant falcon silhouette against desaturated teal sky, subtle incense smoke wisps rising from a traditional dallah, volumetric rim lighting with cool blue-grey tones and soft amber accents, shallow depth of field with bokeh, shot on ARRI Alexa 65 with 85mm anamorphic lens, contemplative emotional atmosphere reflecting the paradox of love and distance, 8K photorealistic masterpiece, Apple TV+ documentary aesthetic, no text, no watermark, no women",,,,
130,عاتق المجد,"يابوي رمز المجد والعز والدين      والمرجله والمقدره والشهامه
اللي طغي ذكرك في كل الميادين      زعيم كنك منخلق للزعامه
لو قلت كفك غيث كل المساكين      اخضر غصن وغردت لي حمامه
وسمعت اصوات العرب بالملايين      تقول عز الله صدق في كلامه
من الف وتسعميه وواحد وسبعين      وللعام هذا وانت رمز الكرامه
من الخليج العربي لاخر الصين      والمجد في صدرك معلق وسامه
لو قلت يا ( فزاع ) رايح علي وين      باقول مدري غير فكري ما دامه
متوجه لك يا حفيد السلاطين      بحاول انه يرتقي في مقامه
انا مسوي لي قصيده في عشرين      بيت و لك في كل بيت علامه
ايامنا يا طيب الراس يومين      يوم ولدنا به و يوم القيامه
والفهم يطغي في عقول الفهيمين      علي التعنت والجهل والغشامه
الناس منقسمين يابوي قسمين      والكل منهم مختلف في نظامه
والاستقامه درب ماهو بدربين      والمستقيم يقدر الاستقامه
والشين كل الزين في محجره شين      ومن التشاءم يبتلش في منامه
وما كل دمعه عين تنزل من العين      فراق او هجران والا ندامه
تري دموع العاشقين المحبين      سميتها نسخه من الابتسامه
اخترت لك باقه شعر من بساتين      فكر تحت ظلك رقي للغمامه
والشعر ماهو ينحصر ف الدواوين      الشعر يبقي في القلوب احترامه
الا انت وين وين من نافسك وين      يا عاتق المجد الاصيل وسنامه
لو قالوا الاهرام ورث الفراعين      تراك ورث المرجله والشهامه","قصيدة ""عاتق المجد"" ملحمة فخرية يخاطب فيها ""فزاع"" والده الشيخ محمد بن راشد آل مكتوم (يابوي)، رمز العز والدين والشهامة، الزعيم الذي طغى ذكره من 1971 إلى اليوم عبر الخليج إلى الصين. يصفه بغيث المساكين الذي يُخضّر الغصون ويُغرّد الحمام، ويُصدّق العرب بـ""عز الله"" في كلامه. يفخر بأن فكره موجّه نحوه كحفيد سلاطين، وقد نظم له قصيدة عشرين بيتاً كلها علامات له، فأيامهما يومان: ميلاده وقيام الساعة. ينتقد انقسام الناس بين فهم وتعنت، ويُعلي الاستقامة الواحدة، معتبراً دموع العاشقين ابتسامات، والشعر باقياً في القلوب لا الدواوين. يختم بتفوّق الأب على المنافسين، مورث المرجلة كالأهرام للفراعنة، مؤكّداً ورثة المجد الأصيل.","Cinematic medium-wide shot of Sheikh Hamdan bin Mohammed (Fazaa) standing alone in a dignified, contemplative pose on a muted cyan-tinted desert terrace at twilight, holding a traditional UAE flag gently while gazing toward a distant horizon where the Burj Khalifa skyline meets the stars, face etched with visionary resolve and deep pride, wearing pristine white kandura and black bisht with intricate gold embroidery, subtle incense smoke wisps curling upward and a single falcon feather resting on the sand nearby, volumetric golden-hour rim lighting with cool blue-grey tones and warm amber highlights, shallow depth of field with bokeh, shot on ARRI Alexa 65 with anamorphic lens flare, contemplative and majestic atmosphere, 8K photorealistic cinematic masterpiece, Apple TV+ premium documentary aesthetic, no text, no watermark, no women",URL,فزاع,https://d1q70pf5vjeyhc.cloudfront.net/predictions/062411c9ed7341d09b94643016801822/1.jpg,a903e4ded8a84bcbbaa3670e9b88b634
131,عالم ثاني,"ما قمت اشوف الشمس ولاقمت اشوف النور      حتي في هذا اليوم ما اشوف خلاني
ما ادري مكاني وين لو هي السنين تدور      ما ادري انا في عالمي او عالم ثاني
يا هو غريب احساس ياهو غريب شعور      اعيش بين الناس .. لكني وحداني
عشت اغرب الاحساس في مظلمات بحور      واسمع صدي الاصوات ان ياك وان ياني
ناس تفارق ناس وكل _ لعب في دور      والدرب لي وداه ،، روح ولا جاني
قام هذا ينسي ذاك وذاك عايش مغرور      واخاف حتي الروح .. الروح تنساني
من يومه العشرين خمسه وخمسه عشور      حتي ظلام الليل من جوره يعاني
طافت علي ايام وطافت علي شهور      واحتارت الايام واحتار ميزاني
النظره لي م العين تنظر غياب النور      ابطت وهي تبكي وتفارق اعياني","قصيدة ""عالم ثاني"" لفزاع تعبر عن وحدة عميقة في عالم غريب، حيث يتيه الشاعر في ظلام لا يرى فيه الشمس ولا النور، محاطاً بناس يلعبون أدواراً زائفة وينسون بعضهم. يصف شعوراً غامضاً بالاغتراب بين البشر، كأنه في بحور مظلمة يتردد فيها صدى الأصوات، مع خوف من نسيان الروح نفسها منذ ""العشرين خمسة وعشرين"". تتكرر الأيام والشهور في حيرة، والعين تبكي غياب النور، مؤكدة الصراع بين الوجود والعزلة في عالم ثانٍ موازٍ. صور قوية للظلام والفراق تجعلها مثالية لملصق يلتقط الغموض والعمق العاطفي.","Cinematic close-up of Sheikh Hamdan bin Mohammed (Fazaa) in traditional white kandura and black bisht with subtle gold embroidery, his face reflecting profound solitude and contemplative melancholy, set against a muted cyan and desaturated teal twilight desert landscape symbolizing an alien, shadowed world; scattered wilting desert roses and faint incense smoke wisps evoke longing and spiritual isolation, distant falcon feather drifting gently in cool blue-grey rim lighting, volumetric rays piercing soft darkness, shallow depth of field with bokeh, shot on ARRI Alexa 65 with anamorphic lens flare and subtle film grain, emotionally resonant, poetic atmosphere, 8K photorealistic masterpiece, Apple TV+ documentary aesthetic, no text, no watermark, no women",,,,
132,عذروبها,"طلت وجوي بالفرح والسعد هل      واستانست عيني بشوف المحابيب
طلت وقلت البدر في ارضنا حل      الله .. كيف الطيب يجيك بالطيب
بدر البدور وعمه الزين والدل      ايه جمال وحسن مابها عذاريب
عذروبها بس ان حكت تسحر الكل      والرمش لا سلهم غدي طفلنا شيب
فيها شموخ ابطال وبها دلع طفل      وبها من اللي ما بكل الرعابيب
وبها حلاوه قد وبها خصر نحل      وبها عيون تخلط الحق والريب
وبها صفاوه نفس وبها عطر فل      وبها ردوف مثلما مهره كليب
وبها نعومه جسم تحت الميدل      وبها اقول اسكت تري يستوي عيب","قصيدة ""عذروبها"" لفزاع، نشيدٌ عاشقٌ للمحبوبة التي تُشرق كبدرٍ في الأرض، تجمع شموخَ الأبطال ودلَعَ الطفل، حلاوةَ القدِّ وخصرَ نحلٍ، عيوناً تخلطُ الحقَّ بالريبِ، صَفَاوَةَ نفسٍ وعَطْرَ فُلٍّ، رَدُوفَ مِهْرَةِ كَلِيبٍ، ونَعُومَةَ جسمٍ تحتَ المِيدَلْ. صوتُهاِ سِحْرٌ يُشِيبُ الشَّيْبَ، رَمْشُهَا يُذِيبُ القلوبَ، فَتُفِيضُ الفرحَ والسَّعْدَ بِطُلُوعِهَا، مُعْتَرِفًا بِأَنَّ الطَّيِّبَ يَجْلِبُ الطَّيِّبَ. هِيَ الْجَمَالُ الْكَامِلُ بِلَا عَذَارِيبَ، تَسْتَحْقِقُ الْغَنَاءَ الْمُتَكَرِّرَ لِتَأْكِيدِ سِحْرِهَا الْجَاذِبِ.","Cinematic close-up of Sheikh Hamdan bin Mohammed (Fazaa) in traditional white kandura and finely embroidered black bisht, his expression tender and contemplative, embodying deep love and admiration under muted cyan and desaturated teal twilight sky. He stands amidst softly scattered desert roses and delicate incense smoke wisps symbolizing longing and memory, with a single falcon feather gently resting nearby. Volumetric golden rim lighting with cool blue-grey tones and subtle amber highlights accentuate his dignified features. Shot on ARRI Alexa 65 with anamorphic lens flare, shallow depth of field and bokeh background, capturing a poetic, emotionally resonant atmosphere. 8K photorealistic masterpiece, Apple TV+ premium documentary aesthetic, no text, no watermark, no women.",,,,
133,علي الخطا,"لا عاد تعنيني ولا اعنيك      كل بدربه وانتهينا
ما دام هي هذي معانيك      يا ليت حنا ما التقينا
علي الخطا دايم خطاويك      وعنه الخطا حنا اعتلينا
يشهد علي حاضرك ماضيك      لو بانتناسا ما نسينا
سودا من افعالك لياليك      ضعت ف بحور دون مينا
صديتنا وسمعت واشيك      خطيتنا لو ما خطينا
هديت قصر الحب بيديك      ش اللي بقي باقي علينا
ما ابيك والله صرت ما ابيك      لالا نجيك و لا تجينا","قصيدة ""علي الخطا"" نبطية حزينة تعبر عن نهاية حبٍّ مليء بالخيانة والألم، حيث يعلن الشاعر الفراق النهائي: ""لا عاد تعنيني ولا أعنيك""، معتبراً اللقاء ندمًا كبيرًا ""يا ليت حنا ما التقينا"". يتهم المحبوب بخطاياه الدائمة ""علي الخطا دايم خطاويك""، ويشهد الماضي والحاضر على سواد أفعاله التي أغرقت الحب في بحورٍ بلا ميناء. يصف تدمير ""قصر الحب"" بيدي الخائن، رافضًا العودة ""ما أبيك والله صرت ما أبيك""، مؤكدًا استقلال الدربين رغم الذكريات الدامية. جوٌّ من التحرر المر بعد الصد والإيذاء، بلحنٍ متكرر يعزز الإصرار على النسيان.","Cinematic close-up of a solemn Emirati man in traditional white kandura and finely embroidered bisht, his face etched with deep sorrow and resolute pain, standing alone on cracked desert earth under a muted cyan and desaturated teal twilight sky, wilting desert roses scattered at his feet symbolizing lost love and betrayal, faint incense smoke wisps curling in the cool air, subtle single falcon feather drifting nearby representing freedom from heartbreak, dramatic volumetric rim lighting with cool blue-grey tones and soft amber highlights, shallow depth of field with bokeh background, shot on ARRI Alexa 65 with anamorphic lens flare and subtle film grain, contemplative and melancholic atmosphere, 8K photorealistic cinematic masterpiece, Apple TV+ premium documentary aesthetic, no text, no watermark, no women",,,,
134,علي رفقه,"المدح بعض احيان يا صاحب علوم الطيبين      وانته رجل مسلم ونفسك عارفين اسلامها
جاهد بهاجوسك تري الشاعر جهاده فرض عين      يا اما نصر .. والا ممات ومسكها بختامها
والقافيه تكريت والهاجوس صدام الحسين      وتكريت ما تاخذ الاوامر غير من صدامها
الي عظم حجم الحسد فاعظم في عين الحاسدين      العظماء .. القبر نفسه يفتخر بعظامها
اتعملق ومالك ومال العالم المتقزمين      مقامك العملاق ما تقدر عليه اقزامها
جاني من الاجواد واحد قال ابي بكره تعين      علي التحدي قلت هالحمرا معاك خطامها
لكن وش يملا عيون اهل القلوب الطامعين      رفع يدينه للسما .. و اشرت بابهامها
والبكره الصفرا هذيك اللي يراعيها اثنين      اللي لو انها تنعرض للسوم محد _ سامها
ماهي رخيصه سعر لكن من يسومك يالثمين      تكفي يابو ( راشد ) ابيها .. لو علا مقامها
وصوفها بين الهجن تملا محاجر كل عين      شيخه عرب واللي حواليها فقط خدامها
الي بدا شوط التحدي والعرب متجهزين      وقامت هل الاعلام ترفع للزوم اعلامها
تمرهم مرور سبع الغاب في الليل الدفين      الاوله لو خشمها ماهو يجي قدامها
تكسر اتيام الهجن في كل وقت وكل حين      واتيامها محد _ يكسرها ما غير اتيامها
الله عطاها يوف من كبره تحسب انها سمين      والينب واسع ووجهها ضافي يازين وسامها
وشعورها من تحت اذان _ كنه الا حربتين      يديل بنت هايمه والشوق زاد هيامها
ومن السنام لوركها يا صاحبي مقعد جنين      ركابها .. من دون الامه يذوق الامها
لان السنام يزين يوم فقارها له نكستين      وفقارها مستور مثل المحرمه باحرامها
والزور من تحت النحر متقلط يالفاهمين      في طبوع هجن الركض والا في وصوف اجسامها
ولها كراسيع _ وساع وباطها منه يبين      متقلطه غارب .. وهذا اللي فهق سنامها
وكن خف يدها يد ظبي مصغره صغر اليدين      دقيقه من ذراعها ملمومه من عظامها
وكن ذيلها ميدول شاميه مع عرضه متين      ينوش الارض ويرفعه م الارض طول اقدامها
صفرا مثل لون الذهب في عنق فتان _ حسين      والا مثل شمس الصباح الي انجلي ظلامها
لو مخرجين افلام اصحاب الهجن لمضمرين      كان اعرضوا في شاشه التلفاز كل افلامها
قلت استعذ بالله من الشيطان وابليس اللعين      الناس تحلم بس ما تقدر تطول احلامها
دامك تعرف اوصافها خير الرجال العارفين      من لوم العالم علي نفسه هو اللي لامها
شف روح للعزبه وخذ ما تشتهي من كل زين      اما هذي .. علي رفقه ما تقود خطامها","قصيدة نبطية حماسية بعنوان ""علي رفقه""، تمدح هجن صفراء عملاقة لا تُقدَّر بثمن، شيختها عرب تُملأ عيون الخصوم حسدًا وإعجابًا، كأنها صدام الحسين في تكريت، تتحدى العالم بقوتها وجمالها الفتَّان. يصف الشاعر تفاصيلها الدقيقة: سنامٌ يزيِّن الفقار المستور، وجهٌ ضافٍ واسع الينب، شعرٌ كحربتين، يدٌ كظبي، ذيلٌ شامي متين، لونٌ كالذهب أو شمس الصبح، تكسر أعطام المنافسين مرورًا كسبع الغاب. يرفض الشاعر بيعها رغم التحديات والطمع، مؤكدًا: ""علي رفقه ما تقود خطامها""، فهي لأبو راشد فقط، رمز العزة والكبرياء في ميادين الهجن. المدح هنا جهاد فرض عين، يعظم مقامها فوق الحاسدين والأقزام، مع لمسة إيمانية ترفض الشيطان والأحلام البعيدة.","Cinematic medium-wide shot of Sheikh Mohamed bin Rashid (Bo Rashid) standing alone in a dignified, contemplative pose on a muted cyan-tinted desert terrace at twilight, holding the reins of a majestic Arabian mare named ""Ali Rafqa"" while gently gazing at her with deep admiration and respect, faces etched with solemn pride and visionary resolve, wearing pristine white kanduras and black bishts with intricate gold embroidery, the horse displaying a golden-yellow coat like morning sun, a long flowing tail, and a refined head shape, subtle incense smoke wisps curling upward and distant falcon silhouettes in the sky, volumetric golden-hour rim lighting with cool blue-grey tones and warm amber highlights, shallow depth of field with bokeh, shot on ARRI Alexa 65 with anamorphic lens flare, contemplative and majestic atmosphere, 8K photorealistic cinematic masterpiece, Apple TV+ premium documentary aesthetic, no text, no watermark, no women",URL,راشد,https://d2p7pge43lyniu.cloudfront.net/output/3d45bb2b-4cd4-4fbd-a1f8-b233cc27cf65.jpeg,9ee4660841844746a96921a86d9c4b9b
135,عوضوك بغيابي,"عوضوك بغيابي لا تقول اني وحشتك      لا تجامل دخيلك في شعور يعنيني
بس يكفي كفايه لا تمادي عرفتك      خاين الحب ماله في فوادي حنيني
انت ياللي بعيني حلم عمري رسمتك      وكيف تجرح خفوق يعشقك من سنيني
احسبه زاد حبي في غيابي وحسبتك      ما تجاهل وداد كان بينك و بيني
كم سهرت الليالي وكم ليله سهرتك      وكم ليله خيالك نام في وسط عيني
وكم قل لي دخيلك كم ليل انتظرتك      كم قل لي تفضل ، كم صدك يجيني
كنت تجري بدمي لا نزفته نزفتك      كنت ساكن خيالي ، داخلي محتويني
من كتبت الحروف الابجديه كتبتك      لامه ان كان تبغي اول الحرف سيني","قصيدة ""عوضوك بغيابي"" ملحمة عاطفية لفزاع، تعصف بألم الخيانة والغياب من حبيبةٍ رسمها حلم عمره في عينيه، محذراً إياها من الجَمال والكذب على ""دخيلها"". يصور سهر الليالي الطويلة، حيث كانت تسكن دمه وخياله، تجري في عروقه كالنَزْف، ويحتسب زيادة حبه رغم جرحها الخفوق الذي عشقها سنين. يرفض الشاعر الوداع المزيف، مؤكداً أن الخائن لا حظ له في فؤاده الحنين، ويختتم بتكرار النداء الدامي: عوضوكِ بغيابي، فلا تُوهِميني بحنين كاذب. جوٌّ من الألم الوجداني، السهر، والوفاء الثابت، مثالي لتصميم بوستر يجمع الرمال الدامية، العيون الساهرة، والحروف الأبجدية المكتوبة بحب.","Cinematic close-up of Sheikh Hamdan bin Mohammed (Fazaa) in traditional white kandura and black bisht with subtle gold embroidery, his face marked by deep, contemplative pain and steadfast loyalty, set against a muted cyan and desaturated teal twilight desert backdrop with scattered wilting desert roses and faint incense smoke wisps symbolizing longing and memory, sand slipping slowly through fingers evoking loss and time, volumetric golden hour rim lighting with cool blue-grey tones and soft amber highlights, shallow depth of field with bokeh, shot on ARRI Alexa 65 with anamorphic lens flare and subtle film grain, emotionally resonant, poetic atmosphere of sleepless nights and unyielding love, 8K photorealistic cinematic masterpiece, Apple TV+ premium documentary aesthetic, no text, no watermark, no women",,,,
136,عين الرضا,"مثل جميلي معك كمل جميلك معي      وانظر بعين الغضب والا بعين الرضي
تسمع عن الاخطل وتسمع عن الاصمعي      لكن ابا اسمعك شعر يهز الفضا
لا تدعي ظلم ..والله فوق المدعي      يالين تعدل وتستوفي شروط القضا
ولا تشتكي قله الادراك قبل الوعي      وخليك واعي وتدرك كل شي مضي
حظيت بي وانت تدري ويش هو موقعي      لو كان غيرك حمد ربه علي انه حظي
حرمتني صوتك اللي لا وصل مسمعي      كني اغني هجيني فوق عوص النضا
وفارقتني والمفارق ما يزيد اوجعي      لكن يولع في جوفي نار كنها لضي
ويا صاحبي والشعر ماهو براس اصبعي      الشعر احاسيس قلب لغرامك رضا
وانا مصحصح معك خلك مصحصح معي      واعشق بعين الغضب والا بعين الرضا","قصيدة ""عين الرضا"" لفزاع، ملحمة عاطفية تُكرِّر نداء الوفاء المتبادل في الحب، حيث يدعو الحبيب إلى إكمال الجمال بـ""عين الرضا"" لا الغضب، متجاوزاً أسماء الشعراء الكبار كالأخطل والأصمعي بشعر يهز الفضاء. يرفض الشاعر الظلم والشكوى، مؤكداً أن الوعي يُدرك الماضي، ويُبرز حظه العظيم بصاحب يُحمد الله عليه، رغم حرمانه من صوته الذي يُغني الهجيني فوق عوص النضَّة. يشتعل الوجد بنار الفراق، لكن الشعرَ نبض قلبٍ يُصحِّحُ الروح، مشدِّداً على الإعشاق المُصحَّح بالرضا، في إيقاعٍ يجمع بين الألم والرضا الإلهي، مُخْتَتِمَاً بدعوةٍ للصحبة الأبدية.","Cinematic close-up of Sheikh Hamdan bin Mohammed (Fazaa) in traditional white kandura and finely embroidered black bisht, his face reflecting profound emotional longing and serene acceptance, set against a muted cyan and desaturated teal twilight desert backdrop. Surround him with subtle symbols: scattered wilting desert roses representing passionate pain, delicate incense smoke wisps evoking spiritual reflection, and a single falcon feather symbolizing noble freedom. Soft golden rim lighting with cool blue-grey volumetric rays accentuates his contemplative expression. Shot on ARRI Alexa 65 with anamorphic lens flare, shallow depth of field, and subtle film grain texture, composed using the rule of thirds with bokeh background. The atmosphere is poetic, dignified, and emotionally resonant, capturing the interplay of love, patience, and divine contentment. 8K photorealistic masterpiece, Apple TV+ premium documentary aesthetic, no text, no watermark, no women.",,,,
137,غصون قاف,"الله الله يا قصيدي قول ما عندي خلاف      قول من حبر المشاعر لين ما حبرك يجف
قلت يا طابور ثابت خذ يمينك انصراف      قال حاضر سيدي .. ادي التحيه وانصرف
اختيار البحر هذا والبحور غصون قاف      والسواقي يرتون بس ما اكملن وصلن نصف
هذي بدايه مطافك وش نهايه هالمطاف      من يعرف نهايته وهو في البدايه ما انعرف
لي يقول انه من انصاف الليالي ما يخاف      طب قوله وانظر عيونه اذا الليل انتصف
من يبي يفهم يحاول يقرا خطي باختلاف      املك انواع المعاني والمعاني تختلف
خذ من اللي مقبلات وخل ياللي طاف طاف      والشجاع اللي صدق قوله ولو هو ما حلف
كم تمنيت الزمان يعود لي من يوم شاف      الولد امه ولكن ما رجع .. يا للاسف
العلوم المثقلات اليوم صارت لي خفاف      حشمه لانسان واحد والبقايا في طرف","قصيدة ""غصون قاف"" لفزاع، ملحمة نبطية تُحاور القصيدة ذاتها كطابورٍ يُسلِّم ويُنصرف، مُختارة بحر ""غصون قاف"" ناقص الإكمال كالسواقي المُرتوية نصفَ مسارها. تُعبِّر عن حيرة الزمن الذي لا يُعْرَفُ نهايته من بدايته، وتُحذِّر من مَنْ يدَّعي عدمَ خوفِهِ من انْصَافِ اللَّيْلِ بِعَيْنَيْهِ المُفْضَحَتَيْنِ. يَفْخَرُ الشَّاعِرُ بِخَطِّهِ المُخْتَلِفِ المُلِيءِ بِأَنْوَاعِ المَعَانِي، مُنْصِحًا بِاخْتِيَارِ المَقْبُولَاتِ وَتَرْكِ الطَّوَّافِينَ، وَمُعَزِّزًا الشُّجَاعَةَ الصَّادِقَةَ دُونَ حَلْفٍ. تَتَخَلَّلُهَا أَلَمُ حَنِينٍ لِرُجُوعِ الزَّمَانِ إِلَى يَوْمِ رُؤْيَةِ الْوَلَدِ أُمَّهُ، وَتَخْفِيفُ الْعُلُومِ الْمُثْقِلَةِ لِوَاحِدٍ وَحْدَهُ، مَعْبِرَةً عَنْ صَبْرِ الْفَقْدِ وَعُمْقِ الْحِكْمَةِ الْبَادِيَةِ فِي غَمْضَةِ الْعَيْنِ.","Cinematic close-up of Sheikh Hamdan bin Mohammed (Fazaa) in traditional white kandura and black bisht with subtle gold embroidery, his expression contemplative and wise, embodying poetic introspection and the passage of time, set against a muted cyan and desaturated teal twilight desert landscape with cracked earth symbolizing temporal uncertainty, scattered wilting desert roses and incense smoke wisps rising gently, soft amber rim lighting blending with cool blue-grey tones, shallow depth of field with bokeh, shot on ARRI Alexa 65 with anamorphic lens flare and subtle film grain, emotionally resonant, poetic atmosphere, 8K photorealistic cinematic masterpiece, Apple TV+ documentary aesthetic, no text, no watermark, no women",,,,
138,غلا,"يفوح بركان الغلا والصدر فاح      ويضيق من ليل الجفا كون فسيح
يا معود عيني علي قل المراح      ويميل غصنك .. ويتعلق به جريح
وش فيك تاخذني علي ريش وجناح      وشلون اطيح فراق وانا ما اطيح
طاح الظيا علي جبينك واستراح      والليل من بين الجدايل مستريح
يعني جمعت الليل وانفاس الصباح      حتي تجسد فيك معناه المليح
الفرحه اللي كنها طعم النجاح      يالمده اللي تجرح الكف الشحيح
مفاتنك سحر .. لكن سحر مباح      عليك اسمي من هل الوجه القبيح
يااعذب من الما في مصبه يوم ساح      يوم استبحت القلب وش له تستبيح
اجتحتني .. واتقنت فن الاجتياح      واتعبتني .. وانا سدودي ما تبيح
متعود تترك علي قلبي جراح      ذباح روح وتمشي بدم الجريح
اشوفك بعين الغلا والارتياح      انسي الطعون اللي انا فيني فحيح
استوعب اخطاءك واطالبك السماح      ويطغي علي كيل الهجا كيل المديح
لا لاح براقك وبرق الشعر لاح      اصرخ من الاعماق واقول الصحيح
انك مليح .. وتعتبر سيد الملاح      تستقبلك افواه ويفيض المديح","قصيدة ""غلا"" لفزاع ملحمة وجدانية تتدفق بركان الحب المتفجر وسط ليل الجفا الضيق، حيث يخاطب الشاعر محبوبته ""المعود عيني"" بغرام يجمع الليل وأنفاس الصباح في وجهها المليح. يصف مفاتنها الساحرة المباحة كفرحة نجاح تجرح الكف الشحيح، واعتراف باجتياحها قلبه رغم الجراح الدامية والأخطاء الطعون. يتجاوز الغلا الهجاء بالمديح الغامر، متوسلاً سماحاً ومستسلمًا لبريق شعرها وسحرها، مؤكدًا أنها سيدة الملاح في بحر العواطف المتلاطم. تكرار الأبيات يعزز الدوامة العاطفية بين الألم والارتياح، صور شعرية حسية لعاشق يغفر ويُذاب في غلاِّه الأبدي.","Cinematic close-up of Sheikh Hamdan bin Mohammed (Fazaa) in traditional white kandura and finely embroidered black bisht, his face reflecting intense, contemplative longing and tender vulnerability, set against a muted cyan and desaturated teal twilight desert backdrop symbolizing emotional turmoil. Surround him with subtle wilting desert roses and delicate incense smoke wisps rising softly, evoking love’s pain and spiritual surrender. Soft amber rim lighting contrasts the cool blue-grey palette, volumetric rays casting poetic shadows, shallow depth of field with bokeh, shot on ARRI Alexa 65 with anamorphic lens flare and subtle film grain texture, capturing a dignified, emotionally resonant, 8K photorealistic masterpiece in Apple TV+ documentary style. No text, no watermark, no women.",,,,
139,غياب,"شف للغلا شي قبل تطول غربتنا      اخاف كثر الغياب وتصعب الجيه
بالله في البعد قل لي ويش حاجتنا      مادام خذنا الزعل حاجه طفوليه
نبغي نموت ف بعضنا دام ما متنا      يازين خل الامور تصير عفويه
لا تفرح الحاسدين بطول صدتنا      لا تنزع القلب وتقطع مجاريه
الارض .. سكه تعدتها مساحتنا      جيش من الحب خياله ورجليه
اعشوشب القلب وامطر من صراحتنا      وحبال الاشواق معقوده ومطويه
لو افترقنا ياعمري ويش حجتنا      وحنا نشوف الجفا بانت مواريه
الله يوم النجوم تنام .. ما بتنا      الطرف شاقي وطرف زايد غيه
علي بعضنا اذا اقفينا تلفتنا      و كل _ يغير من اللهفه طواريه
وان كان نيتك تقطع في علاقتنا      ما عاد عندك ياشيخ الغيد حنيه
مرخوص بس خلنا نحفظ كرامتنا      قدامهم نترك الاوضاع عاديه
لانشوف بعيونهم منا اهانتنا      ونزود الكيه اللي بالحشا كيه
لكن فديتك .. لا نبطي ما تلفتنا      اخاف من دمعتي لا تهل عفويه","قصيدة ""غياب"" لفزاع، صرخة وجدانية ضد طول البعد والغربة، حيث يتوسل الشاعر الحبيب ""شيخ الغيد"" أن يشفي الغلا قبل أن يصعب الجيه، معتبراً الزعل طفولياً لا يبرر الفراق. يرفض الاستسلام للحاسدين، مؤكداً أن حبهم جيش خيالي تجاوز الأرض، مع عشوشب القلب وأحبال الاشواق المعقودة. يخشى انقطاع العلاقة رغم كرامتهما، محذراً من الدمعة العفوية، ومشدداً على الوفاء حتى في الصدود، فالقلب رهين والعيون شاقية. ملحمة حب تتحدى الجفا، تجمع بين الشوق الحسي والكبرياء النبيل.","Cinematic medium-wide shot of Sheikh Mohamed bin Zayed (Bo Zayed) and Sheikh Khalifa bin Zayed (Bo Khalifa) standing side-by-side in a solemn, contemplative pose on a muted cyan-tinted desert terrace at twilight, both placing a hand gently over their hearts while gazing toward a distant horizon where faint starlight begins to emerge, faces etched with deep longing, dignified sorrow, and unwavering resolve, wearing pristine white kanduras and black bishts with intricate gold embroidery, subtle wilting desert roses and wisps of incense smoke curling upward near their feet, volumetric golden-hour rim lighting with cool blue-grey tones and soft amber highlights, shallow depth of field with bokeh, shot on ARRI Alexa 65 with anamorphic lens flare, atmosphere of poetic separation yet enduring unity, 8K photorealistic cinematic masterpiece, Apple TV+ premium documentary aesthetic, no text, no watermark, no women",URL,زايد,https://d2p7pge43lyniu.cloudfront.net/output/6dcdf7d1-9217-428c-b901-163a2e5aff33.jpeg,6aab1fa571c94c0aafbc6e695c299b0b
140,فارس,"قد سمعتوا بفارس سامي يخاطب له حصان      لا حكي نفس الكلام اللي يقوله ويحكيه
قد سمعتوا بفارس سابق سنينه من زمان      غير ابن راشد محمد قلت ما شا الله عليه
كلما يبغي بايوصل باحترام لاي مكان      من شهرته حتي نجم سهيل ناو له يجيه
الصحف واللي تخربط والا انا شاهد عيان      بان هذا الشخص نادر واحلف ان ماله شبيه
كيف وليه المجد يفخر باسم هذا يافلان      بالغصب هالمجد يفخر لا تقل لي كيف وليه
لا تحسب اني انا مشرف جواهر والبيان      انا اكتب لي في بالي يعني اكتب لي ابيه
يعني انتوا قد سمعتوا بفارس يكلم حصان      يعني انتوا قد سمعتوا سهيل ناو له يجيه","قصيدة ""فارس"" مديحٌ حماسيٌّ لـ""محمد بن راشد آل مكتوم""، فارسٍ سامٍ يخاطب حصانه بلغةٍ فريدة، سابقٍ لسنينٍ طوالٍ بـ""ما شاء الله"". شهرتهُ عظيمةٌ حتى ينوءَ بها نجمُ سهيل، يُقابلُ بالاحترامِ في كلِّ مَكانٍ، نادرٌ لا شبيهَ لهُ عيانًا. يفخرُ المجدُ باسمهِ غصبًا، والشاعرُ يكتبُ من قلبهِ أبيهِ، مؤكِّدًا تفوُّقَهُ على الصحفِ والخرافاتِ، في تكرارٍ إيقاعيٍّ يُعزِّزُ الأسطورةَ الإماراتيَّةَ الباسلةَ.","Cinematic medium shot of Sheikh Mohamed bin Rashid Al Maktoum (Bo Rashid) standing alone in a dignified, contemplative pose on a muted cyan-tinted desert terrace at twilight, holding a traditional Arabian horse's reins with a gentle yet proud gesture as if listening to the horse speak or reflecting on its legacy, face etched with deep pride and visionary resolve, wearing pristine white kandura and black bisht with intricate gold embroidery, subtle warm amber highlights contrasting with cool blue-grey tones, distant falcon silhouette and wisps of incense smoke curling upward, volumetric golden-hour rim lighting with cyan undertones, shallow depth of field with bokeh, shot on ARRI Alexa 65 with anamorphic lens flare, contemplative and majestic atmosphere celebrating heritage and unique talent, 8K photorealistic cinematic masterpiece, Apple TV+ premium documentary aesthetic, no text, no watermark, no women",URL,"محمد,راشد",https://d2p7pge43lyniu.cloudfront.net/output/5ee62e80-41f2-48a5-979e-57208fa74ff2.jpeg,b9019ca512754a469c8a2aac28743db2
141,فخر الاجيال,"علي وصف الرجال اللي تسمي بالفعال رجال      لفت بيض العلوم وبيض الله وجه راعيها
لفت ما كنها الا سبق الخيل ان بدت تختال      نواصيها النعوت و في مناكبها .. قوافيها
قصايد والقصايد ما نساومها بجاه ومال      نعب بحورها وان هاج مزملها نرسيها
اذا امتد الفكر وامتد ليلي والقصيد وطال      توشحت الشوارد ولبست الاشعار غاليها
كذب من قال ساعفني عليها الجن يوم تقال      انا البس جنها واصدر مواردها وارويها
انا ولا فخر نجل الشامخ المتمرس الريبال      علي وصفه تجاريني القصايد قبل اجاريها
علي (محمد ابن راشد ابن مكتوم ) طاب الفال      وطابت لي قبل لا الزم قوافيها .. معانيها
متي قالوا صواريها المعاني.. ماهناك اشكال      حرام اني لمد شراعها لاكبر صواريها
علي اكبر منبر ارميها ثنا وعز و فخر واجلال      ما دام ان الثنا لاهله .. علي اكبر منبر ارميها
لاجل قرم غرس حلمه لشعبه واثمرت الامال      حقايق نبصر اولها .. و نتباشر بتاليها
حقايق واضحه من دون ابو راشد صعب تنطال      تباركها القلوب وتبهر الناظر مغانيها
مغانيها تراود كل عطر ما خطر ع البال      واراضيها يراود كل عاشق فوع ناديها
اراضيها الخزامي والنفل والبختري والهال      وما يخطر علي بال العطر يزخر باراضيها
ولي فيها محب اسرف علي قلبي وحط وشال      طلب روحي وروحي منه فيها اللي يكفيها
من اول ما عرفته والضلوع تجر له موال      ولا ادري نيته بضلوع صدري وش تواليها
انا محتار ما بينه وبين ( دبي ) بالمثقال      يا اما ( دبي ) له تحلا او انه لي محليها
او ان ( دبي ) تحلا لان ابو راشد لها خيال      نعم والله وتسبق خيلها من سبق واليها
( دبي ) العز من طيب النسايم عودها ميال      تمسي صاحب القدر ونحن باسمه نمسيها
صدي داره بشرق وغرب وجنوب التقي وشمال      قبض الاربع جهات يلين داره ذاع طاريها
طغي عزمه علي وعر الدروب وله غدت مسيال      تسيل الارض لاقدامه وتفخر من مواطيها
غريبه كيف جادت به سنينه والسنين بخال ؟      والاغرب كيف تضما له وهو بالجود يسقيها ؟
لو ان المجد سهل ان كان كل طال منه ونال      دروب المجد ودروب العلا صعبه مراقيها
طويل العمر ما جيت اعتزي في وصفك الامثال      ولكن المثايل تعتزيني بك .. والبيها
يابوي ابشر تري شبلك توارت عن مداه اشبال      وثب فوق الدروب وسابقت رجله خطاويها
ورث عزمك وحزمك والخصال تجر طيب خصال      مواثيقه علي طرق المكارم بك يجديها
اذا شد الفخر لاجلك رحاله قمت اشد رحال      علي نهجك .. عشان افرد رحاله وارجع اطويها
واذا قالوا : من ادري بالحصابي والوزون ثقال      عرفت ان الوزون ثقال وانت ادري بحصابيها
علي الدنيا جدال الا انت والله ما عليك جدال      مع ان ايدك يجادل كل وادي سيل واديها
لو ان السحب تنشا من كفوف امست عليك ظلال      وخرت ساجده لاهل الثري من جود منشيها
مكارمك المكارم والعطايا من بحرك جزال      لو ان السفن تجري في يمينك ضاع شاطيها
يمينك كم لاحت وابرقت وابطت وهي تنهال      ولا والله تدري عن يسارك كم معاطيها
وكم رجل بصدره حاجه وجاك وقبل لا يسال      عطيته .. كنك ادري بالصدور و سر خافيها
و كم حلم سبقته .. كان في عين الزمان محال      تقول المقبلات افضت عليك اسرار باريها
يقولون اختصرت اجيال واقول انته فخر الاجيال      اذا الاجيال بك ما تفتخر .. من يفتخر فيها ؟!","قصيدة ""فخر الأجيال"" ملحمة نبطية شاهقة يرفع فيها ""فزاع"" رايات الثناء والاعتزاز بأبيه ""محمد بن راشد آل مكتوم"" (أبو راشد)، واصفاً إياه بـ""الرجال الفعال"" الذي لفَّ بيض العلوم ونواصي الخيل، راعياً لدبي التي صارت عزَّاً عالمياً بفضل حلمه وقرمه الذي أثمر آمالاً تباركها القلوب. يشبه الشاعر قصائده بخيول تسبق تختال، غير مساومة بجاه أو مال، ويؤكد أن وصف الأب أكبر منبر للثناء والفخر، حيث غرس بذور المجد في دروب وعرة صارت مسيالاً تحت عزمه، مقترباً من دبي في حلاوة وخيال حتى يحتار الشاعر بينهما. يتغنَّى بجوده الجزال الذي يسبق الحاجات والأحلام المحال، يمينه براقة كالسحب ويساره معطاءً، مختصراً الأجيال في شخصه الشامخ. يبشر الأب بشبله الذي ورث عزمه وحزمه، يثبت خطاه ويشد الرحال على نهجه في المكارم، مؤكداً: إذا لم تفتخر الأجيال بك، فمن يُفتخر فيها؟ صور شعرية نابضة بالعطور والنسايم والمجد، تجسِّد الوفاء الابني والوطني في قمَّة الإعجاز القيادي.","Cinematic medium-wide shot of Sheikh Mohamed bin Rashid Al Maktoum (Bo Rashid) standing alone in a dignified, contemplative pose on a muted cyan-tinted desert terrace overlooking the modern Dubai skyline at twilight, holding a traditional UAE flag with one hand while gently tracing sand with the other to symbolize his deep connection to heritage and vision, face etched with serene pride and visionary resolve, wearing pristine white kandura and black bisht with intricate gold embroidery, distant silhouettes of Arabian horses and subtle incense smoke wisps curling upward, volumetric golden-hour rim lighting with cool blue-grey tones and warm amber highlights, shallow depth of field with bokeh, shot on ARRI Alexa 65 with anamorphic lens flare, contemplative and majestic atmosphere celebrating the pride of generations, 8K photorealistic cinematic masterpiece, Apple TV+ premium documentary aesthetic, no text, no watermark, no women",URL,"محمد,راشد,مكتوم",https://d1q70pf5vjeyhc.cloudfront.net/predictions/c774a47248914507b3c8b2bdfd44b54a/1.jpg,58bf9af5b6d04b299339f7babeca6e7c
142,فرض و نفل,"من اسبوع الي اسبوع ومن شهور الي سنين      والصبر ما عاد يقوي بانتظار القافله
كان يتصبر علي مستلزمات المسلمين      كاد ان ياتي بضيفه والجواري غافله
وكلما غني المغني والقمر توه يبين      ثوره الافكار صارت كالخيول الجافله
وين والا وين والا وين والا وين وين      وين اروح وباب حظي يا زماني قافله
كلما قلت افتحه قلت المشاكل فرض عين      وان قضيت الفرض قلت الفرض بعده نافله
كافل جرحي مثل كافل يتيم الوالدين      وانت ما قدرت دمعات اليتيم وكافله
والجروح انواع ، جرح واضح وجرح دفين      لكن اغزر جرح جرحك يالسنين السافله
يا مقوي الاقويا .. رحمتك للمستضعفين      ولا تخلي نجمتي بين النجوم الافله
ولا تخليني من الايام والدنيا حزين      واعطني طموح شيخ الحق له وانضاف له
والدروب طوال وان طالت عسي ربك يعين      والليالي من خلقنا بالمصايب حافله
من عصور الخيل والناقه وسيف ما يلين      لين عصر القنبله والطايره والحافله
الله اللي حطنا ساده علي المتسيدين      والرجوله والعدل والحق والانصاف له","قصيدة ""فرض ونفل"" نبطية عميقة تعبر عن صبرٍ ينفد في انتظار ""القافلة"" الغائبة، رمزاً للفرج والمستلزمات الضرورية للمسلمين، وسط مشاكل تتكدس كالفرائض الدينية التي تلد نافلة بعدها. يصور الشاعر جروحاً دفينة أغزرها جرح السنين السافلة، مقارناً كفالة جرحه بكفالة اليتيم، ويستغيث بالله رحيم المستضعفين ليمنع سقوطه بين النجوم الأفلح، ويعطيه طموح ""شيخ الحق"" الذي انضاف إليه. يتردد الإيقاع بين عصور الخيل والسيوف إلى عصر القنابل والطائرات، مؤكداً أن الله وضع سداً على المتسلطين، محافظاً على الرجولة والعدل. جوٌّ من الحنين والتحدي، يجمع بين الشكوى الإنسانية والتسليم الإيماني، مع لمسة فزاعية في الوفاء والصمود أمام الليالي الحافلة بالمصائب.","Cinematic medium shot of a dignified Emirati man in traditional white kandura and black bisht with subtle gold embroidery, his face etched with weary patience and resilient hope, standing amid a muted cyan and desaturated teal desert at twilight. Around him lie scattered wilting desert roses and prayer beads symbolizing deep suffering and devotion, with cracked desert earth beneath his feet reflecting hidden wounds of passing years. In the distant sky, a solitary falcon feather drifts gently, embodying noble endurance, while soft incense smoke wisps curl upward, evoking spiritual supplication. Volumetric golden hour rim lighting with cool blue-grey tones and subtle warm amber highlights accentuate his contemplative expression. Shot on ARRI Alexa 65 with anamorphic 85mm lens, shallow depth of field with bokeh background, film grain texture, cinematic masterpiece, 8K photorealistic, Apple TV+ premium documentary aesthetic, moody, poetic atmosphere, no text, no watermark, no women.",,,,
143,فز الشبل,"فزالشبل من صكت الحلقه علي الابطان      يوم الشجاعه تنهزم وتزلزل الابطال
يوم تخربط ياعرب تتغير الاوزان      رد الشبل في زمجره متحدي الزلزال
فز الشبل احمد بقوه ترعب الميدان      وذاك الاسد قايد يحرك بيده الاشبال
وقام التحدي في جبال خوفت فرسان      واحمد بعزمه انفرد وابعد شرات اللال
لا مايهمه صعب كل الصعب تحته هان      والنصر ما جابه صدف جابه بطوله بال
يخضع له الفوز بفخر من سالف الازمان      ماخذ طبايع من غدي لهذا الوطن خيال
شيخي وابوي محمد اللي للنصر عنوان      تاجي وعزي ومنهجي ، ياغيثي الهمال
واحمد تعلي واعتلي هو فارس الشبان      في عيونه يبان التحدي والصبر وامال
انا اشهد انه عاش ع صهوه فرس وعنان      ولا يبين الرجال الا ان كان ابن رجال
ولا اظن بان السيل يجري دونه الوديان      وحنا اذا قلنا تراه اقوالنا افعال
مازان هو بالفوز والله الفوز باسمه زان      يختال هو بالفوز لا ..الفوز به يختال
المجد كل المجد من احمد بني له شان      والعز كل العز من احمد خصاله نال
ماخاب ظني فيه يوم الصبح نوره بان      الصبح يفرح يوم شاف احمد بخيله صال
له غنت حروف القصيده باعذب الالحان      والنعم باحمد قلتها والحق به ينقال
فارس ابن فارس اذا قالوا فلان فلان      احمد بن محمد ابن راشد ياحي الفال
يوم عزيته فز قال اني اخو حمدان      انا اشهد ان الفوز بهدي لك علي كل حال","قصيدة ""فز الشبل"" حماسية تُمجّد الشاب أحمد بن محمد بن راشد، ""فز الشبل""، في لحظة بطولة تزلزل الأبطال وتُغيّر الأوزان، حيث يُزمجر تحدياً للزلزال ويُرعب الميدان بقوّته، مدعوماً بالأسد قايد يحرّك الأشبال بيده. يصف الشاعر ""فزاع"" عزيمة أحمد التي تُهزم الصّعاب، وتُبعِد شرارات اللّال في جبال تُخِفِتِ الفرسان، مؤكّداً أن النصر ليس صدفة بل بطولةٌ تُخضِعُ الفوزَ فخراً من سالفِ الأزمان، مستمدّةً طباعَ غديٍّ خياليٍّ للوطن.

يُعْلِي الشاعر من شأن ""شيخه وأبيه محمد""، عنوانِ النصر وتاجِ العزِّ ومنهجِ الغيثِ، بينما يُصْعِدُ أحمدَ فارسَ الشبّانِ بعيونِ تُبَانُ فيها التحدّي والصّبرُ والآمالُ. يشهدُ ""فزاع"" أنّه عاشَ على صَهْوَةِ فَرَسٍ وعُنَانٍ، وابْنُ رَجُلٍ لا يَبِينُ إلّا في المَيْدَانِ، فالأقْوَالُ عِنْدَهُمْ أَفْعَالٌ، والفَوْزُ بِاسْمِهِ زَانٌ يَخْتَالُ بِهِ لا بِالْفَوْزِ.

يَخْتَتِمُ بفَخْرٍ بِمَجْدِ أَحْمَدَ الَّذِي بَنَى لَهُ شَأْنًا، وَعِزٍّ نَالَهُ بِخِصَالِهِ، فَالصُّبْحُ يَفْرَحُ بِنُورِهِ صَالِيًا بِخَيْلِهِ، وَتُغَنِّي الْقَصِيدَةُ أَعْذَبَ أَلْحَانِهَا لَهُ. فَارِسُ ابْنِ فَارِسٍ، أَحْمَدُ بْنُ مُحَمَّدٍ بْنِ رَاشِدٍ، يَحْيِي الْفَالَ، وَفِي عَزْوَتِهِ يَقُولُ فَزْ: ""أَنَا أَخُو حَمْدَانَ""، وَالْفَوْزُ هَدْيٌ لَهُ عَلَى كُلِّ حَالٍ.","Cinematic medium-wide shot of Sheikh Hamdan bin Mohammed (Fazaa) and Sheikh Ahmed bin Mohamed bin Rashid (Ahmed Bin Mohamed) standing together in a dynamic unity pose on a muted cyan-tinted desert terrace at twilight, both raising traditional UAE flags in a slow tribute gesture while facing forward with faces etched with solemn pride and visionary resolve, wearing pristine white kanduras and black bishts with intricate gold embroidery, distant falcon silhouettes and subtle incense smoke wisps curling upward, volumetric golden-hour rim lighting with cool blue-grey tones and warm amber highlights, shallow depth of field with bokeh, shot on ARRI Alexa 65 with anamorphic lens flare, contemplative and majestic atmosphere, 8K photorealistic cinematic masterpiece, Apple TV+ premium documentary aesthetic, no text, no watermark, no women",URL,"محمد,راشد,حمدان,بن,بني",https://d2p7pge43lyniu.cloudfront.net/output/8b6f0422-7081-4e15-90ce-3d6a1ba1c7b7.jpeg,645611daf3a9411e903b5709ceb147ee
144,فصول عمري,"ودي اشرح لك عن اللي بي واقول      انك اغلا من نصخ روحي علي
وانك اغلا .. وانك اغلا .. يا خجول      يمكن اغلا م الغلا نفسه شوي
ودي اشرح عن تفاصيل الدخول      عن متي عن كيف سقته مقتلي
صرت لي خامس جهه لاربع فصول      ما تموت فصول عمري وانت حي
ما طلبت الا الثريا بالنزول      وما تكون الا لذاك الضي ضي
وما حويت الا من الصعب الحلول      كلك انته حب والاحساس لي
صابني من بارد احساسك خمول      والبلا ضاقت من احساسي دبي
كل ما جيتك ادور لي قبول      اكتشفت اني انا ما اطلع بشي
كل ما قالوا غرامك ما يطول      قلت بس لحظه علي صبروا شوي
عيد لي خامس جهه لاربع فصول      وما تموت فصول عمري وانت حي","قصيدة ""فصول عمري"" لفزاع، ملحمة حبٍّ وجدانيّة تُعلنُ عنِ المحبوبِ ""الخجول"" أغلىَ من نصفِ روحِ الشاعرِ، بل أغلىَ من الغلا نفسهِ. يصفُ دخولَهُ إلى القلبِ كمقتلٍّ حاسمٍ، صارَ بهِ ""خامسَ جهةٍ"" لأربعِ فصولِ العمرِ، يُحييها ويمنعُ موتَها ما دامَ حيّاً. يتوسَّلُ عودةَ هذهِ الجهةِ رغمَ برودِ إحساسِ المحبوبِ الذي يُخمِّلُهُ، وضيقِ دبيِّ من شدّةِ شوقهِ، ورفضِ القبولِ المتكرِّرِ. يُصرُّ على طولِ الغرامِ أمامَ المتشائمينَ، مطالبًا الثريا بالنزولِ، مُعبِّرًا عنِ الوفاءِ الأبديِّ في صورٍ نبطيّةٍ حسِّيّةٍ تُجسِّدُ الشوقَ والصبرَ والتوسُّلَ الرقيقَ.","Cinematic close-up of Sheikh Hamdan bin Mohammed (Fazaa) in traditional white kandura and finely embroidered black bisht, his expression a poignant blend of longing and steadfast devotion, set against a muted cyan and desaturated teal twilight sky over Dubai’s silhouetted skyline. Around him, delicate wilting desert roses and subtle incense smoke wisps evoke deep yearning and spiritual patience, while a single falcon feather drifts gently nearby symbolizing noble love and freedom. Volumetric golden rim lighting with cool blue-grey tones and soft amber highlights accentuate his contemplative gaze, captured with shallow depth of field and bokeh on an ARRI Alexa 65 using an 85mm anamorphic lens. The atmosphere is emotionally resonant, poetic, and dignified, embodying eternal loyalty and heartfelt supplication, 8K photorealistic masterpiece, Apple TV+ documentary aesthetic, no text, no watermark, no women.",,,,
145,فمان الله,"فمان الله يا درب علي الهجر يتحراني      خذاه الوقت من جنبي ولا جاني ولا جيته
قصيدي يا قصيدي اسكن ف قلبي طرف ثاني      قبل يسكن بيوتي جنه و تمسي عفاريته
تعال اسال نجوم الليل يا هاجر من الهاني      وانا اعلمك بالوقت الطويل وكيف قضيته
بغيت اقوي علي بعدك وراح الصبر ما امداني      اهز الشوق وان طاح الوله بالحضن ضميته
ربيعي ياخريفي ياشتاي وصيفي الهاني      تراك انت الفصول وهجره الشاعر وتشتيته
فضت كل الشوارع ما لقيت اللي ترياني      مثل طفل طلع يلعب و رد وما لقي بيته
تحداني .. تحداني .. حبيبي لا تحداني      انا لولاك لحن الهجر والفرقا ما غنيته
تمنيتك وقلت ف خاطري ليته تمناني      وانا ما كل واحد شافته عيني تمنيته
علي كيفك تذكرني .. علي كيفك تناساني      وانا طاريك ولا يوم في قلبي تناسيته
زرعتك ورده حمرا تزين كل بستاني      ودفنت القلب في تربه مشاعرنا وخليته
انا المجني عليه اللي يقدر طعنه الجاني      لان جرحه يذكرني بطاريه لا حسيته","قصيدة ""فمان الله"" لفزاع، ملحمة وجدانية تُودِّع درب الهجر الذي سرق الحبيبَ دون وداع، فالشوق يهزُّ الصبر ويُلقي الشاعرَ في فصولٍ تتقلبُ معهُ: ربيعُهُ خريفٌ، وشتاؤُهُ صيفٌ هانٍ. يتيهُ كطفلٍ ضائعٍ في الشوارع، يزرعُ المحبوبَ وردةً حمراءَ في بستانِ قلبهِ، مدفوناً الروحَ في تربةِ المشاعرِ. يتحدَّى الصدُّ قسوتهُ، مُصرًّا على الوفاءِ الأبديِّ رغمَ الجرحِ الذي يُذكِّرُهُ بطَعْنَةِ الجاني، فهوَ المجنيُ عليهُ الذي لا يُنسى. تكرارُ المطلعِ يُعزِّزُ الدعاءَ بالسلامةِ لدربِ الفراقِ، مُحوِّلاً الألمَ إلى نشيدِ حبٍّ خالدٍ يُضيءُ لياليَ النجومِ الشاهدةِ.","Cinematic close-up of Sheikh Hamdan bin Mohammed (Fazaa) in traditional white kandura and black bisht with subtle gold embroidery, his face reflecting deep longing and solemn farewell, standing against a muted cyan and desaturated teal twilight desert backdrop, a single red desert rose delicately held in his hand symbolizing buried love, scattered cracked earth beneath his feet representing heartbreak, soft incense smoke wisps curling upward, volumetric golden rim lighting with cool blue-grey tones and gentle amber highlights, shallow depth of field with bokeh, shot on ARRI Alexa 65 with anamorphic lens flare and subtle film grain, contemplative and poetic atmosphere, 8K photorealistic cinematic masterpiece, Apple TV+ premium documentary aesthetic, no text, no watermark, no women",,,,
146,فنون الغدر,"لا تتصل لي ولا ترسل لي حروفك      ما ابا سوي تمسح ارقامي من اللسته
عجزت اداريك وامشي رغبه كفوفك      ما فيه درب _ لكسب رضاك ما دسته
عقب الخيانه تجيني تشرح ظروفك      انت الذي حبنا تحت القدم دسته
جملت كراسه التعبير بوصوفك      لا واحسافه قصيد _ فيك كرسته
ابعد بطيفك .. عيوني ماتبي شوفك      تراك جرح الخفوق بجد لامسته
لو كان بعض الخيانه ساكن بجوفك      عذرت قلبي وعاطفته و وسوسته
صحيح انا كنت احبك واعشق طيوفك      وان جيت قلبي بغربه هم .. ونسته
وان رحت يا صاحبي كملت معروفك      شجعت قلبي علي بعدك و حمسته
لا يازمن ماني بناقص من صدوفك      وش عاد باقي معي يا وقت ما حسته
يا قلب لاتنحني لاحد _ وانا اشوفك      وش لك في بنت فنون الغدر دارسته
عدلك وميلك تساوت.. والسبب خوفك      من واقع _ يكشف اللي فيه مارسته
والله لخليك عقبي تصفق كفوفك      واشرب اللي تغطرس كاس غطرسته
با وقفك في طريق الغدر واطوفك      دام الغدر هو هواك اللي تنفسته
بس انتظر لاتناظر لحظه وقوفك      اخاف اضعف وارد اسمك علي اللسته","قصيدة ""فنون الغدر"" ملحمة وجدانية لفزاع، تُدين خيانة الحبيبة التي تُمحو أرقامه وتدوس العشق تحت قدميها، رغم محاولاته الفاشلة لكسب رضا كفوفها. يصف الشاعر صدمة الخيانة التي تُشرح بـ""ظروف"" بعد الجرح، محذّراً قلبه من الانحناء لبنت فنون الغدر، حيث تساوي عدلها ميلها خوفاً من الحقيقة. يتجاوز الألم بالكبرياء، مهدّداً بوقوف في طريق غدرها، يُريق كأس غطرستها، ويُصفق كفوفها عقب رحيله، مع تكرار النداء: ""لا تتصل.. امسح أرقامي"". صور قاسية للجرح الخفوق، الوسوسة العاطفية، والتحرّر الشجاع، تجمع بين الحنين المُعترف والانتقام النبيل في نبطيٍّ ينبض بالعزّة الإماراتية.","Cinematic close-up of Sheikh Hamdan bin Mohammed (Fazaa) in traditional white kandura and black bisht with subtle gold embroidery, his face marked by stoic pride and restrained pain, set against a muted cyan and desaturated teal twilight desert backdrop. Scattered wilting desert roses and cracked desert earth symbolize heartbreak and betrayal, with faint incense smoke wisps curling in the cool blue-grey air. Soft amber rim lighting accentuates his contemplative gaze, shallow depth of field with bokeh blurring distant camel silhouettes and a solitary falcon feather resting nearby. Shot on ARRI Alexa 65 with anamorphic lens flare and subtle film grain, evoking a poetic, emotionally resonant atmosphere of noble resilience and dignified defiance. 8K photorealistic masterpiece, Apple TV+ premium documentary aesthetic, no text, no watermark, no women.",,,,
147,فهمت وما فهمت,"فهمت العشق لي يطلب من الانسان ذرف دموع      فهمت العشق لي يطلب من الاحساس كل اوجاع
فهمت العشق لي يفرض علي الانسان يعيش بجوع      فهمت وما فهمت اللي سكن في داخله (فزاع )
فهمت العشق بحر احلام غزير غزير بليا قوع      فهمته بحر احلامي بحر عشقي بليا قاع
فهمته نبض فهمته لمس فهمته روح ولا مسموع      فهمت ان العشق فرصه عمر متخبي بقناع
قريته درس فهمته علم اعيشه روح بنور شموع      بكيته دم جرحته لا عرفت ان الصراع صراع
فهمته .. له قوانين ولكنه بلا ممنوع      فهمته اصعب دروب مشيناها بلا مرجاع
فهمت ان العشق غصن الوعد في خافقي مزروع      فهمته ملجا الاحساس ولكنه بعد ضياع
فهمت ان العشق احيان يشبه ف النزول طلوع      اعيشه في اختلاف الوقت مثل ماتختلف الاصباع
فهمته جامع ويجمع وجمعنا بلا مجموع      بلا مرسي بلا مينا بلا شاطي وبلا مرباع
فهمته عالم الوحده شعار رايع و مرفوع      فهمته كوكب ثاني .. يبيع الكل ما ينباع
فهمت العشق لي يطلب من الانسان ذرف دموع      فهمت العشق لي يطلب من الاحساس كل اوجاع
فهمت العشق له انواع وعشقي من فريد النوع      فهمت وما فهمت اصلا وش اللي داخله (فزاع )","قصيدة ""فهمت وما فهمت"" لفزاع، ملحمة وجدانية تتأرجح بين إدراك عمق العشق وغموضه الأبدي، حيث يصور الشاعر الحبّ كبحر أحلام غزير بلا قاع، يطلب دموعاً وأوجاعاً وجوعاً روحياً. يعيشه فزاع نبضاً، لمساً، روحاً صامتة، درباً شاقاً بلا رجعة، غصناً مزروعاً في الخافق، وملجأ إحساس ينتهي ضياعاً. يجسده كعالم وحدة مرفوع الشعار، كوكباً ثانياً يبيع كل ما يُباع، جامعاً بلا حدود أو مراسٍ، يشبه النزولَ طلوعاً في تناقض الأصابع والأوقات. يتكرر الصراع الداخلي ""فهمت وما فهمت""، مؤكداً فرادة عشق فزاع الذي له قوانين بلا ممنوع، فرصة عمر متخفية بقناع، تُقرأ درساً وتُبكى دماً في صراع أزلي.","Cinematic medium-close-up of Hamdan bin Mohammed (Fazaa) standing alone in a contemplative, introspective pose within a dimly lit traditional majlis or heritage courtyard at twilight, his hand gently resting on his chest as if feeling the hidden heartbeat of love, wearing a pristine white kandura with subtle Sadu embroidery and a black bisht draped over one shoulder, expression etched with deep emotional complexity—part sorrowful understanding, part mysterious confusion regarding the nature of love, surrounded by soft wisps of incense smoke curling upward like fading dreams, a single wilting desert rose resting on a stone table nearby symbolizing the pain of unspoken feelings, dramatic rim lighting with muted cyan and desaturated teal tones contrasting with warm amber highlights from distant lanterns, shallow depth of field with bokeh background showing blurred traditional architecture silhouettes, shot on ARRI Alexa 65 with anamorphic lens flare and subtle film grain texture, mood is poetic, melancholic yet dignified, emotionally resonant atmosphere capturing the duality of understanding and confusion, 8K photorealistic cinematic masterpiece, Apple TV+ premium documentary aesthetic, no text, no watermark, no women",URL,فزاع,https://d2p7pge43lyniu.cloudfront.net/output/112f0aa3-964d-432e-a79e-67300d41ac88.jpeg,d516cbe9be5c4ca39f2782bbb0798a77
148,في خاطرك حاجه,"وش فيه بالك بعيد وجالس تفكر      بدري علي الحزن ، توك في بداياتك
لا تحسب الوقت لي فاتك وتتذكر      عمر الزمن ما يرد الوقت لي فاتك
لا تترك الدمع فوق الخد يتحدر      حاسب تري كل عمري فوق وجناتك
يا نور عيني مدام العين بك تنظر      حرام تبخل علي خلك بنظراتك
ما شفت كيف القمر عقب الظلام انور      بالضبط نفس الشعور ان شفت بسماتك
ان كان في خاطرك حاجه علي ابشر      والله لا اسوق العمر كله لمرضاتك
ما تدري انك اذا تكدرت انا اتكدر      وافرح لاجل فرحتك واشره لشرهاتك
عودتني ع السهر وامسيت ما تسهر      ما غير طيفك يعوضني بسهراتك
احلي سنين العمر بلقاك تتعطر      يا دنيتي وابرك الساعات ساعاتك
يمر طيفك واضمك وارجع استغفر      وارد اشوفك واقول الله ما احلاتك","قصيدة ""في خاطرك حاجه"" نبطية عذبة لفزاع، تعانق الحبيبة بوعيض الوفاء والتفاؤل، محذِّرَة إيَّاها من الحزن المبكِّر في بدايات العمر. يُطِلُ الشاعر على لوعة البُعْدِ، مُسَكِّنًا دموعَها بِمَشْبَهِ الْقَمَرِ بِاسْمَاتِهَا الْمُنِيرَةِ، وَمُؤْكِدًا أَنَّ حُزْنَهَا يَحْزُنُهُ وَفَرْحَهَا يَسْعَدُهُ. يَعِدُ بِتَفْرِيغِ الْعُمْرِ كُلِّهِ لِمَرْضَاتِهَا، مُتَذَكِّرًا لَيَالِيَ السَّهَرِ وَطَيْفَهَا الْمُعْطِرِ لِلسَّنِينِ، مُخْتَتِمًا بِاسْتِغْفَارٍ وَتَسْبِيحٍ لِجَمَالِهَا. صُورٌ رَوْمَنْسِيَّةٌ تَجْمَعُ بَيْنَ الْحَنِينِ وَالْأَمَلِ، مُنَاسِبَةٌ لِبَاسْتَرْ صَادِرٍ يَبْثُ نُورَ الْحُبِّ فِي ظَلامِ الْبُعْدِ.","Cinematic close-up of Sheikh Hamdan bin Mohammed (Fazaa) in traditional white kandura and finely embroidered bisht, his face reflecting tender longing and hopeful devotion, set against a muted cyan and desaturated teal twilight desert backdrop. Soft golden rim lighting caresses his contemplative expression as scattered wilting desert roses and delicate incense smoke wisps symbolize love’s pain and spiritual connection. A subtle glowing crescent moon with gentle light echoes the poet’s luminous smile, while distant falcon feathers drift softly in the cool blue-grey atmosphere. Shot on ARRI Alexa 65 with anamorphic lens flare, shallow depth of field, and professional color grading, evoking a poetic, emotionally resonant mood. 8K photorealistic masterpiece, Apple TV+ documentary aesthetic, no text, no watermark, no women.",,,,
149,قال المثل,"خلي الدلع وخلي التغلي بعيدين      وخلنا حبايب مثل ما كنا اول
وخلي التلاقي حي مابين الاثنين      اسكن خفوقي وبعروقي تجول
شوف المسافه لي من دبي للصين      اقرب من اهاتي اذا البعد طول
حبك يمول فرحتي سنين وسنين      مثل الخفوق لباقي الجسم مول
كنت بعيوني حلم .. لكنه الحين      انا اشهد ان الحلم واقع تحول
قال المثل راعي الهوي دوم مسكين      به من كثير الشوق هم _ يهول
جيت اكتبك شعرعلي الطرس يازين      حيث ان شعري من جمالك تنول
اطلب وامر قبل هالعين هالعين      ونرجع حبايب مثل ما كنا اول",تزخر هذه القصيدة برؤية سامية تعكس عمق الوشائج والحب الصادق الذي يتجاوز الغلو والتدليل إلى زمن كان فيه الحنان والمودة أسس العلاقة. يعبر الشاعر عن شوقه المتجذر رغم المسافات الممتدة بين دبي والصين، مؤكداً أن الفراق لا يبعده عن معاناة الفراق ولا عذابه، فالحب في القلب كأنه الدم يسري في العروق، يحوي الفرح والنجاح الذي تحول من حلم إلى واقع عميق. يستدعي المثل الشعبي ليرسم صورة المحب المسكين الذي يعاني من لوعة الشوق، مضفياً على الكلمات نغمة دفء وحلاوة الشاعر الذي يكتب من وحي جمال المحبوب. تختتم الأبيات بنداء للتصالح والعودة إلى الصفاء الأصلي، حيث تغدو العيون شاهدة على تلك الدعوة الملحة لجمع الشمل، وتحيي القلوب ذكريات المودّة التي كانت.,"Cinematic medium shot of a dignified Emirati man in traditional white kandura and finely embroidered bisht, his face reflecting deep longing and heartfelt sincerity, standing against a muted cyan and desaturated teal twilight sky symbolizing distance between Dubai and China; subtle cracked desert earth beneath his feet and scattered desert roses evoke pain and enduring love, delicate incense smoke wisps curl around him expressing memory and spirituality, soft golden rim lighting with cool blue-grey tones, shallow depth of field with bokeh, shot on ARRI Alexa 65 with anamorphic lens flare and subtle film grain, contemplative and poetic atmosphere, 8K photorealistic masterpiece, Apple TV+ documentary aesthetic, no text, no watermark, no women",,,,
150,قدها و قدود,"صدق من قال يا محمد بانك سيف ما تنصد      مرواتك علم خفاق وفيك المرجله والجود
يا بن راشد وابو راشد بنيت امجاد لك تشهد      تجف اقلامي بمدحك ، يحير العد بالمعدود
اذا منك بغيت الشي فلا عنه مرد و بد      تطول اللي تقوله عز وانته قدها و قدود
اشوف النجم ذاك بعيد ، وانت من النجم ابعد      الا يا حظ ابو من هو تكون انته معه موجود
اذا اسمك يجي في الشعر يزيد البحر مده مد      يزيد الشعر في الشاعر تجيه ابيات دون حدود
مروض جامحات الخيل ، مهدي الموقف المشتد      مفرج كربه المظلوم ، وشوق الفاتنات الخود
احد مثلك انا ما القي رجل مثلك ابد ما حد      علي شعبه سطع نوره مثل بدر الليالي السود
انا لاجلك كتبت الشعر و فضلك سيدي ممتد      علي طول المدي نبقي لشورك طايعين جنود","في هذه القصيدة، يتجلى المدح والتقدير العميق لـ""محمد بن راشد""، الذي يُصور كسيف لا ينصد وقائد جسور يجمع بين الرجولة والكرم. يبرز الشاعر عظمة مجد الرجل ومكانته الرفيعة التي تحير الأقلام في وصفها، مؤكدًا عجز الوصف عن بلوغ حقه. تتلاقى الصور بين نجم بعيد سطع نوره في الظلمات، ودرء للكربه وموجّه للمواقف العصيبة، مما يجسد شخصية قيادية تحمي شعبها وتلبي نداء الواجب. تتباين المديح مع مشاعر الولاء والوفاء، حيث يُقدم الشاعر نفسه جنديًا طائعًا في سبيل مجده، مؤكدًا أن فضله ممتد كامتداد الزمن، وأنه المثال الأعلى في القوة والعزة، فـ""محمد بن راشد"" هو القدوة والرمز الذي لا مثيل له في مروءته وعزة نفسه، حاملاً راية الوفاء والحب الخالد.","Cinematic medium-wide shot of Sheikh Mohamed bin Zayed (Bo Zayed) and Sheikh Mohamed bin Rashid (Bo Rashid) standing side-by-side in a powerful unity pose on a muted cyan-tinted desert terrace overlooking a modern skyline at twilight, both holding traditional UAE flags aloft while reciting poetry with solemn pride and visionary resolve, wearing pristine white kanduras and black bishts with intricate gold embroidery, distant falcon silhouettes and subtle incense smoke wisps curling upward, volumetric golden-hour rim lighting with cool blue-grey tones and warm amber highlights, shallow depth of field with bokeh, shot on ARRI Alexa 65 with anamorphic lens flare, contemplative and majestic atmosphere, 8K photorealistic cinematic masterpiece, Apple TV+ premium documentary aesthetic, no text, no watermark, no women",URL,"محمد,راشد,سيف,بن",https://d2p7pge43lyniu.cloudfront.net/output/cc54bf91-fff4-4646-8e4f-53ff79c8c1f6.jpeg,23e4b5a4afb648199f39be9a5f727b1d
151,قراءه مدي,"دنيا وداني مواطيها ترفعها      والقرم يرقي بعزمه عن مواطيها
القرم يفرض عليها امر واقعها      يجرح دروبه لاجل يرجع يداويها
يرقي واذا ضاقت دروبه يوسعها      ويعب فيها مع انه ما طمع فيها
لان المطامع يثير الشك دافعها      مثل الفعي يوم تسمع ناي حاويها
لاهو سمعها ولا قصده يسمعها      ولا قصده الا تناظر ميل راعيها
يطلع بطلعه ولكن ما يطلعها      بعض المظاهر تزخرف لك مراميها
وشلون الوم المظاهر والعذر معها      والعقربي ما قدر يكشف لياليها
اهل المطامع تغطي لك مطامعها      والوقت يقدر يبين لك مغازيها
من حكم الظن في الدنيا يضيعها      ومن حكم العقل يكسب في تواليها
ومن اشعل النار لا يامن مواضعها      (النار ما تحرق الا رجل واطيها )
والنار اطفت وانا ما اريد اولعها      واذا ارجعت ولعت ارجع واطفيها
والبسمه اللي لذيذ الزيف وزعها      اقرا مداها واترجمها وامشيها
وحروف ما بين الاسطر سهل تجمعها      لكن من الصعب تستوعب معانيها
قليل من يدرك الفرصه ويصنعها      يجري بمبداه والدنيا يجاريها
بعض الفرص تغتنمني لاجل اضيعها      واصنع فرص تغتنم من طيب راعيها
هذا وانا اعز نفسي في تواضعها      واقدر الناس قاصيها و دانيها
والناس ما تحفل اللي ما يصانعها      وتعيب في بعضها لو كان غاليها
تنسي وتذكر علوم اللي يطابعها      واذا اختفي يختفي عن ذكر طاريها
تتبع خطا من هو يحاول يمتعها      وتقول مالا تكنه في خوافيها
والناس تشكي لحاميها مواجعها      وشلون لو صار حاميها حراميها.!","في قصيدة ""قراءة مدى""، يرسم فزاع لوحة فلسفية عميقة للدنيا ككيان يُرفَعُ بجهود ""القرم"" النبيل الذي يرقيها بعزمه، يجرح دروبها ليداويها، ويوسعها إذا ضاقت، دون طمع يثير الشك كالفعل الماكر. يحذّر من المظاهر المزخرفة وأهل المطامع الذين يخفون نواياهم، فالوقت يكشف مغازيها، والظن يضيع والعقل يكسب. يصور النار كرمز للفتن التي يطفئها الحكيم، والبسمات الزائفة التي يقرأ مداها بين السطور الصعبة الاستيعاب. يُمجد الفرص المصنوعة بمبدأ سليم، والتواضع الذي يُعِزّ النفس، مقابل الناس الذين يُفضِّلون المُصانِعَ وينسون الغالين، يشكون لحاميهم مواجعهم حتى يصبح الحامي حرامياً. تكرار المقطع يعزّز الدعوة لقراءة مدى النوايا بعقلٍ نافذ، في عالم يُكافَأُ فيه الطيِّبُ والوفاءُ.","Cinematic medium shot of Sheikh Hamdan bin Mohammed (Fazaa) dressed in traditional white kandura and black bisht with subtle gold embroidery, his expression contemplative and resolute, standing against a vast muted cyan desert landscape at twilight. Around him, scattered wilting desert roses and prayer beads symbolize patience and devotion, while faint incense smoke wisps curl in the cool blue-grey air. In the distant background, a solitary falcon soars above cracked desert earth, embodying wisdom and vigilance. Soft amber rim lighting highlights his dignified profile, volumetric rays enhance the moody atmosphere. Shot on ARRI Alexa 65 with anamorphic lens flare, shallow depth of field with bokeh, cinematic masterpiece, 8K photorealistic, Apple TV+ documentary aesthetic, no text, no watermark, no women.",,,,
152,قصيده ساجده,"لك حروفي قصيد ولك قصيدي شعور      ولك شعوري خفوق نبضه الحي انتي
ولك غلا في صميم الروح حاضر حضور      واشهد انك بقلبي ولا عن العين غبتي
يا سنا الكون كله والعواطف بحور      يا ظيا العين ياللي في وسطها سكنتي
يا بعد كل من لي يا اريج الزهور      يا اعذب حروف تظهر في كلامي وصمتي
يا شعاع تجلي ولا علي النور نور      بس ما غير نورك يظهر ليا ظهرتي
ويا ملاك خلقه الله لعمري سرور      وش تفيد الحياه بيوم لامن زعلتي
اعتذر لك ياعمري ولو بعذري قصور      وانتي قدرك ع راسي ولاحشا بيوم هنتي
ابسمي يعل ربي يحفظك م الشرور      تبتسم لي حياتي وقت فيه ابتسمتي
ان زعلتي عليه كن كوني مهجور      وان رضيتي تسابق ابتسامي فرحتي
انحنت لك قصيده ساجده ع السطور      كثر ما انتي بمكه يا اطهر الناس طفتي","قصيدة ""ساجدة"" ملحمة حبٍّ سماويٍّ يُسَجِّدُ فيها الشاعرُ ""فزاع"" للمحبوبةِ كمَلِكَةِ الروحِ والنُّورِ، مُشَبِّهًا إيَّاها بسِنَا الكَوْنِ وظِيَاءِ العَيْنِ وطِيبِ الزَّهْرِ والمَلَكِ الَّذِي خَلَقَهُ اللهُ سُرُورًا لِعُمْرِهِ. يَتَدَفَّقُ الْغَلَاءُ فِي صَمِيمِ النَّبْضِ حَاضِرَ الْحُضُورِ، وَيَشْهَدُ الْقَلْبُ بِوُجُودِهَا رَغْمَ غِيَابِ الصُّورَةِ، مُعْتَذِرًا عَنْ قِصُورِهِ وَمُضَعِّفًا مَكَانَتَهَا فَوْقَ رَأْسِهِ كَالْقَدْرِ الْمُقَدَّسِ. تَرْتَفِعُ حَيَاتُهُ بِابْتِسَامَتِهَا كَشُعَاعٍ يَجْلِي الْكَوْنَ، وَتَنْهارُ إِذَا زَعَلَتْ فَتَصْبِحُ الْأَرْضَ مَهْجُورَةً، فَتَحْنُو الْقَصِيدَةُ سَاجِدَةً لَهَا عَلَى السُّطُورِ كَطَوَافٍ حَوْلَ الْكَعْبَةِ لِأَطْهَرِ النَّاسِ. رَمْزِيَّةٌ عَاطِفِيَّةٌ تَجْمَعُ بَيْنَ الْحُبِّ الْأَرْضِيِّ وَالْعِبَادَةِ السَّمَاوِيَّةِ، مُخْتَتِمَةً بِتَكْرَارٍ يُعَزِّزُ الْوَفَاءَ الْأَبَدِيَّ.","Cinematic close-up of Sheikh Hamdan bin Mohammed (Fazaa) in traditional white kandura and finely embroidered black bisht, his face serene with reverent longing and spiritual devotion, set against a muted cyan and desaturated teal twilight desert backdrop. Soft golden rim lighting highlights subtle incense smoke wisps curling upward, scattered desert roses symbolizing sacred love, and a single falcon feather resting gently nearby. Volumetric rays cast cool blue-grey tones with warm amber accents, shallow depth of field with bokeh, shot on ARRI Alexa 65 with anamorphic lens flare and subtle film grain, evoking a poetic, contemplative atmosphere of celestial love and eternal fidelity. 8K photorealistic masterpiece, Apple TV+ documentary aesthetic, no text, no watermark, no women.",,,,
153,قلب صادق,"لا تقول الحب في القلبين مات      هذا تو الحب كيف انه يموت
ولا تقول ان الشعر ليل امنيات      وانت توزن بيت وتكسر بيوت
الشعر نبض القلوب الصادقات      كم رفعنا به علي طاريك صوت
لا تخلينا علي بحر السكات      الكلام احيان افضل م السكوت
خل ما بينك وما بين الوشاه      مثل ما بين ( الرباط وحضرموت )
دامني لاجلك نذرت المقبلات      لا تخيب لي ظنون ولا نعوت
خذ مشاعر قلبي العذري وهات      ود صادق واحذر اقوال الشموت
احذر احذر والدهر له نايبات      واحذر انت تطيح شبك العنكبوت","قصيدة ""قلب صادق"" نبعٌ وجدانيّ يرفض موت الحبّ الأصيل في القلبين، مؤكّداً أنّه خالدٌ لا يذبل. يدافع الشاعر عن الشعر كنبض القلوب الصادقة، رافعاً به صوتَ الحقّ فوقَ طاريكَ الوشاة، محذّراً من بحرِ السكوتِ حيثُ الكلامُ خيرٌ أحياناً. يدعو لفاصلٍ بينَ الغالي والنمّامين كالمسافةِ بينِ الرباطِ وحضرموت، ناذِراً المقبلاتِ لأجْلِهِ، طالبًا ودّاً صادقاً يَحْذَرُ أقوالَ الشِمْوَتِ والدهرِ الماكرِ الذي يَطِيحُ بشبكِ العنكبوت. رسالةُ إيمانٍ بالوفاءِ العذريّ، تُحْيِي الثقةَ والحذَرَ منَ الخِيَانَةِ في عالمِ الزَمَنِ النايباتِ.","Cinematic close-up of a dignified Emirati poet in traditional white kandura and finely embroidered bisht, his face reflecting steadfast sincerity and quiet resolve, standing against a muted cyan and desaturated teal twilight desert backdrop symbolizing enduring love and truth; scattered wilting desert roses and prayer beads lie near cracked desert earth beneath soft incense smoke wisps, subtle falcon feather drifting in the cool blue-grey air, volumetric golden rim lighting with subdued amber highlights, shallow depth of field with bokeh, shot on ARRI Alexa 65 with anamorphic lens flare and gentle film grain, contemplative and poetic atmosphere, 8K photorealistic masterpiece, Apple TV+ premium documentary aesthetic, no text, no watermark, no women",,,,
154,قلبي وعيني,"خذ حبيبي قلبي وعيني      واعطني لحظه من اوقاتك
لو ثواني بس تكفيني      يا بعد روحي مناجاتك
ياسراجي وشمعه سنيني      يا ضيا عمري ابتساماتك
لك غلا داخل شراييني      ما حملته لحد شرواتك
مطمع انك تنعجب فيني      او اكون من اولوياتك
يكفي اللي بينك وبيني      اكثر من اعجابك بذاتك
انت اول من سكن عيني      وانت فكري من خيالاتك
من هو عقبك في المزاييني      غيركم ما احب وحيات","قصيدة ""قلبي وعيني"" نبع وجداني يقدم فيها ""فزاع"" قلبه وعينيه للحبيب مقابل لحظةٍ من وقته، معبراً عن تضحية العاشق الشاقي الذي يكفيه ثوانٍ من مناجاته. يصف المحبوب بـ""سراجي وشمعة سنيني"" وضياء عمره، مؤكداً أن غله يسري في شرايينه دون أن يحمله لحد شرواته. يعترف بطموحه المتواضع في أن يكون أولوية أو مصدر إعجاب، لكن الرابط بينهما يفوق إعجاب الحبيب بنفسه. يختم بتفرده في عينيه وفكره، فلا مثيل له في المزايين، مما يجسد حباً خالصاً يتجاوز الزمن والشروط.","Cinematic close-up of Sheikh Hamdan bin Mohammed (Fazaa) in traditional white kandura and finely embroidered black bisht, his face reflecting deep, tender longing and heartfelt devotion, set against a muted cyan and desaturated teal twilight desert backdrop. Soft golden rim lighting highlights subtle incense smoke wisps curling around scattered wilting desert roses and a single falcon feather resting nearby, symbolizing noble sacrifice and enduring love. Volumetric rays cast cool blue-grey tones with warm amber accents, shallow depth of field with bokeh, shot on ARRI Alexa 65 with anamorphic lens flare and subtle film grain texture, evoking a poetic, contemplative atmosphere of timeless, selfless passion. 8K photorealistic masterpiece, Apple TV+ documentary aesthetic, no text, no watermark, no women",,,,
155,قلوبنا قبرك,"الحزن طعمه مر .. والفرقي امر      وايامنا تقسي علينا ظروفها
اللي عليك دموع شعبك تنهمر      مواطنين بلادنا و ضيوفها
لو نمنحك الاعمار وانت اغلي عمر      معروفك مغطي علي معروفها
من يقنع القبار ما يحفر قبر      قلوبنا قبرك ياليت تشوفها
الارض لو تملك احاسيس ونظر      كان استحت ما تدفنك في جوفها
والشمس لو تكسف علي موت البشر      في يوم موتك صار يوم كسوفها
لكن نءمن بالقضاء وبالقدر      وما جابت الدنيا لنا بصدوفها
يكفي يديك من المكارم والفخر      ان الفقاري عاشت من كفوفها
فيك السحاب يعزي غصون الشجر      اللي ذعاذيع الهوي تلوفها
حتي القصيده لو بغيت اكتب شطر      ما طاوعتني في رثاك حروفها
ليتك مسافر ننتظره من السفر      كان الامل هدا النفوس و خوفها
لكن انا بسال سءال مختصر      عن المواطن في البلد وضيوفها
اهل الكتوف اللي تشلك للقبر      وش هو شعور قلوبها لكتوفها ؟!","قصيدة رثاء عميقة بعنوان ""قلوبنا قبرك""، تُعبر عن حزن شعب الإمارات ومواطنيها وضيوفها على فقيد عظيم، حيث يصف الشاعر مرارة الفراق ودموع الشعب المنهمرة، معتبراً إياه ""أغلى عمر"" مغطياً على كل معروف. يتخيل الشاعر الأرض تستحي من دفنه، والشمس تكسف في يوم رحيله، وقلوب الناس قبره الحقيقي لا التراب. يؤكد الإيمان بالقضاء والقدر، مشيداً بمكارمه التي أعادت الحياة للفقاري بكفوفها، حتى السحاب يعزي الشجر المُلوفَ الهوى. ينتهي بسؤال مؤثر: ما شعور أهل الكتوف الذين شالوه إلى القبر تجاهه؟ صور حزينة تُلخص الوفاء والفقد الجماعي.","Cinematic medium shot of a dignified Emirati elder in traditional white kandura and black bisht with subtle gold embroidery, his solemn face reflecting profound collective grief and reverence, standing amid a muted cyan and desaturated teal desert at twilight. Around him, wilting desert roses and cracked earth symbolize deep loss and sorrow, with incense smoke wisps rising gently, and a distant falcon feather drifting in the cool blue-grey air. Volumetric golden hour rim lighting with soft amber highlights accentuates the emotional weight, shallow depth of field with bokeh blurring a faint silhouette of traditional Emirati architecture and a subdued modern skyline. Shot on ARRI Alexa 65 with anamorphic lens flare and subtle film grain, evoking a poetic, contemplative atmosphere of mourning and enduring faith. 8K photorealistic cinematic masterpiece, Apple TV+ documentary aesthetic, no text, no watermark, no women.",,,,
156,قنبله ذريه,"دنيتي ويا موج شعري ويا بحر عذالي      القصيده بنفسها تحكي عن اللي بيه
يوم شفت القلب حب وصار له غربالي      في مدرسه ( برايمري ) متخصصه علميه
مشكله ما شفت الا غترتي وعقالي      سبته يلعن ابوه و ضاعت الطاقيه
لو خلقك الله حبيبي مثل رجل الي      الا في نفس الثواني صرت لك اليه
ضمني بحالك الحالك واموت الحالي      واعتبرها يا حبيبي منحه اميريه
ما اصدق لو اشوفك مشكله يالغالي      كني قاعد واتخيل صوره تمثيليه
الكلام اللي في بالك انسخ في بالي      لك في قلب اللي يحبك ترجمه فوريه
سولفي بالاوردو بالهندي وبالبنغالي      تدري اتكلم انا كل اللغات الحيه
كنك الا لاعبه كوره قدم ايطالي      خلنا نلعب معاج امباره وديه
المدرب قال لي امسك ظهير شمالي      وانتي عادي تمسكيني يالدفاع الحيه
لاني كنتو سابقا العب لبرتغالي      اسمه (ارنالدو) وانا وياه مانا شويه
بس عندي شرط واحد ما نجيب اقوالي      او تكون اقوالي لمءسسه خيريه
لان غير الشي هذا ابتعد واخالي      المهم ما نطلع ابنتيجه سلبيه
تخطي بحقي وتخطي والخطا يحلا لي      واتعمد غلطتك واقول هي عفويه
الخطا لاول يشوقني لخطاك التالي      والغريب ان النتيجه دايما عكسيه
لا تقارني بجمالك والهلال هلالي      ما يصح الرجل يتقارن مع البنيه
وانت لو تبغي الصراحه وقلتها طوالي      شفت نفسي في عيونك احلي عنك شويه
يا حبيبي لا تعصب وانت ضغطك عالي      خايف بكره تصيبك حاله نفسيه
لا تهددني ببعدك يالذيذ الحالي      حاول تهدي معي فالفتره الحاليه
لا تهبل بي تري ما انته تعرف هبالي      لاعب بك لعبه الدولار بالربيه
ما يهز اشباك خفاقك ياكود اقوالي      يوم ادخلها ( دبل كيك ) وتجي ناريه
انت زينك محرق حتي بنات الوالي      يا بشر يا حلو يا جذاب يا شخصيه
من كثر ما اخاف عيني تنعمي يالغالي      قمت ادور لي علي نظاره شمسيه
لجل ادقق بالنظر لامن وقفت قبالي      واقنعك بان المفارق ( قنبله ذريه )","قصيدة ""قنبلة ذرية"" نبطية مرحة تعبر عن عشقٍ جامح يُشبه انفجاراً نووياً، حيث يصف ""فزاع"" حبيبته بجمالٍ محرق يُعمي العيون ويُذيب القلوب، فتُصبح نظارة الشمس ضرورةً أمام إشراقها. يمزج الشاعر بين بحر العذال والموج الشعري، مشبِّهاً نفسه بلاعب كرة قدم برتغاليٍّ (كرونالدو) يُدخل ""دبل كيك"" ناريةً تهزُّ شبكة القلب، ويُدعوها للعب ""أمبارة ودية"" مع شروط خيريةٍ تُبعد السلبيات. يتجاوز الحبُّ اللغات –أوردو، هندي، بنغاليٌّ– بترجمةٍ فوريةٍ من القلب، ويُقابل أخطاءها بالعفو الذي يُشوِّقُ للمزيد، محذِّراً من ""القنبلة الذرية"" إذا افترقتْ. يُمجِّد جمالها فوق الهلال، مُطمئناً ضغطها العاليَ بأنّهُ أحلى في عينيها، في لوحةٍ من الفكاهة الرياضية والعاطفة الإماراتية الأصيلة.","Cinematic close-up of Sheikh Hamdan bin Mohammed (Fazaa) in traditional white kandura and black bisht with subtle gold embroidery, his expression playful yet intense, embodying fiery passion and joyful love, set against a muted cyan and desaturated teal twilight desert backdrop. Scattered wilting desert roses and a single falcon feather symbolize burning beauty and noble freedom, with soft incense smoke wisps curling in the cool blue-grey air. Volumetric golden hour rim lighting with subtle amber highlights accentuates his contemplative gaze, shallow depth of field with bokeh blurring distant silhouettes of traditional Emirati architecture and a faint modern skyline. Shot on ARRI Alexa 65 with anamorphic lens flare and delicate film grain texture, evoking a poetic, emotionally resonant atmosphere. 8K photorealistic cinematic masterpiece, Apple TV+ premium documentary aesthetic, no text, no watermark, no women.",,,,
157,قوس الربابه,"استمد الشوق حيله وانتحابي      لين صادفني طريق كنت اهابه
لي شهر وانا ما غير اكتم مصابي      واتجمل في الوجيه ام الذرابه
لين حدتني مخاييل السحابي      والسنين اشباح والايام غابه
شفت ما منها مصده واجتنابي      لكن الله رحمته تسبق عذابه
يا وجودي من عناي ويا ذهابي      وجد من خلوه ربعه للذيابه
في نهار هيب اللي ما يهابي      يعتنق عج المنايا بالسحابه
منك ياللي فاقد منك صوابي      قمت اعشقك مثل عشقي للكتابه
شف غيابك وين وداني وجابي      بس مع الايام زودني صلابه
حس فيني يا معودني غيابي      في وجودي وش مدي فرق التشابه
ليه ادق الباب دام الباب بابي      يا معيشني تفاصيل الغرابه
يا معودني علي صبر احتسابي      يا معرضني شقا القيض وسرابه
الدروب طوال لكنك زهابي      شوف حالي كنها قوس الربابه
واعتقدت انك تعاني من عذابي      يكسرك صوت الاحبه والغرابه
واثرك اللي مستريح ولا درابي      ما تعرف الا .. تماديه وغيابه","قصيدة ""قوس الربابة"" ملحمة شوقٍ يعصف بالعاشق ""فزاع""، يصف فيها شهراً من الكتم والتجمل أمام الوجيه رغم الجرح، حيث تُحَدِّثُهُ سحبٌ وأشباح سنينٍ وغابات أيامٍ. يتوسل رحمة الله التي تسبق العذاب، ويُعْلِنُ حُبَّهُ للمفقود كعشق الكتابة، صابرًا على غيابٍ يُزَوِّدُهُ صلابةً وشقاءً. يَشْبِهُ حالَهُ بقوس الربابة المشدودِ المنحني تحت وطأة الشوق، ضاربًا بابَهُ الخاصِّ في غرابةٍ، متسائلاً عن فرق الوجود والغياب. يخيَّلُ للمحبوبِ عذابَهُ، لكنه يُدرِكُ استرخاءَهُ في التمادي والابتعاد، مُسْتَمِدًّا حيلَهُ من طريقٍ كان يَهَابُهُ، في تناغمٍ حزينٍ يجمع بين الصبرِ والانهزامِ العاطفيِّ، مُحَمِّلَةً صورَ الرمالِ والسحبِ والقسيِّ المنفردِ لتجسيدِ الوجدِ الإماراتيِّ الأصيلِ.","Cinematic close-up of Sheikh Hamdan bin Mohammed (Fazaa) in traditional white kandura and finely embroidered black bisht, his face reflecting deep, contemplative longing and restrained sorrow, set against a muted cyan and desaturated teal twilight desert landscape with drifting sand and distant swirling clouds symbolizing years of memory and unseen ghosts; a taut rababa bow subtly integrated as a symbolic element, scattered wilting desert roses and incense smoke wisps rising gently, volumetric golden rim lighting with cool blue-grey undertones and soft amber highlights, shallow depth of field with bokeh, shot on ARRI Alexa 65 with anamorphic lens flare and subtle film grain, emotionally resonant, poetic atmosphere, 8K photorealistic cinematic masterpiece, Apple TV+ premium documentary style, no text, no watermark, no women",,,,
158,قوس قزح,"انا قوس القزح في الشعر والوانه      واشكل قافيه شعري بلا تشكيل
واعاتب كل مجد ضاع عنوانه      واجيب لكل وادي سيل وادي سيل
انا ذاك الشعر لي هاجت اوزانه      وانا فارس شعر وامسك عنان الخيل
ومتي قالت مشت في ليل عميانه      انور شعري بدربه وعميت الليل
تقول لي (الو) انت سهيل غلطانه      ترد تقول لي يا مرحبا يا سهيل
انا جيت استفز رضاك يا فلانه      واغايض نهرك الدجله بنهر النيل
واجاذب كل ورده شوق نعسانه      اذا هب الهوي والعود قام يميل
احبه لو عليه الروح شرهانه      واموت ف بسمته لو نصها تمثيل
اذا الصوره شعر والحس قيفانه      وفرشاه القصيد تفصله تفصيل
ابا ارسم وردتين وعين شيهانه      وقلب كل ما يذوبه قلب يسيل
وابا ارسم عالمي من دون سكانه      وانا وضوي ودله مبهره بالهيل
واذا قصدك عن الدمع وعن احزانه      حفظت الدمعه اللي بللت منديل","قصيدة ""قوس قزح"" لفزاع، ملحمة شعرية تُعلن الشاعر نفسه قوس قزح الشعر بألوانه الساحرة، يشكّل قوافي بلا تشكيل ويُحيي المجاهد الضائعة بسيول الإبداع. فارسٌ يُمسك عنان الخيل الشعري، يُنير ليالي العَمى بضيائه، ويُستقبل مرحباً كنجم سهيل رغم اللبس. يستفزُ الرضا ويُغايضَ دجلة بالنيل، يُجاذبُ ورود الشوق النعسانة مع نسيم الهوى، ويُحبُّ بجنونٍ يُذيبُ الروح في بسمةٍ تمثيلية. يرسمُ وردتين وعينين شيهاً وقلباً يسيلُ، عالماً مُضوياً مُبهراً بالهيل دون سكانٍ، محتفياً بدمعة الأحزانِ المُبلِّلَةَ منديلاً. تتكرَّرُ الأبياتِ كإيقاعِ قوسٍ يعانقُ السماء، رمزاً للشعرِ الخالدِ الذي يُعيدُ الحياةَ للوادي والمجدِ المنسي.","Cinematic medium shot of Sheikh Hamdan bin Mohammed (Fazaa) dressed in traditional white kandura and finely embroidered black bisht, his expression radiant with poetic passion and serene confidence, standing atop a muted cyan and desaturated teal desert ridge at twilight. He holds tightly the reins of a majestic Arabian horse symbolizing poetic mastery, surrounded by subtle wisps of incense smoke and scattered desert roses representing creativity and longing. In the background, a faint, ethereal rainbow arcs across a moody blue-grey sky, with soft golden rim lighting highlighting his dignified silhouette. Volumetric rays filter through a gentle breeze, carrying sand slipping through fingers symbolism of fleeting time and inspiration. Shot on ARRI Alexa 65 with anamorphic lens flare and shallow depth of field, professional color grading emphasizing cool tones with warm amber accents, creating a contemplative, emotionally resonant, cinematic masterpiece in 8K photorealistic quality, Apple TV+ premium documentary style. No text, no watermark, no women.",,,,
159,كحل الظلام,"جيت اسال الليل لما طول غيابك      وهلت دموع السحاب وبلت احداقي
واخذت كحل الظلام وجيت لاهدابك      اشوف هي حنه اغصانك علي اوراقي
مليت وانا انتظر طاريك وعتابك      حتي غلا شارع الاشواق باعماقي
يقول.. كل الجفا هذا من اسبابك      ما يدري اني بري من طعم خفاقي
ما يدري انك قفلت من الزعل بابك      ورقصت نار الغلا في نوته احراقي
وعزمت حزن القصيد ونام بكتابك      واخذت للبرد مني بشت مشراقي
والخيمه اللي بنت لي من علي هضابك      عرضتها للهبوب .. ومزع ارواقي
وعقدت لي حجاجك وكشرت لي نابك      وجردتني من غلاك وضاقت اخلاقي
جيت اتشفع بمعسولك وعنابك      وبغصنك اللي تركت القلب له ساقي
يكفي تري ما تحمل طوله غيابك      يكفي زعل كان لك في خافقي باقي","قصيدة ""كحل الظلام"" ملحمة وجدانية لفزاع، يرثي فيها غياب الحبيبة الطويل الذي يُبلل أحداقه بدموع السحاب، فيلجأ إلى الليل ليأخذ كحله الأسود ويرسمه على هضاب عينيها، متسائلاً إن كانت حُنَّة أغصانها على أوراق قلبه. يصف الشاعر الانتظار المُرَّ حتى غلى شارع الأشواق في أعماقه، مُنْكِراً جفاءها ومُبرِّراً براءته من خفقان القلب، بينما أغلقت باب الزعل وأحرقت نوته بنار الغلا. يصور حزن القصيد نائماً في كتابها، وخيمتها المبنية على هضابها تُمزَّق بالهبوب، جارَدَةً إياه من بشت مشراقه وضاقَتْ أخلاقَهُ بعقد حجاجها وكِشْرِ نَابِهَا. يتشفَّعُ بمعسولِها وعنابِها وغصنِها الذي ساقَ القلبَ إليه، مُصْرِّحاً: يكفي غيابُكَ، يكفي زعلُكَ الباقي في خافقي. تتكرَّر الأبيات كصدى ألم الفراق، مُحْمِلَةً صوراً بدوية حسِّيَّةً للشوقِ الذي يُكَحِّلُ الروحَ بالظلامِ والحنينِ.","Cinematic close-up of Sheikh Hamdan bin Mohammed (Fazaa) in traditional white kandura and black bisht with subtle gold embroidery, his face reflecting deep, contemplative sorrow and longing under muted cyan and desaturated teal twilight sky, standing atop barren desert hills symbolizing emotional exile, scattered wilting desert roses and incense smoke wisps curling around him, distant solitary falcon feather drifting in cool blue-grey air, volumetric golden rim lighting with soft amber highlights, shallow depth of field with bokeh, shot on ARRI Alexa 65 with anamorphic lens flare and subtle film grain, poetic and melancholic atmosphere, 8K photorealistic cinematic masterpiece, Apple TV+ premium documentary aesthetic, no text, no watermark, no women",,,,
160,كحيلان,"من باب تثبيت الوعي يا كحيلان      لعيون دوله مجتمعها ريادي
زرعت في صحراء الاحساس بستان      يمكن الامس فكره اهل المبادي
امثل ( المكتوم ) والا ( النهيان )      والا الشيوخ الشامخه في بلادي
حصان عزي يسبق ف كل ميدان      وسهيل مجدي في سما العز بادي
والا انتقدني واحد ما له لسان      والا معاه لسان .. ولسان عادي
احاول اوصل غايتي قدر الامكان      اصنع نجاحي من كثير انتقادي
والمرجله في عيون اهلها لها شان      مع اعتقاد الناس قبل اعتقادي
والسر في قلوب الرجاجيل ينصان      والجاهل بجهله يزيد التمادي
ولو صحت في قلوب المقفين يافلان      ما فيهم اللي يستمع للمنادي
وهدايه الله ما تحصل بالاثمان      والله يهدينا وهو خير هادي
والصبر كنز الروح والذل حقران      واللي ماعنده راي تلقاه غادي
وانا يابو عسكور احساس فنان      احاول اشرح فكرتي للعبادي
تدري وش احلي بيت سواه حمدان      لعيون دوله مجتمعها ريادي
ما دام كثر الحرب من يد الانسان      افضل خيار نعيش من دون ايادي","قصيدة ""كحيلان"" ملحمة وطنية نابضة بروح ""فزاع"" (حمدان بن محمد)، تزرع الوعي في صحراء الإحساس بستاناً يُمَكِّنُ الأمس فكرة أهل المبادئ، مُخْتَارَةً آل المكتوم وآل النهيان والشيوخ الشامخين رموزاً للحصان العزي الذي يسبق في كل ميدان، وسهيل المجدي يرفرف في سماء العز. يواجه الشاعر النقاد بصبر كنز الروح، محوِّلاً انتقاداتهم إلى نجاح، متجاوزاً جهل الجاهلين والمقفِّين الذين لا يسمعون المنادي، مؤكِّداً أن الهداية من الله لا بالأثمان، والذل حقير لمن لا رأي له. يُشِدُّدُ على تفوُّق شعب الدولة الريادي، مُحْتَفِياً بأجمل بيت لحمدان: ""لعيون دولة مجتمعها ريادي""، ويَدْعُو إلى عيش بلا أيادٍ في زمن حروب الإنسان، فالصبر والإيمان درعُ العزِّ الإماراتي الأبدي.","Cinematic medium-wide shot of Sheikh Hamdan bin Mohammed (Fazaa) and Sheikh Mohamed bin Zayed (Bo Zayed) standing side-by-side in a dignified unity pose on a muted cyan-tinted desert terrace at twilight, both gazing toward a distant modern skyline while holding traditional UAE flags low as if reviewing a blueprint for the future, faces etched with visionary resolve and solemn pride, wearing pristine white kanduras and black bishts with intricate gold embroidery, subtle wilting desert roses and wisps of incense smoke curling upward to symbolize resilience and heritage, volumetric golden-hour rim lighting with cool blue-grey tones and warm amber highlights, shallow depth of field with bokeh, shot on ARRI Alexa 65 with anamorphic lens flare, contemplative and majestic atmosphere reflecting the poem's themes of leadership, critical thinking, and unity, 8K photorealistic cinematic masterpiece, Apple TV+ premium documentary aesthetic, no text, no watermark, no women",URL,حمدان,https://d2p7pge43lyniu.cloudfront.net/output/2e5fd928-063c-4fd8-a6f0-19c0f345ca97.jpeg,b930c0b189204004b09ab7d2723cf7e7
161,كش ملك,"صاحبي اللي اذا غبت احتريك      اعشق ارضاءك واخاف من ازعلك
الخلل ما كان في الايام .. فيك      ليه طيحت ف عيوني منزلك
التواضع نعمه .. الله يهديك      وانت مغرور و غرورك يقتلك
انت تدعس بنص وانا ادعس بريك      شف هداوه بالي وشف ما اعجلك
كل ليل تغيب به وانا احتريك      وكل ليل تردني واستقبلك
وكل درب اعشقه دامه يجيك      وانت دربي ما تدانيه ارجلك
يعتريني حزن ليته يعتريك      يبدع ف حاضرك لي مستقبلك
ساكن في خافقي مالك شريك      غير حب لو تضحي به هلك
لا تساويني بغيري واشتكيك      للطموح اللي رقي بي للفلك
والله ان الحر عن مليون ديك      كان شكل الديك غرك واذهلك
كش ملك راحت علي الحب وعليك      يعني وش عقب الوزير الا الملك
في هلك انته وحيد امك وابيك      بس انا ماني بواحد من هلك","قصيدة ""كش ملك"" نبطية عاطفية تُخاطب ""صاحبي"" الغالي، الذي يُعشق رغم غروره المُدمِّر، حيث يصور الشاعر وفاءه اللامتناهي مقابل كبرياء المحبوب الذي يدوس بالنِّعْمَة ويُغْرَقُ في الغفلة. يندُبُ الخللَ فيه لا في الأيام، مُحَذِّرًا من غُرُورٍ يُقَاتِلُ صاحبه، بينما يُضْحِي الشاعرُ بكلِّ دربٍ إلَّا دربه، مُتَأَلِّمًا حُزْنًا يَبْدَعُ مستقبله. يَرْفَضُ المُقَارَنَةَ بـ""ديك"" الزَّاهِي، مُؤَكِّدًا أنَّ الحُرَّ يَفُوقُ مَلْيُونَهُمْ، ويَخْتَتِمُ بـ""كش ملك""ِ الَّذِيْ يُفْنِيْ الحُبَّ، فَالْمَلِكُ وَحْدَهُ هُلَكَةٌ بِلا وَفِيٍّ. تَجْمَعُ بَيْنَ الْحَنِيْنِ وَالْعِزَّةِ، مُعْلِنَةً فَقْدَ الْوَصْلِ بِنَبْلٍ فَزْعِيٍّ.","Cinematic close-up of a contemplative Emirati man in traditional white kandura and finely embroidered black bisht, his expression a blend of deep longing and restrained pride, standing against a muted cyan and desaturated teal twilight desert backdrop. Scattered wilting desert roses and cracked desert earth symbolize painful love and shattered trust, while a single falcon feather drifts gently nearby, embodying freedom and nobility. Soft incense smoke wisps curl in the cool blue-grey air, illuminated by moody golden hour volumetric rim lighting with subtle warm amber highlights. Shot on ARRI Alexa 65 with anamorphic lens flare and shallow depth of field, capturing a poetic, emotionally resonant atmosphere of loss, honor, and unyielding loyalty. Cinematic masterpiece, 8K photorealistic, Apple TV+ premium documentary aesthetic, no text, no watermark, no women.",,,,
162,كلمه سلام,"كيف اجيك وكيف انا ابدي في غرامك      كيف قل لي ابتدي لك بالكلام
لك اسلم .. بس ما جاني سلامك      يعني مستكثر علي كلمه سلام
وش اسوي حتي استدعي اهتمامك      وافتح الموضوع يا بدر التمام
ابتسم لك او اقاطع في كلامك      او اجيك بكلمه فيها احترام
ما قدرت ابعد مادام اني امامك      ولا قدرت اذكر مفاهيم الغرام
حرت بك واحترت بك خلي مدامك      ما يهمك من غدي بحبك حطام
ابتدي بك حب ياعمري علامك      ما تحس احساس من صابه هيام
كان عن كل الهوي صار اعتصامك      ما طلبتك غير .. وعليك السلام","قصيدة ""كلمة سلام"" وجدانية تعبر عن حيرة العاشق في غرامٍ أحادي الجانب، حيث يتوسل ""فزاع"" انتباه المحبوبة ""بدر التمام"" بكلمة سلامٍ بسيطة تفيض احتراماً ووفاءً. يصور الشاعر صراعه بين الكبرياء والشوق، محاولاً الاقتراب ابتسامةً أو قطع كلام، لكنه يعجز عن الابتعاد أو التعبير عن مفاهيم الهوى أمامها. يتكرر النداء الدائري لاستدعاء اهتمامها، معبراً عن حطام قلبه رغم عدم استجابتها، ويختتم بسلامٍ يعلو على الآلام، مؤكداً نبل الحب الذي لا يطلب سوى علامة حياة. لغة نبطية رقيقة تجمع بين الشجن والأمل، مثالية لصورة بوستر تعكس النظرة الحائرة واليد الممدودة نحو القلب المغلق.","Cinematic close-up of Sheikh Hamdan bin Mohammed (Fazaa) in traditional white kandura and finely embroidered black bisht, his face reflecting a poignant mix of longing and restrained pride, extending a hesitant hand toward a muted teal twilight desert backdrop symbolizing unspoken love. Scattered wilting desert roses and delicate incense smoke wisps curl nearby, embodying yearning and memory, while a single falcon feather drifts softly in the cool blue-grey air. Volumetric golden rim lighting with subtle amber highlights accentuates his contemplative expression, shallow depth of field with bokeh, shot on ARRI Alexa 65 with anamorphic lens flare and gentle film grain texture, emotionally resonant, poetic atmosphere, 8K photorealistic masterpiece, Apple TV+ documentary aesthetic, no text, no watermark, no women",,,,
163,لا جمع و لا طرح,"تفرقنا السنين ونجتمع والجرح نفس الجرح      علي درب الفراق دموعنا تسبق خطاوينا
شرحت ظروفنا للوقت لكن ما فهم للشرح      صبرنا والصبر جمره ورا الاضلاع كاوينا
تري وجه المتيم لو تبسم لا تحسبه مرح      امانيه تهاوي من عيونه مثل امانينا
بني من ذكرياته في محيط العاطفه كم صرح      لكن هاج المحيط وما لقي له ساحل ومينا
يا ناس العيد ماله لون ولا له طعم ولا له فرح      واذا قلتوا وش الاسباب قلت الله يعافينا
نلوم الوقت والقصه ما تبغي جمع والا طرح      لان العيب .. من ربي خلقنا ساكن فينا","قصيدة ""لا جمع ولا طرح"" تُجسّد ألم الفراق الذي لا يُشفى، حيث تفرّق السنين الأحبّة لكن الجرح يبقى كما هو، ودموعهم تسبق خطواتهم على درب الهجر. يصف الشاعر صبراً يحرق الضلوع جمراً، ووجهَ عاشقٍ يبتسمُ ظاهراً بينما تتهاوى أمانيه من عينيه كأحلامنا. بنى صروحاً من ذكريات في محيط العاطفة، لكنَّ الأمواجَ هَجَتْ فَمَا وَجَدَ سَاحِلاً أَوْ مَيْنَاءَ. العيدُ بلا لونٍ أَوْ طَعْمٍ أَوْ فَرْحٍ، وَالْوَقْتُ لا يَفْهَمُ الشَّرْحَ، فَالْعَيْبُ فِي نُفُوسِنَا الْمَسْكُونَةِ بِالْحُزْنِ الْأَبَدِيِّ، مُؤَكِّدَةً أَنَّ الْقَدَرَ لَا يَجْمَعُ وَلَا يَطْرَحُ، بَلْ يُبْقِي الْأَلَمَ سَاكِنًا فِينَا.","Cinematic close-up of a solitary Emirati man in traditional white kandura and finely woven ghutra, his face a poignant mask of concealed sorrow and faint, bittersweet smile, set against a muted cyan and desaturated teal twilight desert landscape symbolizing endless separation; scattered wilting desert roses and cracked desert earth at his feet evoke enduring heartbreak and lost dreams, subtle incense smoke wisps curling in the cool air, soft amber rim lighting highlighting his contemplative eyes, shallow depth of field with bokeh, shot on ARRI Alexa 65 with anamorphic lens flare and delicate film grain, moody golden hour cinematography with volumetric rays, emotionally resonant and poetic atmosphere, 8K photorealistic masterpiece, Apple TV+ premium documentary aesthetic, no text, no watermark, no women",,,,
164,لا تدورها,"لا تدورها وهي الدنيا تدور      لا تضيعني وانا ضايع معاه
دامني امشي انا بليا شعور      من بلاه اقول ميت من بلاه
مرت الايام وسنين وشهور      وكنت انا طاير وطاير في هواه
لا اطلعت قالوا طلع بدر البدور      ولا اختفت تشتاقها الارض وسماه
الله اللي زاد هذا النور .. نور      الله اللي ميزه بطبعه وحلاه
قالوا من حسنه ضاعوا في بحور      وقلت هو اصلا انا ضايع وراه
للمحبه درب وفي دربه كسور      واللي هو غالي يعرف مستواه
واللي ما يلعب با يلعبها بدور      يعطش بحبه وانا اظن جف ماه
خلك بسيح ورا ظبي النفور      وشوف قلبي كيف من زينه طواه
لا حكي يعني تغرد له طيور      لعنبوها كيف تلفت الانتباه","قصيدة ""لا تدورها"" لفزاع، نشيدٌ عاشقٌ للغرام الذي يُفقِدُ صاحبهَ الشعورَ والإحساس، حيثُ يَرْفُضُ الشاعرُ البحثَ عنِ المحبوبِ الَّذِي تَدُورُ لَهُ الدُّنْيَا كُلُّهَا، مُكَرِّرًا: ""لا تَدُورْهَا وَهِيَ الدُّنْيَا تَدُورُ، لا تَضِيعْنِي وَأَنَا ضَايِعٌ مَعَاهْ"". يَصْفُ الْمَحْبُوبَ بِالْبَدْرِ الْمُنِيرِ الَّذِي يَشْتَاقُهُ السَّمَاءُ وَالْأَرْضُ، نُورًا إِلَهِيًّا مُمَيَّزًا بِطَبْعِهِ وَحُلْوِهِ، يَضِيعُ فِيهِ الْعُشَّاقُ كَمَا ضَاعَ الشَّاعِرُ طَائِرًا فِي هَوَاهُ عَبْرَ السِّنِينَ. يُحَذِّرُ مِنْ طَرِيقِ الْحُبِّ الْكَثِيرِ الْكَسْرِ، وَيُنْصَحُ بِالْبُعْدِ عَنْ ظَبْيِ النُّفُورِ الْمُتَكَبِّرِ، مُؤَكِّدًا أَنَّ الْقَلْبَ يَطْوِيهِ زَيْنُهُ وَالْحُبَّ الْحَقِيقِيَّ لَا يَحْتَاجُ غِنَاءَ الطُّيُورِ لِلْانْتِبَاهِ. صُورٌ نَبَتِيَّةٌ تَجْمَعُ بَيْنَ الْعِشْقِ الْمُضْطَرِبِ وَالْفَخْرِ بِالْغَرَامِ الْأَصِيلِ، مُخْتَتِمَةً بِتَكْرَارٍ يُعَزِّزُ الْوَفَاءَ رَغْمَ الْأَلَمْ.","Cinematic close-up of Sheikh Hamdan bin Mohammed (Fazaa) in traditional white kandura and finely embroidered black bisht, his face reflecting deep, contemplative longing and restrained pain, set against a muted cyan and desaturated teal twilight desert backdrop. Scattered wilting desert roses and delicate incense smoke wisps curl around him, symbolizing fragile love and fading memory. A distant solitary falcon soars subtly beneath a cool blue-grey sky with soft amber rim lighting, volumetric rays casting poetic shadows. Shot on ARRI Alexa 65 with anamorphic lens flare, shallow depth of field with bokeh, cinematic masterpiece, 8K photorealistic, Apple TV+ documentary aesthetic, no text, no watermark, no women.",,,,
165,لا تسمع ولا توحي,"ما فكر الريح يوم يحطم اغصاني      ان عمري اوراق وجروحي هي جروحي
وان الندي يرتمي مشتاق لاحضاني      يبوح لي بالغلا .. وابادله بوحي
واسمعه لين يدفا البرد بالحاني      والا انت ياريح لا تسمع ولا توحي
عكرت صفو الحياه ونومي الهاني      وخليت سري مابين الناس مفضوحي
ياللي ذبحني ضماك ، وزدت بجناني      يا معتلي عرش قلبي حاكم روحي
وشلون هانت عليك تسهر اجفاني ؟      وتقفل علي الوصل باب كان مفتوحي
وانا تري توني في الحب ما امداني      ما كان هذا معك يا خلي طموحي
سافرت والهم عقبك جا و مساني      طيفك يدل الخفوق ويهدم صروحي
بالله انا بانشدك قل لي من الجاني ؟      هو غموضك .. او ان ذنبي من وضوحي
خلاك تنسي الغلا وتحطم اغصاني      وتجي وترحل وانا جروحي هي جروحي","قصيدة ""لا تسمع ولا توحي"" لفزاع، ملحمة عاطفية تُشبّه المحبوب بريحٍ عاتية تحطّم أغصانَ القلب الهشّة كالأوراق، بينما يبوحُ الندُّ بالغلاّ في حضنِ الجريح. يصرخ الشاعرَ ألمهُ من الريحِ الصمِّ الذي لا يسمعُ ولا يوحي، عكّر صفوَ الحياةِ وفضَحَ سرَّ الهوى أمامَ الناس، ذبحَهُ الظمأُ وهوَ حاكمُ عرشِ الروحِ. يتساءلُ بحيرةً: كيفَ هانَ عليكَ سهرُ أجفاني وإغلاقُ بابِ الوصلِ المفتوحِ؟ سافرتَ فجاءَ الهمُّ يُمسِي ويُهدِمُ صروحَ الخيالِ بطيفِكَ، فمنَ الجاني: غموضُكَ أم وضوحُ ذنبي؟ تتكرَّرُ الريحُ في دورتِها المهلِكَةِ، تُحطِّمُ وتَرْحَلُ، تاركةً جروحاً لا تُشْفَى، رمزاً للوفاءِ الشاقيِّ أمامَ الصدودِ المتقلبِ.","Cinematic close-up of Sheikh Hamdan bin Mohammed (Fazaa) in traditional white kandura and black bisht with subtle gold embroidery, his face etched with deep anguish and contemplative sorrow, standing against a muted cyan and desaturated teal twilight desert backdrop. Scattered wilting desert roses and cracked desert earth symbolize heartbreak and relentless pain, while incense smoke wisps curl gently around him, evoking memory and spiritual torment. Soft amber rim lighting contrasts the cool blue-grey tones, volumetric rays highlight his solemn expression, shallow depth of field with bokeh blurring distant falcon silhouette soaring above. Shot on ARRI Alexa 65 with anamorphic lens flare and subtle film grain, cinematic masterpiece, Apple TV+ premium documentary aesthetic, emotionally resonant and poetic atmosphere, no text, no watermark, no women.",,,,
166,لا تغرك ضحكتي,"لا تغرك ضحكتي .. والا اسلوبي      اعرف عزاز النفوس من الرديه
كم وفوا لي ناس وكم ناس اغدروا بي      وكم كسبت بطيب نيه سوء نيه
ناس .. من كثر المخادع ما تتوبي      وناس بيضان وصداقتها نديه
وناس اغلتني ، وناس اغلت جيوبي      وناس _ تطالع ، ولكنها عميه
كل هذا .. والجروح تزيد صوبي      والمجامل والتملق والخطيه
ما يغير ضحكه الوجه الشحوبي      مد يمني دوم ماهي موسميه
ودي اني اعطي المحتاج ثوبي      واعطي ولا انتظر رد العطيه
ما اجمع العالم ولا اقول اسمعوا بي      نفسي من اطراء خلق الله غنيه
في بعض الاشياء اتقدم وانوبي      عن بني ادم جميع وعن بنيه
سجده تغفر بها كل الذنوبي      خير من عيش الحياه القاحليه
ويا مسولف بي علي الطرق الكذوبي      عاقب الله من ظلم نفس _ بريه
ويا صحيب الخير يامثبت طنوبي      النصيحه روح الايمان القويه
الصحيح من العيوب اللي تشوبي      قولها في الوجه ، والنيه مطيه
بارك الله في من اهداني عيوبي      واشكره جدا علي هذي الهديه","قصيدة ""لا تغرك ضحكتي"" تكشف عن وجه الشاعر الشحوب خلف الابتسامة الدائمة، محذِّرًا من الغدر والخداع الذي يُخفي نفاقَ الصداقات الزائفة والطمع في الجيوب. يُفرِّق بين النفوس النبيلة البيضاء والمخادعة التي لا تتوب، رافِضًا المجاملة والتملق رغم الجروح المتزايدة. يُمجِّد العطاء الصادق دون انتظار مقابل، والنصيحة الصريحة في الوجه كروح الإيمان، والسجودَ الذي يغفر الذنوب أفضلَ من حياة قاحلة. دعوة للتوبة والإخلاص، مع شكر من يُهدي العيوبَ هديةً، في إيقاع نبطيٍّ يجمع بين الحكمة والعمق الوجداني، مثاليٍّ لتصميم بوستر يُبرز التباين بين الضحكة السطحية والجرح الداخلي.","Cinematic close-up of a contemplative Emirati male poet in traditional white kandura and finely embroidered bisht, his faint, guarded smile masking deep inner sorrow and wisdom, set against a muted cyan and desaturated teal desert twilight with cracked earth symbolizing hidden wounds and betrayal, scattered wilting desert roses and subtle incense smoke wisps rising gently, soft golden rim lighting contrasting cool blue-grey tones, shallow depth of field with bokeh, shot on ARRI Alexa 65 with anamorphic lens flare and subtle film grain, emotionally resonant, poetic atmosphere of sincerity and guarded trust, 8K photorealistic masterpiece, Apple TV+ premium documentary aesthetic, no text, no watermark, no women",,,,
167,لا تلعن الفقر,"لا تلعن الفقر يالشاعر ولا تشره      رسول الامه فقير ومنهجه سامي
لو كل واحد حزين تحده العبره      لقيتني ابكي ظنوني علي اوهامي
لكني اصبر علي الشوق وعلي امره      واصد عنه حبيبي لو انا ظامي
اسابق اليوم من فجره الي عصره      واحلف والله ما تسبقني ايامي
استثمر اخطاء هذا اليوم الي بكره      عشان ما تتعب من احلامي اقدامي
والحب جمره علي جمره علي جمره      والبعد عن من تحب الميسم الحامي
والزين ماهو بزين الخد والبشره      الزين زين الخلق والعاتق السامي
مداعبات القصيد المرنه الخطره      تنشط الدم بي وتزيد بالهامي
قد قال شيخ الشيوخ اللي سبق عصره      (يا مرحبا يا معني خط الاقلامي)","قصيدة ""لا تلعن الفقر"" لفزاع، نشيد صبرٍ وإيمانٍ يرفض لعن الفقر مستشهداً برسالة النبي الفقيرِ السامي. يصور الشاعر التحديَ كعبرةٍ لا تبكي، بل تُصْبَرُ عليها دفاعاً عن الحبيبِ حتى في الظمأ، مسابِقاً اليومَ من فجرِهِ إلى عصْرِهِ ليستثمرَ أخطاءَهُ في غدٍ أفضلَ، محلِّفاً أنَّ أيامَهُ لا تُسْبِقُهُ. الحبُّ جمرٌ متَوَاقِدٌ، والبُعْدُ ميسمٌ حارٌ، والزَّيْنُ في الخُلُقِ السَّامي لا في الخدِّ، بينما تُنَشِّطُ القَصِيدُ الدَّمَ وتُوحِي بالإبْدَاعِ. يُخْتَتِمُ بِقَوْلِ شَيْخِ الشُّيُوخِ: ""يا مَرْحَبَا يا مَعْنَى خَطِّ الأَقْلَامِ""، رَاسِخاً قِيْمَ الصَّبْرِ والْعَتْقِ الْعَالِيَ في وَجْدَانِ الْعَاشِقِ الْمُتَقَدِّمِ.","Cinematic close-up of Sheikh Hamdan bin Mohammed (Fazaa) in traditional white kandura and finely embroidered black bisht, his face reflecting steadfast patience and noble faith, set against a muted cyan and desaturated teal twilight desert backdrop symbolizing endurance. Surrounding him are subtle wisps of incense smoke and scattered desert rose petals, embodying spiritual resilience and quiet longing. Soft amber rim lighting highlights his dignified expression, with cracked desert earth faintly visible beneath, representing hardship overcome. Shot on ARRI Alexa 65 with anamorphic lens flare, shallow depth of field, and film grain texture, evoking a contemplative, poetic atmosphere of unwavering hope and creative spirit. 8K photorealistic, Apple TV+ documentary style, no text, no watermark, no women.",,,,
168,لا تندفع,"لا تندفع وتقول كلمه احبك      وانته تظن اني انا وانته اغراب
ادرس دراسه بين قلبي و قلبك      عقب الدراسه ينولد بيننا اعجاب
خل القلوب تعيش قربي وقربك      وخل الشهد من وجنه العمر ينساب
خلي التلاقي بين دربي ودربك      او باختصار اقول خلينا اقراب
ياشمس شوف القلب كيف انعجب بك      شوفه حبيبي كيف في محبتك ذاب
شوف القصايد كلها تنكتب بك      وانته لقلبي غالق بعض الابواب
سهم الغرام اليوم قام ارتفع بك      وانته تايس في العشق دونه اسباب
معني احبك .. يعني معني احبك      احلي دلع ياسيدي بين الاحباب","قصيدة ""لا تندفع"" لفزاع، دعوة رقيقة للحبيب إلى التأني والدراسة المتبادلة بين القلوب قبل النطق بـ""أحبك""، محذّرة من الاندفاع إذا كانا يُعتبران غريبين. يصور الشاعر جاذبية الاقتراب التدريجي، حيث تنساب شهد الحياة من وجوه العمر، وتلتقي الدربُان ليصبحا قريبين. يتجلى العشق في إعجاب القلب الذائب، قصائد تُكتب باسمه، وسهم غرام مرتفع رغم تأييسه للأسباب. يعرّف ""أحبك"" بأحلى دلع بين الأحباب، مؤكّداً أن الوفاء يولد اعجاباً عميقاً يذيب الحواجز، في لوحة شعرية نابضة بالشوق الهادئ والجاذبية الخالصة.","Cinematic close-up of Sheikh Hamdan bin Mohammed (Fazaa) in traditional white kandura and finely embroidered black bisht, his expression contemplative and tender, embodying gentle restraint and heartfelt longing, set against a muted cyan and desaturated teal twilight desert backdrop where soft amber rim lighting caresses his profile; scattered wilting desert roses and delicate incense smoke wisps symbolize cautious love and spiritual patience, a distant falcon feather drifts subtly in the cool blue-grey air, volumetric rays enhance the poetic atmosphere, shot on ARRI Alexa 65 with anamorphic lens flare and shallow depth of field, cinematic masterpiece with Apple TV+ premium documentary aesthetic, no text, no watermark, no women",,,,
169,لبيه,"مافيه ( فوق اللي ) ولا ( يا نديبي )      هذا كلام ما يجي منه مصلوح
اختار يا .. لبيه والا .. حسيبي      عليك يا شف المعاليق والروح
وش فيك لامن جيت قلت ش تبي بي      والصدر يطبخ شوق ويحن ويفوح
اجيك لو غيرك يبي يهتني بي      غلاك طير وخافقي شبك مطروح
والظن في مثلك لو انه يخيبي      ما قمت انافس لايع الورق وانوح
وما شفتني صابر وجرحك عطيبي      وماشفت قلبي لا ظهر رقمك يشوح
ارخصت لك دمعي وحالي وطيبي      كنك قدر مكتوب لي داخل اللوح
اقدر احبك .. من شبابي لشيبي      ودامك سكنت القلب لاتقول باروح
لبيك لك يم الوصل يا حبيبي      خليت لك قلبي علي طول مفتوح
يمكن بعد فتره تجي من نصيبي      ومواصلك بين المخاليق مسموح","قصيدة ""لبيه"" نبطية عاطفية لفزاع، تعبر عن الاستسلام الكامل للحبيب ""لبيه""، رافضةً عبارات المديح الزائف مثل ""فوق اللي"" أو ""يا نديبي""، ومؤكدة الاختيار الحاسم بين الوفاء (""لبيه"") أو الندم (""حسيبي""). يصف الشاعر شوقه المتصاعد كصدر يطبخ الحنان، واستعداده للإتيان رغم المنافسين، إذ غلا الحبيب طير يخفق في شبك قلبه. يبرز الصبر على الجرح العطيب، رخيصة الدموع والطيب أمام قدر مكتوب، محباً من الشباب إلى الشيب، مع قلب مفتوح دائماً للوصل. تتكرر الأبيات كلازمة تأكيدية، تنتهي بأمل النصيب والاستمرارية، مزيجاً من الشوق الجارف والثقة بالحب الأبدي، مثالي لتصميم بوستر يجسد الاستسلام العاشق الوفي.","Cinematic close-up of Sheikh Hamdan bin Mohammed (Fazaa) in traditional white kandura and finely embroidered black bisht, his face reflecting profound, tender longing and unwavering devotion, set against a muted cyan and desaturated teal twilight desert backdrop. Surround him with subtle symbols: a single falcon feather resting gently on sand slipping through fingers, and delicate wisps of incense smoke curling upward, embodying spiritual patience and eternal love. Soft golden rim lighting contrasts the cool blue-grey tones, volumetric rays casting a poetic glow. Shot on ARRI Alexa 65 with anamorphic lens flare, shallow depth of field with bokeh, film grain texture enhancing emotional resonance. Moody, contemplative atmosphere capturing complete surrender and steadfast fidelity, 8K photorealistic masterpiece, Apple TV+ premium documentary aesthetic, no text, no watermark, no women.",,,,
170,لحن المفارق,"بنت تمر الضلوع وبيتها بيتها      ما غيرتها السنين وما تغيرت انا
يوم اكشفت عن مفاتنها وضميتها      قالت لي الحب وش هو قلت بيت الهنا
ياليت ما لي خفوق ينبض وليتها      ولا انعست رمشها ما عاد تسرف بنا
يغار قميصها من لمس جاكيتها      لا هزت كتوفها كبر ودلع وانثني
غصن من الشوق الي مال وتماديتها      ان اقبل الله لنا .. وان ادبر الله لنا
اغلي المزايين واحلاهم شهر صيتها      فقيره الخصر والارداف طفره غنا
قالت يازين المطر قال المطر جيتها      لين السحب حاصرتها من هناك وهنا
قلت لسنا الشمس علمني لا مريتها      ابغي اشوف السنا لا منه عانق سنا
خلتني البارحه وانا ما خليتها      وغنيت لحن المفارق والهجر والعنا
وللحين وانا ضلوعي بيتها بيتها      ما غيرته السنين وما تغيرت انا","قصيدة ""لحن المفارق"" ملحمة عاشقة تُخلّد حبّاً أبديّاً لبنت ""تمر الضلوع""، بيتها في صدر الشاعر رغم سنين الهجر والفراق. يصف فزاع مفاتنها الساحرة – خصر فقير يطفر غنىً، كتوف تكبر دلعاً، قميص يغار من جاكيتها – ويندم على نبض القلب الذي لم يهدأ، ورمشها الذي انعس فلم يَسْرِفْ بهما. يتردّد لحن المفارق كلازمة حزينة: ضمّها الأوّل، سؤالها عن الحبّ (""بيت الهنا"")، مطر يحاصرها، شمس يتجنّبها خوفاً من السّنَا. يبقى الشاعر وفيّاً لا يتغيّر، يُغَنّي العذاب رغم تركها إيّاه، معلّناً أنّ الشوق غصنٌ يميل ويَمْتَدّ بين قبول الله وإدباره. صور حسّية نابضة تجمع الجمال الجسديّ بالألم الروحيّ، مثالية لملصق يجسّد العشق الخالد والحزن المتكرّر.","Cinematic close-up of Sheikh Hamdan bin Mohammed (Fazaa) in traditional white kandura and black bisht with subtle gold embroidery, his face reflecting deep, contemplative longing and bittersweet sorrow, set against a muted cyan and desaturated teal twilight desert backdrop. Surrounding him are scattered wilting desert roses and delicate incense smoke wisps symbolizing enduring love and spiritual memory, with a single falcon feather resting nearby as a sign of noble freedom. Soft amber rim lighting highlights his solemn expression, volumetric cyan-toned rays filter through the cool blue-grey atmosphere, shallow depth of field with bokeh blurring distant desert dunes. Shot on ARRI Alexa 65 with anamorphic 85mm lens flare, subtle film grain texture, poetic and emotionally resonant mood, 8K photorealistic masterpiece, Apple TV+ premium documentary aesthetic, no text, no watermark, no women.",,,,
171,لعبه زمن,"لعب الزمن ماهو مثل باقي العاب      العب علي كيفك واذا تروم لا توب
بيجيك يوم وتندفن تحت لتراب      عقب الدفن بتعرف وش يعني لعوب
لو نك فتحت ابواب لك غالق ابواب      ولو نك تعرف العيب العيب عذروب
بديت اكتب واجلب كتاب بكتاب      واخذ معانيهن واخليهن بصوب
اذا الشعر يا ناس قد جاب ما جاب      وان جاك شعري بالفعل جاك مكتوب
هذا وانا ارقي علي كل مرقاب      اسري بليل الضد من فوق عرقوب
هذا وانا اشر وهي تطير اسراب      بيض الحمام تطير ما تحمل ذنوب
هذا وانا تايب وابليس ما تاب      هذا وانا انعت وهو ضيع دروب
هذا وانا اضحك وهو يضحك بناب      ثوبي ستير وصاحبي عاري الثوب
هذا وانا اعد الخطا عد لتراب      ينعد كيف انعد وهو كان محسوب
بعض البشر تحسب علي كيف الاسباب      وبعض البشر من دون سبه ومطلوب
كل يحسب احساب وانا احسب حساب      وكل يجي باسلوب وانا لي اسلوب
باب فتح من باب والباب كذاب      باب اذا يفتح تري الباب مكذوب
هذا وانا اغني وانا اقول سحاب      سحاب يمطر صوب وانا امطر بصوب
مثل العروق تجيس وتدق الاعصاب      او مثل ساحر طار في الجو مجلوب
من هو يامن يمشي بليل في غاب      بعض العسل يا صاحبي سم مشروب
هذا هدفيه صبته وصاب بصواب      صوب الذي صوب ولا صاب مصيوب
بحر غزير وطامي البحر عباب      ونار تطفي نار من حر لاهوب
حد عليه عيون والناس رقاب      وحد اختفي لو كان بالحيل مرقوب
حد يشل سلاح وحد شايل حراب      وحد يعشق شروق وحد يعشق غروب
حد يشيل الهم في ضرب الاصحاب      كل من ضرب في يوم له يوم مضروب
وانا معادل اخذ الحب لاحباب      وكل يحب الطيب .. الطيب محبوب
قالوا سهل اني انا افتح الباب      وانا هويت الصعب لو دارت حروب
لعبه وانا العب علي كل الالعاب      طبعي انا غالب ولا اكون مغلوب","في قصيدة ""لعبة زمن""، يصور فزاع الزمن كلعبة قاسية لا ترحم، تفتح أبواباً وتغلقها، وتكشف حقائقها بعد الدفن تحت التراب. يتباهى الشاعر بسيطرته على الشعر والمعاني، راقياً فوق المراقبين، يسجن الأعداء بليلاً، ويرسل حماماً أبيض بريئاً يطير. يقارن نفسه بالتائب دون إبليس، والضاحك بثوب نظيف أمام الآخر العاري، محاسباً الأخطاء بدقة رغم حسابات الزمن المخادعة. يصف تناقضات البشر: من يُحاسب بسبب ومن بدون، أبواب كاذبة، مطر يصبّ صوباً، عسل ممزوج بسم. يبرز الاختلافات في الأقدار – سلاح أو حراب، شروق أو غروب – لكنه يؤكد تفوقه، غالباً لا مغلوباً، محباً للطيبين، جاهزاً للحروب. ملحمة فلسفية عن الدهاء والصمود أمام لعبة الزمن الماكرة.","Cinematic medium shot of Sheikh Hamdan bin Mohammed (Fazaa) in immaculate white kandura and black bisht with subtle gold embroidery, his expression resolute and contemplative, embodying mastery over time’s cruel game, standing against a muted cyan and desaturated teal twilight desert backdrop. Around him, scattered cracked desert earth and wilting desert roses symbolize harsh truths unearthed, while a solitary white dove takes flight nearby, representing innocence amid conflict. Soft incense smoke wisps curl gently, adding spiritual depth. Moody golden hour volumetric rim lighting with cool blue-grey tones and warm amber highlights accentuate his dignified presence. Shot on ARRI Alexa 65 with anamorphic 85mm lens, shallow depth of field with bokeh, subtle film grain texture, cinematic masterpiece, Apple TV+ premium documentary aesthetic, contemplative and poetic atmosphere, no text, no watermark, no women.",,,,
172,لله درك,"سالت عنك وانت تسال عني      لان الغلا في قلوبنا متحرك
اصفر خضر احمر سماوي بني      لي غرني اليوم ما قد غرك
لكن بالبس قصيدي جني      يالين يسمعها كفا الله شرك
هي غلطه منك و غلطه مني      لكن انا يا صاحبي ما اضرك
عنك كلام الناس والا عني      الشوق بارد وانت ويش يحرك
كنك تدور ف الرحيل و كني      اريد امرك واستحي ما امرك
يا مجنن مشاعري جنني      اموت في جنانك و لله درك
صدك عطل لكن ماهو بفني      لا عاد تبعد والبعد ما سرك
جمال شوقي من غلاك تحني      وشلون تبغيها لا رحت تبرك
تبغي كلام الصدق انا لو اني      ماذقت حلوك مااشتكي من مرك
امانتك زدني غلا وامني      واواعدك واصدق معك وابرك","قصيدة ""لله درك"" لفزاع تعبر عن حوار عاطفي مشحون بالغلا المتبادل بين العاشقين، حيث يسأل كل عن الآخر وسط ألوان الشوق المتقلبة (أصفر، أخضر، أحمر، سماوي، بني). يعترف الشاعر بغفلة مشتركة أثارت كلام الناس وصدوداً مؤقتاً، لكنه يرفض الرحيل، متوسلاً بالوفاء والجنون العشقي: ""يا مجنن مشاعري جنني، أموت في جنانك"". يؤكد أن شوقَهِ باردٌ لا يُطفئه إلا غلا المحبوب، ويعدُّ بالصدق والبركة، مردداً المطلع ليرسخ العهد الأبدي رغم العواصف. ملحمة حبٍّ نبطيّ يمزج فيها الاعتراف بالخطأ بالتمسك بالوصل، مثالية لصورة بوستر تعكس ألوان الغرام المتأجج والعيون الدامعة.","Cinematic close-up of Sheikh Hamdan bin Mohammed (Fazaa) in traditional white kandura and black bisht with subtle gold embroidery, his face reflecting intense, conflicted longing and heartfelt vulnerability under muted cyan and desaturated teal tones. He stands against a twilight desert backdrop with soft amber rim lighting, scattered wilting desert roses and delicate incense smoke wisps symbolizing love’s pain and memory. A distant falcon soars faintly in the cool blue-grey sky, volumetric rays casting moody shadows, shallow depth of field with bokeh, shot on ARRI Alexa 65 with anamorphic lens flare and subtle film grain, contemplative, poetic atmosphere, 8K photorealistic masterpiece, Apple TV+ documentary aesthetic, no text, no watermark, no women.",,,,
173,لم تري,"للحين يا اغلي من سعر نفط العراق      سعر الذهب في سويسرا وانجلترا
وانا عليك احن يا حلو المذاق      والناس ما تدري لكن قلبك دري
خليتني اخسر منافسه السباق      اقدمك قدام .. وتعود ورا
يا مير قلب متيمك تري الفراق      في ذمتي ما هوب طبع الامرا
صاحبك له سمعه علي اوسع نطاق      ظلاله لحاله لخلق الله ذري
لكنك تحمله حمل ما يطاق      ويقوم به مثل الحصان الابجرا
سريت قلبي في رجا لحظه عناق      واخلفت وعدك ليت قلبي ماسري
والجمله اللي ما تجي ضمن السياق      ما تنكتب اصلا ولا هي تنقرا
وكان احترقت من الهجر موت احتراق      الا بعد باقول له اعصا وري
لاني محذرك من يوم الفراق      اللي يذل اهل المدن واهل القري
محذرنك والعروق اللي دقاق      ما ينفعن وجروح قلبي ما بري
ولكن خيلي يشبهه ذاك البراق      ما كنه الا يوم اقبل ( لم تري )
وخليتني اخسر منافسه السباق      واقدمك قدام .. وتعود ورا","قصيدة ""لم تري"" لفزاع، ملحمة عاطفية تُعلي المحبوب فوق سعر نفط العراق وذهب سويسرا، معبرة عن حنين يفوق الثروات. يصف الشاعر خسارة السباق لأجلها، إذ يقدمها أماماً فتعود خلفاً، محذراً من فراق يذل المدن والقرى. يُبرز تناقض طبعها الرافض للهجر رغم وعود الخيانة، وصبرها على حمل ثقيل كالحصان الأبجر. يتردد الألم في جروح القلب غير البريئة، مع رجاء عناق يخلف الوعد، ومقارنة خيله بالبراق في يوم القبلة المجهولة ""لم تري"". صور حسية للحب المتيم، الغلا الدري، والحرقة من الهجر، تُكرر لتعزيز الإيقاع العذابي، تجسد نبل فزاع في وفائه رغم الصدود.","Cinematic close-up of Sheikh Hamdan bin Mohammed (Fazaa) in traditional white kandura and black bisht with subtle gold embroidery, his face reflecting deep, contemplative longing and restrained pain, standing against a muted cyan and desaturated teal twilight desert backdrop. Around him, scattered wilting desert roses and sand slipping through fingers symbolize yearning and loss, with a distant falcon feather drifting softly in the cool blue-grey air. Volumetric golden rim lighting with soft amber highlights accentuates his solemn expression, shallow depth of field with bokeh blurring traditional Sadu textile patterns subtly woven into the background. Shot on ARRI Alexa 65 with anamorphic 85mm lens flare and gentle film grain texture, evoking a poetic, emotionally resonant atmosphere of love, sacrifice, and unwavering loyalty. 8K photorealistic cinematic masterpiece, Apple TV+ premium documentary aesthetic, no text, no watermark, no women.",,,,
174,ليل وراه ليل,"ماقد عصاني بعيشتي عمر دنياي      و لوني ابا احكي كيف اقدر احاكيه
مدري وش اللي جاب هالحظ وياي      كل من شكيت لشخص لقيتها فيه
بلواي اصلا كله العمر بلواي      ما ابيه و ياليت اقدر اقول ما ابيه
لاني بعطشان ولا شارب الماي      و لاني انا ماخذ و لاني بمعطيه
لاني انا المذكور و لاني بمنساي      مدري انا اللي غالي او اني اغليه
احسب خطاي وكل خطوه بممشاي      امشي برمش رضاه لو رمش بامشيه
عشت بغرام الموت باحساس منفاي      مدري لايه غربه اليوم انفيه
ذوبت لك عمري مثل سكر بشاي      عمر الحيا يا سكر العمر امليه
كل الحواس تقول وش جاي وش جاي      خايف تضيع اصابعي بصبع ايديه
ابغي اشبه نظرتي ترسم خطاي      حتي القصيده ما لقت اي تشبيه
مدري يا عازف عوده بحزن والناي      ما اقدر المه ولا بعد اقدر اطريه
قالوا لي هذا حزنك وقلت ش الراي      ايه حزن ، ايه كابه .. ش اسميه
يومي انا هذا .. انا عشت دنياي      ليل وراه الليل وش عقبه يجيه
عشت بزمان قلت للطير مولاي      كل من رفع جنحان فزيت لبيه","قصيدة ""ليل وراه ليل"" ملحمة وجدانية لفزاع تعبر عن حياة منفطرة بالغرام الذي يفوق الوصف، حيث يصف الشاعر عمره كسكر مذوب في شاي الحبيب، بلوى لا يريدها لكنه يمشي خطواتها برمش رضاه. يتردد صوت الضياع في ليل متصل بليل، عطشٌ لا يرويه ماء، وغربة تنفي المنفى، مع خوفٍ من اندماج الأصابع في يديه. يرفض تسمية الحزن، فهو يومه ودنياه كلها، زمانٌ يقفز فيه لكل طير يرفع جناحاً ناسباً للمولى. صور حسية كالناي الحزين والعود الباكي ترسم عجز الشعر عن التشبيه، مؤكدة أن هذا الغرام موتٌ حيّ يذيب الكيان في الغالي، بليلٍ لا عقب له سوى الاستمرار.","Cinematic close-up of Sheikh Hamdan bin Mohammed (Fazaa) in traditional white kandura and finely embroidered black bisht, his face reflecting profound, contemplative longing and poetic melancholy, set against a muted cyan and desaturated teal twilight desert backdrop symbolizing endless night merging into night, scattered wilting desert roses and a single falcon feather resting nearby embodying love’s painful beauty and noble freedom, subtle incense smoke wisps curling through the cool blue-grey air, volumetric golden rim lighting with soft amber highlights, shallow depth of field with bokeh, shot on ARRI Alexa 65 with anamorphic 85mm lens flare, film grain texture, emotionally resonant and poetic atmosphere, 8K photorealistic masterpiece, Apple TV+ premium documentary aesthetic, no text, no watermark, no women",,,,
175,ليه  و كيف  و عن  و من,"يا هجوسي للزمن حكمه وللمهموم والي      والبنادم راس ماله عزته والله وكيله
اعتزالي للحياه المغريه غير اعتزالي      والدروب الداءريه والدروب المستطيله
ومستحيلات الدروب احبها والاستحالي      ما تخوفني الدروب الكايده والمستحيله
هيبتي فعلا تسولف به رجال وراس مالي      ذكر شيخ لا وقف وقفته تغني عن جزيله
والقصيد يقاسم الاحساس والبيت ارتجالي      عني الساري لا منك ضقت والطرقه طويله
لا تهاب الكوس والا ترهبك ريح الشمالي      دامك تعرف النصر ماهي تشابهه الفشيله
لين تلقي لك وطن كنه من الفكر الخيالي      ينتمي لك وانت من زود المحبه تنتمي له
وان سالت اجاوبك لكن بطرح لك سءالي      والسءال اللي انا بطرحه لا تطلب بديله
من يعلم الاغنيا اللي يحبون الريالي      عن كرم حاتم وفلسفته ووقفته النبيله
ومن يفهم الاغبيا ان البحر ماهوب حالي      لا تلاطم موجه وحول علي التربه مسيله
ومن يترجم لي رموز الوقت وظروف الليالي      كل رمز له حروف وكل حرف فيه ميله
ومن يسولف لي عن دموع الغلا من عين غالي      وعن احاسيس الشجر لا غرقه مزن المخيله
وعن تفاصيل الكلام اللي ابيه وما طري لي      وعن تخباط المضيع يوم ما حصل دليله
وعن حنين النوق لا منها رعت خضر المفالي      وعن غرام الوادي اللي له سنه ما مر سيله
وعن صقور ما تطيح الا علي روس الجبالي      ليه قامت كل عصفور تجي له تنثني له
وعن نهار اشرقت شمسه ولا شفت الظلالي      وعن طموح يمتلك غايه لكن ماله وسيله
وعن علوم ما تقال وعن علوم لو تقالي      كان ميزنا مابين اهل التقي واهل الرذيله
وكيف كل انسان يطمح بانه الشخص المثالي      وكيف انا قلبي سعيد ونفسي القاها عليله
وكيف تعبر فرحه البنت اليتيمه من خلالي      وكيف ازرع حزنها فرحه وضحكتها حصيله
وكيف اكون دوله في القدس من دون احتلالي      وكيف انصب حاكم واعي وطلاته جميله
وكيف اخلي اسمي مقدر اذا ذكروا مجالي      وكيف اداوي بالكرم تفاهه النفس البخيله
وكيف اوضف جهدي لتحقيق صعبات الامالي      وكيف يجيني ما تمنيته وانا وشلون اجي له
وليه حظي ما يساعدني اذا قل احتمالي      وليه غلطات الزميل المحترم يجرح زميله
وليه ليلي ما يقدرني وانا ساهر لحالي      وليه صبحي ما يفرحني كثيره او قليله
وليه ظهري بيح لصبحي سبب قله وصالي      وليه عصري يشتكي ظهره وظلمه عند ليله
وليه ما تخلي قلوب المسلمين من التعالي      وليه جفني ما تبكيه الحمام ولا هديله
ليه والا كيف والا عن ومن هذا سءالي      جاوبه بالطرقي اللي طرقتك طرقه طويله
ولا تضايق للزمن حكمه وللمهموم والي      والبنادم راس ماله عزته والله وكيله","قصيدة ""ليه .. و كيف .. و عن .. و من"" ملحمة تأملية فلسفية لفزاع، تُخاطب ""هجوسي"" في وجه الزمن القاسي، مؤكدة أن عزة الإنسان رأس ماله والله كيله. يُمجّد الاعتزال عن الحياة المغرية والدروب الدائرية، محبّاً المستحيلات والكائدة دون خوف، فهيبته ذكر شيخٍ لا يُقدَّر بثمن. يرتجل الأبيات مشاركةً للإحساس في طريق طويلٍ لا ضيق فيه، ناصحاً بعدم الرهبة من الكوس أو ريح الشمالي، لأن النصر لا يشبه الفشل، حتى يجد الإنسان وطناً خيالياً ينتمي له بالمحبة المضاعفة.

يطرح الشاعر سُلالم أسئلة وجودية عميقة: من يُعَلِّم الأغنياء كرم حاتم؟ من يُفْهِم الأغبياء هدوء البحر؟ من يترجم رموز الليالي ودموع الغلا وعواطف الطبيعة الشجرية والنوق والوديان والصقور الجليلة؟ عن نهار بلا ظلال، طموح بلا وسيلة، علوم تُخْفَى لتمييز التقي من الرذيل؟ كيف يدَّعي الجميع الكمال رغم علل النفس؟ كيف يُسْرِد فرح اليتيمة وضحكتها حصاداً؟ كيف يبني دولةً في القدس دون احتلال، ويحكم بعقلٍ وطُلَّةٍ جميلة، ويُدْرَأُ بخل النفوس بالكرم، ويُجْهِدُ لصعاب الأماني حتى تأتي الآمال؟

وليه يخذل الحظ، ويجرح الزميل زميله، ولا يُقَدِّر الليل الساهرَ، ولا يُفْرِحُ الصبحُ؟ وليه يشتكي الظهرُ والعصرُ الظلامَ، وتتعالَ قُلُوبُ المسلمين، ولا تبكي العينُ الحمامَ؟ يختتم بدعوةٍ للصبر والعزة، مردِّداً المقطعَ الافتتاحيَّ في حلقةٍ شعريةٍ تُجَسِّدُ الدورانَ الزمنيَّ والإصرارَ على الطريقِ الطويلِ، رمزاً لنبل ""فزاع"" في مواجهةِ الألغازِ الكونيةِ والإنسانيةِ.","Cinematic close-up of Sheikh Hamdan bin Mohammed (Fazaa) in traditional white kandura and black bisht with subtle gold embroidery, his face contemplative and resolute, standing against a vast muted cyan desert at twilight, scattered wilting desert roses and a single falcon feather at his feet symbolizing noble endurance and freedom, faint incense smoke wisps curling in cool blue-grey air, distant silhouette of a ghaf tree and camel under a desaturated teal sky, volumetric golden rim lighting with soft amber highlights, shallow depth of field with bokeh, shot on ARRI Alexa 65 with anamorphic lens flare and subtle film grain, mood deeply philosophical and dignified, 8K photorealistic masterpiece, Apple TV+ documentary aesthetic, no text, no watermark, no women",,,,
176,ما كان له داعي,"جرحت قلب الغرام و زدت في عنادك      تبغي الصراحه.. تري ما كان له داعي
من اربع شهور كثر الصد وش فادك ؟      ما غير حرضت طول الليل لاخضاعي
طيرت الاشواق من مرفاك وبلادك      وذبلت رسايلك ، ما جاني بها ساعي
يا زين تتوقع ان اللي حصل زادك      بالعكس ما زادك الا زاد ف اوجاعي
اللي محيرني انك في الزعل عادك      للشك ولهرجه الواشين تنصاعي
لا يكون شي _ في بالك صاير مرادك      اخاف قاعد تفكر تلوي ذراعي
هذي ولا الحلم سولفها علي رقادك      وشلون تبغي تسويها وانا واعي
لو دمعتك سولفت لكبود حسادك      كان الرعيه تقيم قيمه الراعي
من اربع شهور وانت مطول عنادك      اسمع تري صدق ما للي حصل داعي","قصيدة ""ما كان له داعي"" تعبر عن ألم الشاعر ""فزاع"" جراء عناد المحبوبة التي جرحت قلب الغرام بصدّ دام أربعة أشهر، محرضة الليل على إخضاعه دون فائدة. يوبّخها على طيران الآشواق وذبول الرسائل، متعجباً من انصياعها لشكوك الواشين رغم وعيه الكامل. يخشى تلوي ذراعه بأحلام يقظة، مؤكداً أن دموعها لو صدّقت حسادها لقيّمت الراعي عند الرعية. يختتم بنداء للصدق: لا داعي للعناد، فالألم زاد أوجاعه لا قوته، في لوحة عاطفية نابضة بالكبرياء والحيرة العاشقة.","Cinematic close-up of Sheikh Hamdan bin Mohammed (Fazaa) in traditional white kandura and black bisht with subtle gold embroidery, his face reflecting deep contemplative pain and restrained pride, set against a muted cyan and desaturated teal twilight desert backdrop. Scattered wilting desert roses and sand slipping through fingers symbolize longing and loss, faint incense smoke wisps evoke memory and spirituality. Volumetric golden hour rim lighting with cool blue-grey tones and soft amber highlights, shallow depth of field with bokeh, shot on ARRI Alexa 65 with anamorphic lens flare and subtle film grain, emotionally resonant, poetic atmosphere, 8K photorealistic Apple TV+ documentary style, no text, no watermark, no women.",,,,
177,ما يشل الراس,"صارت الدنيا غريبه وصرت انا متوله      عشتها حلم خيالي والغريب لحالي
عشتها ابكل راحه واصبحت لي ممله      عشتها في ابتسامه وعشتها غربالي
ذاك درب الحبيبي قلت ذاك اسهل له      وهذا دربي لو طويل اسهل لي واسوي لي
لو طريقي في عنا اودرب انا ما ادله      احسن اضيع طريقي لو بربع الخالي
انا ظاري ع الصعايب ، الصعب اوصل له      الصعب سهل عليه ، الصعب يحلالي
الصعب لو هو صعب والله انا لا اذله      لا اذل عينه لاجلها في قولي وافعالي
ما يشل الراس الا لي يحطه يشله      وما يوطي راس دايم في العلا او عالي
كان طبعه مختلف او كلمته في محله      هو رزين ولا حكي يعني تقوم جبالي
ميزته حسنه طبيعي صار كله كله      هو علي بعضه حلو من حسنه القتالي
لكن اللي استوي .. الطين زاده بله      ورحت انا في درب ثاني مالها او مالي
باختصار اقول هذا خل فارق خله      خل يحلي حياته بشخص ثاني بدالي
وبصراحه .. كل كلمه قلتها متوله      ال (دبي) وال (دبي) وهي (دبي) ف بالي","قصيدة ""ما يشل الراس"" نبطية عميقة لفزاع، تعبر عن صراع العشق الشاق والكرامة الرفيعة في وجه الصدود، حيث يصف الشاعر تحول الدنيا إلى غريبة ممله رغم عيشه إياها براحة وابتسامة خيالية. يختار درب الصعاب الطويل في ربع الخالي، مفضلاً الضياع على التنازل، معتبراً الصعب حلاله الذي لا يُذل عينه بقول أو فعل. يمدح الرجل الحقيقي الرزين، الذي يشيل رأسه لمن يستحق فقط، وكلمته تقيم الجبال بطبعه المختلف وحسنه القتالي. لكن اللي استوي بالطين زاده بله، فينصح بالفراق: خل فارق خله يحلي حياته بشخص ثاني، وهو يبقى متعلقاً بدبي في باله كرمز للوفاء الأبدي. ملحمة كرامة وفخر بدبي، تجمع الصحراء والعزة في لوحة بصرية قوية.","Cinematic close-up of Sheikh Hamdan bin Mohammed (Fazaa) in traditional white kandura and black bisht with subtle gold embroidery, his expression resolute and contemplative, embodying stoic pride and enduring dignity, standing against the vast muted cyan and desaturated teal expanse of the Rub' al Khali desert at twilight, scattered wilting desert roses and cracked desert earth symbolizing painful love and unyielding honor, distant falcon silhouette soaring low over sand dunes, soft incense smoke wisps curling in the cool blue-grey air, volumetric golden rim lighting with subtle amber highlights, shallow depth of field with bokeh, shot on ARRI Alexa 65 with anamorphic 85mm lens flare, moody cinematic desaturation, poetic and emotionally resonant atmosphere, 8K photorealistic masterpiece, Apple TV+ premium documentary aesthetic, no text, no watermark, no women",,,,
178,مدخل غرامي,"القلب شال الحب والحب شاله      مدخل غرامي والاحاسيس حوله
وضاع الفكر مابين حاله وحاله      واسهل حلوله صارت اصعب حلوله
الحسن لي يفرض علينا سءاله      كيف الربيع امتد لاربع فصوله
كيف ابتداه الحسن ثم انتهي له      يا لين حتي الحسن منه خذوا له
وانا اتخيل في خيالي خياله      فرصه عمر تحت ابتسامه طفوله
غر _ صفا حسنه وقلبي صفا له      سهل التمني بس صعب وصوله
يحتار فيه اللي يوصف دلاله      ويهين به لي عن جماله حكوا له
يخجل جماله من صفاوه جماله      ويغيض ربات العيون الخجوله
يمشي معاهم بس كنه لحاله      معهم ولكن كن هم لي مشوا له
واللي تعرض في مرامي نباله      والله ما يكسب ولا ربع جوله
عادل ولكن ما برمشه عداله      يظلم محبينه برمشه وطوله
اصلا جنوني بس في حب خاله      وشلون لا باوصف تفاصيل زوله
ان قال صدي .. قلت : لله قاله      وان قال وصلي قلت : بالله قوله
هذا الذي قلبي من الشوق شاله      مدخل غرامي والاحاسيس حوله","قصيدة ""مدخل غرامي"" لفزاع، ملحمة عشقية تُغرق القلب في دوامة الحب الذي يحملُهُ ويُحْمَلُ بهِ، محاطاً بالأحاسيس المتلاطمة. يضيع الفكر بين حال المحبوب وحال العاشق، حيث يتحوّل الربيعُ إلى أربعة فصولٍ من الشوق، ويُسلبُ حتى الحسنُ جمالَهُ أمامه. يُصوّر الشاعرَ المعشوقَ كغريبٍ صافيِ الجمالِ، يخجلُ بهِ الوصفُ والعيونُ الخجولةُ، يسيرُ معَ الخلْقِ وكأنَّهُ لَحْمَدِهِ، عادلٌ يُظْلِمُ محبَّيهِ برَمْشَةٍ تُذِيبُ العقلَ. جنونٌ خالصٌ في حُبِّ ""خالَتِهِ""، يُسْلِمُ لقَضَائِهِ: صدٌّ فَلِلَّهِ، وَصْلٌ فَبِاللَّهِ. تكرُّرُ الطلاسمُ الرئيسيةُ كلازمةٍ تُعْزِفُ نبضَ الغرامِ الأبديِّ، مُجْسِدَةً صراعَ التمنِّي السهلِ والوُصُولِ الصَّعْبِ في عالمِ الخيالِ والطُّفُولَةِ السَّاحِرَةِ.","Cinematic close-up of Sheikh Hamdan bin Mohammed (Fazaa) in traditional white kandura and finely embroidered black bisht, his face reflecting deep, contemplative longing and poetic passion, set against a muted cyan and desaturated teal twilight desert backdrop. Surround him with subtle symbols: scattered wilting desert roses and delicate incense smoke wisps curling upward, evoking the turmoil of love and memory. Soft golden rim lighting highlights his profile with cool blue-grey volumetric rays, shallow depth of field blurring distant camel silhouettes and a faint ghaf tree. Shot on ARRI Alexa 65 with anamorphic lens flare and subtle film grain, composed with rule of thirds for emotional resonance, cinematic masterpiece, 8K photorealistic, Apple TV+ documentary style, no text, no watermark, no women.",,,,
179,مراجل,"تقزمي في عين حسادي وانا عملاق فرض      لان علوي عن وطاهم شي ربي ملزمه
ماتشوف حجم الشمس متقزم علي اصحاب الارض      متقزمين ويحسبون الشمس جات مقزمه
يارب .. وانا عبدك اللي ما بعد هتكت عرض      واذا لقيت الضايق المحتاج وقفت اعزمه
ما علي اشبهك .. واذا غضبت اقول ارض      رزنامه افضالك مداها ما تشابه الارزمه
زد مشبري في الطول طول ومن قوي العرض عرض      ومد لي النصر المبين اللي ماغيرك يهزمه
لو المراجل تنشري سحبت لي مليون قرض      حتي اثبت محزمي يوم تراخي الاحزمه
شفت الحياه بدنيتي سنه وشفت الموت فرض      يوم اتقزم في عيون العالم المتقزمه","هذا النص يمثل ملحمة ذات أبعاد كبريائية تستعرض صمود الشاعر ""فزاع"" في وجه الحساد وضآلة نفوسهم، معلناً علو مكانته الذي فرضه الله عليه فوق الجميع. يستحضر الشاعر عبر صورة الشمس التي لا يقوى الضوءَ عليها، قوة الذات وعزتها التي لا يمكن أن تصغرها أعين الحساد. يتوسل إلى ربه برجاء ازدياد الصلابة والعزم، مؤكدًا ارتباطه العميق بالقيم والمبادئ التي لا تتزعزع، معزّزًا إيمانه بالعدل الإلهي الذي يثبت نصره على أعدائه. الصور البلاغية للنصر والقوة تُبرز ثقة الشاعر بقدراته وشجاعته التي لا تتراجع، إذ يرى الحياة اختبارًا مؤقتًا والموت واقعًا محتمًا، ولكن تبقى عزيمته وعزته ثابتة مهما ضاقت به الظروف. القصيدة تجسد فلسفة الرجل الذي لا يهاب العواصف، متمسكًا بشرفه ومبادئه بين عيون العالم، ما يجعل من مروءته ""مراجل"" لا تنضب ولا تُقهر.","Cinematic medium shot of Fazaa (Hamdan bin Mohammed) in pristine white kandura and black bisht with gold embroidery, his face etched with defiant dignity and unwavering resolve against the backdrop of a muted cyan-tinted desert horizon at twilight, scattered wilting desert roses and cracked earth symbolizing resilience amidst adversity, distant falcon silhouette against desaturated teal sky, subtle incense smoke wisps rising from an Arabic coffee pot representing enduring hospitality, volumetric rim lighting with cool blue-grey tones and soft amber accents, shallow depth of field with bokeh, shot on ARRI Alexa 65 with 85mm anamorphic lens, contemplative yet powerful emotional atmosphere, 8K photorealistic masterpiece, Apple TV+ documentary aesthetic, no text, no watermark, no women",,,,
180,مرثيه زايد,"العذر يا بوي لو ماشلني ساقي      الحزن ما طاقني والقلب ما طاقه
ياعيني ابكي وساعدها يا خفاقي      ماهوب عيب يفيض الدمع ف احداقه
ياموحد الدار .. يا المتفرد الراقي      والغيم حزن جذب الاحساس براقه
اشوف كن النهار يحدر احداقي      واشراقته ما تشابه ايه اشراقه
ومن يعذل القلب عن ضيقته لا ضاقي      انسان مشكوك في مذهبه واخلاقه
يا حاكم الارض واول واخر اشواقي      يفداك قلب حزن فرقاك ما ذاقه
في غيابك الناس ماتت وانته الباقي      لانك الغالي اللي يذبح فراقه
يبكيك من يغرس النخله علي الساقي      يبكيك راعي الشداد وراعي الناقه
والطيب والجود والعزه والاخلاقي      والارض وترابها والبحر واعماقه
شيخ مقامه سكن ما بين الاعماقي      حتي الزمن من محبينه وعشاقه","في مرثية مؤثرة تعكس الحزن العميق لفقدان ""زايد""، يتجلى وجع القلب الذي لا يطاق والدمع الذي لا عيب فيه، باعتباره تعبيراً صادقاً عن الاشتياق لشخصية فريدة ومتفردة كانت رمز العزة والجود والكرم. يصور الشاعر ""زايد"" كحاكم الأرض ومصدر أول وآخر الأحاسيس، الذي غيابه مثل موت الناس وبقاؤه في القلوب يذبح الفراق بألم لا يشفى. تتشابك في الأبيات صورة القائد الراسخ في أعماق الأرض والبحر، الذي تجاوز وجوده حدود الزمان ليصبح في وجدان المحبين والأوفياء، حيث تتلاقى أجمل صفات القيادة والإنسانية في شخصية استثنائية يظل صداها حيّاً متجدداً في الذاكرة الوطنية.","Cinematic medium shot of Sheikh Zayed bin Sultan (Zayed Al Khair) in pristine white kandura and black bisht with gold embroidery, his face etched with dignified sorrow and deep patriotic longing, standing amidst cracked desert earth and wilting desert roses symbolizing heartbreak and enduring legacy, distant silhouette of a falcon against desaturated teal sky, subtle incense smoke wisps rising from an Arabic coffee pot, volumetric rim lighting with cool blue-grey tones and soft amber accents, shallow depth of field with bokeh, shot on ARRI Alexa 65 with 85mm anamorphic lens, contemplative emotional atmosphere honoring a unique leader whose absence feels like death yet presence lives in hearts, 8K photorealistic masterpiece, Apple TV+ documentary aesthetic, no text, no watermark, no women",,,,
181,مريم,"الحلا يحتويها      والغلا يرتجيها
شيخه الحسن مريم      الله هالله عليها
عيدها عاد ثاني      بين قلب ومحاني
قلت ازف التهاني      واتعني واجيها
يالبنات الصبايا      عندي الها هدايا
ما طرته الروايا      واستحيت اهديها
لان مريم هديه      من اله البريه
القلوب النديه      لو ضمت ترتويها
نور شمس تعلي      فوق بدر تجلي
دونه الوصف ولا      غايه الحسن فيها
بنت قرم سنافي      وارف الظل وافي
تبتديه القوافي      قبل لا يبتديها
الصبا مال بانه      وانثني خيزرانه
سموا دبي دانه      لان مريم عليها","تتغنى القصيدة بجمال وروح ""مريم""، التي تجسد الحلاوة والغلا بكل معانيهما، هديّة من الله تفيض دفئاً وندىً على القلوب. تستعيد الأبيات بهجة عيدها المتكرر، معلنة فرح اللقاء وتقديم التهاني والهدايا، معبرة عن خجل ومودّة عميقة تجاهها. يُبرز الشاعر مكانة ""مريم"" بين بنات الوطن، خاصة في سماء دبي، بوصفها نور الشمس المتلألئ الذي لا يضاهيه وصف، وحسنها الذي يفوق كل حدود. تحمل القصيدة في كلماتها توقيراً لشخصية أنثوية تنبعث منها أصالة القبيلة (""قرم سنافي"") وعراقة المكان، لتصبح ""مريم"" رمزاً للحضور الأنيق الذي يسبق حتى القوافي في البهاء والألق.","Cinematic medium shot of a distinguished Emirati male poet in pristine white kandura and black bisht with gold Sadu embroidery, his face etched with dignified reverence and deep emotional longing, standing on muted cyan-tinted desert dunes under twilight skies, scattered wilting desert roses and incense smoke wisps symbolizing memory and spirituality, distant silhouette of Burj Khalifa against desaturated teal horizon, volumetric rim lighting with cool blue-grey tones and soft amber accents, shallow depth of field with bokeh, shot on ARRI Alexa 65 with 85mm anamorphic lens, contemplative poetic atmosphere celebrating heritage and nobility, 8K photorealistic masterpiece, Apple TV+ documentary aesthetic, no text, no watermark, no women",,,,
182,مستحيل انساك,"مستحيل انساك هذا مستحيل      مستحيل انساك والله للابد
من يعاشر شخص مثلك ما يميل      لا ولا ينوي علي غيرك احد
يا جميل في جميل في جميل      يا فريد اللون في جيد و خد
ترتسم في وجنتك شمس الاصيل      وجمرتين بينهن صف البرد
والعيون الدعج والرمش الظليل      ونور وجهك منهن نور استمد
تهت في حبك مثل توه الضليل      وزادت جروح الحشا جروح جدد
لا ولا عن حبك ارضي بالبديل      وكن باقي الخود تكماله عدد
لي يسير الدرب يوصل لو طويل      او مثل ما قيل من ( جد وجد )","قصيدة ""مستحيل أنساك"" نبطية عذبة تعبر عن حب أبديٍّ لا يُمحى، حيث يؤكد ""فزاع"" استحالة النسيان للمحبوب الفريد، الذي لا يميل قلبه لغيره أبداً. يغرق الشاعر في وصف جمالها الساحر: وجنتاها شمس أصيل مع جمرتين بين صفحة برد، عيون دعجاء رموشها ظليلة تنير وجهها كنور مستمد. تهتُّ روحه في حبها كالضليل، جروح القلب تتجدد، رافضاً أي بديل مهما طال الدرب أو تعب الجدّ. تكرار الأبيات يعزز الإصرار الوفيّ، رسم لوحة حبٍّ خالدٍ تجمع بين الشوق الحسيّ والصبر الجميل.","Cinematic close-up of Fazaa (Hamdan bin Mohammed) in pristine white kandura and black bisht with gold embroidery, his face etched with intense longing and devoted sorrow, standing on muted cyan-tinted desert dunes at twilight, wilting desert roses and cracked earth symbolizing enduring heartbreak, distant falcon silhouette against desaturated teal sky, subtle incense smoke wisps, volumetric rim lighting with cool blue-grey tones and soft amber accents, shallow depth of field with bokeh, shot on ARRI Alexa 65 with 85mm anamorphic lens, contemplative emotional atmosphere, 8K photorealistic masterpiece, Apple TV+ documentary aesthetic, no text, no watermark, no women",,,,
183,معلقه الاتحاد,"يا نقاد الشعر صلوا علي محمد ويا سبحان      من اجال البشر بيده واذا ماتت يحاسبها
يارب المغفره والناس ما ترجي سوي الغفران      ولا غيرك يغفر ذنوبها … ولا يعذبها
عزيز و جل شانك واعتلت قدرتك يارحمان      اقوله والقلوب بقدرتك تقدر تقلبها
عسي الله ما يحاسبني علي غلطه فكر بلسان      ويمنعني من اسباب الذنوب اللي تسببها
وانا شاعر يحلق في الفضا لو ما معه جنحان      وصل حد النجوم اللي تراقبه ويراقبها
تهيضه القريحه ويتهيض باعذب الالحان      اصوغ من اغزر بحور القصيد الاجمل الابهي
ابا انحت من صخر واغرف بحر واقطف من البستان      علي شان القريحه تنتهض ويتم واجبها
علي شان اشبع جياع الفكر واروي بها عطشان      كما تروي هشيم الارض ودق من سحايبها
احب من القصيد اللي يشرف مسمع الاذان      تصور ما تكن النفس وتحقق ماربها
واحب من القصيد اللي تحير بوصفها الاذهان      تحير بوصفها الاذهان والشاعر يحير بها
واحب من القصيد اللي مايفني لو فنت الابدان      وتنحته الجبال لكل وادي يستظل بها
علي صهوه بنات الفكر هاجوسي بدون عنان      تتعب غيري القيفان .. لكني اتعبها
من يقول القصايد مالها غارب تري غلطان      جزيلات القصايد كل بيت جزل غاربها
ومن داعب جزيلات البيوت بغالي الاثمان      تراوده الوصوف النادرات اللي يليق بها
وانا وان قيل من يفدا الوطن ما رحت ارد الشان      اسوم الروح لبلادي .. اذا دارت نوايبها
علي قول المثل .. وان صكت الحلقه علي الابطان      تعزوي بالقروم اللي يهاب الضد جانبها
تعزوي من ( بني ياس) برجال _ تعسف الميدان      تقول الله علي طرق البلا والموت حببها
رجال _ كلما العادي غزا ردوا له العدوان      ومن عادي الحرار لزوم يشكي من مخالبها
ومن جانا يمد ايمان .. جينا له بطيب ايمان      ومن جانا بغير الطيب .. لا يحمد عواقبها
اذا الطامع غزانا ما نشذب له خشوم سنان      خشوم سيوفنا في هامه الطامع نشذبها
رفعنا رايه الحق وتركنا رايه الشيطان      يشرقها و يغربها .. و يشرقها و يغربها
تلاقت فيك ( يالظفره ) دروب القلب والشريان      لو ان ذكراك تكتب في الحنايا كان نكتبها
ويا ( ليوا ) كل ما هب النسيم ومالت الاغصان      يناسبك الفخر واللي تربوا فيك ناسبها
تسولف مجدك الركبان لا مروا علي الركبان      ولا تستوعبه حجم الكتب و اكبر مكاتبها
زمان _ كان فيه الفعل غالب والكلام اوزان      و حن بالفعل نوزن كلمه الضد و نغالبها
مرامينا المدي ولنا علي روس الجميم مكان      ولنا المجد انتصر وان ضاقت الارض بكتايبها
خلطنا اوراق من وضب كتايبه و لفي طمعان      لعله عقب ما نخلط له اوراقه يوضبها
لعله يفطن ان بلادنا .. هي دره البلدان      هي اكرم ارض في الدنيا وهي ثامن عجايبها
رملها من ذهب وحدودها عقد من المرجان      حضنها برها من عزها والبحر شاربها
علي ( سيح الشعيب ) وما صفا دونه من النقيان      صفت بيض القلوب و ساقت الوحده ركايبها
بدت فكره توحدنا علي العز وعلي الايمان      حقيقه ثابته ما يقدر العالم يكذبها
سنه واحد وسبعين بشهر ديسمبر و للان      ورايه الاتحاد تعانق الشمس و تجاذبها
ولا ترحل مع الغايب ولا يجتاحها النسيان      مدير المدرسه يكشف وقايعها لطالبها
في ظل المجلس الاعلي عمود الدوله المنصان      ثقتنا في شيوخ بلادنا ماحد يعذربها
نحن من عاصمتنا ( بوظبي ) ياللي بدون اثمان      اهلها تفتديها بالنفوس ولا تحس بها
الي ديره ( دبي ) اللي من النهضه كان الجان      نبي الله ( سليمان ) ارسله حتي يرتبها
ومن (ام قيوين) نبع الطيب واهل الجود في (عجمان )      تزف ( الشارقه ) نور المعارف من جوانبها
الي حدود (الفجيره) لي تخطب حزومها الشطان      ل ( راس الخيمه ) اللي كل يوم العز يخطبها
شيوخ كل شيخ له من اهل الشان قدر وشان      مثل وصف الحرار اللي علي العليا مراقبها
نثمن قدرهم بارواحنا في كفه الميزان      ويرجح وزنهم فوق الكفوف و فوق مطلبها
وتري ما كل من يصهل صهيل حصان صار حصان      واصيلات الخيول فعولها تشهر مدربها
واذا قالت الارامل يرحم الله ( زايد ) كحيلان      وقف تاريخنا يروي حكم ( زايد ) و ينسبها
زعيم المرجله .. شيخ المكارم .. حاكم الازمان      زعيم التوعيه .. اسطوره الارض وتجاربها
خذا من شجره اصحاب النسب اعلي نسب عدنان      تعربه المناسب .. وان تحداها .. يعربها
كان الارض بعده خاليه .. الا من الاحسان      زرع في رملها لين اعشبت منه مناكبها
لو ان عقارب الساعه توقف بعد موت انسان      قسم بالله ما دارت عقب ( زايد ) عقاربها
ياكم سالت دموعه يوم (راشد) ضمته الاكفان      و(راشد) كل ما ثقلت حمول الناس قام بها
هذا (راشد بن سعيد ) وهذا (زايد ابن سلطان)      رجال افعال من قبل تنصب في مناصبها
وانا نصي من المكتوم.. ونصي الثاني نهيان      سمي اكرام قوم _ يفخر المجد بمراتبها
سمي عمي وسمي بن زايد الاول واسم حمدان      اخو عمي رءيس الدوله اللي ابوي نايبها
رجال _ ابصروا بالعقل ما لا تبصره الاعيان      هم عيون البلاد و جفنها الواعي وحاجبها
هم عيال (الفلاحي) و(الفلاسي) قبله الضيفان      اياديهم تمد الكايده … ولا تشح بها
هذا مثل القمر في ليله الظلما الي من بان      وذا شمس _ يسولف شرقها عن طيب مغربها
بنوا للدار ساس _ ما يلين وثبتوا الاركان      شيوخ _ من بعده شيوخ للعليا مطالبها
لهم في النايفات من المكارم والفخر تيجان      تعدي صيتهم فوق المجرات و كواكبها
تقول الله خلقهم رحمه للارض والعربان      اذا مروا علي الارض الخلا تعشب سباسبها
خليفه العارض الهتان، نجل العارض الهتان      نجل العارض الهتان .. لي محيي جدايبها
خليفه ريس الدوله .. زعيم الشعب بوسلطان      تحت ظله بلاده امنه والخير عم بها
نفاخر به علي الدنيا واهلها والزمن لي كان      وما يقبل من الايام .. حاضرها وغايبها
واذا كان الفخر للي كلامه والفعل سيان      ابوسلطان قول و فعل ذلت له صعايبها
نما من كفه الجود و نمت من جوده الاوطان      لو انه ما معاه الا حياته .. كان جاد بها
يهاب يمينه السيف السليل وتحسده الامزان      ومداته يهاب البحر من لجه غبايبها
يهيج البحر لكن السفينه في يد الربان      سياسي يعرف قلوب العرب وشلون يكسبها
علي يمناه رجل _ لو تحط الشمس له نيشان      وتنشد لو يصوبها .. من عزومه يصوبها
هو ناءب ريس الدوله وريس مجلس الفرسان      ابو( راشد ) ( محمد ) رايته بالعز ناصبها
صنع من معجزات ( دبي ) لبلاده فخر ما هان      تنافسه الدول وينافس النهضه ويغلبها
تواكب غيره سنينه و يسبقها بدون رهان      انا اجامل سنينه لو اقول انه يواكبها
عبر حد الزمن .. لين الزمن رد ونشد حيران      متي عقله لحق يرسم له الخطوه ويحسبها ؟
رجل .. كن النهار اهداه من نور الفكر ضيان      اذا مر البلاد المظلمه .. تنور غياهبها
واذا مر البلاد الضاميه .. تثمر بها العيدان      كفوفه موجها البحر و هل الدنيا مراكبها
وابو (خالد ) ولي العهد .. عهد الخير به يزدان      له الفضل وكفوفه بالوفا والطيب طيبها
( محمد ابن زايد ) لي بشوفه تنجلي الاحزان      تباشير الفرح من شوفته الارواح ترقبها
يمينه من مكارمها تغار السحب والوديان      ويساره لو درت عن مده يمينه .. يعاتبها
واذا ضاقت صدور الناس .. لضيوفه فتح بيبان      يوسع صدر من ضاقت علي صدره رحايبها
اغني فيه واحس بفخر طاغي وانا (حمدان)      له عيون العباد بيوت لو يبغي يحل بها
وصفت شيوخنا والحق واضح ما يبا برهان      علي لسان الشعوب اروي لهم الابيات واندبها
حرام ان كل واحد منهم يحتاج له ديوان      شموس _ في سمانا مستحيل الوقت يحجبها
شموس _ نورها ابعد من الوصف ومن القيفان      ولكن القوافي من مداركنا .. تقربها
حنا اللي.. ثم حنا اللي.. ثم حنا اللي.. ثم حنا اللي حان      لنا فرصه تجنبنا المصايب او نجنبها
ولكنا .. وقفنا وقفه الشجعان للشجعان      وعلمنا الرجال توقف وتهزم مصايبها
ثرانا الطاهر من (السلع) لين اخر حدود (عمان)      قبور جدودنا .. والرايه العليا نصايبها
حضاره جيل مسيره بطل دوله لها عنوان      لها يسترسل التاريخ ويعدد مناقبها","معلقة الاتحاد ملحمة فخرية يرفع فيها ""حمدان"" (فزاع) راية الولاء لقادة الإمارات، بدءاً بصلاة على النبي محمد، مروراً بمديح الشيخ زايد كباني الدار وزعيم المراحل، والشيخ راشد بن سعيد كرجل أفعال، والشيخ خليفة بوسلطان كمحيي الجدايب، والشيخ محمد بن راشد (أبو راشد) كمعجزة دبي ونائب رئيس الدولة، ومحمد بن زايد (بوخالد) كيمين الخير وولي العهد.

يصف الشاعر توحيد الإمارات من سيح الشعيب عام 71، مروراً بإمارات بوظبي، دبي، الشارقة، عجمان، أم القيوين، الفجيرة، رأس الخيمة، معبراً عن عزة بني ياس والحرار، وشجاعة الرجال في رد العدوان برفع راية الحق.

يبرز فخر الشاعر بنسبه المزدوج (مكتوم ونهيان)، ودور الشيوخ كشموس في سماء الوطن، رمزاً للوحدة الخالدة التي تعانق الشمس، محتفياً بتاريخ الفعل الذي يغلب الكلام، وعهد الخير الذي لا ينضب.","Cinematic medium-wide shot of Sheikh Mohamed bin Zayed (Bo Zayed), Sheikh Mohamed bin Rashid (Bo Rashid), and Sheikh Hamdan bin Mohammed (Fazaa) standing together in a powerful unity pose on a muted cyan-tinted desert terrace at twilight, all raising their hands in a solemn gesture of national pride and visionary resolve while holding traditional UAE flags, faces etched with dignified determination and deep emotional connection to heritage, wearing pristine white kanduras and black bishts with intricate gold embroidery, distant silhouettes of the Burj Khalifa skyline and subtle wisps of incense smoke curling upward, volumetric golden-hour rim lighting with cool blue-grey tones and warm amber highlights, shallow depth of field with bokeh, shot on ARRI Alexa 65 with anamorphic lens flare, contemplative and majestic atmosphere celebrating UAE unity and leadership, 8K photorealistic cinematic masterpiece, Apple TV+ premium documentary aesthetic, no text, no watermark, no women",URL,"محمد,زايد,راشد,حمدان,خليفة,سلطان",https://d2p7pge43lyniu.cloudfront.net/output/4223f1b5-8435-43c1-a4ce-521f41281fde.jpeg,a195a59a12a047368d0199ee09aadb23
184,مطار,"الحب ذل .. الوصل عار.. لا صار تاليها هوان      ياللي تقول اخبارك .. اخباري بدون مجامله
زعلان منك.. اي نعم زعلان من شهر رمضان      ما تشوف جرحي لي ثمان شهور وانا حامله
رغم قساوه جرحك بقلبي لكن قلبي ما خان      يصحي الي منه صحي وان نام جرحك نام له
فتنتني لين اكتشفت ان اكثر الحب افتتان      واتعبت من مسك القلم كف تجيد انامله
صياغه التعبير في جمله يخلده الزمان      تصويرها يثبت بان الناس ماهي كامله
خلاص بطلنا غلا .. احسن لنا نبقي اخوان      ويعاملك قلبي طبيعي مثل ما انت تعامله
صديت منك مثل ما صد الشجاع من الجبان      واحرمت من وصلك احاسيس الخفوق الشامله
لا صرت دون احساس ما تقدر تقدم لي حنان      لان القلوب بحسها .. و بعطفها .. متكامله
انته علي طياره الهجران حاجز لك مكان      وانا ف مطار مواصلك ناطرك ساعه كامله","قصيدة ""مطار"" لفزاع ملحمة عاطفية عن حبٍّ ذلٍّ وعارٍ يتحول إلى هوان، حيث يعلن الشاعر زعله الدامي من رمضان وثمانية أشهر جرح حامل في القلب. رغم قسوة الصد، يبقى قلبه وفياً لا يخون، يكتشف أن الحب غالباً افتتان ينهك الروح ويُتعب الكف القلمية في صياغة تعبيرٍ خالد. يقترح الإخاء بدل الغلا، مصدّاً الجبان كالشجاع، محرماً نفسه وصلَ خفوقٍ ناقص الحنان، إذ تكتمل القلوب بحسّها وعطفها. يصور المشهد الدرامي: أنتَ على طيارة الهجران، وأنا في المطار أنتظرك ساعة كاملة، رمزاً للانتظار الأبدي والفراق المُر.","Cinematic medium shot of Sheikh Hamdan bin Mohammed (Fazaa) in pristine white kandura and black bisht with gold embroidery, his face etched with dignified sorrow and deep longing as he stands alone on a muted cyan-tinted airport tarmac at twilight, scattered wilting desert roses and cracked earth symbolizing heartbreak and separation, distant silhouette of an airplane representing eternal waiting and painful parting, subtle incense smoke wisps rising from a traditional dallah nearby, volumetric rim lighting with cool blue-grey tones and soft amber accents, shallow depth of field with bokeh, shot on ARRI Alexa 65 with 85mm anamorphic lens, contemplative emotional atmosphere of devotion amidst betrayal, 8K photorealistic masterpiece, Apple TV+ documentary aesthetic, no text, no watermark, no women",,,,
185,مطر  مطر,"مطر .. مطر.. وترد للتربه الروح      ويخضر ويذعذع نسيم البرادي
والعشب فوق العشب يبني له صروح      في وادي _ رابي علي ظهر وادي
لكن حمام الدوح ما له من النوح      صده .. لو ان العيد شارقه بادي
حمامه الوادي تري الصوت مبحوح      نوحي لكن نوحي بشكل اعتيادي
الحزن برقه كل ليله لي يلوح      احب احزن .. بس في جو هادي
ضايق ما ادري وين انا ابغي اروح      رغم النجاح اللي صنعه انفرادي
لو ان لاعداء النجاحات مصلوح      يتمتها .. لكن .. لا يا اعادي
وكفوف اصحاب الكرم ماهي شحوح      وطموحهم دايم وهو في ازديادي
تشرق مكارمهم علي الارض وتفوح      اذكارهم فوحه بختري وكادي
وفكري وحش في روض الابداع مطروح      نادر ولا يعرض في سوق المزادي
لانسان حفنه طين نفخ بها روح      تكونت علي شعور و مبادي
فزاع حزنه سر ماهو بمفضوح      لو ينفضح يمكن يثور الزنادي
ضيقه شعوب الارض يا عاشق البوح      ماهي مثل ضيقه شيوخ البلادي
عنيد لو قلبي من الحزن مجروح      ولا اعرف وش هو سبب هالعنادي
يمكن لان العمر مجموعه جروح      والا لاني شخص ماهو بعادي","في قصيدة ""مطر .. مطر"" لفزاع، يتناقض سحر المطر الذي يُحيي الأرض بالخضرة والنسيم البرادي مع حزن حمام الدوح المبحوح، رمزاً لنوح الشاعر السرّيّ الاعتياديّ. يصف فزاع ضيقه الخفيّ رغم نجاحاته الانفراديّة، محتفياً بكرم الأصحاب وطموحهم الفوّاح، بينما يرفض صلح الأعداء ويُبرز تفوّق فكره الوحشيّ النّادر في روض الإبداع. يعترف بأن إنساناً من حفنة طين ونَفْحَة روح مبنيٌّ على مبادئ، فحزنه غير مفضوح خوفاً من إثارة الزّنّاد، مقارناً ضيق شيوخ البلادِ بضيق الشُّعوب. عنادُهُ من جروح العمر يجعله استثنائيّاً، في إيقاعٍ يعيدُ المقطعَ الافتتاحيَّ مؤكِّداً الدَّوْرَةَ بين تجدُّدِ الطَّبيعةِ وحزنِ النَّفْسِ العنيدِ.","""Cinematic medium shot of Fazaa (Hamdan bin Mohammed) standing alone in a contemplative pose on a muted cyan-tinted desert terrace at twilight, gently tracing the edge of a traditional Dallah cup with his hand while gazing upward toward a distant falcon silhouette perched on a branch, face etched with dignified melancholy and poetic resolve, wearing pristine white kandura and black bisht with subtle gold embroidery, wilting desert roses and wisps of incense smoke curling around him to symbolize hidden sorrow, volumetric golden-hour rim lighting with cool blue-grey tones and soft amber highlights, shallow depth of field with bokeh, shot on ARRI Alexa 65 with anamorphic lens flare, introspective and emotionally resonant atmosphere, 8K photorealistic cinematic masterpiece, Apple TV+ premium documentary aesthetic, no text, no watermark, no women""",URL,فزاع,https://d2p7pge43lyniu.cloudfront.net/output/aee49bea-efe5-4b42-a94e-6100e8ddd9e2.jpeg,d7ef1a91ef3f46ed81a57e8a0937bf11
186,ملاذ عمر,"يا مصبح بالخير مسيت بالخير      انا بدار و انت عني بديره
ايخفق لك قلبي كما خفقه الطير      ع كف غمري سبوقه قصيره
يفرني التفكير فر الاعاصير      وشوق مسبب في الضماير حشيره
يجيبك التفكير صوت وتصوير      واهيم في نور الخدود النضيره
امشي علي حكم الزمن والمقادير      انا بغرب وصاحبي بالجزيره
امري خطير ان صار في الوقت تقصير      لانك طبيب للجروح الخطيره
اخر قراري فيك من دون تفكير      تقرير من يبغي يبري ضميره
انك عن الاقصي والادني وعن الغير      ملاذ عمر في الحياه استخيره
الاوله انته بالغلا وانت الاخير      وانت الوطن والاهل وانت العشيره","قصيدة ""ملاذ عمر"" لفزاع، نشيد حبٍّ عميقٍ يجعل المحبوبَ ملاذَ العمرِ الأولَ والأخيرَ، يفوقُ الوطنَ والأهلَ والعشيرةَ. يصفُ الشوقَ الذي يهُزُّ القلبَ كطائرٍ على كفِّ غمرٍ، والتفكيرَ الذي يُفرُّ كالإعصارِ ويُحْيِي صوتَهُ وصورَتَهُ في الخدودِ النضيرةِ. رغمَ البُعدِ بينَ الدارِ والجزيرةِ، يُصرِّحُ الشاعرُ بأنَّ حبيبَهُ طبيبُ الجروحِ الخطيرةِ، قرارُهُ الأخيرُ لمَنْ يَبْغِي بَرْءَ ضَمِيرِهِ. تتكرَّرُ النداءاتِ الصباحيَّةِ ""مَصْبَحْ بِالْخَيْرْ""، مُعْلِنَةً الوفاءَ الأبديَّ في وجهِ المَقَادِيرِ.","Cinematic close-up of Sheikh Hamdan bin Mohammed (Fazaa) in pristine white kandura and black bisht with gold embroidery, his face etched with deep longing and devoted love, standing on muted cyan-tinted desert dunes at twilight, scattered wilting desert roses and a single falcon feather symbolizing noble freedom, distant silhouette of the Burj Khalifa against desaturated teal sky, subtle incense smoke wisps rising from an Arabic coffee pot, volumetric rim lighting with cool blue-grey tones and soft amber accents, shallow depth of field with bokeh, shot on ARRI Alexa 65 with 85mm anamorphic lens, contemplative emotional atmosphere celebrating eternal loyalty, 8K photorealistic masterpiece, Apple TV+ documentary aesthetic, no text, no watermark, no women",,,,
187,من الف ليله وليله,"تبسم يا قمر للي عنالك      بسحب تمطر ويطرب رعدها
سرت لك نجمه من طيب فالك      وراحت من بلدها ليا .. بلدها
بليله حلم ما تخطر ع بالك      بليله والف ليله من وعدها
صباح الورد ياليلي لحالك      ومساك النور ياصبح بوردها
اذا غربت والمجد بوصالك      خطر ع الشمس تشرق من سعدها
هنيالك ومن وصله هنالك      هنياله من الدنيا سهدها
سعي بطيب وبدابك وانتهي لك      و بن العطر من يدها ليدها
وتنشد يا قمر من هو سعي لك      وانا اقول النجوم ومن صعدها
هذاك اللي قبل لاسمع سءالك      سما العليا علي مجده سندها
مادامه من صور قلبك منالك      عسي دنيا الفرح دايم سعدها
سرت لك نجمه من طيب فالك      وراحت من بلدها ليا بلدها","قصيدة ""من ألف ليلة وليلة"" لفزاع، نشيد حبٍّ أسطوريٍّ يُخاطب المحبوبة ""يا قمر""، مُصوِّرَةً كنجمةٍ طيِّبَةٍ سارت من بلدها إليه، في ليلةٍ حُلْمِيَّةٍ تُعِدُ بألفِ ليلةٍ من الوفاء. تتدفَّقُ الصورُ الشعريَّةُ بأمطارِ السحبِ المُطَرِّبَةِ، صباحِ الوردِ، ومساءِ النورِ، حيثُ يُبَارِكُ السماءُ وصالَهُما، والشمسُ تُشْرِقُ من سَعْدِها إذا غَرَبَتْ. يَتَعَالَى الفخرُ بالمحظوظِينَ بوصْلِها، وسَعْيِهِ الطَّيِّبِ الَّذِي انْتَهَى إِلَيْهَا بِعِطْرِ اليَدَيْنِ، مُؤَكِّدًا أَنَّ السَّمَاءَ العُلْيَا سَنَدُ مَجْدِهِ. خَلْفِيَّةٌ نَبَتِيَّةٌ غَنِيَّةٌ بِالْفَلْكِ وَالْكَوْكَبِ وَالْحُلْمِ الْأَلْفَ لَيْلَةِ، تَدْعُو لِدُنْيَا فَرْحٍ دَائِمَةِ السَّعْدِ، مُنَاسِبَةٌ لِمُلْصَقٍ يَجْمَعُ قَمَرًا وَنُجُومًا وَسَحَبًا مُطِرِّرَةً فِي لَيْلَةٍ سِحْرِيَّةٍ.","Cinematic medium shot of Sheikh Hamdan bin Mohammed (Fazaa) in pristine white kandura and black bisht with gold embroidery, his face etched with dignified romantic longing and poetic devotion, standing on a lush botanical landscape rich with falcon silhouettes and celestial stars under a dreamy night sky, scattered wilting desert roses and prayer beads at his feet symbolizing eternal fidelity, distant moon and cloud motifs against desaturated teal sky, volumetric rim lighting with cool blue-grey tones and soft amber accents, shallow depth of field with bokeh, shot on ARRI Alexa 65 with 85mm anamorphic lens, contemplative magical atmosphere celebrating unity and happiness, 8K photorealistic masterpiece, Apple TV+ documentary aesthetic, no text, no watermark, no women",,,,
188,من حاء ميم الي نون الف,"من حاء ميم الي سعاده حضرتك يا نون الف      وشلون تبغيني اخون العهد وانا حالفه
ياصاحبي كانك من اصحاب الضميرالمختلف      لا عاد تطريني علي باب الامل في سالفه
شاعر ومبدع قبل ما انشر بوسط المختلف      واري بخلق الله في طيبي ماهي متخالفه
وكانه تلف قلبك تري قلبي من الفرقا تلف      دروبنا متخالفه .. و قلوبنا متوالفه
اتعب من الفرقا وتتعبني ويلحقني صلف      لكن قلبي صلف ويحب الدروب الصالفه
ان كان حبك لي مجرد حب تقصد به سلف      اذلف من العوج السنين الماضيات الذالفه
قضيتك في المحكمه والجرم مكتوب بملف      والمدعي ياخذ برايك والمحامي خالفه
كلفت نفسك فوق طاقتها وتعبها الكلف      والحين تبغي تموت نفسك من عناها كالفه
لا تفتكر اني معاك افكر اسوي حلف      ما نيب مجبور اي شخص اقابله اوالفه
لا عاد تحلف زور لاني كاشفك قبل تحلف      الحب تالف وانت تالف والعلاقه تالفه","قصيدة نبطية درامية بعنوان ""من حاء ميم إلى نون الف""، تُخاطب المحبوبة ""نون الف"" بلغة حوارية حادة تعكس صراع الوفاء والخيانة. يرفض الشاعر (""حاء ميم"") كسر العهد رغم إلحاحها، متهماً إياها بضمير مختلف ومحاولات زائفة لإغرائه بالأمل. يصف تناقض القلوب المتآلفة مع دروب متخالفة، ويعبّر عن تعبه من الفرقى والصلف الذي يدفعه للطرق الصالحة. يحاكم حبها كدين سلفي يُسدَّد في محكمة الزمن، محذِّراً من حلف زور في علاقة تالفة كليّاً، مؤكِّداً نبله الشعري والأخلاقي قبل النشر. تتكرَّر الأبيات كلازمة لتعزيز الرفض القاطع والألم المكبوت.","Cinematic medium shot of a distinguished Emirati poet in pristine white kandura and black bisht with gold embroidery, his face etched with dignified refusal and weary resolve, standing on muted cyan-tinted cracked desert earth at twilight, scattered wilting desert roses and prayer beads symbolizing broken vows and devotion, distant falcon silhouette against desaturated teal sky, subtle incense smoke wisps rising from a traditional dallah, volumetric rim lighting with cool blue-grey tones and soft amber accents, shallow depth of field with bokeh, shot on ARRI Alexa 65 with 85mm anamorphic lens, contemplative emotional atmosphere of moral judgment and poetic integrity, 8K photorealistic masterpiece, Apple TV+ documentary aesthetic, no text, no watermark, no women",,,,
189,من عرفته ما ذرفته,"من صغر سني وانا انظر للغلا نظره رفيعه      واعرف ان العشره اسمي من غلاك ومن حناني
يوم شفتك من ضياع وشفتني مثل الوديعه      انته اللي ضعت فيني وانت بس اللي لقاني
والله ان الضيعه اللي جابتك ما هي بضيعه      ضيعه العشاق شي وضيعتي بك شي ثاني
يا غرام ما استطيع انساه لو قلت استطيعه      يا كلام من عرفته ما ذرفته من لساني
اشتر اللي تشتري فيني وبيع اللي تبيعه      ما التفت لوجه غيرك باعني والا شراني
خل طعناتك قويه و خل نظراتك سريعه      يعني اضرب اهرب اضرب اضرب اهرب في ثواني
ماانت باول من شرب صيفي وعطشني ربيعه      ولا انت باخر من خذاني من يدي ولا خذاني
انت ما وسعت صدري لين ضيقت الوسيعه      كنك تحطب الجروح من المحاني للمحاني
كل ساعه لك بصدري رمح اقسي من تبيعه      وكل جرح له بوجهي حزن غير الاولاني
وكل ليل يهون لكن ليله البارح فظيعه      يعلم الله كانت اول ليله تزلزل كياني
كن رمحك ما يبات الا وري الحدب المنيعه      وكن جرحي ما يعرف ينام ورماحك تعاني
ول يا كيد الظبا ما شفت من يصنع صنيعه      لو زرعته في حشاك سنين يمحيك بثواني
في زمنا قالوا ان ما طاوعك هالوقت طيعه      وانت مثل الوقت قاسي طاعني والا عصاني
بس ابيك ليا عسفت البعد واسرجت القطيعه      التفت مره علي و حط نفسك في مكاني
انت لو اني خدعتك راح ترضي بالخديعه ؟!      بعتني مليون مره .. حبني مره عشاني
خايف تحمل خفوقي فوق ما لا يستطيعه      ويبتليك الله بغيري مثل ما فيك ابتلاني
خلني مثل الضياع وشلني مثل الوديعه      انت من ضيعتني ، مافي احد غيرك لقاني
واشهد ان الضيعه اللي جابتك ماهي بضيعه      ضيعه العشاق شي وضيعتي بك شي ثاني","قصيدة ""من عرفته ما ذرفته"" لفزاع ملحمة عشقٍ مؤلمة تُجسِّد الوفاء الرفيع للغلا منذ الصِّغَر، حيث يُصوِّر الشاعر نفسه كـ""ضياع"" وُجِدَ فيهِ المحبوبُ، و""وديعة"" لم يُلْقَهَا أحدٌ سواهُ. يتردَّدُ اللَّوْنُ الدَّائريُّ للأبياتِ مُؤَكِّدًا تمسُّكَهُ بالحُبِّ رَغْمَ الطَّعْنَاتِ القَاسِيَةِ، الرِّمَاحِ الَّتِي تَحْطُبُ الْجُرُوحَ مِنْ مَحَانِ إِلَى مَحَانٍ، وَالْخِيَانَةِ الَّتِي تُضِيقُ الصَّدْرَ الْوَاسِعَ. يَسْتَذْكِرُ لَيْلَةً فَظِيعَةً زَلْزَلَتْ كِيَانَهُ، وَيَحْذِرُ الْحَبِيبَ مِنْ كَيْدِ الظِّبَاءِ الَّذِي يَمْحُو السِّنِينَ بِثَوَانٍ، مُتَسَائِلًا إِنْ كَانَ يَرْضَى بِخِدْعَةٍ مِنْهُ كَمَا بَاعَهُ مِلْيُونَ مَرَّةٍ وَحَبَّهُ مَرَّةً. يَخْشَى عَلَيْهِ حَمْلَ خَفُوقِهِ، وَيَدْعُو إِلَى التَّأَنِّي وَالْتِفَاتٍ، مُؤَكِّدًا أَنَّ ضَيْعَتَهُ فِيهِ لَيْسَتْ كَضَيْعَةِ الْعُشَّاقِ، بَلْ شَيْءٌ ثَانٍ يَفُوقُ الْوُصْفَ. صُورٌ نَبَتِيَّةٌ كَالْغَرَامِ الْمُنْسِيَامِ وَالْوَقْتِ الْقَاسِي تَجْعَلُهَا وَثِيقَةَ صَبْرٍ وَعِزٍّ عَلَى الْهَجْرِ.","Cinematic close-up of Sheikh Hamdan bin Mohammed (Fazaa) in pristine white kandura and black bisht with gold embroidery, his face etched with dignified sorrow and deep contemplation, standing on muted cyan-tinted cracked desert earth at twilight, wilting desert roses and scattered sand slipping through fingers symbolizing time and loss, distant falcon silhouette against desaturated teal sky, subtle incense smoke wisps rising from a traditional dallah, volumetric rim lighting with cool blue-grey tones and soft amber accents, shallow depth of field with bokeh, shot on ARRI Alexa 65 with 85mm anamorphic lens, melancholic yet resilient emotional atmosphere, 8K photorealistic masterpiece, Apple TV+ documentary aesthetic, no text, no watermark, no women",,,,
190,من هو فزاع,"انا عنواني اشعاري واسمي في معانيها      واول بيت انا قلته غدي تاريخ ميلادي
اذا تنشد عن اخباري من اولها لتاليها      انا اشعاري هي اخباري علي ما ريد تنقادي
وانا امي اماراتي ولدت وعشت انا فيها      وابوي امجاد عرباني وطاري ماضي اجدادي
واخواني انا المليار مسلم في اراضيها      وانا القران والسنه غدوا زادي وزوادي
اعيش همومي وفرحي ولا لي نيه اخفيها      واكبر همي المقدس وطفل جنبه ينادي
يهز بصرخته ارض نوي الصهيون يمحيها      من التاريخ ، والعالم وقف مكتوف الايادي
وانا ايامي هي استاذي تعلمني لياليها      فلا خير بانسان يفاد ولا بعد فادي
وزايد قدوتي زايد ، وزايد من يزهيها      بلاده شانها عالي باسمه دايم تشادي
وروحي محمد المغوار ابن راشد يغذيها      من اشعاره من افكاره بنيت بمجده امجادي
مربني علي الجود وعلي المعروف واحميها      بلادي حبي الاول ولا لي غيرها بلادي","قصيدة ""من هو فزاع"" تعريفٌ شعريٌّ حماسيٌّ لـ""حمدان بن محمد"" (فزاع)، حيث يُعلن أن شعره عنوانُهُ وتاريخُ ميلادِهِ، وأخبارَهُ كلَّها في أبياتِهِ. أُمُّهُ الإماراتُ، أبوهُ أمجادُ العربانِ وماضيُ الأجدادِ، إخْوَتُهُ مليارُ مسلمٍ، وزادُهُ القرآنُ والسُّنَّةُ. يَعِيشُ همومَهُ وفرحَهُ صريحًا، وأَكْبَرُ همِّهِ المَقْدَسُ: صَرْخَةُ طِفْلٍ في غَزَّةَ تُهْزُّ أَرْضَ نَوْيَ يَمْحُوهَا الصَّهْيُونُ، والعالمُ مَكْتُوفُ الأَيْدِي. أَيَّامُهُ مُعَلِّمَتُهُ، وزايدُ قُدْوَتُهُ الَّتِي تَرْفَعُ شَأْنَ بِلَادِهِ، وَرُوحُهُ يُغْذِيهَا مُحَمَّدُ بْنُ رَاشِدَ المَغْوَارُ بِأَشْعَارِهِ وَأَفْكَارِهِ، مُرَبِّيًا إِيَّاهُ عَلَى الْجُودِ وَالْمَعْرُوفِ. حُبُّ الْبَلَدِ أَوَّلُ حُبِّهِ، فَهُوَ حَامِيهَا إِلَى الْأَبَدِ.","Cinematic medium-wide shot of Fazaa (Hamdan bin Mohammed) standing alone in a dignified, contemplative pose on a muted cyan-tinted desert terrace at twilight, reciting poetry with deep emotion while holding a traditional Arabic manuscript open in his hands, face etched with solemn pride and visionary resolve as he gazes toward the horizon where the silhouette of the Burj Khalifa meets the modern skyline, wearing pristine white kandura and black bisht with intricate gold embroidery, subtle incense smoke wisps curling upward and a single falcon feather resting gently on the manuscript page, volumetric golden-hour rim lighting with cool blue-grey tones and warm amber highlights, shallow depth of field with bokeh, shot on ARRI Alexa 65 with anamorphic lens flare, contemplative and majestic atmosphere, 8K photorealistic cinematic masterpiece, Apple TV+ premium documentary aesthetic, no text, no watermark, no women",URL,"محمد,زايد,راشد",https://d2p7pge43lyniu.cloudfront.net/output/0db9eaa2-3cbb-4a2a-8494-03d2c1d98640.jpeg,7a73ad11b73e46f591929d87417ca9b7
191,من يحبك,"من يحبك كثر ما احبك انا      ومن بحبك حاول وياما اجتهد
ومن ف عينه شوفتك كل المني      لا ورب العرش ما غيرك ابد
انت شوفي وانت عمري والهنا      ياجسد بي روح ولروحي جسد
وانت عيني وانت نوري والسنا      وانته اسبابي اذا حبي خمد
وانت ميعادي وسهدي والعنا      وانت تعذيبي وصبري والجلد
وانت راحاتي وروحي والظنا      وانت الاول ..مابها قبل و بعد
لمنا جو المحبه و ضمنا      ومن بعد قربك انا كيف ابتعد
شوف ما اكبر ياحبيبي عشقنا      فاق كل العشق وحده وانفرد
لو يوزع عالبسيطه حبنا      ما بقي حد بها يكره احد","قصيدة ""من يحبك"" لحبيبة ""فزاع"" تعلن تفرد عشقه اللامتناهي، حيث يتحدى الشاعر كل من يدعي حبها بأنه لا يفوق إخلاصه واجتهاده. يصورها جسداً بروحٍ متلازمة، عينه ونوره وسهرَه وراحته، أولَه بلا قبلٍ أو بعد، مُلِئَةً كلَهُ منها. يعْلُو عشقهُ السَّمَاوَاتِ، فَاقًا كُلَّ مَنْ يُحِبُّ، وَلَوْ تُوزِعَ حُبْنَا عَلَى الْبَسَائِطِ لَمْ يَبْقَ كَرْهٌ فِي الْعَالَمِ. هَيْئَةٌ وَجْدَانِيَّةٌ تَجْمَعُ بَيْنَ الْغَرَامِ الْحَسِيِّ وَالْعِشْقِ الْإِلَهِيِّ، رَمْزًا لِلْوَفَاءِ الْأَبَدِيِّ.","Cinematic medium shot of Sheikh Hamdan bin Mohammed (Fazaa) in pristine white kandura and black bisht with gold embroidery, his face etched with intense devotion and spiritual longing, standing on muted cyan-tinted desert dunes at twilight, scattered wilting desert roses and prayer beads at his feet symbolizing eternal fidelity, distant falcon silhouette against desaturated teal sky, subtle incense smoke wisps rising from a traditional dallah, volumetric rim lighting with cool blue-grey tones and soft amber accents, shallow depth of field with bokeh, shot on ARRI Alexa 65 with 85mm anamorphic lens, contemplative emotional atmosphere blending earthly love and divine grace, 8K photorealistic masterpiece, Apple TV+ documentary aesthetic, no text, no watermark, no women",,,,
192,ميلاد مجد,"اليوم عيد .. اليوم اغلي من العيد      اليوم هذا غير عن كل الاعياد
والليله احلي موعد فالمواعيد      تاريخها يحمل معه عيد ميلاد
ميلاد كل الحسن والمجد والغيد      الزين فيها كامل والغلا زاد
ميلادها سموه شيخ المواليد      المجتمع يفرح به جموع وافراد
كنها غزال جافل قاده الصيد      كل الضبا من خلفها جات تنقاد
البحر يحسدها علي السير في البيد      شوف البحر من حسنها صار حساد
هي اغلي عنقود ما بين العناقيد      بنت الشيوخ اللي من امجاد لامجاد
الشوق يحضنها من الايد للايد      متسيده ..لان السياده للاسياد
جمالها يطغي علي فرحه العيد      وياليتها بصحه لها دوم ينعاد","قصيدة ""ميلاد مجد"" احتفاءٌ شعريٌّ بميلاد أميرةٍ من بنات الشيوخ، تُسمَّى ""شيخة المواليد""، حيث يفوق عيدُها كلَّ الأعياد في الحسن والمجد والغيد. يصوِّرُ فزاعُها كغزالٍ جافلٍ يُسَيِّدُ الضِّبا، حتَّى حسِدَها البحرُ على سيرِها في البيدِ، فهي أغلى عنقودٍ بين العناقيدِ، بنتُ أمجادٍ تُسَيْدُ الشَّوْقَ من إيدٍ لإيدٍ. يطغَى جمالُها على فرحِ العيدِ، مُدْعِيًا الصِّحَّةَ الدَّائِمَةَ، في ليلةٍ أحْلَى موعدٍ تاريخِيٍّ يُحْيِي المجْدَ الإماراتِيَّ بأبهى صورِهِ.","Cinematic medium shot of Sheikh Hamdan bin Mohammed (Fazaa) in pristine white kandura and black bisht with gold embroidery, his face etched with dignified joy and patriotic pride, standing on muted cyan-tinted desert dunes at twilight, a majestic gazelle silhouette beside him symbolizing grace and nobility, scattered wilting desert roses and incense smoke wisps evoking memory and spirituality, distant Burj Khalifa skyline against desaturated teal sky, volumetric rim lighting with cool blue-grey tones and soft amber accents, shallow depth of field with bokeh, shot on ARRI Alexa 65 with 85mm anamorphic lens, celebratory yet contemplative emotional atmosphere, 8K photorealistic masterpiece, Apple TV+ documentary aesthetic, no text, no watermark, no women",,,,
193,نبع المحبه,"يا كامل زينك علي كل مزيون      اهواك والله يا غزال فتني
منزلك داخل في وسط لب لعيون      وما كنت لحظه يالغلا بعيد عني
ان قلت احبك لا حشا فيك مجنون      وان قلت بانسي خيب الفكر ظني
يا كيف بانسي والعقل فيك مفتون      وكن المحبه نبع منك ومني
يضج قلبي شوق في الصدر مكنون      ورياح حبك يا حبيبي عصفني
ما اريد بك حد ولو كان ما يكون      انته وبس انته ..حياتي وفني
ان جيتني افرح ولو كنت محزون      واشوف كوني بالفرح لي يغني
وان رحت عني ضاق بي واسع الكون      وتكثر هموم فالحشا عذبني","قصيدة ""نبع المحبة"" نبعٌ عذبٌ من الغرام الخالص، يصف فيها ""فزاع"" حبيبه بـ""غزال فتني"" كامل الزين فوق كل مزيون، مقراً أن محبته نبعٌ مشترك يفيض من قلبيهما. يصور الشوق المكنون الذي يعصف به كرياح عاتية، والفرح الذي يغني الكون بعودته رغم الحزن، مقابل ضيق الوجود وكثرة الهموم في هجره. يؤكد الشاعر الإخلاص المطلق: ""أنتَ وبس أنتَ.. حياتي وفني""، محطماً أي حدود أو نسيان، في إعلانٍ وجدانيّ يجمع بين الفتنة الحسية والوفاء الأبدي، مُخْلِدًا نبع الحب كمصدر حياةٍ لا ينضب.","Cinematic close-up of Fazaa in pristine white kandura and black bisht with gold embroidery, his face etched with intense longing and devoted adoration, standing on muted cyan-tinted desert dunes at twilight, scattered wilting desert roses and cracked earth symbolizing pain and resilience, distant falcon silhouette against desaturated teal sky, subtle incense smoke wisps rising from a traditional dallah, volumetric rim lighting with cool blue-grey tones and soft amber accents, shallow depth of field with bokeh, shot on ARRI Alexa 65 with 85mm anamorphic lens, contemplative emotional atmosphere celebrating pure love and eternal fidelity, 8K photorealistic masterpiece, Apple TV+ documentary aesthetic, no text, no watermark, no women",,,,
194,نخوه قوافي,"يا مسا السكر علي الغصن الرطيب      يعل تسقي ديرته وبل السحب
زارني والفكر ساري سري ذيب      قلت سبحان الذي ساق ووهب
قلت ياليل اللقا والشوق طيب      طيب لاصحاب الحسب واهل النسب
القوافي تنتخيني قبل اثيب      وما علي سني من اشعاري عتب
ان بدعت الشعر سني ما يعيب      من صغر سني وانا قافي عجب
القوافي بدعها حظ ونصيب      بس انا حظي علي القاف انتصب
ان صعب قافي تري فالي يطيب      مطلب افكاري هو القاف الصعب
دامني في صغر سني قبل اشيب      املي الدنيا زغاريد و طرب
ما عليه لو غدي شك وريب      وش علي الصادق اذا الحاسد كذب
دام فعله دون قولي ما يصيب      كيف لو فعلي علي قوله وثب
ظن بي ظن الحسود المستغيب      وابتليته بلوه السيف الحدب
قمت اجيب اللي عجز عنه يجيب      ما قدر يكشف عن عروق الذهب
كيف الوم اللي نظر عينه عطيب      ما يميز بين زرفال وخبب
المعاني بدع فكري واللبيب      يدري ان الراس ما يتبع ذنب
الشعر ماهوب لامثالي غريب      لاني بحاجه من احتاج وكتب
وارثنه هوب في حاجه نسيب      الضعيف اللي اذا احتاج انتسب
وانت يابو نص ظن ونص عيب      لا تسال الكرم عن لون العنب
لا تسال الشط عن موج الغبيب      البحر مايرحم صغار الخشب
والعرب ما تفخر الا بالنجيب      واشهد اني عندهم عز الطلب
وانت يالمحبوب لك رب _ حسيب      لا يغرك من تباعد واقترب
وانت لو تخطي علي قلبي مصيب      صابني من بيه عيونك هدب
ان رماني رمش عينك يالحبيب      جرحك علاجي وانا ادور سبب
اسال مجرب ولا تسال طبيب      العرب ما تفخر الا بالعرب","قصيدة ""نخوه قوافي"" لفزاع، ملحمة نبطية تُمجّد إرث الشعر المتأصل في صغر السنّ، حيث يصف الشاعر لقاءً مسائياً ساحراً كـ""مسا السكر على الغصن الرطيب""، مشبعاً بشوق أهل الحسب والنسب. يدافع عن موهبته الفطرية التي تنتخيه قبل الأثيب، متحدياً الحساد بأفعال تفوق الأقوال، و""سيف حدب"" يُبْتَلِي الظنون الكاذبة، مكشوفاً ""عروق الذهب"" في معانٍ يُبْدِعُها فكره اللبيب. يفخر بالعرب الذين يُكْرِمُون النجيب دون النظر للون العنب أو صغار الخشب، مؤكداً أن الشعر ليس غريباً على الوارث الحاجة، وأن الصادق يَثْبُتُ فوق الشك. ينتقل إلى الحبيب برفق، حيث جرح رموشه علاجٌ يُسَالُ عنه المجرب لا الطبيب، مختتماً بفخرٍ عربيٍّ يرفض الغرور ويُثْبِتُ الوفاء للرب الحسيب، في نسيجٍ من الفخر، الدفاع، والعشق الشفيف.","Cinematic medium shot of Fazaa (Hamdan bin Mohammed) in pristine white kandura and black bisht with gold embroidery, his face etched with dignified longing and poetic pride, standing on muted cyan-tinted desert dunes at twilight, scattered wilting desert roses and a single falcon feather symbolizing nobility, distant silhouette of traditional architecture against desaturated teal sky, subtle incense smoke wisps, volumetric rim lighting with cool blue-grey tones and soft amber accents, shallow depth of field with bokeh, shot on ARRI Alexa 65 with 85mm anamorphic lens, contemplative emotional atmosphere celebrating heritage and innate talent, 8K photorealistic masterpiece, Apple TV+ documentary aesthetic, no text, no watermark, no women",,,,
195,ندي الريحان,"يوم اقبلت تخطب ندي الريحان لطف وخفه      ما كنها الا الصبح يوم اقبل يجر اقدامه
تحفه حسن من حولها غيمه غلا ملتفه      كل الحلا محبوس بين اقدامها والهامه
كن الثغر منها نهر والا الشفايف ضفه      ما شفت في عمري نهر له ضفه بسامه
يحتار فيها من نظر لو هو صدق في وصفه      ويكذبه لي ما نظر واللي نظر ما لامه
تحفه حسن لاقت بعين اللي يعرف التحفه      ويسوم عمره لاجلها لولا الغلا ما سامه
بعض الصدف فيها حلا يا ما حلا هالصدفه      وشلون ما يرتاح لي صادف فتاه احلامه
ويزفها بايقاع هادي للحنايا زفه      ويعيش معها ما بقي له من جميل ايامه
ويعاتب اول سينها لانه تصدر حرفه      مع ان اول اسمها سينه تصدر لامه","قصيدة ""ندي الريحان"" ملحمة حبٍّ نابعة من أسلوب فزاع، تحتفي بوصول العروس ""ندي"" كالفجر الرقيق الذي يجرّ أقدامه بلطفٍ وخفّة، محاطةً بغيمةِ غلاٍّ تُحيط حسنَها الساحر. يُشبّه الشاعر شفتَيْها بضفتَيْ نهرٍ بَسَمٍ لا مثيلَ له، وثغْرَها نَهْرَ حياةٍ يُحيّرُ الوصفَ، فمن نظرَ صدَقَ ومَنْ أَنْكَرَ لَمْ يُلَامْ. تَلْقَىْ عَيْنَ الْمُعْرِفِ بِالتَّحْفَةِ، فَيَسُومُ عُمْرَهُ لَهَا بِوَفْنٍ أَبَدِيٍّ، وَيَزْفُهَا إِلَى الْحُنَايَا بِإِيقَاعٍ هَادِئٍ لِيَعِيشَ مَعَهَا أَجْمَلَ أَيَّامِهِ. يَعَاتِبُ أَوَّلَ سِينِهَا الَّتِيْ تَصْدُرُ حَرْفَهُ، مُؤَكِّدًا أَنَّ اسْمَهَا سِينُ لَامٍ تَحْمِلُ كُلَّ الْحُسْنِ وَالْبَسَامَةِ. صُورٌ بَدْرِيَّةٌ تَجْمَعُ بَيْنَ الْجَمَالِ الْحِسِّيِّ وَالْعَاطِفَةِ الْعَمِيقَةِ، مُنَاسِبَةٌ لِمُلْصَقٍ يَبْدُو كَالْبَسْمِ فِيْ صَحْرَاءِ الْحُبِّ.","Cinematic close-up of Fazaa (Hamdan bin Mohammed) in pristine white kandura and black bisht with gold embroidery, his face etched with tender longing and poetic reverence, standing on muted cyan-tinted desert dunes at twilight, scattered wilting desert roses symbolizing deep love and beauty, subtle incense smoke wisps rising gently, volumetric rim lighting with cool blue-grey tones and soft amber accents, shallow depth of field with bokeh, shot on ARRI Alexa 65 with 85mm anamorphic lens, contemplative emotional atmosphere celebrating the bride Nida like a gentle dawn, 8K photorealistic masterpiece, Apple TV+ documentary aesthetic, no text, no watermark, no women",,,,
196,هذا الشبل من ذاك الاسد,"طيبت فال الفوز يا طيب الفال      يا ( راشد المكتوم ) ما فيك حيله
الفوز بك ياعالي الشان يختال      والفوز يرغب كل راعي طويله
مبروك ما دنت لك مزون الاقوال      ومبروك ما غظت بمزونك مخيله
يا زاكي الجدين من عم و خال      يا بدرنا اللي في الدجي نستخيله
يفداك عزم اللي تمني ولا نال      يا شوق ربات العيون الكحيله
لك مجد قبل .. ومجد حاضر ولازال      وامجاد لك في المقبلات الجزيله
يا(راشد) اتعبت المدي والمدي طال      واللي تبعك اتعبت عزمه وخيله
كم سقت خيلك بين رمله ومسيال      وشيلتها بالحزم ما لا تشيله
يا شبل من تفخر بطاريه الاشبال      شبل الاسد لي ما يحفل الهزيله
هذاك لي تضرب به الناس الامثال      سهل التمثل به ويصعب مثيله
فارس يهز بهيبته الف خيال      ظاري علي حمل الحمول الثقيله
يدهل بغاياته علي كل مدهال      دون المعالي ما ترده عضيله
وانته علي درب العلا قايد ابطال      والشبل من ذاك الاسد له حصيله
اشهد شهاده حق والحق ينقال      انك علي الطولات ما فيك حيله","قصيدة مديح حماسية لـ""راشد المكتوم""، شبل الأسد الذي يجسد الفخر الإماراتي، تحت عنوان ""هذا الشبل من ذاك الأسد"". يُبارك الشاعر (""فزاع"") انتصاراته في ""الفوز""، مُمجِّداً عزمه الذي يُتعِبُ المدى والخيول بين الرمال والمَسْيَل، وهيبته التي تهزُّ ألفَ خيال. يصفُهُ بدرَ الليلِ، زَكِيَّ الجدّينِ من عمٍّ وخالٍ (يشيرُ إلى محمد بن راشد ومحمد بن زايد)، قائدَ أبطالٍ يحمِلُ الحمولَ الثقيلَ دونَ عضْلَةٍ تردُهُ. يشهدُ الشاعرُ بمجْدِهِ الماضيِ والحاضرِ والمُقْبِلِ، مُؤَكِّدًا أنَّهُ مِثالُ النَّاسِ الَّذِي يُضْرَبُ بِهِ، فَارِسٌ لاَ حِيلَةَ لَهُ فِي الطُّولَاتِ. تتكرَّرُ الأبياتُ لتُعَزِّزَ الإيقاعَ الملحمِيَّ، مُحْتَفِيَةً بِالْوِرَاثَةِ الْمَكْتُومِيَّةِ وَالْعَزْمِ الْبَطَلِيِّ فِي أَرْضِ الْإِمَارَاتِ.","Cinematic medium-wide shot of Sheikh Rashid Al Maktoum (Bo Rashid) standing alone in a dignified, contemplative pose on a muted cyan-tinted desert terrace at twilight, raising a traditional UAE flag high in a gesture of supreme leadership and pride, face etched with solemn resolve and visionary strength, wearing pristine white kandura and black bisht with intricate gold embroidery, distant falcon silhouettes and subtle incense smoke wisps curling upward to symbolize his legacy, volumetric golden-hour rim lighting with cool blue-grey tones and warm amber highlights, shallow depth of field with bokeh, shot on ARRI Alexa 65 with anamorphic lens flare, majestic and emotionally resonant atmosphere celebrating the lion's cub who leads heroes, 8K photorealistic cinematic masterpiece, Apple TV+ premium documentary aesthetic, no text, no watermark, no women",URL,راشد,https://d1q70pf5vjeyhc.cloudfront.net/predictions/b3bab41b8f8f4ad68ddf3353304dfcbc/1.jpg,8c9df36deb544a11b21f69a1ed9fba89
197,هذي طبوعي,"لابد بالكامل يجي فيه نقصان      ياليتها بالجوع .. باسد جوعي
لكنها كضه و فره و ميدان      وانا ليا قدمت يصعب رجوعي
والكلمه اللي من قناعات وايمان      يصبح بها لساني وتصغي سموعي
قولوا لمن سوت علي القلب بيبان      اتفتحن م السبت لين الربوعي
اللي حزنها غير عن كل الاحزان      خلا ابتساماتي مثل حب كوعي
لو انها تسهر ليا بعد الاذان      باتشوفني لا رحت باطفي شموعي
حزين متشاءم ونادم وحيران      بس ماظلم .. وهذي ارقي طبوعي
ابوي سماني علي ابوي حمدان      وخلاني اخذ عزتي من خضوعي
وعلمني ابادل الاساءه باحسان      من قو وقفاتي اثبت وقوعي
يمكن عيوني قاسيه بعض الاحيان      لكن يعرفني اصدقاي وربوعي
والله لو ان في ايدي افرح انسان      بافرحه .. لو ان ثمنها دموعي","في قصيدة ""هذي طبوعي""، يعبر ""فزاع"" (حمدان بن محمد) عن طبعه النبيل الراقي، الموروث من أبيه محمد بن راشد، حيث يجمع بين الصبر على النقصان والكرامة التي لا ترجع عنها. يصف ألمه الفريد من الإساءة والصدود، الذي يحول ابتساماته إلى جرحٍ خفيّ، مع إصراره على ردّ السيئة بالإحسان، مستمدّاً عزه من الثبات والقناعة. رغم قسوة عيونه أحياناً، يؤكد ولاءه للأصدقاء والربوع، متعهدًا بإسعاد الآخرين حتى لو بثمن دموعه، في لوحة شعرية تجسّد الفخر الإماراتي والنفس الأبية التي تتحدّى الحزن بالعزّة والكرم.","Cinematic medium-wide shot of Sheikh Hamdan bin Mohammed (Fazaa) standing alone in a contemplative, dignified pose on a muted cyan-tinted desert terrace at twilight, placing a hand gently over his heart while gazing upward with an expression of profound regret and resilient hope, wearing pristine white kandura and black bisht with subtle gold embroidery, wilting desert roses and cracked earth symbols subtly integrated into the foreground sand, distant silhouette of a falcon perched on a low wall, volumetric golden-hour rim lighting with cool blue-grey tones and warm amber highlights, shallow depth of field with bokeh, shot on ARRI Alexa 65 with anamorphic lens flare, melancholic yet noble atmosphere, 8K photorealistic cinematic masterpiece, Apple TV+ premium documentary aesthetic, no text, no watermark, no women",URL,حمدان,https://d1q70pf5vjeyhc.cloudfront.net/predictions/2c222d49a8524935a94600d3dd7ba9a4/1.jpg,9b8f9690275746559575ad52a4b08c07
198,هنيالي,"يا ناعم العود مزحك يذبح وجدك      يذبح وانا كل ما جا منك يحلالي
الله .. الله يا فتان من قدك      حتي عيوني لوصلك موقها سالي
باحت دموعي غرام وقلت وش حدك      يا دمعتي تنزلين و مرقبك عالي
قالت مكاني خلقه الله علي خدك      والا عيونك مكان الصاحب الغالي
محلاك .. محلاك قالت للشهد ندك      حتي الشهد ما ينافس ريقك الحالي
اهواك ، واغليك ، واقدرك واودك      والحنك شوق ويغنيك موالي
اهد بفراقك الدنيا .. ولا اهدك      و افني بوصلك طموحاتي وامالي
بروده الشوق تدفا في حضن يدك      وحراره الوصل تبرد لا تهيالي
احط راسي علي منحرك واسدك      عن حب هالناس لانك حبي لحالي
قلبي يموت ف غلاك ووصلي يشدك      وغلاك في خافقي و صورتك في بالي
ولا انثني رمش عينك وانتصب قدك      اشوف لون القهر في عيون عذالي
ويقول قلبي هنيالك ومن قدك      وانا اردد مع قلبي .. هنيالي","قصيدة ""هنيالي"" لفزاع، نشيدٌ عاشقٌ يذوب فيه الوجد أمام ناعم العود الفتان، حيث يذبح مزاحه الوجد ويحلِّل الشوق، حتى تسيل عيونُه سالَى لوصله. تُحَدِّثُ الدمعُ خدَّهُ مَحَلَّها الإلهيّ، وتُشْبِهُ شهْدَهُ بريقَ ريقِهِ الحاليِّ الذي يفوق العسلَ. يُعْلِنُ الشاعرُ إهْوَاهُ وغِلَّاهُ، رافِضًا الْهُدُوءَ بِفِرَاقِهِ وَمُفْنِيًا طُمُوحَاتِهِ بِوَصْلِهِ، فَبَرْدُ الْبُعْدِ يَدْفَأُ فِي يَدِهِ وَحَرَارَةُ الْقُرْبِ تُبْرِدُ الْهَيَاجَ. يَضْعُ رَأْسَهُ عَلَى مُنْحَرِهِ مُسْتَسْلِمًا، قَلْبُهُ يَمُوتُ فِي غِلَاهِ وَصُورَتُهُ خَالِدَةٌ فِي خَافِقِهِ، مُصْرًّا عَلَى حُبِّهِ الْخَاصِّ رَغْمَ عَذَالَى الْعَالَمِ. يَخْتَتِمُ بِتَكْرَارِ ""هَنِيَالِي"" مُؤَكِّدًا نِعْمَةَ الْحُبِّ الْمُطْلَقِ وَفَخْرَ الْقَلْبِ بِمَنْ لَا مِثْلَ لَهُ.","Cinematic close-up of Fazaa (Hamdan bin Mohammed) in pristine white kandura and black bisht with gold embroidery, his face etched with intense longing and poetic surrender, leaning his head gently against the neck of a traditional Oud instrument at twilight, scattered wilting desert roses and prayer beads at his feet symbolizing devotion, distant falcon silhouette against desaturated teal sky, subtle incense smoke wisps, volumetric rim lighting with cool blue-grey tones and soft amber accents, shallow depth of field with bokeh, shot on ARRI Alexa 65 with 85mm anamorphic lens, contemplative emotional atmosphere, 8K photorealistic masterpiece, Apple TV+ documentary aesthetic, no text, no watermark, no women",,,,
199,هوا الحريه,"الشوق في خافقي يا زين حركته      واحرجتني فالغلا واقفيت سكاتي
لين اكتشفت انك الخاسر في معركته      من يوم زعلت ( فزاع ) الاماراتي
القلب متشربك بك وانت شربكته      لكن باروح وانته خلك تحاتي
يامهلك القلب تدري يوم هلكته      ما طاع عزمي وعيا ينكسر ذاتي
ان شفتك تفبرك احساسي ما فبركته      اعيش انسان .. حتي في معاناتي
مءمن بربي ولا في يوم اشركته      واهذب النفس باسمه في صلواتي
طموح واحد عشقت النفس وادركته      اني احقق نجاحي بانكساراتي
واليوم حقك علي الصقار وشبكته      يا طير ياللي تهاوت فيك هقواتي
سلطان قلبي قطع سبقك في مملكته      ناطح بصدرك هوا الحريه العاتي","جاءت هذه القصيدة تعبيراً عميقاً عن صراع الشوق والحرية داخل نفس الشاعر، حيث ينبض القلب متأرجحاً بين الحب الموجع والعتاب الذي يزمجر في صمت الجسد. يجسد ""فزاع"" في معركته الداخلية روح الإنسان المؤمن بالله، الذي يجد في الانكسار باباً للنجاح والقوة، ويرفض أن تنكسر عزيمته رغم الألم والخذلان. المشاعر المتضاربة بين الالتزام بالذات والرغبة في التحرر تتجلى في صورة ""هوا الحرية""، القوة العاتية التي تتخطى كل القيود، وذلك وسط نضال القلب مع الأحاسيس التي لم تصنعها الأوهام بل هي حقيقة الإنسان في لحظات معاناته. يختزل الشاعر الصراع بين الحنان والعزة، وبين الشوق والألم، ليؤكد أن السير نحو الحرية والعزة يتطلب ثبات القلب وقوة الإرادة، معتمداً على الإيمان والصلاة لتربية النفس واحتضان الطموح الذي يتغذى من الانكسارات والألم.","Cinematic medium-wide shot of Sheikh Hamdan bin Mohammed (Fazaa) and Sheikh Sultan bin Zayed (Bo Khalid) standing together in a dynamic, emotionally charged composition on a muted cyan-tinted desert terrace at twilight, Fazaa reciting poetry with intense passion while gesturing toward the horizon and Bo Khalid listening respectfully with a hand placed over his heart, faces etched with deep longing and dignified resolve, wearing pristine white kanduras and black bishts with intricate gold embroidery, distant falcon silhouettes soaring above cracked earth and subtle incense smoke wisps curling upward, volumetric golden-hour rim lighting with cool blue-grey tones and warm amber highlights, shallow depth of field with bokeh, shot on ARRI Alexa 65 with anamorphic lens flare, contemplative and majestic atmosphere, 8K photorealistic cinematic masterpiece, Apple TV+ premium documentary aesthetic, no text, no watermark, no women",URL,"فزاع,سلطان",https://d2p7pge43lyniu.cloudfront.net/output/0da448c8-eec6-4066-9cf7-01607d8ada2b.jpeg,0a6d10b66bf74a868475866c244da9bf
200,وسمي,"الشعر فن الرياح ومزته وابل      والمزمل ان جاك راكب ما يبا وسمي
والا انت خل الطيور و خل المعابل      هذي نصيحه قبل تتعرف باسمي
الدار هذي تراها غير عن ( كابل )      والامبراطور فيها دايما رسمي
والا مقابل قصيدي شاعر قابل      يوسم بيوته الندر علي وسمي
وان هز كتفك سيوف الحرب والنابل      تراي من زود عزمي ما ارتخي جسمي
والا انت قسمك بيديني وانته ب( بابل )      لكن من الصعب تتسيطر علي قسمي
وان جيت في اخر العنقود لي ذابل      انا لك مزون ماقد جابته وسمي","تتجلى في هذه الأبيات قصيدة فخر وإباء، حيث يصور الشاعر نفسه كرمز للصلابة والعزيمة التي لا تلين أمام رياح المحن وسيوف الحروب. يجعل الشعر فن الرياح والقتال عرضة لتحديه، مؤكدًا أن مجده وسمو قَدره يعبران حدود المألوف ولا يُقاس بأي معيار بسيط. يعكس النص مكانة داره المهيبة التي لا تشبه خانات القبائل الأخرى، وحضور ""الامبراطور"" الذي يفرض احترامه الرسمي في كل محافلها. بثقة وثبات، يحذر من الاستهانة به أو محاولات السيطرة على مصيره، مجسداً رمز البطولة التي تنتظر من يجرؤ على ملاقاته في ميدان الشعر أو القتال. ترتسم في الكلمات خصال الشعر النبطي الأصيل، بين المجد التليد والتشبث بالكرامة حتى في أقسى الظروف.","Cinematic medium shot of a stoic Emirati poet embodying the ""Emperor"" in pristine white kandura and heavy black bisht with gold embroidery, his face etched with unyielding pride and fierce determination against moody twilight winds, standing before a majestic traditional courtyard silhouette with subtle Burj Khalifa distant skyline, scattered wilting desert roses and cracked earth at his feet symbolizing resilience amidst hardship, volumetric rim lighting with muted cyan tones and soft amber accents, shallow depth of field with bokeh, shot on ARRI Alexa 65 with anamorphic lens flare, contemplative yet commanding atmosphere of noble defiance and poetic glory, 8K photorealistic masterpiece, Apple TV+ documentary aesthetic, no text, no watermark, no women",,,,
201,وضوح الما,"علي اللي صار وش باقي تزيد الهم فوق الهم      علي اللي صار ياخلي ارد اقول وش باقي
انا عشتك حلم كذاب الا يا الله يا ذا الحلم      تعيش انته برود الجو وتضحك لي علي احراقي
اذا ما تدري ان السم اذا صابك يبي له سم      وانا سمي وضوح الما تشوفه دايم راقي
واذا شفته حبيبي لونه الاحمر تري هو دم      وانا الظميان ارويني ادور فزعه الساقي
لا تغلط قبل ما ترمي باتضرب يمكن ابن العم      ولا تامن في واحد بين هذي الناس سراقي
علي الصوره انا اصور وانا الون وانا ارسم      ولكن ياحبيب القلب انا ما اكشف اوراقي",ترسم القصيدة مشهد الألم العميق والوهم الخائب الذي يعتصر قلب الشاعر، حينما يصبح الحلم الذي عاشه مجرد كذب ومرارة لا مفر منها. المسكوت عنه من الهموم التي تتراكم لا تُطفأ سوى بوضوح العطاء الصادق، كالماء النقي الذي يظهر صفاءه رغم مرارة الواقع. يحمل الشاعر في مكنوناته سُم الحقيقة الذي لا يرحم، والدم الذي هو رمز العطاء والتضحية، عاكفاً على انتظار مفجر الفرج والظل الحاني الذي يروي ظمأ الروح المكلومة. يحذر من الغدر وانعدام الثقة بين الناس، معبراً عن قوته التي تخفي تحتها صمت الحكمة والاحتفاظ بالأسرار، كما يرفض كشف أوراقه أمام مشاهد الحياة المتقلبة. القصيدة تجسد صراع النفس بين الجرح والوفاء، محاولة للتمسك بالكرامة وسط سيل من الخيبات.,"Cinematic medium shot of a male Emirati poet in traditional white kandura and black bisht, his face etched with dignified sorrow and contemplative wisdom, standing amidst cracked desert earth and scattered wilting desert roses symbolizing deep pain and broken illusions, holding a single drop of pure water representing the clarity of sincere giving against a moody desaturated teal sky, distant silhouette of a Ghaf tree for resilience, subtle incense smoke wisps rising from a traditional dallah, volumetric rim lighting with cool blue-grey tones and soft amber accents, shallow depth of field with bokeh, shot on ARRI Alexa 65 with anamorphic lens flare, atmosphere of silent wisdom and hidden strength, 8K photorealistic masterpiece, Apple TV+ documentary aesthetic, no text, no watermark, no women",,,,
202,ولا يقدر يلم الشمل غير القايد الربان,"يمين الله يمين الله عقب ما ضجت الوديان      بامد غصون عذري قبل تثمر بالذنوب غصون
انا باستغفر الله وارجع اتعوذ من الشيطان      قبل لا ابدا الكلام وقبل ترجح بالكلام وزون
قبل اعزا العرب واعزف سنين اللي خبرها كان      اقول اش حال نخوتنا وحال اللي رضوا بالهون
علام قلوبنا شتي وبين افعالنا شتان      تخالف فكرنا حتي ضحك من حالنا شارون
تسنمنا الخلاف بداج ليل وصبحنا ما بان      عن ايه صبح نتكلم ما دام ان الطريق ظنون
سراب الظن يغري بس يا بعده عن الظميان      ومن يتبع سراب اللال ظنه وش عساه يكون؟
ومن يتبع سراب اللال ظنه يورد الغدران      مثل من يطلب من الموج في عز العواصف عون
غريبه كيف حاضرنا غدا من حاضره حيران      واذا منا ذكرنا لي مضي صار الكلام شجون
ذكرنا عز ماضينا وضاق بدمنا الشريان      وضاق البحر بدمانا وضاق بنا وسيع الكون
جري دم العرب من مغرب (المغرب) الين (عمان)      من (المغرب) الين(عمان) ضاقت بالعتاب حضون
غدي صنع الدهر فينا صنيع السيل بالعيدان      بلغ حد الزبي وارث بنا من كل صوب طعون
تقلب يا دهر ما بين زيف القول والكتمان      كما الافعي تقلب بالف معني والف لون ولون
عراق المجد ما تطوي مشارقها سما النسيان      ولا والله ننساها ولو بعض العرب ينسون
نحب ارض العراق ولاجل اهلها يرجح الميزان      ويهتف باسمها ركب الشعوب اللي غدوا يسعون
سعوا من شرقها للغرب يرثون العرب ركبان      غريبه كيف حتي الغرب لاحوال العرب يرثون
شعارات الوفا طاحت بيارقها علي الشطان      علي شط الفرات ودجله انهارت كبار حصون
علي نارين نار الحرب والفتنه لها نيران      جرت بين القلوب ونوخت في حاضره (هارون)
تشتت شمل من كانوا علي درب الرخا خلان      يجدم بعضهم قوله ورد البعض منهم دون
ولا يقدر يلم الشمل غير القايد الربان      حكيم الراي له نرضي وبه كل العرب يرضون
قدر يجمع شمل هذا الوطن من سالف الازمان      ولا زالت بلاده بالمكارم قدرها مصيون
بعزمه وحد بلاده ورد بحزمه الطمعان      وثبت منهجه بالحق والدستور والقانون
تسامت به قوافينا ومالت بالقصيد الحان      بذكر اسمه تسامت وافصحت عن دره المكنون
سمو الوالد القايد نعم زايد ابن سلطان      نعم زايد نعم زايد بذكر اسمه تقر عيون
نعم زايد نعم زايد اهو اللي شيد البنيان      وعلا للسما صرح _ تضمه راسخات ركون
مواثيقه علي العدل اشهدت باسم الله الرحمان      وراياته علي متن السحاب وجانبه مامون
علي مد النظر مده يمينه ما يرد انسان      ولا ضيفه يرد الا وعنقه بالثنا مديون
ولا قلت الجديد ان قلت جوده ورد العربان      صفات الجود له تشهد وبه كل الملا يدرون
مزونه ما تميز من كرمها ظامي ورويان      واذا هلت تسوق بطيبها مالا تسوق مزون
واذا للفخر داعي نحن نفخر به رفيع الشان      واذا للدار داعي كل منا حاضر وممنون
يمين الله يمين الله متي ما ضمنا الميدان      لتلقي فعلنا مع قولنا باسم الوطن مقرون","تجسد هذه القصيدة تجليات الوفاء والرجوع إلى جوهر الكرامة العربية وسط زمن التشتت والخلاف، حيث يعبر الشاعر عن وجدانٍ يؤرقه ترهل القيم وتباعد القلوب رغم اعتبار العرب للنخوة والوفاء شعاراً عريقاً. تتجسد هشاشة الحاضر في غياب الوحدة وسط سراب الظنون والتفرق، بينما ينبعث صوت الأمل من سمو القيادة الحكيمة لزايد بن سلطان، قائد الحكمة والعدل الذي وحد الصف وصان وطنه بحزم وثبات؛ رمز البناء والتاريخ المجيد. تتغنى الأبيات بجود هذا القائد الذي رسم باتفاقه على الحق والدستور معالم عزة الوطن، وارتسم اسمه في دواوين المجد كمنارة سلام ترتفع راياته عانقة السماء، مفعمة بعزيمة العرب وإرادتهم التي لن تنكسر مهما تلاعب بها زمان الغدر. تكرار ""يمين الله"" يؤكد العهد الراسخ بأن لا قوة تستطيع أن تجمع القلوب غير القائد الربان، الذي به يطمئن العرب أن مجدهم محفوظ ومحفور في ذاكرة التاريخ من المغرب إلى عمان، فلا نسيان للعراق المجد ولا للواجب العربي المشترك. الحروف تنبض برؤية وطنية سامية، حيث الفخر والتماسك عنوان والولاء لزايد رمز القوة والكرامة التي تحتضن الجميع.","Cinematic medium-wide shot of Sheikh Mohamed bin Zayed (Bo Zayed) standing alone in a dignified, visionary pose on a muted cyan-tinted desert terrace overlooking a vast horizon at twilight, raising his right hand in a gesture of unity and leadership to symbolize the ""leader who cannot be surpassed in gathering the nation,"" faces etched with solemn pride, deep resolve, and an expression of profound hope for national cohesion, wearing pristine white kandura and black bisht with intricate gold embroidery, subtle symbolic elements including wisps of incense smoke curling upward, a distant falcon silhouette representing heritage, and faint golden light rays piercing through volumetric dust, shallow depth of field with bokeh background, shot on ARRI Alexa 65 with anamorphic lens flare, contemplative yet majestic atmosphere emphasizing unity and destiny, 8K photorealistic cinematic masterpiece, Apple TV+ premium documentary aesthetic, no text, no watermark, no women",URL,"زايد,سلطان,سمو",https://d2p7pge43lyniu.cloudfront.net/output/0bc6b52d-a43b-4543-8414-69f0e7920a03.jpeg,38319fbb0c684af5af4596cce46153ef
203,وين انت ؟,"وين انت ياللي كل ما قلت وين انت      حتي السءال يقول وين الاجابه
عامين ضايق وانت لليوم ما بنت      هي حالتي بين الحزن والكابه
لو شنت بعيون المخاليق ما شنت      في عين من حبك سرابه سرابه
لولا الغلا يا صاحبي ما تمكنت      صدر من الهجران صاير خرابه
عود علي وانا اترياك لا هنت      الحال واحد ، والظروف تشابه
اذا سالت تحبني ؟ قلت لي كنت      وانا ابتسم من باب حب الدعابه
وان خنتني اعلم تري مابعد خنت      الا معك .. لكن خونه ذرابه
خنتك مع طيفك بعد ما تيقنت      انك علي بعد الثري والسحابه
اكبر خطا محبتك وانت ما صنت      حب يخلده المشيب لشبابه
تدري وش يغيض الرجل في هوي البنت      انه يعيش بواقع ما دري به
لكن انا وش هو انا وانت ويش انت      هذا السءال اللي يبي له اجابه",هي قصيدة تعبر عن ألم الفقد والغياب المستمر للحبيب الذي يغيب منذ عامين دون إجابة تريح القلب. يتجلى فيها الصراع بين الحب والخذلان، حيث يصور الشاعر حالة الحيرة بين الوفاء والخيانة، في خلط مع حضور الذكريات التي تلهب الألم. يعكس الشاعر مأساة رجل يعشق رغم جراح الفراق، متسائلاً عن هوية العلاقة والواقع الذي يغتالها بصمت، متوجهاً بنداء مؤثر يستعصي على الإجابة، جامعاً بين الشوق التيه والحزن الحاد في ضوء غياب لا ينتهي.,"Cinematic medium shot of a male Emirati figure in traditional white kandura and black bisht, his face etched with profound heartbreak and confused longing as he gazes into the twilight void, standing amidst cracked desert earth and scattered wilting desert roses symbolizing broken promises, distant silhouette of a Burj Khalifa fading into desaturated teal sky, subtle wisps of incense smoke curling upward like unanswered prayers, volumetric rim lighting with muted cyan tones and soft amber highlights, shallow depth of field with bokeh, shot on ARRI Alexa 65 with anamorphic lens flare, contemplative atmosphere of unending absence and poetic pain, 8K photorealistic masterpiece, Apple TV+ documentary aesthetic, no text, no watermark, no women",,,,
204,يا ايها,"تعال يا وجه السعد واشطب علي الوجه البغيض      يا حيك و طلتك في وجهي بعد يا حيها
تنعشني انعاش الشفاء العاجل لقلب المريض      يا ايها .. تدري يالبيك انت وش يا ايها ؟
ما انته بزي الناس واكتبها لك بخط عريض      تبغيني احلف ؟ لا ورب البيت ما انت بزيها
ياللي غرامك في خفوقي من كثر قدره يفيض      النفس تندب حظها والعين تبكي حيها
من عوضك ليا فقدتك؟وان وجد كيف استعيض      وانت النهار وشمسه وشجره غلاي وفيها
هاجرت واصبح زولك ف عيني يهاجرني وميض      يا اول جروحي دخيل الله من تاليها
احيا علي وصلك واموت بكل برد وكل قيض      تضما مشاعر خافقي لك وانت سبه ريها
لبيك ياللي من عشقتك قمت احس اني حظيظ      يامغوي نفسي ونفسي ذايبه من غيها
انا اعرف ان كل الليالي سود والايام بيض      دامك معي ما همني في كثرها وشويها",في هذه القصيدة العميقة، ينبض قلب الشاعر بالحنين والشوق لوجه السعد الذي يجلب له الشفاء والنور وسط ظلمة الأيام. يتجلى الولاء والتميز في حب فريد، حيث يستحيل تعويض الغالي الذي هو بمثابة الشمس والظل في حياته، رغم فراقه وجرح فقدانه. تنسكب المشاعر بصدق تام، معترفاً بأن بقاء الحبيب يجعل كل الليالي السوداء بيضاء، وأن وجوده هو البلسم الذي يمنح الروح الحياة والأمل. ينضح النص بإحساسٍ مرهف بالحب الذي يذوب فيه الشاعر ويحيي إشراق وجود الحبيب في كل لحظة، معبراً عن ولاء يتجاوز العادي ليصبح أسمى معنى للحياة والوفاء.,"Cinematic medium shot of a distinguished Emirati man in pristine white kandura and black bisht with subtle gold embroidery, his face etched with profound longing and tender devotion as he gazes into the twilight, standing on muted cyan-tinted desert dunes under volumetric rays, scattered wilting desert roses and cracked earth at his feet symbolizing heartbreak and healing, distant silhouette of a falcon against desaturated teal sky, subtle incense smoke wisps rising softly, dramatic rim lighting with cool blue-grey tones and soft amber accents, shallow depth of field with bokeh, shot on ARRI Alexa 65 with 85mm anamorphic lens, contemplative emotional atmosphere of love and loyalty, 8K photorealistic masterpiece, Apple TV+ documentary aesthetic, no text, no watermark, no women",,,,
205,يا احمد,"يا احمد خفوقي غدي في يدينها لعبه      لعب الهوا في غصون الراك لا مالت
وهي في قلبي تمركز في طرف شعبه      وذكري غلاها ليا ذا الحين ما زالت
قولوا لمحبوبتي نفس العنا تعبه      وان قلتوا الها .. ابا اعرف ايش هي قالت
الي متي هالخفوق يعيش في رعبه      وشلون يركد شعوري والغلا فالت
الحب حاكم طغي ظلمه علي شعبه      والنفس تشكي علي ظلمه ولا احتالت
يا بنت انا صعب ودموعي بعد صعبه      من قو عزمي ليا ذا الحين ما سالت
ان كنتي الزين من راسه الي كعبه      نفسي لحب المكارم والعلا نالت
الله يحرم عذولي شوفه ( الكعبه )      ياللي يدينه اذا طال القفا طالت
لو كل من شافت عيوني تولع به      ما صرت كني غصون الراك لامالت","في قصيدة ""يا أحمد"" ينبض الشاعر بحبٍ عميق متشبث بذكريات محبوبته التي ما تزال حاضرة في القلب رغم تقلبات المشاعر وأهوال الحب المتسلط كطاغية. يتأرجح الخفوق كأنَّه لعبةً في يد الهوى، مستسلماً لجذور الارتباط التي تترسخ رغم الألم والظلم النفسي الذي يعتري النفس، بينما يعلن عن صعوبة كتم الدموع وقوة العزيمة التي لا تضعف. تتجلى الأبيات في تصوير حالة عشق معقدة تأبى الاستسلام، حيث يحفظ الشاعر كرامة الذات ويرجو أن يظل الحب رابطةً للكرم والسمو، محافظاً على صدق المشاعر في وجه الرياح العاتية التي تهب كغصون الراك المرنة.","Cinematic close-up of a male Emirati poet in traditional white kandura and black bisht, his face etched with dignified longing and resilient sorrow, standing on muted cyan-tinted desert dunes at twilight, wilting desert roses and cracked earth at his feet symbolizing heartbreak and pain, distant falcon silhouette against desaturated teal sky, subtle incense smoke wisps rising from a traditional dallah, volumetric rim lighting with cool blue-grey tones and soft amber accents, shallow depth of field with bokeh, shot on ARRI Alexa 65 with 85mm anamorphic lens, contemplative emotional atmosphere of complex love and self-respect, 8K photorealistic masterpiece, Apple TV+ documentary aesthetic, no text, no watermark, no women",,,,
206,يابن ادم,"يا بن ادم كل ما كنت انظر الجرح العظيم      ما لقيت اعظم من جروح الندم بين الجروح
ويا بن ادم كل ما قلت الزعامه للزعيم      ينتشي بي كبرياءي فوق شاهقه الصروح
والدروب يقودها درب الصراط المستقيم      واستقامات البشر بين الصراحه والوضوح
والغصون اللي فرحها غير لا هب النسيم      ما تساءل عن معاناه الحمام اللي ينوح
يا هل الزور ان حلفتوا زور وبوجه الكريم      فاح ريح من الكذب .. والكذب له ريح يفوح
يا رحيم الصدر ضايق حيل سترك يا رحيم      والدروب طوال واقدامي من اللهفه جموح
اعطني من لدنك التوفيق والعقل الحكيم      والعزيمه ، والمعزه ، والمراجل ، والطموح
والقمر يغريني اغني علي اللحن القديم      ويجذب البراق عيني كل ما شفته يلوح
والقساوه للرجوله .. والنعومه للحريم      يا كثر ناس تجي في عيني وناس تروح
اكثر اهل الارض خلاني وانا مالي نديم      يشتكون جروحهم عندي وانا كلي جروح",في هذه الأبيات النثرية الحاملة لوصايا وجدانية، يستحضر الشاعر صورة الإنسان (يا بن آدم) متأملاً عظمة جرح الندم الذي يفوق كل آلام الحياة، معبراً عن علو الكبرياء والزعامة التي ترتقي كالصروح الشامخة. ينشد الصراط المستقيم، ويميز بين استقامة النفوس التي تسلك طريق الصراحة والوضوح، وبين الرياء والكذب الذي تنبعث منه رائحة تغشاها النفوس الخبيثة. يعترف الشاعر بضيق الصدر وقساوة الأيام، طالباً العون من الله بالتوفيق والعقل والحكمة، مصوراً صراعه الداخلي بين اللهفة والطموح، بين الغصون التي تفرح ووسط الألم الذي لا يرحم، وبين القسوة واللين المتبادلين في محطات الرجولة والأنوثة. تتشابك هنا مشاعر الألم والوحدة والكرم الإنساني، إذ يحتضن جراح الآخرين رغم ثقل جراحه، في دعوة صادقة للتسامح والتماسك الإنساني على دروب الحياة المليئة بالتحديات والشوق للحكمة والرحمة.,"Cinematic medium shot of a distinguished Emirati man (Bo Khalid) in pristine white kandura and black bisht with gold embroidery, his face etched with dignified contemplation and deep internal struggle between longing and stoic resolve, standing on muted cyan-tinted desert dunes at twilight, scattered wilting desert roses and cracked earth symbolizing pain and resilience, distant falcon silhouette against desaturated teal sky, subtle incense smoke wisps rising from a traditional dallah, volumetric rim lighting with cool blue-grey tones and soft amber accents, shallow depth of field with bokeh, shot on ARRI Alexa 65 with 85mm anamorphic lens, contemplative emotional atmosphere blending human vulnerability with noble leadership, 8K photorealistic masterpiece, Apple TV+ documentary aesthetic, no text, no watermark, no women",,,,
207,يا حبني له,"زفه رياض بفرحها واعلن القلب برحيله      اعلن القلب برحيله قلب ناس طيبين
كنني للحب فارس للمدي طول صهيله      ولا زمان ولا مكان ولا حنان ولا حنين
قمت اعاني حبها واسري الدروب المستحيله      لاهو يوم ولا اسبوع ولا شهور ولا سنين
اثرها درب المحبه كلها صعبه طويله      وان حسبت حسابها يطلع حسابي خطوتين
خطوه من روحي ل (جده) او قبل (جده) بليله      وخطوه لقلبه قصاد .. ولا يسار ولا يمين
واطعم العشق بغرامه من هواها لسلسبيله      ال عنيها ال كحلها ال هدبها الريضين
شجره الحسن الوحيده في جذوع تنتمي له      اعشبت في قلب شاعر بامر رب العالمين
ما بقي له الا ياخذ كل عين وما بقي له      الا ياخذ كل روح و كل قلب و كل عين
اعشقه ليل تلوي ينثر ويطوي جديله      او انا اعشق اشقرانه نازلات بخصلتين
حتي في تحليل دمي صار من نفس الفصيله      لان دمه صار موجب صرت انا له موجبين
لا يحرك صبعه الا حرك العالم تجي له      من يهود ومن مسيح وكل ابو هالمسلمين
يا قصيدي انثني له واوقفي له وانثني له      واذكريه ف كل بيت او كلام تكتبين
اكتبي بيت في (لميا) واوقفي له وصفقي له      سمعيها الف مره البيت وانتي تصفقين
وانزلي له واطلعي له وانزلي له واطلعي له      خزني صوره ملاك لو هو من ماي وطين
هاتي ازهار المحبه وبطريقه انثري له      واقطفي زهره ل (لميا) توصل الها باليدين
خلك تخاطب هواها وانته تخالط ظليله      وحذريها من دروب ضيعت هالعاشقين
لا كثير الحب يرضي في هوانا ولا قليله      ولا جنون الحب ينفع في غرامه ولا رزين
وين حبه انتهي بي ..؟ انتهي بيوم وليله      لا زمان ولا مكان و لا حنان ولا حنين
وانا انادي وين وين القلب ضايع في رحيله      وما سمعت الا صدي صوتي يردد وين وين
قبل لا افارق وانا اسمع مرتين ياحبني له      الله يا ما اصعب مفارق حبني له مرتين","تتجلى في هذه القصيدة حالة عشقٍ عميقة ومتجددة، حيث يرسم الشاعر صورة فارس محبّ لا يكل ولا يمل، يسير في دروبٍ عسيرة وممتدة بلا زمان أو مكان، مجسداً رحلة العاشق في كفاحه المستمر بين الفرح والوجدان المُؤلم. يصور الحب هنا كشجرة جمالٍ متجذّرة في الأعماق، أغصانها تُغدق الروح والعين والنبض، ليصبح قلبه كأنه امتزج بالدم نفسه، متماهياً مع المحبوب حتى غدت نبضاته واحدة مع نبضاته. تتداخل الرمزية بين الجمال الطبيعي والوجداني، بين ""سلسبيل"" و""لميا""، لتغدو القصيدة تحية حية تُكرّم الحبيب وتجسد تواصلاً روحيّاً عابرًا لكل حواجز الواقع، إذ تتماهى الكلمات والدعوات وتتكرر لتثبيت حضور المحبوب في كل لحظة وكل مكان. وفي لحظات الفراق، يتحول النداء إلى صدى متكرر وصراع داخلي، يعبّر عن ألم الفراق والحنين الذي لا يُرتوى، معبّراً عن بقاء الحُب حياً حتى في غياب المحبوب. القصيدة إذن، ليست مجرد سرد عاطفي، بل ملحمة وجدانية تخلد حباً متفرداً يعانق خيال الخلود.","Cinematic medium shot of a distinguished Emirati warrior-poet in pristine white kandura and black bisht with subtle gold embroidery, his face etched with intense, dignified longing and deep devotion, standing amidst cracked desert earth and scattered wilting desert roses symbolizing the pain of separation, distant silhouette of a Ghaf tree and faint incense smoke wisps against a muted cyan-tinted twilight sky, volumetric rim lighting with cool blue-grey tones and soft amber highlights, shallow depth of field with bokeh, shot on ARRI Alexa 65 with anamorphic lens flare, contemplative emotional atmosphere blending natural beauty with spiritual yearning, 8K photorealistic masterpiece, Apple TV+ documentary aesthetic, no text, no watermark, no women",,,,
208,يا سلام الله,"يا سلام الله عليها يا سلام      وياسلامي ع العيون وخدها
كن نور يشع من خلف اللثام      سيده في الحسن من هو قدها
دونها الساعه تمر الفين عام      ودامني معها تسرع عدها
ما يوصف مابها زود الكلام      والجمال اللي بها ما سدها
نابيه ردفين وخصور هضام      اه ويلي من حلاته ردها
الجسم ما عاد باتشيله عظام      كنني ما بين جزر و مدها
جارف الاشواق واسرار الغرام      كل مافي خاطري هو بيدها
لك خفوقي ثم عقل مستهام      بس روحي سيدي لي ردها",ترسم الأبيات لوحة حسية نابضة بعذوبة الجمال وأسرار الغرام، حيث تتجلى المحبوبة كوهج من النور يسطع من خلف اللثام، متفوقة في الحسن على كل من سواها. ينبض الشاعر بحنينٍ لا ينضب، يصف تفصيلاتها الدقيقة من العيون حتى الخدود والخصور كهالة ساحرة تمزج بين القوة والرقة، وكأن الزمان يتوقف في حضرة جمالها. تأسر القصيدة القلب والعقل، وتعكس حالة عشق عميقة تستحوذ على الروح، في تماوج بين الشوق والهيام الذي لا يملّ، ليبقى الحبيب هو سيد الروح ورفيق القلب في رحلة العشق الأبدية.,"Cinematic medium shot of a distinguished Emirati man in pristine white kandura and black bisht with subtle gold embroidery, his face etched with deep longing and awe as he gazes at an unseen radiant figure behind a veil, standing on muted cyan-tinted desert dunes at twilight, scattered wilting desert roses and incense smoke wisps symbolizing spiritual devotion, distant falcon silhouette against desaturated teal sky, volumetric rim lighting with cool blue-grey tones and soft amber accents, shallow depth of field with bokeh, shot on ARRI Alexa 65 with 85mm anamorphic lens, contemplative emotional atmosphere where time stands still in the presence of beauty, 8K photorealistic masterpiece, Apple TV+ documentary aesthetic, no text, no watermark, no women",,,,
209,يا عيب الشوم,"قبل لا ابدي قبل لا اعرف قبل يوم الهموم هموم      قبل يوم الحزن يلوي ذراعه يجمع الاحباب
قبل لا ينولد ( فزاع ) وقام وقلت صح النوم      بديت اقرا عيون الحب في عيني واحسب حساب
بديت اسري لياليها واصدق كل طيف حلوم      واصدق كل شعر فيه ولو هو اصدقه كذاب
اجيب الياسمين وفل والنرجس مع اليشموم      مع النوار والنسرين واحطه ع الخدود اطياب
وتخدعني وانا راضي وتخدعني بلا اي لوم      وارد ارضي وتخدعني واراضيها بليا اسباب
اجيها بطيب نتفاهم ولكن عقب حب خشوم      عقب ثلج الصبر لي في خفوقي يبتدي ينذاب
بديت اتعلم اخطاءي واصنع للسهوم سهوم      واصنع للسيوف سيوف واصنع للحراب حراب
اذا جتني بحوم احوم والله الف مره احوم      واذا جتني بلعب العاب الاعبها بلعب العاب
تعال اعلمك من قبل فصل الصيف كيف العوم      واذا تعلمت كيف العوم اعلمك البحر وش جاب
واذا جاب البحر موجه وطحت ارفعك لجل تقوم      واذا قمت وفرحت ارميك في موجه قبل ينساب
المك وانثرك واشريك وارخص في غلاك السوم      واسومك واشتري من باع قدرك واتركه يرتاب
اسوي في السما دروب و اعلي للنجوم نجوم      واعاند لو تبي تعاند واصاحب لابغت الاصحاب
اسوي مثل ما تسوي تبادل للعلوم علوم      ابيها تفهم المعني ش يعني .. للذياب ذياب
بناء ع الذي عدي عذرتك والعذر مفهوم      مجرد رد فعل ولا عقب عذر الكرام عتاب
انا ما قصدي الا رد فعل ولا عليكم لوم      نحن مهما حصل نهوي هواكم والهوي غلاب
حبيبي كيف انا اتجرا علي هجرك يا عيب الشوم      تصدق باني اسمع بك كلام اللي هذرك وعاب
فديتك كل هاللي مر كله كان طيف حلوم      غفت عيني ولكني لجل عينك فتحت الباب
تبسم قايل ( فزاع ) يا ( حمدان ) صح النوم      تري توك بديت تعرف وش يعني غرام احباب","يزهو الشاعر ""فزاع"" بسرد رحلة الوجد الطويلة والشوق العميق الذي سبقت ولادته، مؤرخاً بداية تعلّمه قراءة مشاعر الحب وأسراره في عيون المحبوب. يعبر عن صدقه التام في تصديق أحلامه وشعره حتى وإن كان الكذب يلوح، ويصف طيبة الذكر والنقاء كما في الياسمين والفل والنرجس، مع رضاه بالخداع من طرف المحبوب رغم الألم. تتداخل مشاعر الحب والصبر، فيصنع من أوجاعه سهاماً وسيوفاً للدفاع عن حنانه، يتحرك بين اللعب والجد، التعليم والتجربة، وامتلاك القدرة على رفع المحبوب وتحمّل موجات الزمن. يعلن عن الاستعداد للمواجهة والمجابهة برقة وحنكة، متبادلاً العلوم والخبرات كما بين الذئاب من حيث الفطنة والقوة. يقرّ بأن ردوده هي ردود فعل وليست لومًا، مؤكدًا أن الهوى غلاب وأن الفراق عزّة وعار لا يمكن قبوله. وتختتم الروح بقوله بصوتٍ داخلي: ""صح النوم""، معترفاً بأنه بدأ يفهم جوهر الغرام الحقيقي وأسرار المحبة الصادقة.","Cinematic medium-wide shot of Sheikh Hamdan bin Mohammed (Fazaa) and Sheikh Mohamed bin Zayed (Bo Zayed) standing together in a dignified unity pose on a muted cyan-tinted desert terrace at twilight, both raising a traditional UAE flag in a slow tribute gesture, faces etched with solemn pride and visionary resolve, wearing pristine white kanduras and black bishts with intricate gold embroidery, distant falcon silhouettes and subtle incense smoke wisps curling upward, volumetric golden-hour rim lighting with cool blue-grey tones and warm amber highlights, shallow depth of field with bokeh, shot on ARRI Alexa 65 with anamorphic lens flare, contemplative and majestic atmosphere, 8K photorealistic cinematic masterpiece, Apple TV+ premium documentary aesthetic, no text, no watermark, no women",URL,"فزاع,حمدان",https://d2p7pge43lyniu.cloudfront.net/output/b2fba2d1-6a3c-4c3c-8f87-ca340ba15f94.jpeg,23d8495816f84304b9fb281e6e0988df
210,يا مشعل القلب,"يا مشعل القلب تكفي خفف شويه      القلب من كثر صدك ويلي لحاله
دامه يحبك ولا له غيرك بغيه      وش له تحطه بدنيا الهم وتناله
انته حبيبي لقلبي نوره وظيه      تحلا بعيني وقلبي صرت تحلاله
وانته ربيع الخفوق وشمسه وفيه      وان حب غيرك خفوقي باقطع وصاله
ما اريد بك حد ولو هو كان حوريه      انته مهدي الغرام وانت زلزاله
للموت انا لك حبيبي صوره حيه      ميت بحبك وحبك صرت انا اسعي له
يا بوعيون مثل عين الدمانيه      حوري هدبها مظل ودعج قتاله
كاسنك الحسن واوصافك خياليه      ومن راد يوصف جمالك ايتهياله","في قصيدة ""يا مشعل القلب"" تتجسد أروع معاني الحب العذري، حيث ينبض القلب بحرارة العشق النقي الذي لا يلين رغم قسوة البعد وألم الصدود. يعبر الشاعر عن تعلقه الروحي بالحبيب كالنور الذي يضيء ظلمات الروح، والربيع الذي ينعش القلب بنبضه الدافئ، متحدياً كل المحاولات لفصل الوصال. تتجلى في الأبيات صور الحبيب بجماله الأسطوري وعينيه كالدمعة، حيث يصور الحب كزلزلة تهز كيانه، وهو صورة حية له تموت من أشواقها وتعيش له بكل جوارحها. تعكس القصيدة تمازجاً بين الشوق والرقة والقوة، بحب متجذر لا يرضى بغير الحبيب وحده، مقدمةً إيقاعًا وصورةً بديعة للحب في أبهى صوره.","Cinematic medium shot of a male Emirati figure representing the beloved, wearing pristine white kandura and black bisht with subtle gold embroidery, his face illuminated by an intense, dignified expression of pure spiritual longing and unwavering devotion, standing amidst muted cyan-tinted desert sands at twilight, wilting desert roses and cracked earth at his feet symbolizing pain yet enduring love, distant silhouette of a falcon against desaturated teal sky, volumetric rim lighting with cool blue-grey tones and soft amber highlights, shallow depth of field with bokeh, shot on ARRI Alexa 65 with 85mm anamorphic lens, contemplative emotional atmosphere blending tenderness and strength, 8K photorealistic masterpiece, Apple TV+ documentary aesthetic, no text, no watermark, no women",,,,
211,يحسب حساب,"ما عاد لك في قلب خلك مكانه      لو كنت امامه يجهلنك عيونه
ما انت الذي تتملكه في زمانه      صعبه حبيبي عن رماتك حصونه
يا من تعود ع الغدر و الخيانه      الحب غالي لو انكم ترخصونه
ارخصت قدرك يوم خنت الامانه      وين الوفا لي عندكم تدعونه
لقيت عقبك م الغراشيب دانه      حصباه من نقو اللالي مخزونه
جمال حسنك ما يساوي بنانه      فتون زينك ما يحرك غصونه
عود يشابه لادن الخيزرانه      عازل هضيمه بين حيب ومتونه
ابغي وصوفه لكن الوصف خانه      حرت بجماله وتوهتني عيونه
لاني صويب مرهف من سنانه      وعزاه قلب نازفات طعونه
يقولها لي قالها من كيانه      يحسب حسابه قبل لا يحاسبونه",ترسم القصيدة صورة مؤثرة للخذلان والغدر في الحب، حيث يتجسد موقف الحبيب الذي يستهين بالوفاء ويُرخص القيم النبيلة. يصف الشاعر بأسلوب نابض بالحسرة والجمال المعاناة من خانة الأمانة التي تنكرت لها، في مواجهة قلوب صعبة التحمل كحصون منيعّة. يبرز الشاعر جمال الحبيب الخارجي الذي لا يساوي شيئاً مقابل جرح الغدر الداخلي، مستخدماً تشبيهات بديعة تعكس التناقض بين السحر والمأساة. في طيّ هذه الأبيات، يتجلى موقف الحذر والحساب الدقيق في مواجهة الخيانة، كدرس لا ينسى لمن يعبر دروب العشق دون احترام للميثاق، مؤكداً أن الحساب ينتظر من خان الوفاء قبل أن يطال نفسه المحاسبة.,"Cinematic medium shot of a distinguished Emirati man in pristine white kandura and black bisht, his face etched with dignified sorrow and contemplative wisdom as he calculates the cost of betrayal, standing amidst cracked desert earth and scattered wilting desert roses symbolizing broken trust, distant silhouette of a falcon against a muted cyan-tinted twilight sky, subtle wisps of incense smoke rising from a traditional dallah nearby, volumetric rim lighting with cool blue-grey tones and soft amber highlights, shallow depth of field with bokeh, shot on ARRI Alexa 65 with anamorphic lens flare, moody atmosphere of poetic justice and emotional resilience, 8K photorealistic masterpiece, Apple TV+ documentary aesthetic, no text, no watermark, no women",,,,
212,يراودك و يراودني,"ياللي ذبحك الغلا والشوق حراقي      لا تكتم الشوق فضفض به وعلمني
من الطبيعي تتلعثم لحظه فراقي      لان الهجر قبل ما يلعثمك لعثمني
بعطيك قلبي ودور داخل اشواقي      يمكن تشوف الغلا وشلون ذابحني
اموت في ضحكتك واسلوبك الراقي      وجمالك اللي مجننك .. ومجنني
ما كل انسان يقدر يسكن اعماقي      الا انت من يوم شفتك وانت تسكني
اعطيتك الحب والاحساس والباقي      اللهفه اللي علي لقياك تسبقني
باذوقك من حلاي وطعم ترياقي      وبعلمك كيف تكرهني وتعشقني
يا جامع الليل في وجهك والاشراقي      تناقضاتك هي اللي فيك تعجبني
ذوقك في عيني يساوي كل الاذواقي      وغلاك عن وصل غيرك صار يمنعني
والحب في عيون عشاقك وعشاقي      شعور اشوفه يراودك .. ويراودني",في هذه الروح النابضة بالشغف، يصور الشاعر الصراع العذري بين الغلا والشوق الذي يحرق القلب، ويحوّل التلعثم إلى لغة صادقة تعانق لحظات الفراق المؤلمة. يتجلى الحب بوهج ضحكة المحبوب ورقيّ أسلوبه، حيث يسكب الشاعر أعماقه ويمنحه قلبه، فيعتصره شوق لا يفارق. التناقضات في المحبوب تزداد هياماً، بين الغموض والإشراق، فتتناغم الحواس وتُحيى نبضات الهوى في عيون العشاق المتبادلة. تتراقص اللهفة والسحر في أجواء اللقاء، ما يجعل الحب منغمساً في رحلة تمزج بين الحنان والتوق، فتحبس الأنفاس وتحتفي بلغة القلب التي تردد أصداءها بين طرفين يراودان بعضهما بشغف لا ينطفئ.,"Cinematic medium shot of a distinguished Emirati man in pristine white kandura and black bisht, his face etched with intense longing and dignified passion, standing on muted cyan-tinted desert dunes at twilight, scattered wilting desert roses and incense smoke wisps symbolizing memory and spirituality, distant silhouette of Burj Khalifa against desaturated teal sky, volumetric rim lighting with cool blue-grey tones and soft amber accents, shallow depth of field with bokeh, shot on ARRI Alexa 65 with 85mm anamorphic lens, contemplative emotional atmosphere blending tenderness and yearning, 8K photorealistic masterpiece, Apple TV+ documentary aesthetic, no text, no watermark, no women",,,,
213,يوم الوداع,"لا شفتني ضايق واهل الدمع وابكي باقتناع      لاتحزنك عيني ولا تشره علي دمعاتها
انا فقط .. حبيت ادربها علي يوم الوداع      احبابنا قاسين والايام هي عاداتها
مهما جلسنا نضحك وناخذ من الحب المتاع      لابد لحظات المفارق نرتشف كاساتها
حتي لو اكذب واتوهم حبنا وهم و خداع      والدمعه اللي في عيوني تعكس معاناتها
حتي خفوقي لو يقول انه علي بعدك شجاع      ساعه فراقك مستحيل ان يحتمل لحظاتها
كلما نظرت لرمش عينك جيت لامرك بانصياع      تقول كن الجاذبيه في هدبك اثباتها
باشبع عيوني من عيونك شوف قدر المستطاع      عل وعساها تكتفي بالشوف من لذاتها
من قبل اعرفك كان شعري من ضياع الي ضياع      والحين يمشي بس لعيونك علي مرضاتها
لو ماذكرتك في قصيدي صار شعري في صراع      ودفاتري تبغيك تتواجد علي صفحاتها","في قصيدة ""يوم الوداع""، ينقل الشاعر مشاعر الفراق العميقة التي تتسلل إلى النفس، حيث يتدرب على تقبل لحظات الوداع رغم قسوة الأحباب وقسوة الزمن. يؤطر هذا الفراق عبر دموع صادقة تحكي معاناة داخله، رغم محاولاته التظاهر بالقوة والشجاعة، فقلْبه لا يحتمل بعد الحبيب لحظة واحدة. تعكس الأبيات شوقاً جارحاً يتغلغل في النظر إلى رمش العيون، واحتياجاً ملحّاً لأن يشبع روحه من حضرة المحبوب ولو بالوصل البصري فقط. الشعر هنا يُجسد تحول حياة القصيد من حالة ضياع إلى حضور محسوس بنبض المحبة، ليصبح الحديث عن المحبوب ضرورة لوجود القصائد وللوهلة التي يتوقف عندها القلم، مجسّداً بصدق ثنائيات الحب والفراق، القوة والضعف، والسكينة والألم في آن واحد.","Cinematic close-up of a male Emirati poet in pristine white kandura and black bisht with gold embroidery, his face etched with dignified longing and suppressed pain as he struggles to maintain strength while tears threaten to fall, standing on muted cyan-tinted cracked desert earth at twilight, scattered wilting desert roses and sand slipping through fingers symbolizing time and loss, distant silhouette of a Ghaf tree against desaturated teal sky, subtle incense smoke wisps rising from an Arabic coffee pot nearby, volumetric rim lighting with cool blue-grey tones and soft amber accents, shallow depth of field with bokeh, shot on ARRI Alexa 65 with 85mm anamorphic lens, contemplative emotional atmosphere blending strength and vulnerability, 8K photorealistic masterpiece, Apple TV+ documentary aesthetic, no text, no watermark, no women",,,,
214,اجلس مع نفسك,"ياللي قريبك ظالمك وتقول شوفوا لي حلول      اجلس مع نفسك وفكر لجل تعرف وش تبي
جرب تحل الامر من بينك وبينه بالاصول      وخاطبه باسلوب المحنك لا باسلوب الغبي
عداوته في ذاتها حسب كلام اهل العقول      تاثيرها اشد واخطر من عداء الاجنبي
لا تزعلك هرجه قريبك وان تشمت بك عذول      قله تري كثر الشماته من صفات اهل العبي
وان كذبوك اقرابك اصبر والصبر مهما يطول      لابد تكسب به فخر وتقول هذا مكسبي
وان كان ناسي ودي اذكرك في حاجه واقول      النا في تاريخ النبي عبره , فداه امي وابي
سلمان من فارس وصدق بالذي قال الرسول      وابو لهب عم النبي .. كذب بما قال النبي
احفظ نصاءح كل عاقل له مع العالم قبول      الشايب يردد معانيها علي سمع الصبي
بالعزم يقدر منكبك يحمل ثقيلات الحمول      اتعب وقل يارب يا وهاب بارك في تعبي
ولولا قوي العزم والاصرار ما شفت الذهول      يوزعه بين الجهات الاربعه (حاكم دبي)",يحث الشاعر على مواجهة ظلم القريب بصبر وحكمة، داعياً إلى التروي والتفكير العميق قبل اتخاذ القرار. يبرز أهمية حل الأمور بالحوار الراقي والجدل العقلاني، متذكراً عبر التاريخ وعبرات النبي محمد صلى الله عليه وسلم، حيث يكون الصبر والعزم مفتاح النصر والفخر. يبرز الشاعر عظمة قوة الإرادة والاصرار التي تحقق المستحيل، مستلهماً قوة القيادة الحكيمة لحاكم دبي التي توزّع العدل والثبات في كافة الاتجاهات، معزّزاً بأن الحكمة والصبر والتفكير السليم هي أعظم الحلول في مواجهة الأزمات والخلافات القريبة.,"Cinematic medium-wide shot of Sheikh Mohamed bin Zayed (Bo Zayed) and Sheikh Hamdan bin Mohammed (Fazaa) seated together in a traditional Emirati majlis on a muted cyan-tinted stone terrace at twilight, both engaged in a deep, contemplative conversation while gesturing toward an open heritage manuscript representing the wisdom of the Prophet and historical lessons, faces etched with dignified resolve and introspective calm, wearing pristine white kanduras and black bishts with intricate gold embroidery, subtle incense smoke wisps curling upward and a single wilting desert rose resting on the table between them, volumetric golden-hour rim lighting with cool blue-grey tones and warm amber highlights, shallow depth of field with bokeh, shot on ARRI Alexa 65 with anamorphic lens flare, contemplative and wise atmosphere reflecting self-reflection and resilience, 8K photorealistic cinematic masterpiece, Apple TV+ premium documentary aesthetic, no text, no watermark, no women",URL,سلمان,https://d2p7pge43lyniu.cloudfront.net/output/83e2ac6c-533b-4dfb-b8cb-6f7873eb7490.jpeg,2dd6cf11a44246c0b418177823ef9265
215,سيداتي انساتي سادتي,"سيداتي .. انساتي .. سادتي      انصفوني في تغطرس غادتي
واعذروني لاسكبت الدمع يا      سيداتي انساتي سادتي
حذروها من جنون اهل الهوي      واجبروها عن حكي نقادتي
عن سعاده خافقي قولو لها      انها كانت سبب سعادتي
صارت الفرحه لها عاده وانا      الحزن والهم صارت عادتي
المدينه من بعد هجرانها      اضلمت , والشوق هز ارادتي
ذكريات الحزن في جدرانها      دمعه الحرمان فوق وسادتي
اه من ظلم المحبه واهلها      سجلوا يا اهل الغرام افادتي
واه من حسادتي من بعدها      كيف عذري كيف عن حسادتي","تتجلى في هذه الأبيات معاناة الفراق ومرارة الحزن الذي داهم قلب الشاعر، حيث ينادي ""سيداته وأنساته وسادته"" طالباً العدالة في وجه تغطرس محبوبته التي غيّرت الحياة بنبذها. يبوح بدموعه رغم صمته، محذراً من جنون الهوى وألم الانفصال الذي أسقط الفرح وعوضه بالهم والكآبة، في زمن أصبح فيه الشوق سجان الإرادة والمدينة مظلمة بلا نورها. تتكرر أصداء ظلم المحبة وحسدها، مؤطرة الذكريات بدمعة الحرمان التي ترقد على وسادته، لتعكس مأساة طالما عاشها وفَّرَضَت عليه الألم والاغتراب العاطفي.","Cinematic medium shot of a male Emirati poet in traditional white kandura and black bisht, his face etched with dignified sorrow and deep longing, standing amidst cracked desert earth and scattered wilting desert roses under a muted cyan twilight sky, distant silhouette of the Burj Khalifa fading into desaturated teal shadows, subtle wisps of incense smoke rising from an Arabic coffee pot nearby, volumetric rim lighting with cool blue-grey tones and soft amber accents, shallow depth of field with bokeh, shot on ARRI Alexa 65 with 85mm anamorphic lens, contemplative emotional atmosphere reflecting exile and heartbreak, 8K photorealistic masterpiece, Apple TV+ documentary aesthetic, no text, no watermark, no women",,,,
216,الوطن كله ابوك,"هذا قدر كل النفوس العظيمه      لاحلامها ما تمشي الا علي الشوك
هذا الوطن عز وشموخ وعزيمه      ويا موطني عزك من اللي يعزوك
كفوفنا اللي للمواطن رحيمه      علي العدا مدمايه وسم مضكوك
تبسمي بنت الكريم الكريمه      اهتزو الانذال لكن ماهزوك
وانا فعزاكم والمشاعر حميمه      ماراح اقول اسف ابا اقول مبروك
غلطان منهو قال عنك يتيمه      ما انتي يتيمه والوطن كله .. ابوك",في هذه الأبيات تنبثق صور الفخر والاعتزاز بالوطن كحضن عظيم لا يترك أبناءه يتامى، فالوطن هو الأب الحاني الذي يحمي ويرعى. يستعرض الشاعر الإرادة الصلبة التي تُرسم على الشوك، والعزة التي تتجذر في النفوس النبيلة، معبراً عن الحماية الرحيمة والكفوف الحازمة التي لا ترحم أعداء الوطن. تحيا بنت الكرامة بابتسامة تحدّ ترتجف أمامها الأقزام وتتراجع، في حين تتكاتف المشاعر العميقة لتعبر عن الفرح لا الأسف، مؤكدًا أن عزة الوطن كلُّها من شموخ أبويه وأهل الوفاء. يقف النص شامخاً كرسالة اعتزاز بأن الوطن ليس يتيمًا، بل ذا أب كريم لا يتخلى عن أبنائه مهما اشتدت المحن.,"Cinematic medium shot of a distinguished Emirati elder in pristine white kandura and black bisht with gold embroidery, his face radiating profound paternal pride and protective warmth, standing amidst a vast desert landscape at twilight, cracked earth subtly transforming into blooming desert roses symbolizing resilience, distant silhouette of the Burj Khalifa against a muted cyan sky, wisps of incense smoke rising from a traditional dallah nearby, volumetric rim lighting with cool blue-grey tones and soft amber highlights, shallow depth of field with bokeh, shot on ARRI Alexa 65 with anamorphic lens flare, dignified atmosphere celebrating national unity and heritage, 8K photorealistic masterpiece, Apple TV+ documentary aesthetic, no text, no watermark, no women",,,,
217,مراحل العمر,"مراحل العمر تجري والزمن جاري      والناس تفني ويبقي وجه خالقها
ارسم ملامح طموحاتي في اشعاري      واحاول اني قبل ما اموت احققها
واعرف مقدار غيري قبل مقداري      واخطاء نفسي علي غيري ما اعلقها
لكن مشوار عمري لي متي ساري      ارهقت نفسي وما ادري ليه مرهقها
قدام تتعب قدم رجلي يا مشواري      الايام ساعاتها تشرح دقايقها
وانا طموحي تخلد فعلي اخباري      ف ارشيف تاريخ الافعال ووثايقها
نجاحي لشخصي اعداءه يا انصاري      اكيد منطقه ما يشبه لمنطقها
من يامر بستر خلق الله وهو عاري      نصيحته من علي نفسه يطبقها
صحيح انا ما معي جنه ولا ناري      لكن ربي خلق خلقه وفرقها
والطيب قصه وفيها معظم اسراري      والذل نار ونفوس الذل يحرقها",في رحلة العمر المتسارعة، يعكس الشاعر تأملاته عميقاً في مرور الزمن وما يحمله من تجارب، إذ تتلاشى حياة الناس ويبقى وجه الخالق شامخاً. يصوغ شاعرنا طموحاته في أبياته، ساعياً لتحقيقها قبل فناء العمر، معترفاً بعيوبه وداعياً للعدل بعدم تحميل من حوله أخطاءه. يكابد في دربه على الرغم من التعب والضجيج، متشبثاً بأن للأفعال وتواريخها مكانة في سجل الحياة، حيث النجاح لا يشبه منطق الآخرين، بل منطق قوته الداخلية. يشير إلى حكمة الحياة في تفاوت الخلائق وابتلاءات النفوس، مؤكدًا أن الطيبة مفتاح أسراره، بينما الذل نار تخمدها الكرامة وعزة النفس.,"Cinematic medium shot of an Emirati man in traditional white kandura and bisht, his face etched with contemplative wisdom and inner strength amidst a muted cyan-tinted twilight desert landscape, cracked earth symbolizing life's trials at his feet, wilting desert roses representing fading time, subtle incense smoke wisps rising into the desaturated teal sky, volumetric rim lighting with cool blue-grey tones and soft amber highlights, shallow depth of field with bokeh, shot on ARRI Alexa 65 with anamorphic lens flare, dignified atmosphere reflecting the pursuit of justice and inner logic over external noise, 8K photorealistic masterpiece, Apple TV+ documentary aesthetic, no text, no watermark, no women",,,,
218,حب المطيه,"يوم تسالني علي حب المطيه      كيف اعشق ركضها واعرف ضمرها
السبوق ، النادره ، العدمليه      اشتري ثرها لو ان يبتاع ثرها
لو ثمنها فوق ، ماتغلا عليه      المهم اضع شعاري في ظهرها
اقنص الحقه وعيني للقيه      اسبق القانص قبل يسمع خبرها
وان لقيت ام الوصوف العالميه      اطلب الله ياعساني ما اخسرها
سبقها غبه بحر واكثر شويه      والمضمر ماقدر يوصل غزرها
هكذا و( العاصفه ) دايم غنيه      بالجيوش اللي مايحتاج اختبرها
ماتغيب من الرموز الموسميه      تاخذ اكثرها اذا ماتحتكرها","ناقش الشاعر بشغف واعتزاز حب المطيّة، تلك الروح الأصيلة التي تنبض بالتحدي والسبق في ميادين السرعة والسباق. يعبر عن ارتباطه العميق بمجتمع ركض المطيّة، حيث لا يقاس الثمن بالقيمة المادية بل بالمكانة والرمزية التي تحملها هذه الرياضة التراثية. يرسم صورة المتسابق الماهر الذي يسبق الجميع بروحه الحازمة وعينه الساهرة، حاملاً شعار الفخر والاعتزاز. تتجلى في الشعرية بطولة ""العاصفة"" التي تحضر دومًا بقواتها وجيوشها، رمز القوة والهيبة التي لا تغيب عن المنافسات الموسمية. يظهر كذلك حرص الشاعر على الحفاظ على الإرث والتاريخ، متمنياً الثبات وعدم الخسارة في معارك السباق التي تمثل للمطيّة عالمًا متكاملاً من الفخر والكرامة.","Cinematic medium shot of a skilled Emirati male horseman in pristine white kandura and black bisht with gold embroidery, his face etched with fierce determination and patriotic pride, standing atop a majestic Arabian horse on muted cyan-tinted desert dunes at twilight, scattered wilting desert roses and incense smoke wisps symbolizing heritage and memory, distant silhouette of the Burj Khalifa against desaturated teal sky, volumetric rim lighting with cool blue-grey tones and soft amber accents, shallow depth of field with bokeh, shot on ARRI Alexa 65 with 85mm anamorphic lens, contemplative yet powerful atmosphere celebrating speed and honor, 8K photorealistic masterpiece, Apple TV+ documentary aesthetic, no text, no watermark, no women",,,,
219,ثلاثيه نصر,"يا شعار النبط في شرق والا غرب انا ملزوم      انا ملزوم اشنف سمع جمهوري من اشعاري
قصيد يجلي الضيقه عن الولهان والمهموم      له الحساد تشهد قبل ما تشهد له انصاري
ويا لايم شاعر يستشهد بشعره حرام اللوم      احاسيس الشعر ما هي مثل نشرات الاخباري
اما قال النبي حدث بنعمه ربك القيوم      وانا حدثت خلق الله بنعمه ربي الباري
ومن يحسب مراكز الاوله تملك بحب خشوم      انا وشلون اساوي بين مقداره و مقداري
مراكزنا بفضل الله نحققها بقو عزوم      مظرينا علي العليا زعيم للعلا ظاري
يطيح الرجل لكن الشجاع اللي لا طاح يقوم      ومن يدري يعلم كل واحد ماهو بداري
مكارمنا علي حد المكارم والكرام تحوم      وحن نحوم في عالي سمانا حوم سنجاري
بدون نجوم نسري ليلنا الاسود بدون نجوم      ( ابو راشد محمد ) نور مجده يهدي الساري
بلادي جارها ما هو يهون وضيفها محزوم      نبي الله وصي في الضيوف وسابع الجاري
بلادي شعبها يصبح علي انجازه المرسوم      بدقه مع عنايه تجعل الاذهان تحتاري
يحيي دولته بالفل ، وتحييه باليشموم      ويقضي ليله من فرحه الانجاز سماري
ثرانا عشبه اخضر والسما صافي بدون غيوم      حرثناه بسواعدنا وروي من دمنا الجاري
وعلامات النصر لاحت في كف محمد المكتوم      وهو رمز الطموح اللي رسم لي درب مشواري
بروح العاشق اللي عينه تحارب لذيذ النوم      الي مر بمحبينه بعد طول الهجر طاري
وبقلب المءمن اللي طايع الخالق علي المقسوم      ويخشي وقفته يوم الحشر بين البشر عاري
وبعقل المدرك اللي يدرك ان خصم الزمن مهزوم      لو ان عزمه يهد اكبر جبل ويطفي الناري
وهذي هي علامات النصر في كفك المحشوم      (نصر فوز ومحبه ) من خلاله اصنع افكاري
وانا طبقتها في ساحه المرموم من كم يوم      ثلاثيه نصر واسال (صبا ومخيفه وظاري )
زرعت النصر خارج دولتك وف ساحه (المرموم)      وهذي عادتك ياللي زرعت المجد في داري","في هذه الملحمة النبطية، يجسد الشاعر فزاع روح العزيمة والإصرار الراسخة في نفوس أبناء الإمارات، مستعرضاً ملحمة النصر التي تربط بين الإرث الوطني وقوة الإرادة. يحكي عن التحديات التي تواجهها الأمة وكيف أن الشجاعة لا تستسلم، بل تقوم بكل اعتزاز بعد كل سقوط، معززة بارث كريم ينبض بالفخر. تتجلى عناوين الفخر في حسن الضيافة والنبل، وحرية السماء الصافية، والتضحيات التي رويت بدم أبناء الوطن. كما يسلط الضوء على دور محمد بن راشد آل مكتوم رمز الطموح الذي يرسم دروب النجاح، وينير بسيرته طريق الشباب الباحث عن المجد. يحاكي الشاعر مشاعر العاشق المؤمن الطائع، الذي يثبت أن الانتصار هو ثمرة الثبات والعقل الواعي الذي يهزم الزمن. تعكس الأبيات معارك فكرية وروحية في ساحات النصر، حيث يتلاقى الماضي المجيد مع حاضر متجدد يحمل آمال المستقبل المزدهر، لتكون قصيدة ""ثلاثية نصر"" شهادة على مجد متواصل وميراث خالد يبث الحياة في روح الوطن.","Cinematic medium-wide shot of Sheikh Mohamed bin Rashid (Bo Rashid), Sheikh Zayed Al Khair, and a distinguished Emirati poet standing together in a dynamic unity pose on a muted cyan-tinted desert terrace at twilight, the central figure reciting poetry with hand placed respectfully on chest while two others listen attentively with solemn pride, faces etched with visionary resolve and emotional depth, wearing pristine white kanduras and black bishts with intricate gold embroidery, subtle incense smoke wisps curling upward, distant falcon silhouettes and cracked earth texture symbolizing resilience, volumetric golden-hour rim lighting with cool blue-grey tones and warm amber highlights, shallow depth of field with bokeh, shot on ARRI Alexa 65 with anamorphic lens flare, contemplative and majestic atmosphere, 8K photorealistic cinematic masterpiece, Apple TV+ premium documentary aesthetic, no text, no watermark, no women",URL,"محمد,راشد",https://d2p7pge43lyniu.cloudfront.net/output/e66d24b0-d50a-4dd5-acfd-e6f7002eb42c.jpeg,6fa6fd7f8b3847d8bee5e6ebb069a8d1
220,سلام من فزاع لاهل الهجن,"يا مفكرين الهجن اخليها      وشلون اخليها وانا اغليها
اهيم فيها من صغر سني      واحبها واحب طاريها
والي لقيت السابق العابر      اسابق الشراي واشريها
اسوق قيمتها واحس انها      هديه(ن) من عند راعيها
افرح بجيتها وادللها      واستحدث اسما لاجل اسميها
حب الهجن يجري مع دمي      رياضه ما اروم اخليها
رياضه من حبها يتعب      لكن تعبها اللي محليها
لانها التراث الماضي الحاضر      مشهود حاضرها وماضيها
اجدادنا من قبل وصونا      واحفادنا فيها نوصيها
ذكر الابل جا في كتاب الله      ومحصنه عن بكره ابيها
لا تصدقون اللي ظلم حظه      له غايه يبغي يسويها
دكتور طب تهمه الصحه      لكن علي راسه يضويها
لويكتب كرونا سببها البل      البل من كرونا مبريها
علي كثر من مات بكرونا      ما مات عامل يشتغل فيها
وعلاقه الرجال مع هجنه      علاقه الدوله باهاليها
لو تمرض اصغرهن او اكبرهن      ما جاه نوم الا يداويها
يالايمي ما لومك ف لومك      ماقست لاعمار وحراويها
اللي الي غارت مع الدوره      ما بينت بصمه مواطيها
تزها الشعار اللي علي الركبي      وشعارها بالفعل زاهيها
تسبق ما تطلب من مسايرها      ما تجبره يستخدم اليها
عاداتها تسبق علي يدها      وتفرحني وتفرح محبيها
كم شاعر فيها نحت شعره      وكم اغنيه ميحد مغنيها
سلام لاهل الهجن من تالي      وسلام لاي انسان يغليها
يقوله اللي ما غفل عنها      حتي علي نفسه يبديها
يحضر غداها ويتفقدها      ولا يقبل ان غيره يعشيها
وان روحت تدريبها العادي      من حبها روح يباريها
من حبه لشعبه بسط كفه      تعطي ما ترضي حد يعطيها","يصدر الشاعر في هذه الملحمة الشعرية تحية قلبية لأهل الهجن، معبراً عن شغفه العميق وحبه المتأصل لهواية الهجن التي تجري في دمه منذ الصغر. تتبدى في الأبيات صورة صادقة لرياضة الهجن كتراث حي يربط بين الماضي والحاضر، شاهد حي على أصالة الأجداد وواجب الأجيال القادمة في الحفاظ عليها. يؤكد على النبل والصبر الذي يرافق هذا الفن، متحدياً من يشوهه أو يسيء فهمه، ورافعاً راية الولاء والاحترام للذين يعتنون بهجنهم كما تعتني الدولة بأهلها. تنبض القصيدة بالوفاء لمجتمع الهجن الذي يبدي تضحياته وإخلاصه في رعاية هذه الرياضة، ويعكس اعتزاز الشاعر بدوره الفاعل والمبدع في هذه الميدان، مستلهماً منها قيم التعاون والصبر والكرم التي تميّز أبناء الإمارات. يقدم هنا ""فزاع"" سلامه المحبب ويخلّد ارتباطه الوثيق بهذه الهوية العريقة، متجاوزاً حدود الرياضة إلى سرد تاريخي وإنساني نبيل.","Cinematic medium shot of Sheikh Hamdan bin Mohammed (Fazaa) in pristine white kandura and black bisht with gold embroidery, his face etched with dignified pride and deep affection for Arabian horses, standing on muted cyan-tinted desert dunes at twilight, scattered wilting desert roses and incense smoke wisps symbolizing heritage and memory, distant silhouette of a noble Arabian horse against desaturated teal sky, subtle warm amber highlights contrasting cool blue-grey palette, volumetric rim lighting with soft golden glow, shallow depth of field with bokeh, shot on ARRI Alexa 65 with anamorphic lens flare, contemplative emotional atmosphere celebrating loyalty and tradition, 8K photorealistic masterpiece, Apple TV+ documentary aesthetic, no text, no watermark, no women",,,,
221,يا موحد الدار,"العذر يا بوي لو ماشلني ساقي      الحزن ما طاقني والقلب ما طاقه
ياعيني ابكي وساعدها يا خفاقي      ماهوب عيب يفيض الدمع ف احداقه
يا موحد الدار .. يا المتفرد الراقي      والغيم حزن جذب الاحساس براقه
اشوف كن النهار يحدر احداقي      واشراقته ما تشابه ايه اشراقه
ومن يعذل القلب عن ضيقته لا ضاقي      انسان مشكوك في مذهبه واخلاقه
يا حاكم الارض و اول واخر اشواقي      يفداك قلب حزن فرقاك ما ذاقه
في غيابك الناس ماتت و انته الباقي      لانك الغالي اللي يذبح فراقه
يبكيك من يغرس النخله علي الساقي      يبكيك راعي الشداد وراعي الناقه
والطيب و الجود و العزه و الاخلاقي      والارض و ترابها و البحر و اعماقه
شيخ مقامه سكن ما بين الاعماقي      حتي الزمن من محبينه وعشاقه","في هذه القصيدة النابضة بالشوق والوجد، يبوح الشاعر بحزن عميق لفقدان ""محمد بن راشد آل مكتوم"" (بويه) الذي يعد موحد الدار وقائد الأرض الراقي، حيث تتدفق الدموع امتداداً لإحساس جارف لا ينكسر. تعكس الأبيات عظمة الفقد وألمه، مكررة أن غياب هذا القائد ترك الناس هامدين والحياة فاقدة لمعناها، بينما يستمر هو في العلو بمقامه بين القلوب. يجسد الشاعر مكانة الوالد كرمز للطيبة والجود والعزة، يمتزج في الروح مع الأرض وترابها والبحر وأعماقه، ليظل الزمن شاهداً على محبته وعشق محبيه الذين يبكون فراقه بشدة لا توصف.","Cinematic medium shot of Sheikh Mohamed bin Rashid Al Maktoum (Bo Rashid) in pristine white kandura and black bisht with gold embroidery, his face etched with dignified sorrow and deep patriotic longing, standing on muted cyan-tinted desert dunes at twilight where sand slips through fingers symbolizing time and loss, scattered wilting desert roses and incense smoke wisps evoking memory and spirituality, distant Burj Khalifa silhouette against desaturated teal sky, volumetric rim lighting with cool blue-grey tones and soft amber accents, shallow depth of field with bokeh, shot on ARRI Alexa 65 with 85mm anamorphic lens, contemplative emotional atmosphere honoring the unifier of the home, 8K photorealistic masterpiece, Apple TV+ documentary aesthetic, no text, no watermark, no women",,,,
222,ذوق,"تسافر الروح لكن بالجسد باقي      والعقل ثلثين راح وباقي ربعه
مع حبيب نزع روحي من اعماقي      وماني بمجبور بس اجبرني بطبعه
نتيجه العمر لذتها مع الساقي      لو ارتشف قطرتين تسد من نبعه
في محبتك مدري الخفاق وش لاقي      حتي اصبح يتابعك قدام تتبعه
عطني ولو ذوق يامستاسر اذواقي      الذوق منك يكفيني عن الشبعه
اكرمني بيوم في الاسبوع يا راقي      وحدد ما يحلا لك من ايامه السبعه",تتجلى في هذه القصيدة حالة عميقة من التفرّغ الروحي للحبيب، حيث تسافر الروح بعيدًا ويبقى الجسد أسير الذكريات، والعقل مشتت بين الوجد والاحتواء. يعبر الشاعر عن قوة تأثير المحبوبة على كيانه، إذ انتزعت روحه من داخله برغبة طبيعية لا إجبار فيها. يختصر لذة الحياة في قطرة حب من هذا الحبيب الذي يمتص الشاعر حلاوة العيش من نبع حبه. ينبض القلب بحب لا عقل له، يلاحق الأحباء بلا توقف ويتوق إلى ذوق حنانهم، فهو يكفيه عن كل الشبع. يختتم بنداء رقيق يُطالب فيه بمنحه لحظات من الحنان والاهتمام، يُسعدها في أيام الأسبوع ويخصص نفسه لها، متجاوزًا حدود الزمان والمكان في عبودية للحب والذروة العاطفية التي تظل محور الحياة.,"Cinematic medium shot of a male Emirati poet in pristine white kandura and black bisht with subtle Sadu embroidery, his face etched with deep spiritual longing and contemplative devotion, standing on muted cyan-tinted desert dunes at twilight, wilting desert roses and scattered sand slipping through fingers symbolizing time and loss, distant falcon silhouette against desaturated teal sky, volumetric rim lighting with cool blue-grey tones and soft amber accents, shallow depth of field with bokeh, shot on ARRI Alexa 65 with 85mm anamorphic lens, emotionally resonant poetic atmosphere, 8K photorealistic masterpiece, Apple TV+ documentary aesthetic, no text, no watermark, no women",,,,
223,اليمامه,"ياليمامه ، ياليمامه ، ياليمامه      انتي اللي تستحقين الزعامه
ووانتي اللي من غلاك ومن دلالك      حتي ابوراشد سلبتيه اهتمامه
والدليل انك من النوع النوادر      مايسوي لك نظام الا نظامه
وكل مركز ثاني جا من خلالك      فالنهايه يفتخر انك امامه
قلتي لخط النهايه مرحبا بك      وترجمتها لغيرنا مع السلامه","تتجلّى في هذه القصيدة مفردات الزعامة والتفرد، حيث تُنشد اليمامة بوصفها رمزاً للتميز والريادة التي لا مثيل لها، فتأسر القلب حتى تأخذ اهتمام ""أبي راشد"" (الشيخ محمد بن راشد) بكل عناية وتقدير. يبرز الشاعر قوة حضورها الفريدة ومكانتها التي تحكم السياسات والأنظمة، كأنّها المعيار الذي لا يُضاهى، ويتجلى الاعتزاز بكونها الأصل والمصدر لكل النجاحات التي تلته. تعبر الأبيات عن التحدي والإصرار في تخطي خطوط النهاية، مع توديع المنافسين بتواضع وثقة مرسخة، لتؤكد أن اليمامة ليست سوى أولى القادة بحق، رمزاً للكرامة والعزّة التي ترتفع بها راية الإمارات.","Cinematic medium shot of Sheikh Mohamed bin Rashid (Bo Rashid) in pristine white kandura and black bisht with gold embroidery, his face etched with dignified pride and visionary confidence, standing on muted cyan-tinted desert dunes at twilight, scattered wilting desert roses and a single falcon feather symbolizing nobility and unique leadership, distant Burj Khalifa silhouette against desaturated teal sky, subtle incense smoke wisps, volumetric rim lighting with cool blue-grey tones and soft amber accents, shallow depth of field with bokeh, shot on ARRI Alexa 65 with 85mm anamorphic lens, contemplative emotional atmosphere celebrating UAE heritage and excellence, 8K photorealistic masterpiece, Apple TV+ documentary aesthetic, no text, no watermark, no women",,,,
224,موطن الفخر,"الايام شي يوم تسعاله ويوم ممر      وايام .. الايام مخلوقه علي شانها
تدور الايام بس اليوم هذا الامر      الايام توقف .. ويتوقف دورانها
من يبذر البذر لابده يحصل ثمر      والعالم الواعيه ياطيب بستانها
يامهبط الوحي عيدك عيد زيد وعمر      وتكاتف المسلمين بقوه ايمانها
في ظل بومتعب اللي جوده الي انهمر      اتربع ارض المحل وتفيض وديانها
نقدم لعيناك لو فالدرب شوك وجمر      والمعركه حن نهار الحر فرسانها
لكل حاجه عمر وانته طويل العمر      مجدك ماهو بس في ارضك وسكانها
يا موطن الفخر مجدك فوق سطح القمر      في يوم عيدك تعز الارض انسانها
تراك ياخادم البيتين حبك غمر      قلوب شعب السعوديه وجيرانها
منها لك الطاعه العميا ومنك الامر      ومعاهدات الوفا لاعاش من خانها",تتجلى في هذه القصيدة أيقونة الفخر والانتماء لموطن عظيم، حيث تتوقف الأيام احتراماً لهذا الحدث التاريخي، ويُثمن الشاعر جهود القائد بومعتب الذي غمر الأرض بالعطاء والجود. يتغنى البيت بدور الوطن في توحيد المسلمين وتعزيز الإيمان، مجسداً البطولة والثبات في مواجهة التحديات كفرسان النهار. المجد لا يقتصر على الأرض وسكانها فقط، بل يمتد أعلى من القمر، مكللاً بوفاء الشعب وحبه لصاحب البيتين، الذي يحظى بطاعة ووفاء لا يخونها الزمن. القصيدة تمثل رسالة حب وإجلال للوطن والقائد، تعكس إرثاً عميقاً من الوحدة والعزم والتلاحم.,"Cinematic medium shot of Sheikh Mohammed bin Maktoum Al Maktoum (Bo Maiteb) in pristine white kandura and black bisht with gold embroidery, his face etched with dignified pride and deep patriotism, standing on muted cyan-tinted desert dunes at twilight, scattered wilting desert roses and a single falcon feather symbolizing nobility, distant Burj Khalifa silhouette against desaturated teal sky, subtle incense smoke wisps, volumetric rim lighting with cool blue-grey tones and soft amber accents, shallow depth of field with bokeh, shot on ARRI Alexa 65 with 85mm anamorphic lens, contemplative emotional atmosphere celebrating unity and heritage, 8K photorealistic masterpiece, Apple TV+ documentary aesthetic, no text, no watermark, no women",,,,
225,في السما دروب,"اسمح لنا (دنلوب) في اسم (دنلوب)      واخوك الاصغر لي نسميه (مكلين)
انت الملك وجنودك طيور لقروب      واختر فالجيرات والا الشواهين
كم طير قانص لكن يكون مطلوب      خرب ونحن نطالبه يوفي الدين
الا انت ياللي مايجي منك عذروب      استغفر الله مابغيت احلف يمين
صوايدك تلمع من شحوم لخروب      تلمع لكن ما هو بلمع المزايين
اركد من الما لاغدي مبطي بكوب      وبكفخه جناحك تركد شياطين
خبر هل الجيبات عن قوم هارتوب      الاستيشنات استنجدوا بالنياسين
يبغون مثلك لانه الزين مرغوب      لكن انته وين ، وافكارهم وين
الناس يوم تهد يمشون بالدوب      وانا اهدك سرعتي فوق تسعين
وتطير في صوب ونواياك في صوب      وترقي السما كنك تسوي تمارين
ايلين سويت بسما صيدك دروب      دروب ترسم فالسما من جناحين
زورك خذوه الفكتري صب مصبوب      ومنكبك ناس يدرسونه لذا الحين
عزيت ناسك وانت بالفعل محبوب      علي ضيوف اهل البلد والمقيمين
اسمك غدا غياث والاسم محسوب      (غياث) يوم تغيثنا ف الميادين
هاذيك مضروبه وهاذاك مضروب      من فعلك تخلي الحباري كراوين
وطيورنا انواع غالب ومغلوب      ومثلك يجي مره بعد عشره سنين
واسمح لنا غياث في اسم (دنلوب)      واخوك الاصغر لي نسميه مكلين
انت الملك وجنودك طيور لقروب      اختار فالجيرات قبل الشواهين","في هذه القصيدة يُرسم مشهد الصيد الجوي وفنون السيطرة على السماء، حيث تتجلى قوة ""دنلوب"" كملك للطيور الجارحة، وهو رمز للمهارة والفخر في قيادة سرب ""مكلين"" الأصغر. تعكس الأبيات التحدي والتنافس بين الطيور، والحذر من الصيادين ومحبي الصيد، مع التأكيد على بروز ""غياث"" كمنقذ وراعٍ يسهم بحماية هذه الطيور ويُعزز مكانتها بين الصيادين والناس. تتشابك الأمطار الجوية مع أجنحة الطيور التي ترسم دروبها في السماء، مما يجعلها رمزاً للقوة والسرعة والهيبة، إضافة إلى أن الأسماء تُضفي قداسةً واحتراماً على عالم الصيد، متماشياً مع تراث الصقارة والفروسية الإماراتية. تنسج القصيدة صورة متكاملة تجمع الحب والانتماء للطير وللأرض، مشيرة إلى أن القوة الحقيقية ليست فقط في الصيد بل في الوفاء والتاريخ الذي يحمله الجميع بفخر واعتزاز.","Cinematic medium shot of Dunlop, majestic falcon king, perched proudly with sharp gaze, adorned in traditional Emirati kandura and intricately embroidered bisht, embodying mastery and pride as leader of the smaller Maklin falcon flock; set against a muted cyan and desaturated teal sky streaked with rain and falcon flight trails, subtle falcon feathers drifting, cracked desert earth below symbolizing endurance, wisps of incense smoke curling upward, soft amber rim lighting accentuating regal features, shallow depth of field with bokeh capturing distant falcon silhouettes in flight, shot on ARRI Alexa 65 with anamorphic lens flare and film grain texture, moody twilight atmosphere evoking strength, heritage, and noble falconry tradition, 8K photorealistic cinematic masterpiece, Apple TV+ premium documentary aesthetic, no text, no watermark, no women",,,,
226,فلم الطهاره,"لاحت نجوم السما بعيون ساهرها      عاشق يحب السكون ويعشق الظلمه
ياللي بحسنك عيون الناس باهرها      سلم علي خافقك ويكون في علمه
الانكسارات .. باذن الله قاهرها      لا تعتذر ما ابي اسمع ولا كلمه
ودعتك الله .. كلمه حق جاهرها      اغضبت قلب الحليم اللي نفذ حلمه
وفاء الاحباب بين الناس شاهرها      هذي سلوم الهوي للي جهل سلمه
يكشف لنا باطن العشاق ظاهرها      يا الظالم اللي علي قلبي طغي ظلمه
عن وصلك النفس من عامين ناهرها      لا عاد طيفك يجي للقلب في حلمه
ويعيد فلم الطهاره عند طاهرها      حتي تذوبه و اللي ذاب تستلمه
اهل المظاهر ما تنفعها مظاهرها      خلاص طيفك من الهجر احترق فلمه","تتجلّى في هذه القصيدة عذابات عاشق ساهر يعانق السكون والظلمة، متوجّهاً إلى محبوبته التي أسر جمالها قلوب الناس وغيّبت الوصل عن روحه منذ عامين. يحتدم الشوق وتتضارب المشاعر بين الانكسار والتحدّي، حيث يرفض الاعتذار ويعلن وداعاً صادقاً من قلب حليم انتهى حلمه بالوفاء. تكشف الأبيات عن تهافت المظاهر التي لا تداوي جراح القلب المشتعل، وتستحضر ""فلم الطهارة"" كرمز للنقاء والسداد في علاقة اختزلها الألم والخذلان. قصيدة تنسج خيوط الحزن والصدق، تعبيراً حيّاً عن نزق الهوى وجراح الفقد في عتمة الليل.","Cinematic close-up of a solitary Emirati man in traditional white kandura and finely embroidered bisht, his face a portrait of contemplative sorrow and quiet defiance under muted cyan and desaturated teal twilight skies, seated against a shadowed desert backdrop symbolizing solitude and loss. Scattered wilting desert roses and sand slipping through fingers evoke longing and the passage of painful time, while subtle incense smoke wisps curl upward, suggesting memory and spirituality. Moody golden hour rim lighting with soft amber highlights accentuates his solemn expression, captured with shallow depth of field and bokeh, shot on ARRI Alexa 65 with anamorphic lens flare and delicate film grain texture. The atmosphere is poetic, emotionally resonant, and dignified, embodying heartbreak and restrained farewell, 8K photorealistic masterpiece, Apple TV+ premium documentary aesthetic, no text, no watermark, no women.",,,,
227,كبريت واحد والف غابه,"يوم التطم موج بحر القاف واحنيت      راس القلم من كبر قدر الكتابه
من جمره الفكر والاحساس شبيت      نار الشعر ، والقصايد ما تشابه
ما يتعب الشاعر الا فكره البيت      اللي تسجل حضوره في غيابه
يا قلب .. ياقلب ياللي لك تناهيت      صبرك علي الوقت لو يعظم مصابه
صاحبك لو ما تحسب حسابه اخطيت      صاحبك حتي الزمن يحسب حسابه
سميت حمدان من صغري ، وسميت      فزاع .. والاسم هذا بالنيابه
وباي اسم من الاسماء ناديت      والله يا قلب ما فيها غرابه
فزاع) من فوق ظنك يوم ظنيت)      والفذ ( حمدان ) سمح لك جنابه
من يحسب اني من الدنيا ما عانيت      عانيت .. لكن عانيت بصلابه
عطشان وان شفت ماء الارض عفيت      متعود اشرب من مزون السحابه
وان كانها بالتحدي ما تحديت      غير الذي يكسب المجد بشبابه
والحكمه اللي تراودني لا حسيت      ان الامل خيمت فوقه كابه
من شجره اقدر اسوي الف كبريت      واحرق بكبريت واحد الف غابه","تتجلى في هذه القصيدة عظمة الحضور الشعري والصلابة النفسية للشاعر ""حمدان بن محمد (فزاع)""، الذي يعبر عن قوة الفكر والإحساس المشتعل كنار لا تخبو، مبرزاً أن معاناة الحياة كانت مدرسة للصلابة والتحدي. يتناول الشاعر عبر استعاراته البليغة صدق الذات وعمق التجربة، مؤكداً أن الاسم ""فزاع"" يحمل مشروعية الحضور والإجلال، وأنه رغم الشدائد يبقى متيقظاً كمن يمتلك القدرة على إشعال آلاف الغابات بكبريت واحد. تدور القصيدة بين ثبات الإرادة، احترام الزمن، والإيمان بأن المجد لا يُنال إلا بالجهد والشباب، مترسخة بقوة في قلوب من يقرأها كنداء للحكمة والصمود.","Cinematic medium-wide shot of Sheikh Hamdan bin Mohammed (Fazaa) standing alone in a contemplative pose on a muted cyan-tinted desert terrace at twilight, holding a traditional Arabic coffee pot (Dallah) with one hand while gazing upward toward a distant falcon silhouette perched on a branch, wearing pristine white kandura and black bisht with subtle Sadu patterns, face etched with dignified resilience and poetic introspection, cracked earth beneath his feet with wilting desert roses nearby and wisps of incense smoke curling upward, volumetric golden-hour rim lighting with cool blue-grey tones and warm amber highlights, shallow depth of field with bokeh, shot on ARRI Alexa 65 with anamorphic lens flare, contemplative and emotionally resonant atmosphere, 8K photorealistic cinematic masterpiece, Apple TV+ premium documentary aesthetic, no text, no watermark, no women",URL,"فزاع,حمدان",https://d1q70pf5vjeyhc.cloudfront.net/predictions/f624b0ac93874f60ad75b4ac9f6b74ba/1.jpg,5e03bed613e34cf397158758590669ce
228,الجار للجار,"قالوا نبي شعر الوطن قلت من وين      ابدا وانا كلي مشاعر ل هالدار
قالوا نبي وصف الهجن قلت غالين      لكن يكفي ما سمعتوه في (اعمار)
قالوا نبي شعر الغزل قلت بعدين      بعد ما اسمعكم تفاصيل الاخبار
لو الشعر يكتب بليا مضامين      بحر وقافيه فقط دون الافكار
في اسبوع واحد انشر اربع دواوين      لكن انا شاعر وتنقده شعار
وتردد بيوته قلوب المحبين      اللي علي قمري قوافيه سمار
تطرب بدون اوتار لا قال بيتين      وتزيدها طربه تقاسيم الاوتار
لو كان جمهوري فقط واحد اثنين      ما كنت الفت كل ما جيت الانظار
من ( الفجيره ) ناس غالين غالين      لكن لاهل الشعر قيمه ومعيار
اعشق جماهيري من (الشارقه) لين      حدود (راس الخيمه) ديار الاخيار
وما بين (ام القيوين) القاهم وبين      (عجمان) وان رديت ل (دبي) تحتار
تلقاهم من (دبي) لين اخر (العين)      ل (ابوظبي) دار المكارم والاحرار
ومن ( الامارات ) الوفا للملايين      اهل الخليج اللي لهم سته اقطار
للمملكه دار الحرم قبله الدين      اللي يصلي صوبها فوق مليار
وفي حكم (ابومتعب) حفيد العزيزين      اللي طغي شوره علي كل الاشوار
و(عمان) يا اهل الخير ما حن بناسين      وشلون ننسي دوله طوال الاشبار
الشعب والسلطان (قابوس) باقين      علي محبه بعضهم سر واجهار
الي (قطر) دار الشيوخ الكريمين      اللي لها شعب عظيم و مغوار
ارسل تحياتي بورد و رياحين      علي (تميم) اميرها سقم الاشرار
ويا مملكه (بحرين) في القلب بحرين      بحرين ود و شوق والشعب يختار
عاش الملك و الشعب لجله موالين      لعيون (ابوسلمان) شعب الوفا ثار
ويعيش جمهور (الكويت) المسمين      في ظل شيخ ما علي مجده غبار
دار (الصباح) اللي يرد المعادين      والشعب يهتف باسمه كبار و صغار
شعري لجمهوري .. لذلك انا حين      اكتب امتعكم بدون اي تكرار
عموما .. ابغيكم فقط مستعدين      ما دام حن الرعد والغيم مدرار
وبخلي المعني لكم بين قوسين      ولن اصرح بها رغم كل ما صار
ركز معي يا ايها المستمع زين      لا تحاول تدور مع نفسك اعذار
اللي ما بين الجار والجار ساعين      بالعار مكسبهم من اعمالهم عار
حنا عرب ، ولنا سلوم و قوانين      نموت ما نرضي مهونه علي الجار
الحقد لو ينمو ما بين البساتين      يجفف الانهار و تموت الازهار
والحب لو يسكب علي صبخه الطين      لابد ما ينبت خزامي و نوار
تبقي سلاطين المعالي سلاطين      اسماءهم وامجادهم داءم كبار
ما تحقر العالم لو بنظره العين      ولا يزعزع عرشها كل ثرثار
من يقدر يحلل كلام المجانين      ابغيه يشرح لي خفيات الاسرار
والبحر مصدر ما ولا هم بدارين      يتبخر و ينزل علي هيءه امطار
النار منها نور بس المساكين      ما يدركون النور جزء من النار
والعالم اللي يعبدون الشياطين      علي محاربهم انا عندي اصرار
السن فيه السن ، والعين بالعين      والبادي اظلم والكفو ياخذ الثار
نمشي علي هدي النبي مستقيمين      والله سبحانه هو النافع الضار
واللي يسوي له سوالف علي مين      الناس تدري فيه والوقت دوار
يطيح مقداره من القلب ويشين      لو كان له منصب وهيبه ومقدار
واللي يود الصلح ويحارب البين      هذاك لي قلبه علي بلاده يغار
حب الوطن نقرن عليه البراهين      بافعالنا من قبل ما نقرن اشعار
نحن اتحدنا قبل واحد وسبعين      بقلوبنا وتوحدت عقبه الدار
تتوحد بفكره رجال عريبين      بانساب تبقي ماهي انساب تنهار
في ظل وحدتنا علي الحق راسين      زعيمنا ( بن زايد ) الوالد البار
اقصد (خليفه) والشيوخ العظيمين      اللي لهم سيف علي الظلم بتار
الله يعز شعوبنا ، قولوا امين      ولا يفرق وحده طوال الاعمار","تتجلى في هذه القصيدة الوطنية تجليات حب الوطن وترابط الأُخوة بين دول مجلس التعاون، حيث يسير الشاعر على نهج الوفاء لقيم العرب الأصيلة، مؤكدًا أن الشعر ليس مجرّد كلمات بل أفكار تنسجم مع نبض الشعوب. ينسج ""فزاع"" خيوط الانتماء من الإمارات إلى الخليج العربي، مبرزًا جهود قادتنا الحكيمة وعلى رأسهم الشيخ خليفة بن زايد، ومدافعًا عن الوحدة والكرامة العربية التي لا تقبل الذل. يذم الشاعر الحقد ويتغنى بالحب والسلام بين الجيران، مستحضرًا إرث الأجداد وروح التعاون، ومعبرًا عن أن الولاء لوطننا الكريم هو أساس البقاء والمجْد. في أجواء نابضة بالصدق والعزة، يؤكد أن الطريق إلى التقدم والسلم لا يُشيد إلا بوحدة القلوب وصدق الأفعال، مستنهضًا همم الأمة على درب الوعي والاعتزاز بالذات.","Cinematic medium-wide shot of Sheikh Khalifa bin Zayed (Bo Khalifa), Sheikh Mohamed bin Rashid (Bo Rashid), and Sheikh Mohamed bin Zayed (Bo Zayed) standing together in a dignified unity pose on a muted cyan-tinted desert terrace at twilight, the central figure gesturing toward a distant horizon while holding a traditional UAE flag in a slow tribute gesture, faces etched with solemn pride, visionary resolve, and deep emotional resonance for the Arab world, wearing pristine white kanduras and black bishts with intricate gold embroidery, subtle incense smoke wisps curling upward, distant falcon silhouettes and cracked earth textures symbolizing resilience, volumetric golden-hour rim lighting with cool blue-grey tones and warm amber highlights, shallow depth of field with bokeh, shot on ARRI Alexa 65 with anamorphic lens flare, contemplative and majestic atmosphere celebrating unity and heritage, 8K photorealistic cinematic masterpiece, Apple TV+ premium documentary aesthetic, no text, no watermark, no women",URL,"زايد,قابوس,تميم,خليفة,سيف",https://d2p7pge43lyniu.cloudfront.net/output/d5d2ad37-2950-4a51-be31-539cbbafe3b1.jpeg,ea95d880b92a416a8d151d3246f94e73
229,واجب الصحبه,"صاحبك لامن حاد عن درب الصواب      من واجب الصحبه عليك تصارحه
لا يدفعك لمجامله طيش الشباب      وتقول لي بعض الصراحه جارحه
يفتح عليك من المشاكل الف باب      وتحس بالضيقه ونفسه فارحه
خيل المجامل تركض ف سرب الخراب      الضاويه تطلع في وجه السارحه
وان ذقت باكر من صداقته العذاب      تراك تحصد ما زرعت البارحه
شرحت لك شرح المدرس من كتاب      والدرس يفهم من طريقه شارحه
لا تسرح بفكرك وتجهل في الجواب      الجهل داءه للقلوب السارحه
طرحت رايي من محبه لا عتاب      يا تقبله ، يا يعتذر لك طارحه
لو الوفا عن مسرح الانذال غاب      تبقي قلوب اهل الوفا مسارحه",تتجلى في هذه القصيدة الحكمة العميقة في معنى الصحبة الصادقة التي لا تساير الخطأ مجاملة، بل تصارح بنصح صادق ينقذ من زحام الأخطاء والمشاكل. يؤكد الشاعر على أن الوفاء الحقيقي يتطلب الجرأة على قول الحق، رغم ما قد يرافق ذلك من صعوبة أو جرح، معتبرًا الصراحة في الصداقة واجبًا لا غنى عنه للحفاظ على النفس والروح من الضيق. يحذر من تزييف العلاقات بالمجاملة التي تقود إلى الخراب، ويشبهها بخيل تجر السرب نحو الهلاك، معبّرًا عن أن من يذق مرارة صداقته المبكرة يحصد نتائج ما زرع بالأمس. في جوهر النص، يبرز الوفاء كقيمة تبقى رغم غياب المنافقين، وتستمر قلوب أهل الوفاء نابضة بالمحبة والصدق، داعيًا إلى الحب الذي يُطرح بلا ملامة، والصدق الذي يُقبل بلا تحفظ.,"Cinematic medium shot of Sheikh Mohamed bin Zayed (Bo Zayed) in pristine white kandura and black bisht with gold embroidery, his face etched with dignified wisdom and solemn resolve, standing on muted cyan-tinted desert dunes at twilight, scattered wilting desert roses and cracked earth symbolizing the pain of false friendship, distant falcon silhouette against desaturated teal sky, subtle incense smoke wisps, volumetric rim lighting with cool blue-grey tones and soft amber accents, shallow depth of field with bokeh, shot on ARRI Alexa 65 with 85mm anamorphic lens, contemplative emotional atmosphere, 8K photorealistic masterpiece, Apple TV+ documentary aesthetic, no text, no watermark, no women",,,,
230,مهبط الاحلام,"يا بلادي ، بلاد الصارم المقدام      من ثراك العزيز العالي ابراجه
رفرفت في سماها رايه الاسلام      والفضل للذي ترجيه حجاجه
انتي المستحيل ومهبط الاحلام      في اهلك الشرف والعز متواجه
كنها لا ارسمتها ريشه الرسام      لءلءه فارقه في حضن ديباجه
ويوم احطك علي راسي وفا واكرام      الملك فوق راسه دايم تاجه
وش كثر حبك ف قلبي غلا وهيام      كثر صبرك علي ضيقته وازعاجه
ويوم كثر الحكي يالناقد الهدام      فاض صبر الاديب ، وصاغ منهاجه
طويه الصحف والا جفت الاقلام      دفتر الشعر حدب ضلوعي ادراجه
دون سرج اعسف السابق ودون لجام      واسبح البحر لين تصفق امواجه
دربي المظلم اللي يتعب الاقدام      بالوعي والمعرفه اشعل سراجه
وكل ما جيت ابا اعلن لحظه استسلام      صاح حب البقاء ف داخلي : واجه
نظرتي فوق فوق ومركزي قدام      وعاذلي يعقد من الضيقه حجاجه
لكن العام هذا غير ذاك العام      نجمتي في سما الابداع وهاجه
باب بيت الكريم .. تدله الانام      فاتحنه ، ولا ينصك مزلاجه
وباب بيت البخيل تضيعه الارحام      دون بابه يرد الساءل سياجه
انتعاطف بنظرتنا مع الايتام      نحسب انها هي اللي بس محتاجه
والحقيقه .. ببعض الوعي والالمام      ينجلي مدخل المعني ومخراجه
كلنا في احتياج .. الشعب والحكام      نختلف في اختلاف المرء والحاجه
وكل يوم تحقق حلم م الاحلام      يعتبر عمر ، لان العمر بانتاجه
انت لو تحسب الفارغ من الايام      اكتشفت ان .. عمرك ذا ولا حاجه","في هذه الملحمة الوطنية، ينبض الشاعر بحب عميق لوطنه ""بلاده الصارم المقدام""، الذي ارتفعت راية الإسلام على أرضه الطاهرة، واصفاً إياه بأنه مهبط الأحلام ومهد الشرف والعز، كلوحة فنية رسمها القدر بريشة فنان مبدع. يصور الولاء والوفاء للملك كالتاج الدائم فوق الرأس، معبراً عن صبر المحب على صعوبات الوطن وانتقاداته، مستلهماً منه قوة الإبداع والعزيمة. حتى في دروب الظلمة والتحديات، يشعل الشاعر بقنديله النور بالوعي والمعرفة، مردداً نبض حب البقاء والثبات رغم المحن. يدعو إلى فتح أبواب الكرم والرحمة، محذراً من ضيق الأرواح بالبخل، ومستعرضاً الحاجة المشتركة بين الشعب والحكام لفهم أعمق ومتبادل. يشدد على أن تحقيق الأحلام هو عمرٌ يُكتب بالإنجاز، وأن الفارغ من الأيام هو عمر بلا معنى، مجسداً بذلك روح الوطن المتجددة في مواجهة الزمن وتحقيق المجد.","Cinematic medium shot of Sheikh Mohamed bin Zayed (Bo Zayed) in pristine white kandura and black bisht with gold embroidery, his face etched with dignified patriotism and visionary strength, standing on muted cyan-tinted desert dunes at twilight, scattered wilting desert roses and incense smoke wisps symbolizing heritage and memory, distant Burj Khalifa silhouette against desaturated teal sky, subtle warm amber highlights for contrast, volumetric rim lighting with cool blue-grey tones, shallow depth of field with bokeh, shot on ARRI Alexa 65 with 85mm anamorphic lens, contemplative emotional atmosphere celebrating national pride and unity, 8K photorealistic masterpiece, Apple TV+ documentary aesthetic, no text, no watermark, no women",,,,
231,وجه الحياه الثاني,"يا هاجس الشعر دامك حاضر دعنا      دعنا نعيش الحياه بمنطق انساني
وجه الحياه السعيده فيه مرتعنا      لكن وجه الحياه الثاني الثاني
حزين و الحزن عمره ما يروعنا      لو كان ابكي عباد الله و ابكاني
نعاني اليوم لين يسيل مدمعنا      و بعدين نفرح و نرجع بكره نعاني
و هكذا لين دنيانا تودعنا      ما فيه انسان عاش ف دنيته هاني
ياما مع من تولع حن تولعنا      وياما عسفنا صعيب الخيل بعناني
سوق الغلا كم شرينا به و كم بعنا      و كم ليله بات قلب الشوق نشواني
ارجوك من جوهم الوقت طلعنا      نبغي نعيش الحياه بحب و اماني
جمهوري يقول: يا (حمدان) سمعنا      اقطف لنا ورده من كل بستاني
اللي عليك انك بشعرك تمتعنا      و اللي علينا نغنيها بالالحاني
و انا بشعر احاسيسه تجمعنا      بهدي علي شان جمهوري يترياني
اخر قصيده مسويها علي معني      ضمنتها ما حوي فكري و وجداني
ليه نتزاحم و ارض الله تاسعنا      ليه نتخاصم مدام ان العمر فاني
اللي وقف ضدنا و اللي وقف معنا      نظل مهما حصل ربع و خلاني
حنا اعتصمنا بحبل الله و لا طعنا      في ديننا و الوطن نزعات شيطاني
باعوا وطنهم هل الفتنه و لا بعنا      الا صداقه من يبيعون الاوطاني
حنا رجال مع العالم تواضعنا      يشهد لنا القاصي و يشهد لنا الداني
و حنا رجال بفضل الله ما جعنا      في دارنا بل ونشبع كل جيعاني
حنا رجال علي القمه تربعنا      و ياكد انجازنا ما قاله لساني
عن التقدم لا يمكن شي يردعنا      هذي قناعات (زايد) بن نهياني",يتجلى في هذه القصيدة تأملٌ عميق في أوجه الحياة المتناقضة بين الفرح والحزن، حيث يقر الشاعر بأن الحياة لا تخلو من الألم والمعاناة التي لا تروّع النفوس بل تشدّها نحو الفرح والاستمرار. يؤكد فزاع على الوحدة والتماسك الاجتماعي، متغنياً بالأخوة والوفاء بين الناس حتى في وجه التحديات والخصومات، مع تذكير بصلابة العقيدة والتمسك بالدين والوطن في مواجهة الفتن. كما يبرز الشاعر اعتزازه بالإنجازات الوطنية التي قامت عليها دولة الإمارات بدعم وتوجيه من زايد بن سلطان آل نهيان، مترجماً الطموح والتقدم بالحكمة والاعتدال. في نداء مباشر لجمهوره، يختتم فزاع متطلّعاً إلى حياة سلام ومحبة ينثر فيها الشعر وردة أمل من كل بستان، معبراً عن إيمانه بأن الوحدة والودّ هما أساس الحياة الكريمة في هذه الأرض الواسعة التي تجمع الأحبة والأصدقاء والأندية الإنسانية.,"Cinematic medium-wide shot of Sheikh Hamdan bin Mohammed (Fazaa) and Sheikh Zayed bin Nahyan standing side-by-side in a dignified unity pose on a muted cyan-tinted desert terrace at twilight, both raising a traditional UAE flag in a slow tribute gesture while reciting poetry with solemn pride and visionary resolve, faces etched with emotional depth and hopeful determination, wearing pristine white kanduras and black bishts with intricate gold embroidery, distant falcon silhouettes and subtle incense smoke wisps curling upward, volumetric golden-hour rim lighting with cool blue-grey tones and warm amber highlights, shallow depth of field with bokeh, shot on ARRI Alexa 65 with anamorphic lens flare, contemplative and majestic atmosphere, 8K photorealistic cinematic masterpiece, Apple TV+ premium documentary aesthetic, no text, no watermark, no women",URL,"زايد,حمدان",https://d2p7pge43lyniu.cloudfront.net/output/65b55e85-c448-4126-8e33-edf26484b130.jpeg,d6635b323f98427ba7b99ceb0dd6f816
232,انا والبواخر,"يحن خفاقي لا شفت البواخر      تعدت الشاطي وغابت في الامواج
تبحث علي لءلء طبيعي وفاخر      يزهي نحر من هو يحب التغناج
والعود الازرق لا احترق في المباخر      ما يشبه الا ريحه العذب لا فاج
واليوم ينظر لي بمنظور ساخر      كنه يريد يسبب لقلبي احراج
ياللي بدا وصلك معاي يتباخر      لا ترتجي من صاحبك ضحكه حجاج
سوس الهجر في عظم الاشواق ناخر      والحزن في روض المحبين دواج
من التغطرس ، والكبر ، والتفاخر      ما جبت لجروحي من فراقك علاج
علي كثر ما كنت يا زين ذاخر      في مملكه قلبي لك العرش والتاج
من قلب بالشيمه وبالعزم زاخر      اقفيت و انا عالي مثل الابراج
والله لو انك اول انسان ، واخر ..      انسان .. ما احتاجك ولو كنت محتاج","تتنقل الأبيات بين مشاعر الحنين وألم الفراق، حيث يصور الشاعر خفق قلبه الذي يشتاق لرؤية ""البواخر"" كرمز للوصل واللقاء، ولكنه يواجه الإهمال والسخرية من الحبيب الذي يتباهى ويبخل بالود. يتجلى في القصيدة صراع الغيرة والعتاب على هجران وهروب الحب، في ظل زهو النفس وكرامة القلب الصامد، الذي رغم جراحه وثقته العالية بنفسه لا يزال يحتفظ بعروش وفاء المكان في داخله. تعبيرات الشاعر عن القوة والعزة، مع رفض الحاجة لمن لا يقدر الوفاء، تجسد روح الصبر والتحدي في مواجهة الغدر والبعد.","Cinematic medium shot of a distinguished Emirati man in pristine white kandura and black bisht, his face etched with dignified longing and resilient pride, standing on muted cyan-tinted desert dunes at twilight, scattered wilting desert roses and cracked earth symbolizing heartbreak and separation, distant silhouette of steamships on the horizon representing unfulfilled connection, subtle incense smoke wisps rising from a traditional dallah, volumetric rim lighting with cool blue-grey tones and soft amber accents, shallow depth of field with bokeh, shot on ARRI Alexa 65 with 85mm anamorphic lens, contemplative emotional atmosphere of defiance and steadfastness, 8K photorealistic masterpiece, Apple TV+ documentary aesthetic, no text, no watermark, no women",,,,
233,قبر الشهيد,"يا ريس الدوله يابوراشد يابو خالد وازيد      يا شيوخنا في كل شبر من ثري هذا الوطن
يا شعبنا ياللي عن دروب الكرامه ما يحيد      بقول كلمه بالنيابه عن مشاعركم لمن
يحسب انا نرهب من الموت ونخاف الوعيد      حنا رجال المعركه والسيف والرمح الاسن
نموت والرايه ترفرف والعدو حاله زهيد      مثل شهداء الوطن والعزه اللي لا و لن
ننسي مواقفهم وما خطوه من دم الوريد      من مجد في يوم له الحاسد رغم انفه ذعن
حنا نجيد نحقق الانجاز بالفكر ونجيد      نردع هل الفتنه يالين تحيد عن درب الفتن
الهمه العليا لنا والعزم والراي الحميد      ونقدم الفزعه لوجه الله ولا نرجي ثمن
في كل يوم لو فقدنا من اشاوسنا فقيد      ما ننتهي ولو نهايه دربنا قبر و كفن
نرمي بقلب من حجر ، نبطش بسيف من حديد      والنصر باذن الله وثم بعيال (زايد) ينضمن
والشعر في حب الوطن يضحك حجاجه كل عيد      وشلون ما يعقد حجاجه للوطن وقت المحن
لو كان ما يقدر يلامس بركم جزل القصيد      ياللي علي فرقاكم قلوب العرب ضاقت حزن
لكن مشاعرنا لكم ذابت كما ذاب الجليد      اعزف يا هاجوس الشعر هاليوم من فكري لحن
لكم جموع الشعر ترفع رايه المجد التليد      وافعالكم بالفخر تسمو في البوادي والمدن
والشعب في (صنعاء) يعزينا وهو ليس الوحيد      لكن بكت (مارب) عليكم وانزلت دمعه (عدن)
علي ما قدمتوا من الاقدام والباس الشديد      حتي استطعتوا ترجعون البسمه لشعب (اليمن)
واصبح بعد فضل الله بوقفاتكم شعب سعيد      واسقيتموا اهل الغدر كاس المذله والغبن
ضفتوا علي المجد القديم لداركم مجد جديد      ولم تلين عزومكم ولا شكيتوا من وهن
هنيكم في جنه الفردوس بالعيش الرغيد      كما يقول الله لنا ، وايضا كما قد صح عن
نبينا نقلا عن اصحابه هل النهج الرشيد      وهذه خير الادله في الكتاب و السنن
واعزي اهل المملكه واهل المنامه واستعيد      ما قال (زايد) باننا واحد في حرب او في امن
لبلادكم سطرتوا الامجاد بالفعل المجيد      تفاخري يا امه الاسلام واشهد يا زمن
اشرف قبر بعد الرسل والانبيا قبر الشهيد      واعز وانبل تضحيه ما قدمت لاجل الوطن","تتجلّى في هذه القصيدة ملحمة الولاء والفداء التي تكرّم شهداء الوطن، بداية من قائد الوطن ""محمد بن راشد"" (بوراشد)، و""محمد بن زايد"" (بوخالد)، مروراً بشيوخ الإمارات وشعبها الأبي الذي لا ينحرف عن دروب الكرامة. يرسم الشاعر صورة الرجال الذين يواجهون الموت بشجاعة، رافعين راية المجد رغم الأهوال، متسلحين بالفكر والعزيمة لمواجهة الفتن والعداوات، مقدمين أرواحهم قرابين لله وللوطن. تحتفي الأبيات بتضحيات الأبطال في ميادين القتال، خاصّة في اليمن، حيث أعادوا الفرح إلى شعبٍ ظلمه الغدر، وأعادوا لمجد الإمارات بريقاً جديداً لا يلين. كما يعبّر النص عن تعازي الأمة العربية، ليؤكد وحدة الصف كما خطّها ""زايد""، مؤسس الاتحاد، في السلم والحرب، ويُخلّد الشاعر مشهد الشهادة التي توازي من شرفها مراتب الأنبياء، مؤكداً أن مآثر الشهداء ستبقى نبراساً ومصدر فخر للأمة الإسلامية.","Cinematic medium-wide shot of Sheikh Mohamed bin Rashid (Bo Rashid), Sheikh Bo Khalid, and Sheikh Zayed Al Khair standing together in a solemn unity pose on a muted cyan-tinted desert terrace at twilight, all raising a traditional UAE flag high above their heads as a tribute to the fallen martyrs, faces etched with deep grief yet unwavering pride and visionary resolve, wearing pristine white kanduras and black bishts with intricate gold embroidery, distant silhouettes of Yemeni landscapes (Sana'a/Mareb) subtly blended into the horizon to honor the specific context of the poem, wilting desert roses and a single falcon feather resting on a stone marker symbolizing sacrifice, volumetric golden-hour rim lighting with cool blue-grey tones and warm amber highlights, shallow depth of field with bokeh, shot on ARRI Alexa 65 with anamorphic lens flare, contemplative and majestic atmosphere honoring the spirit of the martyrs, 8K photorealistic cinematic masterpiece, Apple TV+ premium documentary aesthetic, no text, no watermark, no women",URL,زايد,https://d2p7pge43lyniu.cloudfront.net/output/fc0ea880-eb64-4adb-a6c4-a611769cebc4.jpeg,6f6369df616c48429f5c16f526f8b431
234,كلمه اخي,"سالت دموع احمد حفيد اللي لهم طيب وجاه      قلت الدموع تترجم اللي مستحيل يترجمه
هاجوس شاعر لو تناقل شعره كبار الرواه      بعض المواقف يستحي عن وصفها حبر قلمه
والله يا احمد لو تعرف الصدر هذا وش وراه      وراه حزن لو بغيت اكتمه وشلون اكتمه
حزني علي راشد هو اغلي حزن وانا من نباه      الطيب اوصيت العيون انها بدمعي تكرمه
لو الحزن يقدر يرده ما ذخر جفني بكاه      حزنت لين الشمس تصبح في عيوني مظلمه
لو اتمني شي من دنيا الفنا كان المناه      ان العمر يقسم ما بين اثنين حتي اقسمه
واعطيه نصف العمر واشوفه علي قيد الحياه      واعلمه وش كبر قدره في الصدر واعلمه
انه هنا في القلب لين العمر ياصل منتهاه      واني احارب حزني بذكره وطيبه واهزمه
اهزمه قدام العرب واتحسب ان قلبي حصاه      وان صرت بلحالي كوي كبدي بحامي ميسمه
واحس بالكيه في وسط القلب من كل اتجاه      اكابر بعزه ونفسي للحزن مستسلمه
في كل دار زرتها لي اطيب الذكري معاه      لكنها صارت بعد فرقاه ذكري مءلمه
واللي يفاخر بين خلق الله بكثره اصدقاه      ان كان ما يفهم مصير النايبات تفهمه
والنعم في الصاحب لكن الاخ يفرق مستواه      عن مستوي صديقك اللي يحشمك او تحشمه
الصاحب ف لحظه غضبه يضيع طيبه في رداه      يبيع حبه بارخص الاثمان مهما تخدمه
واخوك ما يقدر يبيعه لانه اصلا ما شراه      خلق وحبك وسط خفاقه ويجري في دمه
يزعل لكن لا قلت له يا اخوي يحتضنك رضاه      داءم احاسيس الاخوه بالمحبه تلهمه
كلمه اخي من فم اخي اجمل ما تنطقه الشفاه      لانه منبعها خفوقه قبل ينطقها فمه
ليت القبر يعرف مقام اللي دفنا في ثراه      يا مااعظمه حي وهو ميت بعد يا مااعظمه
ما عاد لك يا احمد ولا لي غير ندعي في الصلاه      ونقول يا راحم عبيدك من عذابك تعصمه
قبله جنود بلادنا ضحوا لجل تذعن عداه      الله يصبرنا علي فرقاه والله يرحمه","يمتزج في قصيدة ""كلمه أخي"" مشهد الحزن العميق على فراق راشد، حيث يخاطب الشاعر أخاه أحمد معبراً عن ألم الفقد وجرح القلب الذي لا يندمل، مستعرضاً الصراع بين صلابة النفس واستسلامها للحزن. يتجلى الوفاء الأخوي من خلال تباين الأخ مع الصديق، فالحب العميق الذي يسكن في القلب ينبع من صميم الدم والخلق، لا يمكن أن يشترى أو يضيع. يسرد الشاعر ذكريات الأخ الراحل بلهفة وأسى، معبّراً عن كيف أن الرحيل لا يمحو المحبة ولا الذكرى، بل تزيدها ثباتاً في القلب حتى النهاية. تنسجم الدعاء والرجاء بالرحمة والصبر مع رمز العزة الوطنية التي خدمها الراحل، مما يضفي على القصيدة بعداً وطنياً إنسانياً يحاكي الروح الإماراتية الصامدة. ثمرة الشوق والكلام الخالد تعكس مدى التقدير والاحترام لقيمة الأخوة ومكانة الراحل في القلب والوجدان، فتتحول الكلمة إلى شعاع نور وسط ظلمة الفقد.","""Cinematic close-up of Sheikh Mohamed bin Rashid (Bo Rashid) standing alone in a dignified, contemplative pose on a muted cyan-tinted desert terrace at twilight, his hand gently placed over his heart while gazing toward a distant horizon where the sun is setting, face etched with profound sorrow and deep affection for his brother, wearing pristine white kandura and black bisht with intricate gold embroidery, subtle incense smoke wisps curling upward and a single wilting desert rose resting on the sand nearby to symbolize fading memories, volumetric golden-hour rim lighting with cool blue-grey tones and warm amber highlights creating a melancholic atmosphere, shallow depth of field with bokeh, shot on ARRI Alexa 65 with anamorphic lens flare, emotionally resonant and poetic mood reflecting the pain of separation and enduring love, 8K photorealistic cinematic masterpiece, Apple TV+ premium documentary aesthetic, no text, no watermark, no women""",URL,راشد,https://d2p7pge43lyniu.cloudfront.net/output/fc66b4e1-72d6-44a5-87bd-0698841fad6f.jpeg,707e712b08ff4fb8a8eb30d32b557de9
235,فكر شوي,"سكر وكلم بعد خمسه دقايق      انا مزاجي من زماني تعكر
ما ودي اكلمك والبال ضايق      والا تري ما ودي انك تسكر
وارجوك لا تزعل يا سيد الخلايق      لا تحسب اني من غلاك اتنكر
يالفايق بحسنك علي كل فايق      يا مجير بالفكر وصف المفكر
غلاك يجذبني بكل الطرايق      وصلك عسل ما خالطه اي سكر
حديثك الطف من نسيم الحدايق      يوم انبعث من بعد وسمي مبكر
قال الله يسامحك ما فيه عايق      بيني وبينك فكر شوي ، فكر
صوتي يخلي ضايق البال رايق      نسيت ؟ والا ما تريد اتذكر ؟","في ثنايا هذا النص الشعري، يتجلى صراع النفس بين تقلب المزاج ورسائل المحبة الناعمة، حيث يصور الشاعر حالة الانزعاج التي تعتريه، مع رغبة صادقة في التواصل رغم الضيق. تزداد روعة المعاني حين يصف الشاعر الحبيب بـ""سيد الخلايق"" و""مجير الفكر""، في لغة تنبض بالود والجاذبية النقية الخالية من الغموض. يتداخل الحذر والرغبة في التعبير عن العتاب الخفيف، مع تأكيد على أن الخلافات لا تنمُ عن كراهية، بل تحتاج فقط إلى وقفة تأملية وصبر، من خلال تكرار الدعوة لفكّر قليلاً والتسامح. تتراقص الكلمات بين دواخل الشاعر وأحاديث الحبيب، مستمدة من نسيم الحدائق رقة الحديث وصدق العتاب، مُبرزة مكانة الصوت الذي يخفف الهموم ويوحّد القلوب في لحظة وعي وذكرى مشتركة.","Cinematic close-up of a contemplative Emirati man in traditional white kandura and finely embroidered bisht, his face reflecting gentle inner turmoil and sincere longing, seated amid muted cyan and desaturated teal garden foliage at twilight, soft amber rim lighting highlighting subtle incense smoke wisps and scattered desert rose petals symbolizing delicate love and patience, a single falcon feather resting nearby as a sign of nobility and freedom, volumetric cool blue-grey lighting with warm golden accents, shallow depth of field with bokeh, shot on ARRI Alexa 65 with anamorphic lens flare and subtle film grain, poetic and emotionally resonant atmosphere, 8K photorealistic masterpiece, Apple TV+ premium documentary aesthetic, no text, no watermark, no women",,,,
236,حكمه الشامخ,"احلي قصيده جذبني فكر كاتبها      في اسلوبها في بحرها في قوافيها
في صوغها باقتدار و في ماربها      و بهيبه القاء شاعر يوم يلقيها
له حكمه الشامخ اللي ما يجنبها      عن العلا لان له نفس معليها
حروف اسم سيدي قدام ارتبها      اشفاهكم تعرف اولها و تاليها
دايم (ابو راشد) الشارات يكسبها      تاتيه من قو عزمه قبل ياتيها
افكاره العالميه يوم يندبها      لابد تفرش علي الغيمه جناحيها
الغربي افكارنا يا شيخ غربها      خلا عربنا تقلده ف خطاويها
لكن ارض العرب من يوم جنبها      زرعت روح التحدي في فيافيها
حتي هل الغرب بافكارك تعربها      هذي سواياك من يقدر يسويها
تعيش يا فارس العرب و معزبها      اللي بك الناس ما خابت هقاويها
تري ما ظل العيون الا حواجبها      و لا يعز الرجال الا مباديها
و لا نصدق رجال و لا نكذبها      الين تكشف لنا الايام خافيها
اهل العذاريب حنا ما نعذربها      لو نعرف وجيهها ونعرف اساميها
و جروح سود الليالي ما يحسبها      يا مجربين الليالي ، غير راعيها
و الناس مهما تعلت في مناصبها      ضيق الحياه الشقيه ما يخليها
و الفاتنه اللي شعر (حمدان) عاجبها      تهديني الحب و التقدير و اهديها
قصايد تنعش النفس و تهذبها      كتبتها يوم جاب الشوق طاريها
تزعل من الريح لا قامت تلاعبها      ما تعرف ان الهبايب ذايبه فيها
بودي اقول اي ارض تسير بها      تنبت زهر كنها تزرع اياديها
لكن معني مكرر ما يليق بها      و انا بيوتي ما اكرر في معانيها
المخلصه في غلاها ما يعذبها      الا الي طولت صدات مغليها
الهجر يبعد بها و الوصل قربها      بين الهجر و الوصل نفسي معنيها
و النفس لا من شكت فرقي حبايبها      مافيه شي في هذا الكون يرضيها","تتغنى القصيدة بحكمة ""أبو راشد"" التي ترتقي بفكرها العالي وتأثيرها الواسع، وتبرز عزيمته التي تسبق النجاح، مؤكدّة على أصالة وحيوية الروح العربية التي تتحدى الغرب وتعيد صياغة أفكاره بروح عربية أصيلة. يشيد الشاعر بمكانة الحاكم ""محمد بن راشد"" وما له من مبادئ تحكم القلوب وتزرع التحدي في الصحراء، ويكشف عن الإصرار على كشف الحقائق مهما طال الزمن وتعاظمت المحن. يلمس النص جرح الفراق ومرارة الهجر، مقابل شوق الولاء والوفاء الذي لا ينكسر، معبراً عن مشاعر الحنين والصدق في علاقة العاشق بوطنه وأرضه، عبر لغة شعرية تنعش النفس وتجسد عمق الانتماء والأصالة.","Cinematic medium-wide shot of Sheikh Mohamed bin Rashid Al Maktoum (Bo Rashid) and Sheikh Hamdan bin Mohammed bin Rashid Al Maktoum (Fazaa) standing together in a dignified unity pose on a muted cyan-tinted desert terrace at twilight, both raising a traditional UAE flag in a slow tribute gesture while reciting poetry with solemn pride and visionary resolve, wearing pristine white kanduras and black bishts with intricate gold embroidery, distant falcon silhouettes and subtle incense smoke wisps curling upward, volumetric golden-hour rim lighting with cool blue-grey tones and warm amber highlights, shallow depth of field with bokeh, shot on ARRI Alexa 65 with anamorphic lens flare, contemplative and majestic atmosphere, 8K photorealistic cinematic masterpiece, Apple TV+ premium documentary aesthetic, no text, no watermark, no women",URL,"راشد,حمدان,شيخ",https://d2p7pge43lyniu.cloudfront.net/output/0ac8ff56-7f0c-4d85-a1bf-743c61e98ca6.jpeg,0ac4bde40d2544298344230d5ed60c49
237,ملهم القصيده,"قال شاعرنا ما سمعنا جديده      قلت شاعركم من اللهفه يعاني
كيف تساله القصيد وتستزيده      وانت من يلهمه شوقه والحناني
قال ابغي بيت ينشر في الجريده      واتحدي به شعراء الزماني
قلت من شعر الفريد اخذ الفريده      حكمه ف بيتين يالغصن اللياني
صاحب يبخل عليك بلمسه ايده      وانت تحسب لجل لقياه الثواني
نفس من يبخل عليك ف يوم عيده      بالتحيه وانت طامع بالتهاني
قال عيده ، قلت ما اقدر اعيده      يا حبيبي لا تصير انسان اناني
شاعرك لو يطلق من الفكر قيده      انفجر هاجوس بركان المعاني
قال بسال ، قلت قول اللي تريده      قال شعرك ليش لا قلته سباني
قلت هذا فضل من سخر عبيده      للمحبه ، والموده ، والتفاني
رقق احساسك يابو نفس عنيده      لين قمت تحب ما ينطق لساني
وانت وصفك لو هل الشعر بتجيده      ما حد منهم قدر ياخذ مكاني
لان عبد القاف ماهو مثل سيده      اولا ، واهم منه شي ثاني
بيت واحد من حبيب لك وريده      ضخ حبه بين دمه في المحاني
عن ميه شاعر وعن اميه قصيده      ينسجون بشعرهم فيك الاماني
نام واحلامك يا ملهمني سعيده      بعد ما حبك ترعرع في كياني","في حفرة من الشوق والتلهف يتجلى الصراع الداخلي بين شاعرنا وفنه، الذي يجد نفسه محاصراً بين رغبته في مواصلة الإبداع وحدود التعبير والكلام. تستحضر الكلمات قيمة الأصالة والتميز، متوعدة بالدفاع عن مكانة ""عبد القاف"" كشاعر فوق المديح والتقليد، مشيرة إلى أن الحب الحقيقي هو وقود الشعر وملهِمه الخالد. القصيدة تزخر بالتشابك الإيحائي بين العاطفة والفكر، مبينة أن الإلهام ليس مجرد كلمات تُقال، بل نبض حقيقي ينسج حياة الشاعر وأحلامه. في ثناياها، ينبض الوله كشريان لا ينقطع، وحب لا يموت، ينبعث من الأعماق ليُحرك أوتار الوداد والوفاء.","Cinematic close-up of a male Emirati poet in pristine white kandura and black bisht with gold embroidery, his face etched with intense internal struggle and deep longing between creative passion and artistic limits, standing on muted cyan-tinted cracked desert earth at twilight, scattered wilting desert roses and prayer beads symbolizing devotion and pain, distant silhouette of a Ghaf tree against desaturated teal sky, subtle incense smoke wisps rising from an Arabic coffee pot, volumetric rim lighting with cool blue-grey tones and soft amber accents, shallow depth of field with bokeh, shot on ARRI Alexa 65 with 85mm anamorphic lens, contemplative emotional atmosphere where inspiration pulses as a living vein, 8K photorealistic masterpiece, Apple TV+ documentary aesthetic, no text, no watermark, no women",,,,
238,فيها من الخيل,"قريحتي ما يخون الشعر تعبيرها      اصوغها من ذكي ما اصوغها من غبي
وبيوت شعري علي لا جات تدبيرها      لا يمكن يضيع مجهودي عليها هبا
والهجن ، في كل عام يزيد تقديرها      رمز الاصاله لنا يوم السنين اشهبا
ومضمر النادره يعجبه تفكيرها      تعرف وش هو يبي ويعرف وش هي تبا
والصبا لها ميزه ما توجد ف غيرها      يا عاشقين التفوق والنصر والنبا
الشايب اللي يسجل من جماهيرها      ترجعه كل ما فازت لعصر الصبا
فيها من الخيل سرعتها وتصويرها      ماهي بظبي لكن فيها وصوف الظبا
طغي علي الهجن واهل الهجن تاثيرها      بالنصر ربي هباها جل من هو هبا",تتجلى في هذه الأبيات الروح الأصيلة للصحراء وموروث الهجن، حيث يبرز الشاعر بفخر عميق لكل ما تحمله الهجن من سرعتها وتميزها التي تفوق حتى الظباء، رمزاً لفخر الأجداد وامتداداً لقيم التفوق والنصر. تتكرر الروح والجدية في كل بيت، مع تأكيد على حرص الشاعر على صياغة شعره بعقلانية ووعي، مما يجعل قصيدته لغة حية تُمجد حضارة الميدان ومكانة الهجن في ذاكرة الأجيال، من الشباب إلى الشيوخ. يتجسد التأثير العميق لهواة الهجن على القلوب، الذين يعيشون النصر وكأنه عودة لعصر الشباب، في انسجام يجسد تلاحم الإنسان مع تراثه وحبه للطموح والتميز.,"Cinematic medium shot of a dignified Emirati elder in traditional white kandura and intricately woven sadu-patterned bisht, his face reflecting proud determination and deep connection to heritage, standing amid muted cyan and desaturated teal desert dunes at golden hour, a majestic Arabian camel and swift racing camel silhouettes in the background symbolizing speed and ancestral pride, scattered desert roses and sand slipping through fingers subtly emphasizing legacy and time’s passage, volumetric rim lighting with cool blue-grey tones and soft warm amber highlights, shallow depth of field with bokeh, shot on ARRI Alexa 65 with anamorphic lens flare and subtle film grain, contemplative and noble atmosphere celebrating desert spirit and camel racing heritage, 8K photorealistic masterpiece, Apple TV+ documentary aesthetic, no text, no watermark, no women",,,,
239,هدهد سليمان,"تخاف الناس من ليل هذوبه      عقب ماشافوا العالم غدوبه
انا لو مالقيت اللي لقيته      لا اسوي في الزمان اكبر عجوبه
انا دربي علي العليا صنعته      ومن راد العلا يصنع دروبه
حكي لي ( هدهد سليمان ) عنهم      و عن سر وانا غايب حكوا به
الا يا طير خبرني وانا اللي      مثل ذاك الجبل ياللي اتقوا به
خوي الدرب ما يملك حبيبه      يشوف الصاحبه غير محبوبه
قصيدي مثلما العود المركز      يدش الراس ويغير اسلوبه
صباح الخير يا احمد محمد      صباح يلعب بغصنه هبوبه
انا لولا المشاعر ما اتكلم      عن اللي صادق او صدقوا به
مشاعر شاعر يبغي يتحرك      عقب ما كان صايبها رموا به
مدي الايام لو تغريك تجهل      مثل عالم ثنوا يوم اقتدوا به
علي درب المجامل والمنافق      الا يا كثر ناس قد مشوا به
وانا رجلي علي الطيب تخطي      وهي ماهي علي الطيب مغصوبه
لكنه طبع ابوي وطبع عمي      بنوا لي مجد حسادي دروا به
وانا اللي تصنع الامجاد كفي      مكان ابوي لا من غاب انوبه
مجرد ابسط الخمس الاصابع      علي وجه الدهر تضفي عشوبه
انا شاعر مميز في حياتي      اسهل كل درب له صعوبه
واذا تبغي بابدل الانجليزي      واترجم لك بدون ايه صعوبه
لما تروبه Many feeling apear      The night and darkness have many relations
والعالم نشوبه It goes and comes      اذا تكلمت عن يوم القيامه
احاسيسي تفاجاها برعوبه      وبين الليل والظلما علاقه تجي
وتروح والعالم بهوبه      وانا قلت البيوت اللي اعجبتني
ورحت بدرب ما منكم مشوا به      لو ان وجه الزمن عاقد حجاجه
مدار الارض تشكي من شحوبه      احسب ظروف وقتي واتفادي
مصادمها لو ان مابه صعوبه      واحاول امتلك عقل مفكر
عباقره الزمن ما فكروا به      كذا الانسان .. احساس وعقل
قبل يبدي خطاويه محسوبه      صنعت من الوعي مبدا التسامح
لان ابن ادم كبار عيوبه      و قل الفهم مبدا ما اعتنقته
ماهو صوبي وانا ماني بصوبه      لو ان قلب الحقيقه غير عادل
لتلقي المجرم بليا عقوبه      بشوت سترها ماهو بضافي
يحضنها الكبير و كم ثوبه      جزاك الله خير يالليالي
وذاك النجم قولي له يادوبه      يا دوبه يقدر يضيء المجره
واشعه شمسنا تعلن غروبه      ياليت البحر الاحمر ينشرب لي
شربته .. بس من يقدر شروبه      مجمعت الحكي ماني بمنهم
ولا اسولف بشي سولفوا به      اعبر من احاسيسي ما يصعب
علي التقليد واللي قلدوا به      احب الغيم لان الغيم عالي
يجسد كبرياءه في نصوبه      واحب الطيبين و لي معاهم
مثل ما للجنوبي من جنوبه      لان مجدي مثل قصر الخليفه
علي الساس القوي ثبت اوبه      ولا ينقص مقامي عند غالي
مادام ان هامه الطيب معصوبه      تري كثر التجارب نجحتني
وغيري كل يوم في رسوبه      اغني من طرب .. مره ومره
واغني حسي النفس الطروبه      وخطا الطيب علي الطيب جريمه
لكن ما اعذربه لو عذربوا به      يناظرني بعيب ليس فيني
رحمك الله .. لن تلقي مثوبه      تري فصل الشتا ياتيك بارد
لكن في الصيف تذبحك الرطوبه      مقادير الليالي مستمره
وسيع القفر ناسه ضيقوا به      اري خيل الزمن غارت علينا
ونوقات الاحاسيس محلوبه      اجوب الارض باقدام المعزه
ودرب ما يطاوعني ما اجوبه      لكن يا اغلي الحبايب وين دارك ؟
غدي قلبي من الفرقي لعوبه      حصان الشوق لعيونك سرجته
ولا يصعب علي مثلي ركوبه      تبسم كنك الفصل الربيعي
تمخطر كنك امجاد العروبه      تثني .. كل غصن لا تثني
يذوب به الهوي حتي يذوبه      يا ريح العود يالمسك اليماني
قطور الشام لا من عيدوا به      تشبهني بخلق الله ظلما
وانا قلبي مفاتنك اكفروا به      ورب البيت اني قد شعرت
بلحظات الفرح يوم الخطوبه      وعلي رمشك وخدينك وعينك
سلام الله سلام ما يشوا به      كلام الشك والهرج المنمق
من اللي ناظروه وما اشعروا به      انا مءمن بربي والتجي به
لو ان اهل الكفر ما امنوا به      الهي قد علمت بان عبدك
كسير القلب تقلقه ذنوبه      وكم كنت علي السراء فضا
وقد اعلنت في الضراء توبه      لقد ان الاوان لدمع عين
تصارع حزنها في كل نوبه","تعبير شعري عميق يستعرض رحلة الشاعر الذاتية في دروب العلا والمجد، مستوحاة من حكمة ""هدهد سليمان"" ورمزيته بين الحقيقة والسر العميق. يحمل الشاعر تحديات الزمن وأهواله، متجاوزاً محن القلوب النابضة بين الشكوى والتفاؤل، محتفظاً بصلابة الجبل الذي لا ينكسر، واثقاً بخُطى الوفاء والصمود في مواجهة المنافقين والمجاملين. يتابع سرد الأحاسيس المتقلبة والنقاء الداخلي بين ظلمات الليل وأنوار الفجر، معبراً عن ارتباطه بالطيبين والأصيلين، ومتذكراً أعزاء رحلوا، ليبرز قيمة التسامح وفهم الإنسان. قصيدته تفيض بكبرياء العروبة وكرامة النفس، وتختتم برغبة ملحة في اللقاء والدفء، وسط صراع مشاعر الحزن والرجاء، متجسدةً في لغة مفعمة بالتجارب والتحديات، من وحي الواقع والوجدان.","Cinematic medium-wide shot of Sheikh Mohamed bin Zayed (Bo Zayed) and Sheikh Hamdan bin Mohammed (Fazaa) standing together in a dignified unity pose on a muted cyan-tinted desert terrace at twilight, both gazing intently toward a distant horizon where the silhouette of a falcon soars above cracked earth and wilting desert roses, faces etched with solemn pride, visionary resolve, and deep poetic contemplation, wearing pristine white kanduras and black bishts with intricate gold embroidery, subtle incense smoke wisps curling upward and a single traditional khanjar resting on the sand nearby, volumetric golden-hour rim lighting with cool blue-grey tones and warm amber highlights, shallow depth of field with bokeh, shot on ARRI Alexa 65 with anamorphic lens flare, contemplative and majestic atmosphere, 8K photorealistic cinematic masterpiece, Apple TV+ premium documentary aesthetic, no text, no watermark, no women",URL,محمد,https://d2p7pge43lyniu.cloudfront.net/output/9008e7b8-d2a0-46c5-a436-968e22314408.jpeg,e5a7612845f14847b08805f7de0fbc06
240,ام الامارات,"عن الشعب وعن الحكام واهل الخير والابطال      وعن رايه جنود في سما صنعاء مرتزه
سلام الله سلام صادق من خاطر ينقال      ما ادزه بالرسايل انما باحساسي ادزه
علي ام الارض اخت الجود والتقدير والاجلال      سميه بنت خير الرسل ذات المجد والعزه
هذي امي ، وام الاب ، وام العم ، وام الخال      نباها فوق هامات السحاب وذكرها نزه
من النسيان ومن العيب لانها ام خير رجال      وام اهل الامارات التي بالعز معتزه
قوافل خيرها مرت علي صنعاء والصومال      بعد ما فرحت اهل سوريا والناس في غزه
لعيد الله حزه تنعرف مع كل نور هلال      وهي في كل حزه عيدها يا ماابرك الحزه
لو يقولون تقدر نسمه الغربي تهز جبال      تري صورتك وسط قلوبنا ماهي بمهتزه","في هذه القصيدة يتجلى الولاء والانتماء العميق لأم الإمارات، التي تجسد رمز العزة والجود والكرم. تمثل ""أم الأرض"" نفحة النبل والتقدير الذي يكتنف شعبها وحكامها، فهي الأم الحنونة التي تحتضن خير الرجال وتباهي بتاريخها العريق ومجدها الراسخ. تنتقل خيراتها وقوافلها إلى كل مكان من صنعاء إلى الصومال، حاملة السلام والأمل إلى الشعوب المتعطشة. تتردد سلاماتها الصادقة بين الناس، ولا تزداد إلا ثباتًا وإشعاعًا في القلوب، فتظل صورتها شامخة لا تهتز عبر العواصف والرياح. هذه القصيدة هي تكريم حيّ لـ""أم الإمارات""، التي تظل عيدًا دائمًا في كل حين، مشرقة كضوء الهلال في سماء المجد والكرامة.","Cinematic medium shot of a distinguished Emirati leader in pristine white kandura and black bisht with gold embroidery, his face etched with dignified pride and deep patriotism, standing atop a majestic sand dune under a muted cyan twilight sky, holding a traditional silver khanjar symbolizing honor while gazing at a distant silhouette of the Burj Khalifa, scattered wilting desert roses and wisps of incense smoke at his feet representing heritage and memory, volumetric rim lighting with cool blue-grey tones and soft amber accents, shallow depth of field with bokeh, shot on ARRI Alexa 65 with 85mm anamorphic lens, contemplative emotional atmosphere celebrating unity and generosity, 8K photorealistic masterpiece, Apple TV+ documentary aesthetic, no text, no watermark, no women",,,,
241,افترت,"الغيمه اللي في السما قامت تلوح بروقها      ياليتها تروي نخيل ديار خلي لا امطرت
واهم شي النخله اللي يابسات عروقها      لي تحتها ذكري توسع خاطري لامن طرت
ذكري هنوف كن صدري من غلاها سوقها      باعت علي الوجد والحزن الحقيقي واشترت
مشاعري حتي تمكن في خفوقي شوقها      ولا درت اني مولع في هواها ولو درت
ان الثري من تحتها وان السما من فوقها      وان الغلا يكبر معاها كل يوم لا اكبرت
همساتها نظراتها بسمه ثغرها ذوقها      والطله اللي من بهاها كل ظلما نورت
اسلوبها واخلاقها تفكيرها منطوقها      صفات زادتها كبر علي كبر لين افترت
والفاتنه لا استكبرت لا تنكرون حقوقها      من حقها من حقها من حقها لا استكبرت
كم تظلم الدنيا الي غابت علي معشوقها      اشعر بفرحه لا اقبلت واشعر بضيقه لا ادبرت
في ليله الذكري ونار فراقها وحروقها      سريت واحزاني هنا بين المحاني ما سرت
وانا رجل تجري دموعي بس داخل موقها      من عزتي من فوق خدي ما اذكر انها قد جرت",تتأرجح القصيدة بين نداء الطبيعة المهيب وذكريات عشق عميقة تلتصق بأحضان نخلة جافة، رمز الحنين والجذور. يتجسد الحزن في قلب الشاعر الذي يفتقد محبوبته، ويصف معاناته بين شوق متوقد ودفء الذكريات التي أسرت وجدانه، رغم هيبته ورجولته التي تخفي دموعه خلف جبروتٍ ظاهر. تتشابك الأوصاف التي تتغنى بجمالها وأخلاقها وروحها، فتكبر مكانتها في قلبه حتى تفوق الوصف، معبراً عن ظلم الدنيا بغيابها وتأرجح مشاعره بين الفرح والضيق. بذلك تُقارب القصيدة حالة الاشتياق المركبة بين فخر الذات وضعف العشق، ملتقية في مشهد يجمع بين الطبيعة والوجد الإنساني في ليل الفراق الممتد.,"Cinematic medium shot of a distinguished Emirati man in pristine white kandura and black bisht, his face etched with dignified sorrow and suppressed longing, standing amidst muted cyan-tinted desert dunes at twilight under a dry date palm symbolizing deep roots and nostalgia, scattered wilting desert roses and cracked earth at his feet representing heartbreak and separation, distant silhouette of Burj Khalifa against desaturated teal sky, subtle incense smoke wisps rising from an Arabic coffee pot nearby, volumetric rim lighting with cool blue-grey tones and soft amber accents, shallow depth of field with bokeh, shot on ARRI Alexa 65 with 85mm anamorphic lens, contemplative emotional atmosphere blending pride and vulnerability in the night of separation, 8K photorealistic masterpiece, Apple TV+ documentary aesthetic, no text, no watermark, no women",,,,
242,القادر,"في رجا عفو من القادر .. عبيد القادر      صلت وصامت وجات البيت حج و عمره
رحمه الله يا بشر ماهو بشي نادر      ننتهي عن ما نهانا ونتقيد بامره
اطلبوا جنته بالتوبه ودمع صادر      من عيون مكتسيها من بكاها حمره
واستعيذو به من ابليس الخبيث الغادر      واتقوا ناره ولو حتي بشق التمره
يدري ابن ادم لو ان طال العمر بيغادر      وللهدي زمره واكيد ان لضلاله زمره
لو محبينه كثر زبد المحيط الهادر      لا انتهي عمره مازادو نص يوم فعمره
المهم اللي مسند فوق الارض وحادر      ارض ربي بك ومن دونك تري منعمره
ان قدرت انك تبادر بالمكارم بادر      ولا تقارن حر نار الله بحر الجمره","في هذه القصيدة الروحية، يوجه الشاعر ""فزاع"" دعوة حارة للتوبة والاستغفار من ""القادر"" المتعال، معبراً عن العلاقة العميقة بين الإنسان وربه القادر على العفو والرحمة. يستعرض الشاعر رحلة العبد الملتزم بالعبادة والطاعة، متذكراً أهمية الحج والعمر كفرص للرجوع إلى الله، معترفاً بقدرة الخالق على منح المغفرة رغم تقصير البشر. يحث على المبادرة إلى فعل الخير والابتعاد عن الشر، منبهاً إلى أن نار الله أشد حراراً من كل ما يعيش فيه الإنسان. يعكس النص التأمل في زوال الدنيا ودوام حق الله، مؤكدًا أن ما يبقى هو تقوى الله والعمل الصالح، مبرزاً قيمة الانقياد لأوامر المولى في عالم لا معمر إلا بأمره.","Cinematic medium shot of Sheikh Hamdan bin Mohammed (Fazaa) in pristine white kandura and black bisht with gold embroidery, his face etched with deep spiritual contemplation and humble devotion, standing on muted cyan-tinted desert dunes at twilight, scattered wilting desert roses and prayer beads at his feet symbolizing repentance, distant silhouette of a sacred Kaaba against desaturated teal sky, subtle incense smoke wisps rising from an Arabic coffee pot, volumetric rim lighting with cool blue-grey tones and soft amber accents, shallow depth of field with bokeh, shot on ARRI Alexa 65 with 85mm anamorphic lens, contemplative emotional atmosphere reflecting the eternal nature of God's mercy, 8K photorealistic masterpiece, Apple TV+ documentary aesthetic, no text, no watermark, no women",,,,
243,افهم مكانك,"يا اصحابنا يا اهل الوجوه السفيره      نادوا علي عزام عندي امر هام
وعزام لي ف الوقت مثل الذخيره      احتاجها الي كثروا في دربي اخصام
عندي قصيده قافيتها مثيره      وعزام شاعر عنده بشعري المام
كتبتها قبل امس عند الظهيره      وبعد ما كملت قلت: نادوا العزام
نار الهجوس (اللندنيه) سعيره      لو غصنها الاخضر تداعبه الانسام
ياللي تدور للنجاح ونظيره      اقرب.. بعد اقرب.. بعد اقرب ودام
انك من اصحاب العقول المنيره      ركز معي واكتب مقوله بالاقلام
ابا اسالك سءال ما فيه غيره      اجابته بتوجهك وبشكل تام
عندك صبر من هالحياه المريره      اذا نعم.. من دون وسواس واوهام
خلك كبير، وامنياتك كبيره      مهما تحاول تحبطك سود الايام
وان كان لا.. خل امنياتك صغيره      لا تلعب بعقلك كبيرات الاحلام
الدافع بداخلك مايستثيره      سوي النجاح العذب من وحي والهام
خل الامل يصاحبك ف المسيره      واطمح طموح يحفزك للتقدام
تري الطموح يحكمك كل ديره      حتي لو انك ما انت من صلب حكام
وقف بفكرك للزمان وتديره      ويسولف التاريخ عنك للاعوام
واقدم اذا كان التقدام خيره      الاقدام له وقته وله وقت الاحجام
ولا تهور تدخل ب كل حيره      ولا تراخي، ف التراخي تندام
انك تكون الاول ف كل سيره      او الاخير.. المساله حسبه ارقام
ما كل ناس بالمكانه جديره      لو بالغ ف تضخيمها صوت الاعلام
افهم مكانك في الصفوف الاخيره      حتي تعرف الفرق لا صرت قدام","في هذه القصيدة، يتجلى نداء الشاعر نحو الحكمة وتقدير الذات على طريق النجاح، مستعيناً بشاعر الذكاء ""عزام"" ليكون صوت الحكمة في زمن كثرت فيه المناشدات والتحديات. يحث الشاعر على الصبر والثبات أمام مصاعب الحياة، مع تأكيد أهمية الطموح الكبير المدعوم بالأمل والنجاح الحقيقي المستلهم من الإبداع. يدعو إلى الوعي بمكانة النفس وعدم التهوّر في السعي أو الاستسلام للتراجع، مع فهمٍ عميق لدور الإنسان في مسيرة الحياة، فتكون الخطوات محسوبة بين الجرأة والتروي، مع إدراك محدودية النفوذ حسب الواقع. بذلك يعيد رسم خارطة النجاح كرحلة متزنة تتطلب إدراك الذات والزمان، ليتحول التاريخ إلى شهادة على حكمة الاختيار والتقدم.","Cinematic medium shot of Sheikh Hamdan bin Mohammed (Fazaa) in pristine white kandura and black bisht with gold embroidery, his face etched with dignified wisdom and contemplative resolve, standing on muted cyan-tinted desert dunes at twilight, scattered wilting desert roses and prayer beads at his feet symbolizing patience and devotion, distant falcon silhouette against desaturated teal sky, subtle incense smoke wisps, volumetric rim lighting with cool blue-grey tones and soft amber accents, shallow depth of field with bokeh, shot on ARRI Alexa 65 with 85mm anamorphic lens, contemplative emotional atmosphere, 8K photorealistic masterpiece, Apple TV+ documentary aesthetic, no text, no watermark, no women",,,,
244,اعذروا رماح,"من غراءب هالحياه ارجو من الله السكينه      فوق الارض ورحمته اكبر طموحاتي تحتها
كل مولود يشوف ف جيله الحاضر بعينه      لا كبر غرايب ماتت جدوده ما راتها
وبين جيل وجيل مازالت مشاعرنا رهينه      للجروح، وللطعون، وللسنين وعجرفتها
والحياه اللي نثمنها تري ماهي ثمينه      لو خلت قلوبنا من المشاعر وبركتها
والتناقض ف الزمان اللي تتعبنا سنينه      لو يهز اهل المنازل مايزعزع منزلتها
يبكي البستاني ان قطفت امامه ياسمينه      انما تفرح بقطفتها يدينن قاطفتها
والهجوس اللي تهز اهل الشعر حبكته وينه      ناوي اكتب لي قصيده في عجايب قافيتها
تحزن اهل الريف وتبكي جماهير المدينه      لين اخلد في تواريخ القصايد سالفتها
الصبر يا قلب وجروحك ورا ضلعك دفينه      لليالي فلسفه، والناس تجهل فلسفتها
والحزن لو له حواجز تنبني بينك وبينه      كان شفت اللي شكت الاحزان من قبلك بنتها
اعذروا رماح لو بان الحزن في وسط عينه      يعرف من هي عجايب ويعرف شو منزلتها
ويعرف كم فارس ذاق المراره والغبينه      يوم نافسها، ويعرف كم بطوله حققتها
ويعرف شيخ تبشر بالفخر طله جبينه      الجبال الشامخه ربي وهب له من صفتها
عبقري عصره وعز بلاده وشعبه ودينه      تفتخر فيه العروبه لين سمي مفخرتها
ياعجايب فارسك ما تلوي الدنيا يمينه      لكن الفرقي عذاب وكل نفس ومقدرتها
العيون الحاسده ووعوره الارض اللعينه      خسرت عشاقتك شوفك لكن لو خسرتها
ماخسر فارس لجامك ماخذل قبضه يدينه      لين نافس عالم ماحد قدر لمنافستها
معنويه فارسك للغيم وعزومه متينه      والرجال تبين في يوم الشدايد مرجلتها
والقصيد اللي يعبر عن مشاعرنا يازينه      والقلوب اللي بدون احساس ياقل بركتها
كبرياءي يجبر الخافق مايكشف عن حنينه      وفيه دمعه في عيوني بس عيني ما ادمعتها","ترسم القصيدة لوحة وجدانية تغوص في تناقضات الحياة وألمها المتوارث عبر الأجيال، حيث ينبض القلب بالصبر رغم جراح الزمن ومرارة الفقد. تتجسد مشاعر الحزن والوفاء في رحلة الفارس ""عجايب"" الذي صمد أمام العواصف، محافظاً على عزيمته وصموده كما الجبال الشامخة التي ورث صفاتها. يؤكد الشاعر على أن الكبرياء يُخفي حرقة الحنين والدموع المكبوتة، معبراً عن فلسفة الحياة في مواجهة الأقدار بما تحمله من ألم وفرح. تستحضر الأبيات الوفاء للعزيمة التي لا تلين، والروح التي تخوض المنافسة بلا هزيمة، في حالة إنسانية تجمع بين الكبرياء المكبوت والأمل المستمر في رحاب السكينة والرحمة الإلهية.","Cinematic medium-wide shot of Sheikh Mohamed bin Zayed (Bo Zayed) and Sheikh Khalifa bin Zayed (Bo Khalifa) standing side-by-side in a dignified unity pose on a muted cyan-tinted desert terrace at twilight, both placing a hand gently over their chests in a gesture of deep reflection and shared heritage, faces etched with solemn pride and visionary resolve, wearing pristine white kanduras and black bishts with intricate gold embroidery, distant falcon silhouettes and subtle incense smoke wisps curling upward, volumetric golden-hour rim lighting with cool blue-grey tones and warm amber highlights, shallow depth of field with bokeh, shot on ARRI Alexa 65 with anamorphic lens flare, contemplative and majestic atmosphere, 8K photorealistic cinematic masterpiece, Apple TV+ premium documentary aesthetic, no text, no watermark, no women",URL,شيخ,https://d2p7pge43lyniu.cloudfront.net/output/64596c5a-d820-48cc-bed2-17b5192ffde0.jpeg,35fdb80e1e084e84abaeb0a67236e92e
245,ميدان التفاخر,"بدا للشعر طاري والشعر تفخر به الاجواد      لكن ما كل شاعر يبدع القيفان يسعدها
تجهز يا هجوسي ما بقي دون الوعد ميعاد      تري لك صفحه الابداع كف الشعر فاردها
يبي منك قصيده ذكرها يبقي مع الاحفاد      مقاصدها عظيمه والعظاءم من مقاصدها
تهز احساس شاعرها وهي في مرحله الاعداد      واذا تمت..تهز احساس سامعها ومنشدها
كان رقه قوافيها مثل رقه هوا ( بغداد)      خليجيه معاني لكن الرقه تبغددها
ولا تامن علي شعرك من الناقد تري النقاد      علي درب المعاني كل فكره بيت تنقدها
وانا شوقي لداري كل يوم بخافقي يزداد      يا داري فكرتي لاجلك علي الواقع اجسدها
قديم بيوتي بمدحك لو انها داءما تنعاد      مع عشاقي اللي من كبر قدرك ترددها
انا والله ما اعيد اللي كتبته فيك لو يزداد      طلب جمهوري اللي من غلاك يقول لي عدها
من امجاده مع كل انبلاجه نور شمس جداد      من بيوت الشعر ما يستحق الا جداءدها
في الاستعداد يابلادي انا داءم في الاستعداد      اجهز لك من بيوت القصيد اجمل فراءدها
قراءحنا علي حبك انا واصحابي القصاد      نفسرها ولا تجهل قصيدي من قصاءدها
في ميدان التفاخر لجل وصفك يا اعز بلاد      نسوق افكارنا والسابق اللي تطلع بيدها
تبختر يا علمنا في السما عالي وكالمعتاد      لك شعوب وفيه ما نست وقفات زايدها
هنا يوم الوطن والمفخره والنصر والامجاد      لدار (زايد) الخالد رحمه الله خلدها
وطنا سولف التاريخ بالهجري وبالميلاد      علي امجاد لك التاريخ نفسه كان يشهدها
وطنا لك سلام فيه من ريح النفل والكاد      ومن ود القلوب اللي ما تخفي لك توددها
وطنا ما تعرف الظلم والذله والاستبداد      امانك كل وحشه في قلوب الشعب بددها
وطنا غيمتك تبرق فخر واجلال ورعاد      يذكرنا بصوت جدودنا يوم سواعدها
تحرث الارض وحدود البلد تحماه بالاجساد      ولا ترضي باقل من النصر لانه عوايدها
واذامات الرجل دون الوطن في لحظه استشهاد      هله ما حن نعزيها في موته بل نعايدها
تهني اخته اخوانه وكن موته من الاعياد      تفاخر في مماته والدتها قبل والدها
يغني باسمه التاريخ والشجعان والاسياد      وتدعوا له قلوب اهل التقي لحظه تشهدها
نحور اهل الضغينه روسها لسيوفنا تنقاد      تفج نحورها حتي يهاب الحرب سيدها
نحن لاهل المكايد دون حد الدار بالمرصاد      نكيد وكيدنا باذن الولي يغلب مكايدها
نحن من ينصر الاسلام ونعاضد شعوب الضاد      والاعدا ضدها عهد علينا ما نعاضدها
نحن بيض الوجوه اللي ما تغدر والرجال اشهاد      لا صار وجيهكم يا اهل الغدر ربي مسودها
نحن قوم ما تنكر عشره اهل الملح واهل الزاد      ولا تخلف وعوده للوفا لا حل موعدها
نحن من كلمه التوحيد كلمتنا وحن عباد      لرب الكاءنات اللي من اللا شي اوجدها
نحن عند الشداءد ما نزعزع والعزوم شداد      بيارقنا علي هامه معادينا نشيدها
نحن من يعدل الماءل عن الميله واذا ما فاد      تميل هامته حدب السيوف اللي نجردها
نحن بكفوفنا حل العقد رغم علي العقاد      وهو ما يقدر يحل العقود اللي نعقدها
يا ريسنا لك البيعه من الشياب والاولاد      مع شمس الصباح قلوبنا لاجلك تجددها
يقلدك الفخر شعبك ، فخر مالك عليه انداد      لانك يا طويل العمر بالعزه مقلدها
(خليفه) كلمته من حكمته يقنع بها الاضداد      له قلوب البشر من طيبته كنه مجندها
وحنا له جنود شيوخ او ضباط او افراد      تحت امره يالين تموت ما تعلن تمردها
خصومه خيلها داءم علي بحر الردي وراد      وهو خيله علي بحر الوفا داءم يوردها
وابو راشد وابوخالد سيوف في اللزوم حداد      مع حكام دولتنا تعاهدك وتعاهدها
رجال بلادنا خير السند ياللي تريد سناد      يا سندها علي مثل الجبل او لا تسندها
رجال ما تعرف التفرقه والكفر والالحاد      مع خمس الفروض الله اكبر في مساجدها
رجال كثره انجازاتها .. كثره لها حساد      لكن تبقي فعاءلها ويفني قول حاسدها
رجال في نهار الحرب جمر فعولها وقاد      شياطين العباد بقيد وحدتنا نقيدها
عرمرم سيلنا ياللي تعرض سيلنا لا عاد      تعرض سيلنا واخذ النصيحه لا تعادوها
يزلزل عزمنا شم الجبال اللي في الارض اوتاد      يالين اهل العناد تتوب من كثره معاهدها
ومن يعد المكارم والمكارم تتعب العداد      مكارمنا ما تقدر عدها ياللي تعددها
سبت عبله برقتها عقل(عنتر) ابن شداد      وداري شرف الله شعبها في ظل قاءدها
سبت بالنهضه اللي اسسوها للعلا رواد      عقول شعوبها من قبل تسبي عقل وافدها
توحد لك يا داري من وفا شعبك قلوب عباد      وشعبك من وفاك قلوبهم تعلن توحدها
عسي الله يحفظك يا شعبنا من صاحب الاحقاد      وحكامك خطاويها علي العزه يسددها
هنا يوم الوطن والمفخره والنصر والامجاد      لدار (زايد) الخالد رحمه الله خلدها",تتجلى في هذه القصيدة ملحمة مهيبة تنبعث من ميدان التفاخر بوصف الوطن الإماراتي وأمجاده المتجددة، تحت راية الوفاء والمحبة الراسخة في قلوب أبنائه. ينطلق الشاعر من رصانة الشعر وروعة ألفاظه التي تسعى لتخليد ذكر الوطن وقادته، مُحيطاً بفروسية رجال الإمارات وشموخهم الذين يذودون عن حدوده بأرواحهم، رافعين رايات العزة والتوحيد. تتداخل فيها إشادات بالقيادات الحكيمة، وعلى رأسها صاحب السمو الشيخ محمد بن زايد (بوخالد) وخليفة بن زايد، حيث يظهر الوفاء العميق لهم بوصفهم حماة الأمن والاستقرار، ومصدر الفخر والأمان لشعب متحد الصف والكلمة. تعبر القصيدة عن رفض الظلم وتجذر المحبة بين شعب محصن بوحدة إيمانية وقيم أصيلة، معززة قصة وطن لا يعرف الذل، ويسعى دوماً للسمو والازدهار بجهود أبنائه الكرام. يُختتم النص بتجديد العهد على السمع والطاعة والوفاء لقادة الإمارات، مؤكداً أن تاريخ وشموخ الوطن مرآة لبذل الغالي والنفيس، والتزام لا ينثني.,"Cinematic medium-wide shot of Sheikh Khalifa bin Zayed (Bo Khalifa), Sheikh Mohamed bin Rashid (Bo Rashid), and Sheikh Hamdan bin Mohammed (Fazaa) standing together in a powerful unity formation on a muted cyan-tinted desert terrace at twilight, all raising their hands in a solemn tribute gesture toward the horizon where the Burj Khalifa skyline glimmers faintly in the distance, faces etched with dignified pride, visionary resolve, and deep emotional connection to their heritage, wearing pristine white kanduras and black bishts with intricate gold embroidery, traditional Sadu patterns woven subtly into the fabric of their attire, distant falcon silhouettes soaring above dunes, wisps of incense smoke curling upward, volumetric golden-hour rim lighting with cool blue-grey tones and warm amber highlights, shallow depth of field with bokeh, shot on ARRI Alexa 65 with anamorphic lens flare, contemplative and majestic atmosphere, 8K photorealistic cinematic masterpiece, Apple TV+ premium documentary aesthetic, no text, no watermark, no women",URL,"زايد,راشد,خليفة",https://d2p7pge43lyniu.cloudfront.net/output/1db01766-e3dd-4e4c-866d-c983eac47f90.jpeg,2d7bfa19f42941a3885c578432ed4140
246,الزعيم الملهم,"للزعيم الملهم لشعبه وللامه بوادر      وانت يا سلمان فيك الاوله واللي يليها
المليك اللي علي صنع الحدث في الارض بادر      والحكيم اللي الي جات المصايب يحتويها
مرحبا بك من لفيت ارض الوفا حتي تغادر      ولو تغادر ذكرياتك خلدت بالعز فيها
نادر وما تستحق من البيوت الا النوادر      البيوت اللي في مدحك تحترمها سامعيها
اثبتت كل الوقاءع واكدت كل المصادر      ان وحدتنا وهيبتنا تتعب حاسديها
وان ولاء شعوبنا لشيوخها هالوقت نادر      علم اللي ينتقص فاهل الخليج ويزدريها
قدره الله غالبه علي مكايد كل غادر      والعروبه واهلها علي هدي سنه نبيها","في هذه القصيدة تحتفي ""فزاع"" بالزعيم الملهم سلمان، الذي يمثل البداية والنهاية في صناعة الحدث وحل الأزمات بحكمة وإقدام. يقدم الشاعر تحية ضافية للزعيم الذي تجولت في أراضي الوفاء مع امتداد ذكراه الخالدة، مؤكداً ندرة مثله بين البيوت والمجالس التي تحترم سيرته. يثبّت الشاعر حقيقة وحدة الشعوب وهيبتها التي تثير غيرة الحاسدين، مبرزاً ولاء الخليج لشيوخها وقدرة الله على حماية القادة من مكائد الغادرين. كما يربط النص بين العروبة واتباع سنة النبي، ليجسد صورة القائد الحكيم الذي يقود الأمة بثبات وعزم نحو المجد.","Cinematic medium-wide shot of Sheikh Salman bin Mohammed Al Qasimi (Bo Salman) standing as the central figure in a dignified, visionary pose on a muted cyan-tinted desert terrace overlooking a modern skyline at twilight, holding a traditional UAE flag aloft with one hand while placing the other over his heart in a gesture of deep loyalty and leadership, face etched with solemn pride, wisdom, and protective resolve, wearing pristine white kandura and black bisht with intricate gold embroidery, subtle incense smoke wisps curling upward and distant falcon silhouettes against the horizon, volumetric golden-hour rim lighting with cool blue-grey tones and warm amber highlights, shallow depth of field with bokeh, shot on ARRI Alexa 65 with anamorphic lens flare, contemplative and majestic atmosphere celebrating unity and heritage, 8K photorealistic cinematic masterpiece, Apple TV+ premium documentary aesthetic, no text, no watermark, no women",URL,سلمان,https://d2p7pge43lyniu.cloudfront.net/output/e1afbecc-1c81-4382-a8c6-4074cd3d60c2.jpeg,7c242d107ca64139a78cf1b8b2665428
247,رد حمدان بن محمد علي ابياتضاحي خلفان,"مرحبا ياللي فهم قبل الاشاره      ضاحي اللي مركزه فوق القمم
دون حكامه ودون حدود داره      لو طلبته دم قلبه قال: تم
صاحب يصدق معك في الاستشاره      وان طلبته يكتم اسرارك، كتم
ليله بصدقه مثل واضح نهاره      يستحق اقول ضاحي والنعم
وفيه ناس قربها يحسب خساره      لا عهود وافيه.. ولا ذمم
فارق عنهم مكانك فالصداره      فرق اعلي الراس من واط القدم","يتجلى في هذه الأبيات تمجيدٌ لخصال ""ضاحي خلفان"" التي ترتقي به فوق الجميع، كرمز للنبل والصدق والوفاء. يشيد الشاعر بقدرة ""ضاحي"" على الفهم العميق قبل حدوث الأمور، وولائه المطلق لأصحابه، خصوصاً في المواقف التي تتطلب الثقة والحكمة. تتجلى المصداقية في كتم أسرار الأصدقاء، وتُشبَّه صداقته بضياء النهار الواضح، مقابل من حوله الذين يفتقدون العهد والوفاء، مما يجعل مكانته في القمة مميزة وعالية كهيبة الرأس مقارنة بالدون. هذه القصيدة لوحة أصيلة تعكس قيمة الإخلاص والتميز في مجتمع يسير بين الوفاء والخيانة.","Cinematic medium shot of Sheikh Hamdan bin Mohammed (Fazaa) in pristine white kandura and black bisht with gold embroidery, his face etched with dignified wisdom and noble pride, standing on muted cyan-tinted desert dunes at twilight, scattered wilting desert roses and a single falcon feather symbolizing freedom and nobility, distant silhouette of traditional architecture against desaturated teal sky, subtle incense smoke wisps, volumetric rim lighting with cool blue-grey tones and soft amber accents, shallow depth of field with bokeh, shot on ARRI Alexa 65 with 85mm anamorphic lens, contemplative emotional atmosphere reflecting loyalty and integrity, 8K photorealistic masterpiece, Apple TV+ documentary aesthetic, no text, no watermark, no women",,,,
248,الحزن راحه,"ياللي تقول ان الصراحه شعارك      طبق علي نفسك نظام الصراحه
الناس ما يمشي عليها قرارك      بعض الصراحه تعتبرها وقاحه
ومن دور لشورك عسي لا استشارك      شورك يكون اكبر سبب لارتياحه
لا تنتحر لا ضقت لان انتحارك      جريمه ف دين الهدي والسماحه
فالضحك راحه بس احب اتدارك      واعلمك ان الحزن فيه راحه
لذا في قلبك ه الثنين تشارك      منهم تري ما للخفوق استراحه
من كثره افراحه في عيد مبارك      يوم الحزن لابد تكثر جراحه
قبل يضيع العمر ، حدد مسارك      ما زالت الفرصه امامك متاحه
لو ان همومك فالضمير تعارك      دع للتفاءل في ضميرك مساحه
شف سوريا بعد السياحه معارك      والبوسنه بعد المعارك سياحه",في هذه القصيدة، يتجدد الحوار مع الذات حول معنى الصراحة والصدق، حيث يُطلب من الإنسان أن يطبق نظام الصراحة على نفسه قبل أن يطلبه من الآخرين، مع الاعتراف بتفاوت تقبل الناس لهذا المبدأ بين وقاحة في بعض الأحيان وفهم في أحيان أخرى. يحذر الشاعر من اليأس والانتحار، مؤكدًا أن الحياة هبة من دين الهدي والسماحة، وأن الضحك راحة لكنه ليس الترياق الوحيد، فالحزن أحيانًا يحمل في طياته راحة للروح. يتحدث عن توازن المشاعر في القلب، وكيف أن كثرة الأفراح تستدعي وجود الحزن، ما يؤكد على ضرورة الرؤية الواقعية للحياة وتحديد المسار قبل فوات الأوان. يُشجع على التفاؤل والاحتفاظ بمساحة للأمل، مستشهداً بالصراعات التي مرت بها بلدان مثل سوريا والبوسنة، حيث تحولت المحن إلى فرص للسلام والتغيير. بذلك، تعكس القصيدة رسالة عميقة عن الصبر، التوازن النفسي، والتمسك بالأمل وسط تقلبات الحياة.,"Cinematic medium shot of a contemplative Emirati man in pristine white kandura and black bisht with subtle gold embroidery, his face etched with dignified introspection and balanced melancholy, standing on muted cyan-tinted desert dunes at twilight, scattered wilting desert roses and cracked earth symbolizing pain transformed into resilience, distant silhouette of a falcon against desaturated teal sky, volumetric rim lighting with cool blue-grey tones and soft amber accents, shallow depth of field with bokeh, shot on ARRI Alexa 65 with 85mm anamorphic lens, contemplative emotional atmosphere reflecting inner peace amidst life's fluctuations, 8K photorealistic masterpiece, Apple TV+ documentary aesthetic, no text, no watermark, no women",,,,
249,صاحب الهجر,"يا صاحب الهجر هجرك ويش سوي بي      ويلك من الله ترفق في عباد الله
نحلت عظامي من الهجران و ثيابي      لو تستر الجسم ماهي تستر العله
بكره توقف من اللهفه علي بابي      نفسك من الشوق والحرمان منتله
لو تفقد اعصابك انا ماسك اعصابي      ذق ما يذوقه حبيبا كان متوله
عتاب قلبي علي الهجران وعتابي      عليك يا بو رموش وقذله حله
لا تسال الناس عني لانك ادرابي      ولا تذكر الشوق لا كثره ولا قله
ان كان قلبك الي من جيت هلابي      بعد البطا ف انت قلبي كنت محتله
اعطيتني بعد ودك لكن الغابي      اعطيته لشخص ما يستاهله والله
با سامحك يالغلا والشوق غلابي      غدرت بي بعد ما خذت الغلا كله
بعلمك عن سبب واحد من اسبابي      يدعو الي الحزن واللي يسالك قله
ما زود الحزن الا غدر الاصحابي      يا ليت قلبي حجر او ليتهم قله
هاجر يا اول غرامي واخر احبابي      انا عزيز ما يرضي حبه يذله
سيفي يقص الحجر من قو مضرابي      لكن انا للضعافي ماني اسله",يثور الشاعر في هذه القصيدة ضد شبح الهجر والعذاب الذي خلفه، معبراً عن وجع العيون وذبول الجسد تحت وطأة الفراق المؤلم غير المبرر. يقف عند معبر الاحتراق الداخلي الذي لا يشكّل غطاءً للجسد وإنما جرحاً نازفاً لا يخفى، بينما يحتفظ بصموده وأعصابه رغم تحفّز الشوق والحرمان الملتهب. يتحسر على خيانة الأحبة الذين غدروا به بعدما منحه كل الوفاء والحب، ويستنكر تبرير الغدر بذرائع عدة، مستشهداً بقسوة الاحباط التي زادت من همومه. يحمل قصيدته عبء الحكمة الفريدة في رفض الذل مهما قسّت الظروف، مشدداً على عزة النفس التي لا تستسلم، حتى وإن قُطعت الأحبة، يبقى السيف حاداً كحجر القساة، لا ينحني للضعفاء. تختزل الأبيات حالة نضال الشاعر بين شظايا الحب والخيانة، مرصعة بعتاب مؤلم وغصة لا تنزاح، تدعوه لكل من وهب قلبه أن يعرف معنى الصبر والعزة وسط عواصف الغدر.,"Cinematic medium shot of a male Emirati poet in pristine white kandura and black bisht, his face etched with dignified defiance and deep sorrowful contemplation, standing on cracked desert earth under muted cyan-tinted twilight skies, wilting desert roses and scattered incense smoke wisps symbolizing broken love and memory, distant silhouette of a sharp khanjar representing unyielding honor and strength, volumetric rim lighting with cool blue-grey tones and subtle amber accents, shallow depth of field with bokeh, shot on ARRI Alexa 65 with anamorphic lens flare, atmosphere of resilient pride amidst betrayal and pain, 8K photorealistic masterpiece, Apple TV+ documentary aesthetic, no text, no watermark, no women",,,,
250,ميلاد ابوخالد,"يوم ميلاد ابوخالد نصير الدين      انولد فيه نخوه قبل يولد شيخ
اربع اركان في هاليوم محتفلين      الفخر والوفا والعز والتاريخ
له صفات ماهي توجد مع الحيين      من يعارض علي يستاهل التوبيخ
كن ابوخالد الله يحفظه من عين      حاسده قادم من كوكب المريخ","في ميلاد ""بوخالد"" نصير الدين تتجلى أروع معاني النخوة والعز والوفاء والتاريخ الذي يعتز به القلب الإماراتي، في يوم يحتفل فيه أربع ركائز عظيمة تمثل الفخر والكرامة. يصور الشاعر ""فزاع"" شخصية متميزة تتفرد بصفات سامية لا يتصف بها غيرها من الناس، مؤكداً أن من يعارضه يستحق اللوم والنصح. يرفع القصيدة بالدعاء بحفظه من كل عين حاسدة، معبراً عن حقد وحسد الخارجين عن وطنهم وكأنهم من عالم آخر، ليؤكد أن ""بوخالد"" رمز القوة التي تحمي الوطن وتجمع صفاته القيادية في شخصية واحدة.","Cinematic medium-wide shot of Sheikh Mohamed bin Zayed (Bo Zayed) standing alone in a dignified, contemplative pose on a muted cyan-tinted desert terrace at twilight, holding a traditional UAE flag with one hand while placing the other over his heart in a gesture of deep pride and solemn resolve, faces etched with visionary leadership and protective warmth, wearing pristine white kanduras and black bishts with intricate gold embroidery, distant silhouettes of falcons soaring above cracked earth and subtle incense smoke wisps curling upward, volumetric golden-hour rim lighting with cool blue-grey tones and warm amber highlights, shallow depth of field with bokeh, shot on ARRI Alexa 65 with anamorphic lens flare, contemplative and majestic atmosphere celebrating heritage and strength against a backdrop of modern skyline, 8K photorealistic cinematic masterpiece, Apple TV+ premium documentary aesthetic, no text, no watermark, no women",URL,شيخ,https://d2p7pge43lyniu.cloudfront.net/output/9cd6b3a0-dfe1-424f-a734-9dd82a76e27b.jpeg,144abfd43c854d1ebc22968b6e6e6316
251,مفهوم,"ياليل ياللي في سماك نجوم      ياصاحب الولهان والمهموم
عرفتني والا ما زلت مشبه      نعم انا حمدان ابن مكتوم
اللي فهم اكثر شعور العالم      وهو شعوره ماهو بمفهوم
يحب يكسب هيبته بذراعه      مايحب يكسبها بحب خشوم
صارت عيوني تستلذ السهره      وعيون غيري تستلذ النوم
فان ظننت ان السبب من غالي      جذب فءادي عوده المبروم
اقول ظنك غير ظني .. لكن      تراك عندي غالي ومحشوم
لو كنت مسقوم من اللي حبه      بين الحنايا ، قلت لك مسقوم
انا سهرتك والسهر يغريني      عندي من احداث الزمان علوم
ترجمتها لك في قصيده شاعر      حسب قوانين الشعر محكوم
وانا علي نظم الشعر من صغري      غير البيوت النادره ما اروم
تغريني الافكار واجمل فكره      تلامس اللي في الصدر مكتوم
ارسم طريق القافيه والمعني      رسم الطريق الواضح المعلوم
والشاعر اللي يدعمه جمهوره      تلقاه دايم بالنصر مدعوم
دارت رحي حربي مع ايامي      حاربتها وانا معاي سهوم
الصبر والايمان ان المءمن      لابد له من يومه المحتوم
عندي امل بالنصر لو قلتوا لي      تري النتيجه وضعها محسوم
ويا منافسيني في بقاع الدنيا      عن الحسد والكبرياء اشوم
روحي رياضيه وقلبي صافي      انا في كوم وحاسدي في كوم
اهني الفايز علي وارفع له      كفي وارحب فيه في المرموم
واللي ماهو ملزوم في تقديري      انا في تقديره تري ملزوم
وان كانت النخوه معه معدومه      طيبي في راسي ماهو بمعدوم
اعامله باخلاقي اللي كانت      مشهوره عن جدي المرحوم
لو كل طير في جناحه ريشه      اهل الصقاره تعرف الصيروم
وتميزه عن غيره من اوصافه      لو كلها فوق الجبال تحوم
ان شافته ماتلتفت في غيره      وان سامته قامت تزيد السوم
ويازارعين الثوم في بستان      عشبه خضر لاتزرعون الثوم
الناس تعشق نفحه الريحانه      والفل والياسمين والمشموم
وصيه القايد لابن القايد      اللي يكررها زمانه دوم
ماهو مهم انه يطيح الفارس      مليون مره من طعون القوم
لو لم يكن فارس ماجاته طعنه      بس المهم انه يعرف يقوم
وانا عزومي ماتعرف الطيحه      عندي من الصدمات قو عزوم
اللي يحسب ان دمعتي من عيني      باتطيح ، قولوا له عليه اللوم
لو نفرض انها طاحت من عيوني      تراي واقف وقفه الشغموم
من الغيوم تطيح قطره قطره      لكن ماشفنا تطيح غيوم
لله رحمه تكفي اهل الدنيا      من يوم ادم لين هذا اليوم
فاليرتجي رحمته من يرجوها      والمنحرم منها هو المحروم
لا شفت لك انسان معطي نعمه      لاتحسده في رزقه المقسوم
ولا تسب الوقت ، ولا حظك      وتزم خشمك مايفيد الزوم
يوم عليك ويوم لك والدنيا      ماترحم الخادم ولا المخدوم
لو تنصر الظالم علي من يظلم      ياويلك من الواحد القيوم
من دعوه المظلوم قل للظالم      يحذر ، لان ربي مع المظلوم
ولا تعاتب كل شخص بزله      الناس مافيهم حد معصوم
الا نبي الامه اللي دينه      هدم صنم كسري وذل الروم
واهل الخيانه والغدر والفتنه      اللي يجاملها تري ماثوم
لو انها بهدوم بين العالم      كانها تمشي بدون هدوم
وهذه رسالتي لاصحابي      واعداءي اللي فكرهم مسموم
ارسلتها عبر البريد العاجل      يوم اكملت في ظرفها المختوم
ولا كشفت اللي يدور ف خلدي      لكن كشفت الواقع المشءوم
هل الكلام اللي اقوله واضح ؟      مفهوم .. والا ماهو بمفهوم ؟","قصيدة تعكس عمق تجربة ""حمدان ابن مكتوم"" في عالم الشعر والحياة، حيث يتجلى فيها اعتزازه بذاته وبقيمه الموروثة من جده المرحوم، متبنياً موقفاً صريحاً من المنافسة والحسد بنفَس رياضيٍ وقلب صافٍ. يستعرض الشاعر رحلة الصبر والكفاح التي خاضها، مؤمناً بأن النصر محكوم بالإيمان والثبات، وأن الخسائر والتحديات ما هي إلا دروس تعزز العزيمة، تماماً كما يعلّم القائد الحكمة في مواجهة الصعاب. ينقل القصيدة واقع الحياة بين الفرح والمر، ويؤكد على أهمية التسامح والرحمة في زمنً يكتنفه الغدر والفتن، معتبراً أن الوقوف في وجه الظلم هو شرف المؤمن وتذكير بأن الرحمن مع المظلوم. تدور أبياته برؤية شاعر واعٍ يختزل تجاربه ويرسم معالم الخلق والفروسية، مقدماً رسالة واضحة للصدق في النوايا وصفاء المزاج، متسائلاً في الخاتمة عن مدى فهم الآخرين لمدلولات كلماته، في تحدٍّ يحمل بين ثناياه دعوة للفهم العميق والإدراك الحقيقي لما هو ""مفهوم"".","""Cinematic medium-wide shot of Sheikh Hamdan bin Mohammed (Fazaa) standing alone in a dignified, contemplative pose on a muted cyan-tinted desert terrace at twilight, holding a traditional falcon glove and gazing upward toward a starry sky with visionary resolve, faces etched with solemn pride and poetic introspection, wearing pristine white kanduras and black bishts with intricate gold embroidery, distant silhouettes of falcons soaring and subtle incense smoke wisps curling upward, volumetric golden-hour rim lighting with cool blue-grey tones and warm amber highlights, shallow depth of field with bokeh, shot on ARRI Alexa 65 with anamorphic lens flare, contemplative and majestic atmosphere, 8K photorealistic cinematic masterpiece, Apple TV+ premium documentary aesthetic, no text, no watermark, no women""",URL,"حمدان,مكتوم",https://d2p7pge43lyniu.cloudfront.net/output/a2b5d144-b10b-40e5-be89-f65bcbf73a45.jpeg,18b74be222724de28f9b04a381dce696
252,عام زايد,"شهرين وانا قافل باب الالهام      اللي بنات افكار شعري بناته
ايلين ريس دولتي عبر الاعلام      وصي ونحنا مانضيع وصاته
خبر مهم و اصدره قايد هام      خلي هجوسي ينتشي من سباته
وان جاته الفكره مثل عذب الانسام      لابد يفتح باب فكره لا جاته
الصحف ماجفت وياكثر الاقلام      اللي حبرها تعجبك مفرداته
الخالد بذكره لو تمر الايام      يحصد في موته مازرع في حياته
زايد هو التاريخ واسال مءه عام      وتعلمك عن مجده و منجزاته
شعب العرب من حنكته صار قدام      لو حي حقق له جميع امنياته
في الشرق حكام وفي الغرب حكام      ولا احد منهم مسوي سواته
الناس منقسمه الي عده اقسام      لون و لغه ولكل واحد صلاته
الا علي زايد ولو كانوا خصام      قد اجمعوا انه فريد بصفاته
وانه رقم صعب رغم كثر الارقام      ومن الصفات الله فرد له صفاته
تاريخ الامجاد الذي ماهو اوهام      فعول زايد بثها في قناته
عز العروبه ناصر دين الاسلام      خيره علي شعبه من اربع جهاته
وايضا علي كل الارامل والايتام      يعطي ولا يخبر احد بعطياته
لو قللوا من قيمته بعض الاقزام      ذكره يتعبهم وهو في رفاته
يطيح من يبغي ينافسه وان قام      يطيح واقول له بليا شماته
ف قلوب شعبه زايد الخالد وسام      وقدام سيفه نفتخر في عصاته
سبع الامارات اصبحت خير وانعام      واضحت وطن بين الدول له ثباته
وحده زايد بالسياسه والاحكام      وهو قبل زايد يعاني شتاته
اللي جمعنا من حياه التشرذام      غلاه جمعنا بعد في مماته
المستحيل يحققه قبل الاحلام      تفاخروا .. ياعياله و يا بناته","في هذه القصيدة الملحمية، يُجسد ""فزاع"" صورة ""زايد"" الخالد، مؤسس الاتحاد والسند الصامد الذي جمع الإمارات ووحد صفوفها بعد زمن التشرذم، مكرّساً عزه ومجد العرب وأصالة الإسلام. يعكس الشاعر الاحتفاء بالإرث الوطني الذي تجاوز زمانه، إذ رسم زايد بخياله الكبير تاريخاً من الإنجازات والكرم الصامت، الذي يغمر الأيتام والأرامل دون تعلّل أو تفاخر. القصيدة توثق أن الزعيم ""زايد"" هو الرقم الصعب بين الحكام، رمز التفرد والعدل، الذي حصد في موته ثمرة ما زرع في حياته، وعلامة فخر لا تُطوى صفحاتها عبر الأجيال. تتوهج الأبيات بفخر الشعب بباني الوطن وقيادته الحكيمة، التي حولت سبع إمارات إلى وطن قوي ثابت الركيزة في وجه التحديات، مستشهداً بأن المستحيل يصبح مُمكناً على يد زايد، الذي سُمي عامه عاماً مكرساً لتراثه الخالد وبصماته العميقة في وجدان الأمة.","Cinematic medium-wide shot of Sheikh Zayed bin Sultan Al Nahyan (Zayed Al Khair) standing alone in a dignified, contemplative pose on a muted cyan-tinted desert terrace at twilight, gently placing a hand over his heart while gazing toward the horizon with an expression of serene wisdom and enduring legacy, wearing a pristine white kandura and black bisht embroidered with subtle gold Sadu patterns, distant silhouettes of seven Arabian horses grazing peacefully and wisps of incense smoke curling upward to symbolize unity, volumetric golden-hour rim lighting with cool blue-grey tones and warm amber highlights, shallow depth of field with bokeh, shot on ARRI Alexa 65 with anamorphic lens flare, contemplative and majestic atmosphere celebrating his historical impact and humanitarian spirit, 8K photorealistic cinematic masterpiece, Apple TV+ premium documentary aesthetic, no text, no watermark, no women",URL,زايد,https://d2p7pge43lyniu.cloudfront.net/output/4cdde3f4-55f1-467e-b81a-b951202cf618.jpeg,5cd64df6aa74451f8f41ad9fcee8f78e
253,الطرشه خليه,"مرت ايام القنص حلوه عذيه      في اناسه بين مصباح و رواح
بس فيها نقص يوم امست خليه      من ابو راشد خلت م الانشراح
ليت يا حمدان عن دار قصيه      كنت في الطرشه وساعات المزاح
صيدنا وافر بايام هنيه      والمعاشي والمزاقر والصياح
حلو جو الصيد من صبحه لعشيه      وعندك و دونك ليالينا ملاح
والخوي دايم تري يدور خويه      عاده اهل المعرفه واهل الفلاح
وفوق هذا ف العيون البابليه      صادت الصياد ما فاد السلاح
لو حضرت ان كان بتحل القضيه      وكان ما بيفوز لي لابس وشاح","تندمج في هذه الأبيات نفحات الحنين إلى أيام الصيد التي كانت زاخرة بالمرح والألفة بين الأحبة، خاصة بين ""فزاع"" وأصحاب الطرشة، حيث يعيد الشاعر رسم مشاهد اللقاء والغربة بين مصباح ورواح. يعبّر النص عن فقدان تلك اللحظات الجميلة بعد رحيل ""أبو راشد""، معانقاً مشاعر الافتقاد والغياب الذي خلت به النفوس من البهجة. تحمل القصيدة إشادة بالقيم الأصيلة للرفقة والمعرفة، حيث الصديق لا يغيب والعين الساهرة تبقى شاهدة على كل مغامرة، رغم المخاطر والصيد الذي قد يوقع حتى الصياد نفسه. يختتم الشاعر بتمني حضور ""حمدان"" في قصية الطرشة، ليعود المزاح والفرح ويسود الوئام، مبرزاً أن الرفاق والأوقات الحلوة أساس حياة الفلاح وأهل الكرم.","Cinematic medium-wide shot of Sheikh Mohamed bin Rashid (Bo Rashid) and Sheikh Hamdan bin Mohammed (Fazaa) standing together in a dignified, contemplative pose on a muted cyan-tinted desert terrace at twilight, both gazing thoughtfully toward the horizon with expressions of nostalgic pride and subtle melancholy, wearing pristine white kanduras and black bishts with intricate gold embroidery, distant silhouettes of Arabian horses and falcons resting near traditional dhow boats, subtle incense smoke wisps curling upward and cracked earth textures hinting at the passage of time, volumetric golden-hour rim lighting with cool blue-grey tones and warm amber highlights, shallow depth of field with bokeh, shot on ARRI Alexa 65 with anamorphic lens flare, contemplative and emotionally resonant atmosphere reflecting themes of heritage, loss, and unity, 8K photorealistic cinematic masterpiece, Apple TV+ premium documentary aesthetic, no text, no watermark, no women",URL,"راشد,حمدان",https://d2p7pge43lyniu.cloudfront.net/output/9bac5a39-d465-4277-899a-428c7526b65d.jpeg,811cb7c87f5145f8ba1c4f5f36526e7e
254,تامر عليه,"مرحبا باللي علي مرسل هديه      والوفا من بيني و بينه متاح
سيدي شاعر ونفسه شاعريه      والمولع بالقوافي ما استراح
ولد راشد له عزوم زايديه      برق عزه في غيوم الطيب لاح
كل ماهد الصقور الصيرميه      كن له معها مخاليب وجناح
القنص لو كانت ايامه شقيه      لذته ف النفس تجلب الارتياح
وانت يارمز الفخر تامر عليه      وان حصل مني خطا منك السماح
والغزال اللي لعينه جاذبيه      نظرته فيها من السحر المباح
عادتك صيده بليا بندقيه      لو ف عينه مثلما ضرب الرماح","تغزل قصيدة ""تامر عليه"" بروح الوفاء والاعتذار بين شاعر ملهَم ومرسل هديةٍ مفعمة بالتقدير، حيث يرسم صورة ""فزاع"" كشاعر عشق القوافي، مولودٌ في حضن العزومة الزيدية، يتلألأ في سماء المكارم كبرق العز. تتجسد فيه معاني الفخر عبر رمزية الصقور والمهاد، التي تمثل القوة والأناقة، ويبرز هواية القنص كتعبير عن متعة الذات والطمأنينة رغم شدتها. يتوجه الشاعر إلى من يرمز للفخر ليقبل عذره إن أخطأ، وقد قُدّمت صورة الغزال الساحر بنظرة مسحورة، تحاكي براعة الصيد بلا بندقية، كناية عن القدرة على الوصول إلى القلب بأدوات خفية لكنها أشد تأثيراً. تمزج الأبيات بين الرقة والقوة، بين الشعر والهدى، في لوحةٍ نابضة بحيوية الصحراء وبسحر الموروث الإماراتي.","Cinematic medium-wide shot of Sheikh Mohamed bin Zayed (Bo Zayed) standing alone in a contemplative pose on a muted cyan-tinted desert terrace at twilight, holding a traditional falcon with one hand while gently tracing the sand with the other as if reading poetry, face etched with serene pride and deep affection for the art of verse, wearing pristine white kandura and black bisht with intricate gold embroidery, distant silhouette of a majestic falcon perched on a dune and subtle wisps of incense smoke curling upward, volumetric golden-hour rim lighting with cool blue-grey tones and warm amber highlights, shallow depth of field with bokeh, shot on ARRI Alexa 65 with anamorphic lens flare, contemplative and poetic atmosphere celebrating heritage and literary grace, 8K photorealistic cinematic masterpiece, Apple TV+ premium documentary aesthetic, no text, no watermark, no women",URL,راشد,https://d1q70pf5vjeyhc.cloudfront.net/predictions/64070bb9d596432d86b4b6047866a4a3/1.jpg,c9cb6300c69444d3a6855987a17e042b
255,زبون الصبر,"من كثره الشعار والمستشعرون      تغطرست الاوراق واغتر الحبر
ما اجهل اللي يحسب ان جر اللحون      يبيض الوجه او يطول ف الشبر
الشاعر الحساس شعره ذو شجون      يصفي معاه الجو لو انه غبر
بعيد ياشعار عن سوء الظنون      ماقلتها من غطرسه ولا كبر
قد تعتبر وجهه نظر يا مبدعون      وربما... وربما لاتعتبر
و يلا ذكرت اللي علي قلبي يمون      عبر جسور الود والحب اعبر
الشوق من وصلك يابو طرف فتون      يكبر مع راعيه لامنه كبر
تري مريض السكري جرحه يهون      شوفك يكفي عن علاجه بالابر
لو الاطباء عن علاجك يعرفون      كان صنعوا منك دوا ف المختبر
صابر علي حبك رغم كثر الطعون      والمشكله حسب الكلام المعتبر
لو كانت القصه صبر.. انا زبون      الصبر والايام للعاقل عبر
القصه الوافي يموت و لايخون      وان الصبر نفسه يبي منا صبر","في هذه القصيدة ينسج ""فزاع"" لوحات من الصبر والوفاء في رحلة المحب العاشق الذي يكابد الألم والجروح بصبر يتجاوز حدود التحمل. يتناول الشاعر بسخرية مواقف المتكبرين الذين يظنون أن اللوم يرفّع من قدرهم، بينما يبرز هو حسه الشعري العميق الذي ينقي الجو حتى في غيابه. عبر لغة رقيقة، يعبر عن شوق لا ينضب لحبيب محبوبه ""أبو طرف""، مشبّها جراحه بمرض السكري الذي يهون أمام ألم الفراق، موضحاً أن الحب الحقيقي دواء لا يصنعه مختبر. تتجلّى في النص قيمة الصبر كرفيق دائم وعبرة للعاقل، مؤكدًا أن الصبر يتطلب صبرًا آخر، وأن القصة الحقيقية لا تخون ولا تموت، بل تبقى نبراسًا يتناقل عبر الأيام.","Cinematic medium shot of Fazaa (Hamdan bin Mohammed) in pristine white kandura and black bisht with gold embroidery, his face etched with dignified longing and poetic resilience, standing on muted cyan-tinted desert dunes at twilight, scattered wilting desert roses and cracked earth symbolizing deep pain and endurance, distant silhouette of Abu Tarf against desaturated teal sky, subtle incense smoke wisps rising from a traditional dallah, volumetric rim lighting with cool blue-grey tones and soft amber accents, shallow depth of field with bokeh, shot on ARRI Alexa 65 with 85mm anamorphic lens, contemplative emotional atmosphere celebrating patience as a virtue, 8K photorealistic masterpiece, Apple TV+ documentary aesthetic, no text, no watermark, no women",,,,
256,سمي العود,"الشعر بابه مقفل وان فتحنا بابه      الجبل ننحته والغصن الرطيب نهزه
والمثل يا ضاربينه زان لي مضرابه      ما كذب رجل يقول لكل شي حزه
المكارم في بلدنا والعزيز ترابه      وبشيوخه كل شعبه تفخر ومعتزه
قدم الفنجان يا صبابه لشرابه      واقهر العدوان والراس الخبيث نجزه
للكريم اللي يحسبون الرجال حسابه      وللعزيز اللي علي علوم الردي متنزه
وللشجاع اللي فتل للكايدات اشنابه      شل بيرق ( زايد ) بيمناه حتي رزه
فارس جده صواديف الزمان تهابه      يسبق حصانه خيول القوم لا من لزه
صوب ابن حمدان زايد تاشر السبابه      والعزيز الله بوقفات الشموخ يعزه
مسكنه في قلوبنا مهما يطول غيابه      غاب بالعزه ولا جانا سوي بالعزه
فز فزه سبع في وجه العدو واحزابه      يا سمي العود يا طيبك و حي الفزه","تتجلى في هذه القصيدة صورة مهيبة لوطن يتجذر في مكارمه وعزته، حيث الشعر باب مغلق يتسيد فيه الفخر والكرامة، ويُنسج من جبروت الجبال ورقة الأغصان. يرسّخ الشاعر ارتباط ""فزاع"" ومكانته بين رجالات الكرام والشجعان، متوشحاً برمز ""زايد"" وبيرقه المرفوع بيد ""ابن حمدان""، حاملًا راية العزة والشموخ التي تسكن القلوب مهما طال الغياب. تستعرض الأبيات بطولات الأجداد وتضحياتهم في مقاومة العدوان، مؤكدًا أن الكرم والشجاعة والإباء هي الراية التي ترفعها هذه الأرض، معبرًا عن صدق الانتماء للتراب وللقيم التي تحفظ للوطن هيبته ومكانته.","Cinematic medium-wide shot of Sheikh Mohamed bin Zayed (Bo Zayed) and Sheikh Hamdan bin Mohammed (Fazaa) standing side-by-side in a dignified unity pose on a muted cyan-tinted desert terrace at twilight, both raising a traditional UAE flag in a slow tribute gesture while holding a golden Dallah coffee pot as if pouring for guests, faces etched with solemn pride and visionary resolve, wearing pristine white kanduras and black bishts with intricate gold embroidery, distant falcon silhouettes and subtle incense smoke wisps curling upward, volumetric golden-hour rim lighting with cool blue-grey tones and warm amber highlights, shallow depth of field with bokeh, shot on ARRI Alexa 65 with anamorphic lens flare, contemplative and majestic atmosphere, 8K photorealistic cinematic masterpiece, Apple TV+ premium documentary aesthetic, no text, no watermark, no women",URL,"زايد,حمدان",https://d2p7pge43lyniu.cloudfront.net/output/a2a04a98-51c8-4e0b-925b-e7328b8f818e.jpeg,3534019c0e7b456a84d4a69f285f936d
257,مده وافيه,"اشتقت يا وقتي الفاني لفتره صباي      سامت منك ومن ايامك الجافيه
ذكرت صبحي بطيشه وانبساطه مساي      واخ جروحي من فراقه ماهي شافيه
جفاني الضحك بفراقه وطول جفاي      عن وصل ناس مشاعرها معي دافيه
القلب يغرق جروحي ما يبين خفاي      لكنها في ملامح نظرتي طافيه
اقول لا .. لاحد منكم يدور رجاي      اجبرني الوقت اردد لاءي النافيه
يوم البحر كنت احسبه يوم اطالعه ماي      قبل اسبحه واكتشف اسراره الخافيه
ويوم ان اصابع كفوفي اكثر من اصدقاي      قليل لكن عيوني بالرضا غافيه
لله معطي ولا تحسب يميني عطاي      وافي ولا اقدم الا مده وافيه
انظر لقدام ما اطالع بعيني وراي      اودع المقفيه واستقبل اللافيه
وابني بيوت الشعر واسس قواعد بناي      ماني بمن يبتلش في الوزن والقافيه
واشب ناري وغيري يقتبس من سناي      وامد بالنور ناس نارهم طافيه
واخدم بنفسي قبل لايخدمون اخوياي      وانا لو اشر تكون اشارتي كافيه
ثنتين يقدر بها الانسان يكسب رضاي      البسمه الصادقه والنيه الصافيه
وثنتين دايم تسبب في حياتي شقاي      دمع الفقاري وشكل اقدامه الحافيه
يالله عساني ما اجرب عند ربعي غلاي      واسالك الستر والتوفيق والعافيه",قصيدة تعبيرية تنبض بصدق الشوق والحنين لأيام الشباب وحلاوتها رغم قسوة الفراق وجفاف المشاعر المحيطة. تبرز صلابة القلب وصموده أمام الجراح، معتمداً على الرضا بالنفس والنية الصافية كسلاح للتغلب على المصاعب. يجسد الشاعر رحلته الداخلية بين خفايا البحر وأسراره، معلناً عزمه على المضي قدماً ببناء الشعر وترسيخ قواعده، حاملاً نور الإبداع ليضيء دروب الآخرين. تلتقي في نصه معاني الوفاء والعطاء والحكمة، مع دعاء يتوسل فيه الحفاظ على الستر والتوفيق، كرمز لتوازن الحياة بين الفرح والألم وصدق المشاعر.,"Cinematic medium shot of a distinguished Emirati man in pristine white kandura and black bisht with subtle gold embroidery, his face etched with dignified longing and resilient hope, standing on muted cyan-tinted desert dunes at twilight overlooking a calm sea horizon, scattered wilting desert roses and cracked earth symbolizing heartbreak and endurance, distant falcon silhouette against desaturated teal sky, volumetric rim lighting with cool blue-grey tones and soft amber accents, shallow depth of field with bokeh, shot on ARRI Alexa 65 with 85mm anamorphic lens, contemplative emotional atmosphere blending patriotism and poetic devotion, 8K photorealistic masterpiece, Apple TV+ documentary aesthetic, no text, no watermark, no women",,,,
258,وقفه عرفه,"يالشاعر بذكر الله تزين الابيات      والصدق فيما نزل الله في الايات
وانا بذكر الله و في طاعه الله      سخرت هاجوسي لجل سبك الابيات
كتبت في الطير وهداده وفعله      ومسابقات الريح والعسوجيات
واسهبت في وصف الذلول الاصيله      اللي تحطم تيمها عشر مرات
ومدحت ناس تستحق المدايح      واليوم مدحي غير عن كل ما فات
مدحي لمن تقدس اسمه تعالي      ليس كمثله شي في الماض والات
الامر له من قبل جل جلاله      والامر له من بعد ما يبغي اثبات
فمن يشاء انه يذله .. يذله      ومن يعزه ما يعرف المذلات
يا مجري السحب ومغيث الفيافي      الملك لك والعز في كل الاوقات
يا ذو الجلال الاوحد اللي بذكرك      تدعو جميع الانبياء والرسالات
من هيبتك في قلوب من يعشقونك      المءمنين اهل القلوب التقيات
تسبح بذكرك علي منكب ارضك      وتعظمك لا ناظرت في السماوات
ياللي لجل وجهك نصوم ونصلي      ولولاك ما صمنا ولا به صلوات
يا من اذا جات المضره دعينا      بسمك ولا غيرك يزيل المضرات
والحمد لك عند المسره وشكرك      واجب علي من ينتعم بالمسرات
نرجوك تغفر كل ذنب جنينا      وندعوك ترحمنا بوقفه عرفات
يا ايها الانسان كثر الملذه      تاثر علي الطاعه ، فخف الملذات
واسجد لوجه الله تضرع وخشيه      حتي يزيدك في نعيمه درجات
برعايته يحيطك الله حيا      ويرحمك لامن صرت مابين الاموات",تتجلّى في هذه الأبيات روعة الذكر الإلهي وعظمة طاعة الله التي تجمع بين صدق القلوب وجمال الكلمات، حيث يسير الشاعر بين ذكر الطير والريح والذلول الأصيلة، مديحاً إياها ومديحاً لا يشبه ما سبق لله العظيم. ينحو النص نحو التسبيح والتعظيم لله الواحد الأحد، مستحضراً مكانته العليا التي لا يضاهيها مخلوق، ومظهرًا كيف أن العباد المخلصين يجدون في ذكراه قوة وسلامًا. كما يدعو الشاعر الإنسان لتخفيف ملذات الدنيا، والاقتراب بخشوع وتضرع إلى الله، طالباً المغفرة والرحمة في وقفة عرفات، ليعمّ النعيم ويحيط الحافظ برعايته الحي، وسط مشاعر من الخشية والعرفان التي تفيض بها النفوس.,"Cinematic medium shot of a male Emirati pilgrim in pristine white ihram and bisht, his face etched with profound humility and spiritual awe during the Arafat standing, surrounded by muted cyan-tinted desert sands under twilight skies, scattered wilting desert roses and wisps of incense smoke symbolizing devotion and memory, distant silhouette of a falcon against desaturated teal horizon, volumetric rim lighting with cool blue-grey tones and soft amber accents, shallow depth of field with bokeh, shot on ARRI Alexa 65 with 85mm anamorphic lens, contemplative emotional atmosphere of divine connection and repentance, 8K photorealistic masterpiece, Apple TV+ documentary aesthetic, no text, no watermark, no women",,,,
259,الكبر لله,"يا سيد المال كم نفس معك خانت      والخوف ماهو من الماضي من القادم
والناس لولا تواضع نفسها شانت      مع مراعاه ذا سيد ، و ذا خادم
من قصه ابليس خذ حكمتك لا بانت      كان التغطرس في ذاته عامل هادم
لو كان رفضه لامر الله فقط ، هانت      الله يغفر ذنوب التايب النادم
مشكلته اللي يعاني منها كانت      الكبر .. والكبر لله يا بني ادم",تتجلى في هذه القصيدة حكمة سامية تطالب بالتواضع وتنبذ الكبر الذي استشرفه الشاعر في شخصية أبليس، الذي كان سبب سقوطه هو تعنّته واستعلاؤه على أمر الله. يذكر الشاعر أن الخيانة والخوف لا تزال تحدق بالإنسان، وأن تواضع النفس هو من حفظ المكانة بين الناس، سواء كانوا سادة أو خدمًا. المعاناة الحقيقية تكمن في الكبرياء المتغطرس الذي لا يعترف بحدود ذاته، أما الذي يتوخى التوبة فلا بد من رحمته ومغفرته. القصيدة تحث على التفكر في الدروس المستمدة من قصص الماضي مع تحذير من عواقب الكبر على الإنسان.,"Cinematic medium shot of Sheikh Mohamed bin Zayed (Bo Zayed) in pristine white kandura and black bisht with gold embroidery, his face etched with profound wisdom and humble contemplation regarding the dangers of arrogance, standing on muted cyan-tinted desert dunes at twilight, scattered wilting desert roses and cracked earth symbolizing the pain of pride, distant falcon silhouette against desaturated teal sky, subtle incense smoke wisps rising from a traditional dallah, volumetric rim lighting with cool blue-grey tones and soft amber accents, shallow depth of field with bokeh, shot on ARRI Alexa 65 with 85mm anamorphic lens, reflective spiritual atmosphere, 8K photorealistic masterpiece, Apple TV+ documentary aesthetic, no text, no watermark, no women",,,,
260,الورده ارتاحت,"اذا طاحت الورده من يدينك اتركها      لانها اذا طاحت من يدينك ارتاحت
واذا طاحت الدمعه من عيونك امسكها      اخاف المقام يطيح معها اذا طاحت
ولا تقتفي لك فرصه ما انت مدركها      تصبر ، تري فرصتك للحين ما تاحت
واذا مرتك فرصه ، وتقدر تملكها      اخذها عوض في فرصه قبلها راحت
غيوم السما وسط السما بيد سامكها      ماهو شرط تمطر لك لو بروقها لاحت
ونفوس الرجال النخوه اللي تحركها      لو صدورها باسرارها ما بعد باحت
الم تعلم ان جدودنا في معاركها      تضحي بالانفس للعفيفه ليا صاحت",تتناغم في هذه الأبيات دعوة الحكمة والصبر، مستلهمة من صور الطبيعة ونبل الأجداد، حيث يشبه الشاعر الوردة التي تسقط من يد المحبوب بالراحة التي تستحقها، بينما يوصي بالتمسك بالدموع خوفاً من فقدان الاستقرار الداخلي. يقترح الشاعر عدم استعجال الفرص التي لم تنضج بعد، مع استثمار كل فرصة تمر قبل فواتها، مستحضراً حكمة السماء التي لا تضمن هطول المطر رغم ظهور البرق، كناية عن الصبر والثبات. ويختم بتذكير بفخامة نفوس الرجال الذين تحفظ أسرارهم وتضحيات أجدادنا في ساحات العزة، مما يعكس عراقة القيم العربية الأصيلة التي تحرك الضمائر وتؤطر النشوء على الكرامة والتفاني.,"Cinematic medium shot of a distinguished Emirati elder in pristine white kandura and black bisht with subtle gold embroidery, his face etched with serene wisdom and contemplative patience, standing amidst muted cyan-tinted desert dunes at twilight, scattered wilting desert roses symbolizing the comfort of letting go, cracked earth beneath feet representing internal stability, distant falcon silhouette against desaturated teal sky, volumetric rim lighting with cool blue-grey tones and soft amber accents, shallow depth of field with bokeh, shot on ARRI Alexa 65 with 85mm anamorphic lens, dignified emotional atmosphere reflecting ancestral honor and Arab values, 8K photorealistic masterpiece, Apple TV+ documentary aesthetic, no text, no watermark, no women",,,,
261,قمه الالتحام,"يا اصحابي اللي لكم عندي مكان ومقام      صاحبكم اللي عليكم طولت غيبته
شعوره اللي ف قلبه اصدق من الكلام      اللي ما تصعب علي فكرته تركيبته
بين السياسه واهلها والغلا و الهيام      والاشقر اللي يموت الخرب من هيبته
راحت سنين تتابع عام يتبعه عام      تغرب ورد داره بعد تغريبته
لو تغير ملامح وجهه الابتسام      ما زال يرسم علي وجهه مدي طيبته
يدور السلم لانه من دعاه السلام      والمستريب يعرف وش هو سبب ريبته
لو المصايب كبر ضلع الجبل مايضام      دون الوطن في عيونه تصغر مصيبته
وعيوننا دون حد بلادنا ما تنام      الموت حنا لعين الدار طليبته
وان كان للحرب فنجان فقل للكرام      عيال زايد نهار الحرب شريبته
الشايب يوصي غلامه كذا و الغلام      بالنصر والا الممات معاهد شيبته
الدار شعب وشيوخ ف قمه الالتحام      يسعون للمجد والخايب علي خيبته","في هذه القصيدة، تتجلى أسمى معاني الولاء والوفاء بين الشاعر وأصحابه، حيث يعبر عن غيابه الطويل وصدق شعوره الذي لا تخونه الكلمات. يستعرض الصراع بين السياسة وغلا الوجدان، مع إشادات بالقيادة والرموز الوطنية، خصوصاً ""عيال زايد"" الذين أرسوا قيم الشجاعة والنصر مهما عظمت المحن. يبرز الشاعر تمسكه بالوطن كقلب نابض لا تهزه المصاعب، مؤكدًا أن السلام مقصد يسعى إليه رغم الريبة، وأن الموت دفاع لا مفر منه عن الدار. تترسخ في الأبيات صورة تلاحم الشعب والشيوخ في قمة الوحدة، مجتمعين على درب المجد والمروءة، متجاوزين كل خيبة، رافعين راية الإمارات في أعالي التضحية والشرف.","Cinematic medium-wide shot of Sheikh Mohamed bin Zayed (Bo Zayed), Sheikh Mohamed bin Rashid (Bo Rashid), and Sheikh Khalifa bin Zayed (Bo Khalifa) standing together in a unified council formation atop a traditional heritage courtyard at twilight, all pouring Arabic coffee from golden dallahs into shared cups as a symbol of unity and resilience against the backdrop of a modern skyline with distant Burj Khalifa silhouettes, faces etched with solemn pride, deep contemplation, and unwavering resolve, wearing pristine white kanduras and black bishts with intricate gold embroidery, subtle warm amber highlights contrasting with muted cyan and desaturated teal tones, volumetric golden-hour rim lighting with cool blue-grey palette, shallow depth of field with bokeh, shot on ARRI Alexa 65 with anamorphic lens flare, incense smoke wisps curling upward and a single wilting desert rose resting on the table, contemplative and majestic atmosphere, 8K photorealistic cinematic masterpiece, Apple TV+ premium documentary aesthetic, no text, no watermark, no women",URL,زايد,https://d2p7pge43lyniu.cloudfront.net/output/ee639632-2573-4049-b181-372d0cc62180.jpeg,e1de77cdd69c44b4af95ec2646494317
262,هداد,"هداد مالك فرق عن صالي النار      والنار فيها منك و فيك منها
انت اللهب منك علي الخرب لاطار      مثل لهبها والحطب في بطنها
صيدتك ما يحتاج قبر وقبار      ومن ريشها نقدر نسوي كفنها
فيك الوصايف خلت العقل يحتار      مناكبك والعنق والعين كنها
عين السبع لاحده الجوع ثم غار      علي الفريسه وان بغاها ضمنها
واللون فيه من البرد يوم ينهار      من غيمه بطن السما يحتضنها
والصدر كنه خامه احرام زوار      ال مكه اللي من تضايق زبنها
ياطيرنا لو صار فالوقت ماصار      دامك وفي خوتك ما اصد عنها
اما اذا ياطيرنا صرت بوار      ونسيت عشره مانساها زمنها
بقول ماقال الزلامي فالاشعار      ابيعها وابيع حتي ثمنها","يحاكي الشاعر في هذه الملحمة النبض الحيّ للدفاع والصبر عبر استعارات النار واللدغة التي تعكس قوة ""هداد"" وصلابته في ميدان الوغى، حيث اللهب ليس مجرد عنصر بل روح متجددة تشتعل في مواقعه. تتجلى في الوصف قوة العين الحادة والهيبة التي تسمح له بحماية الفريسة، وعنفوان الصدر المملوء بالإيمان والمحبة لتقاليد الكرامة والأخوة التي لا تتزعزع رغم التحديات. يبرز الشاعر عنصر الوفاء والذرّة التي تظل محفورة في ذاكرة الزمن، مبرزاً أن الخيانة ليست من شيم الأوفياء، فتظل العشرة والقرابة راسخة كالعهد الذي لا ينكسر. تُختتم الأبيات بتأكيد على أن التضحية والإيثار هما السمة الأسمى لدى ""هداد""، الذي لا يقدر بثمن، متحدياً كل من يحاول أن يقلل من قيمته أو ينسى أصالته.","Cinematic medium shot of a noble Emirati warrior named Hidad in pristine white kandura and black bisht with gold embroidery, his face etched with fierce determination and protective pride, standing amidst muted cyan-tinted desert dunes at twilight, crackling fire spirits rising from the ground symbolizing rebirth and strength, scattered wilting desert roses representing pain and resilience, distant silhouette of a falcon against desaturated teal sky, volumetric rim lighting with cool blue-grey tones and soft amber accents, shallow depth of field with bokeh, shot on ARRI Alexa 65 with 85mm anamorphic lens, contemplative yet powerful emotional atmosphere, 8K photorealistic masterpiece, Apple TV+ documentary aesthetic, no text, no watermark, no women",,,,
263,شنذاره,"السيف ابو شذره اللي يرهب الغازي      يعجبك في كف من يعطيه مقداره
هذا ما هو لغز .. ياعشاق الالغازي      هذا مثل تضربه للناس (شنذاره)
ياسيف ريس بلادي اهدي انجازي      ال (زايد) اللي بفخره تفتخر داره","في هذه الأبيات، يصوّر الشاعر السيف ""شنذاره"" كرمز للقوة والصمود، السلاح الذي يُرهب الأعداء ويُعجب به كل من يعرف قيمته. السيف ليس مجرد أداة، بل مثل ينبع من عزة وكرامة، يحمل في طيّاته إرث الأجداد وإنجازات الوطن. يُهدي الشاعر هذه التحية بفخر إلى ""زايد""، مؤسس الدولة وفخر الدار، الذي بفضل حكمته وعزيمته صار رمز الفخر والاعتزاز الوطني. تتجلى في النص مفردات الفخر والولاء، حيث يُجسد السيف معنى العزة والهيبة في يد القائد الحكيم، حاملاً رسالة وطنية خالدة باتخاذ القوة والشرف شعاراً للمجد.","Cinematic medium shot of Sheikh Zayed bin Sultan Al Nahyan (Zayed Al Khair) standing in a dignified, contemplative pose holding a traditional khanjar sheathed at his waist while gazing toward a distant horizon where a falcon soars, wearing pristine white kandura and black bisht with intricate gold Sadu embroidery, face etched with solemn pride and visionary resolve as if reciting the poem's praise of the sword and heritage, set against a muted cyan-tinted desert terrace at twilight with subtle warm amber highlights, distant silhouette of traditional architecture and faint wisps of incense smoke curling upward, volumetric golden-hour rim lighting with cool blue-grey tones, shallow depth of field with bokeh, shot on ARRI Alexa 65 with anamorphic lens flare, contemplative and majestic atmosphere celebrating UAE leadership and national pride, 8K photorealistic cinematic masterpiece, Apple TV+ premium documentary aesthetic, no text, no watermark, no women",URL,زايد,https://d2p7pge43lyniu.cloudfront.net/output/78e15518-0854-447b-9cab-725511073bc8.jpeg,c4b1ebd031e04eb2bfd2914c296743dd
264,قنيب الذيب,"ياذيب ياللي علي راس الجبل لك قنيب      الناس بعواك دايم تلفت انظارها
كانك تنادي العالم ولا لك مجيب      بين السما والجبال الصلفه حجارها
لو كان من جوع قلت الصيد منك قريب      حول علي الصيده بيمناك واختارها
وان كان تشكي من الغربه في عصر غريب      مثلك شكت ناس غربتها وفي دارها
وان كان علي العوا هيضك وقت المغيب      اللي يجر النفوس ويفضح اسرارها
اكيد قلبك محب ، وفاقد لك حبيب      خذاك من جنه اللهفه الي نارها
فزاع ترجم احاسيسك بحس الاديب      اللي قريحته ماهي تنضب افكارها
خل الليالي تجيب من الشقا ما تجيب      ولا توقع تقدم صادق اعذارها
الامر عادي تري لا تحسب انه مريب      اصبر وزيد العناد ان زادت اصرارها
كم يصبر الجذع في حر المقيظ الكءيب      حتي تصب السحابه فوقه امطارها
ويروي ويخضر لين تشوف غصنه رطيب      و دوره فصول السنه ما اتعبه مشوارها
اما عن الحب ، فامر الحب امر عجيب      واهل المحبه تعرف العالم اخبارها
لا للجروح ادويه حسب كلام الطبيب      لكن حجم العلاج بحجم مقدارها
الا جروح الصحيب الموجعه من صحيب      علاجها عند من هو سبب اثارها
ياذيب روس الصغار من الليالي تشيب      وما شيب صغارها ، بيشيب كبارها
اقرب علي الضلع واطرب مسمعي بالقنيب      خل البشر تسمعك وتشوف بانظارها",يحتفي الشاعر بقوة الحبيب وجلاله كقنيب الذيب على قمم الجبال، رمز الصمود والعزة التي تأسر الأنظار. يعبر عن وجدان الإنسان المتألم من الغربة والحنين، متشابهاً مع معاناة الذئب في مواجهة قساوة الطبيعة وصمت العالم. يصور الصبر كشجرة تصمد في الحر اللافح حتى ترويها السحب وتزهر، وقدراً لا مناص منه في دروب الحياة والحب، الذي رغم جراحه لا يُشفى إلا بعهده مع من سبّب الألم. تنبع القصيدة من روح نبض الصحراء، حيث تُمجّد الأحاسيس العميقة، وتَحكي عن وفاء القلب وتحدي الشدائد، عبر لغة نابضة بالأصالة والقوة.,"Cinematic medium-wide shot of Fazaa (representing the poet) and a distinguished Emirati elder (Sheikh Bo Zayed or Bo Khalifa, depending on context, standing as a figure of wisdom) seated together in a traditional Majlis with low coffee tables, engaged in a deep, contemplative conversation where Fazaa gestures expressively while reciting poetry and the elder listens with a hand placed respectfully on his chest, both wearing pristine white kanduras and black bishts with intricate gold embroidery, faces etched with solemn pride and emotional resonance, setting is a dimly lit heritage courtyard with Sadu patterned rugs and distant silhouettes of traditional architecture under a twilight sky, subtle symbolic elements include wisps of incense smoke curling upward, a wilting desert rose on the table, and a falcon feather resting near a khanjar, volumetric golden-hour rim lighting with cool blue-grey tones and warm amber highlights, shallow depth of field with bokeh, shot on ARRI Alexa 65 with anamorphic lens flare, contemplative and emotionally resonant atmosphere, 8K photorealistic cinematic masterpiece, Apple TV+ premium documentary aesthetic, no text, no watermark, no women",URL,فزاع,https://d2p7pge43lyniu.cloudfront.net/output/0987b652-9fc3-4b2b-84e7-8f05d79ea1b5.jpeg,dccd407edd2e4755a5c13fbab5c7e52b
265,ظما,"سرحت عنك ياحبيبي ثواني      اسمعك باذني واتخيلك بالعين
عموما اسف واعتذر لك تراني      نفس المكان الي جمع بين قلبين
ان كان ذابحك الظما يالاناني      ياسيد اهل الزين في عالم الزين
تعال لجل اسقيك صادق حناني      واشرب بدال الكاس يازين كاسين","في قصيدة ""ظما"" تتجلى لحظات الاشتياق والحنين التي تعصف بقلب الشاعر ""فزاع""، حيث يسرح بفكره في عاشقه متخيلاً وجوده بالرؤية والسمع، معبراً عن الاعتذار والوداع في ذات المكان الذي جمع بين قلبين. يظهر الألم الذي سببه ""الظما"" كاستعارة لفقدان وحرقة البعد عن محبوبه، لكنه يدعو ""سيد أهل الزين"" إلى اللقاء مجدداً، يرويه من صادق حنانه ويرتوي بجميل مشاعره، رويداً رويداً يشرب من كأس الوفاء والحنان. تستحضر الأبيات مشهداً شعرياً يزخر بالعذوبة والرقة، حيث تختلط ظلال الحنين بالصدق في عوالم المحبة النقية.","Cinematic medium shot of Sheikh Hamdan bin Mohammed (Fazaa) in pristine white kandura and black bisht with gold embroidery, his face etched with dignified longing and tender sorrow, standing on muted cyan-tinted desert dunes at twilight, scattered wilting desert roses and cracked earth symbolizing the pain of thirst and separation, distant silhouette of a beloved figure fading into desaturated teal mist, subtle incense smoke wisps rising from an Arabic coffee pot nearby, volumetric rim lighting with cool blue-grey tones and soft amber accents, shallow depth of field with bokeh, shot on ARRI Alexa 65 with 85mm anamorphic lens, contemplative emotional atmosphere of pure love and devotion, 8K photorealistic masterpiece, Apple TV+ documentary aesthetic, no text, no watermark, no women",,,,
266,هامه المجد,"يا هامه المجد شوق مسرجات الامهار      خزاين العز في كفك مفاتيحها
ومن يعسف الخيل ذات العز والانتصار      اللي تسابق علي مضمارها ريحها
يقدر يعسف الظروف الكايده باقتدار      وترجح له الكفه الي رام ترجيحها
من قو باسك مايعرف عزمك الانهيار      وما كل كف يهز القلب تلويحها
والشجره اللي بفضلك صار فيها ثمار      اليوم يبست ولا بل المطر سيحها
لمحت لك والمعاني كنها جمر نار      يا سيد القاف ما يجهلك تلميحها
نظره عيونك تدل الدرب واهل القرار      علي خطي فكرتك تضوي مصابيحها
ياللي ما يمحي كلام الليل عندك نهار      الجمله الواضحه ما احب توضيحها","تتوج هذه القصيدة ""هامة المجد"" رموز القوة والعزيمة التي لا تلين، حيث تُشبه الشاعر الحُلم بالمُهرة السريعة والكف التي تحمل مفاتيح المجد. تتجلى فيها قدرة القائد على تحدي الظروف القاسية بثبات وإرادة فولاذية، فلا ينحني عزمُه ولا تهزّه صيحات الأعداء. تُصور الشجرة المثمرة التي أزهرت بفضل جهود هذا القائد، لكنها اليوم تواجه جفاف التحديات بلا هزيمة، في إشارة إلى صمود الوطن والقيادة أمام الصعاب. تتوهج معاني الوعود والتفاني كجمر ناري، ونظرات القائد تُضيء الطريق لحكم رشيد يحمل الشعلة والنور في أوقات الظلام. كل هذا يصوغ صورةً متكاملة لقائدة لا تهاب الصعاب، تُسير بأمتها بخطى ثابته نحو المجد، حيث الشجاعة واليقين بلسان حالها، لا تحتاج إلى توضيح، وإنما هي حقيقة ثابتة يعجز الليل عن محوها.","Cinematic medium shot of Sheikh Mohamed bin Zayed (Bo Zayed) in pristine white kandura and black bisht with gold embroidery, his face etched with unyielding determination and steely resolve against harsh conditions, standing before a resilient Ghaf tree bearing fruit despite arid challenges, glowing embers of devotion floating like fireflies symbolizing burning promises, distant silhouette of Burj Khalifa under desaturated teal sky, volumetric rim lighting with cool blue-grey tones and soft amber accents, shallow depth of field with bokeh, shot on ARRI Alexa 65 with 85mm anamorphic lens, contemplative yet powerful atmosphere, 8K photorealistic masterpiece, Apple TV+ documentary aesthetic, no text, no watermark, no women",,,,
267,ثلاثميه قصيده,"قال كم عمرك وقلت العمر زايد      قلت لك عمري ميه مره واعيده
كان عمر الشاعر بحسب القصايد      يعتبر عمري ثلاثميه قصيده
واعتبرني من مواليد الفرايد      من بنات الفكر جابتني فريده
في سما الاشعار بالابداع رايد      شاعر يسمو الي الابداع سيده
والقديم الذ ، لكن الجدايد      تحيي الميت من الشوق وتعيده
في حياته ما يعرف السيف سايد      المغامر لحظته عنده سعيده
وفي رقبه المجد علق له قلايد      صوره مرسومه بسبابه ايده
وان عشق ما يعشق الا كل كايد      جارح ما ينكف الا معه صيده
وانت ياللي في بنات الغيد قايد      هل تحيد الوصل والا ما تحيده
في وطن زايد وشوق القلب زايد      عد سءالك والجواب احنا نعيده",في هذه القصيدة يتجلى الشاعر وهو يختزل عمره في مئة مرة متجددة، معتبراً حياته سلسلة من المئات من الأبيات التي تُخلّد حضور الشعر في كيانه. يعلن عن انتمائه للفكر الأصيل والفريد، واصفاً نفسه كشاعر يرتقي بالفكر والإبداع إلى أسمى المراتب، جامعاً بين القديم الذي يوقظ الماضي والجديد الذي ينبض بالحياة. تمضي الأبيات في تصوير حياته كمغامر لا يعرف الخوف، معلّقاً على عنقه قلائد المجد التي رسمت بصمات إنجازه ووثقت لحظاته الحاسمة. تتلون القصيدة بنداء شوق ولهفة للوصل في وطن زايد، حيث يعانق الحاضر بحب متجدد لا ينكسر، مؤكداً استمرارية الوفاء والحب في كل مرة يُعاد فيها اللقاء.,"Cinematic medium-wide shot of Sheikh Mohamed bin Zayed (Bo Zayed) standing alone in a contemplative pose on a muted cyan-tinted desert terrace at twilight, holding an open manuscript with one hand while gazing toward a distant horizon where the silhouette of the Burj Khalifa and traditional falconry structures blend, faces etched with visionary resolve and poetic introspection, wearing pristine white kanduras and black bishts with intricate gold embroidery, wilting desert roses subtly placed in the foreground and faint wisps of incense smoke curling upward to symbolize heritage and timelessness, volumetric golden-hour rim lighting with cool blue-grey tones and warm amber highlights, shallow depth of field with bokeh, shot on ARRI Alexa 65 with anamorphic lens flare, contemplative and majestic atmosphere celebrating the legacy of Sheikh Zayed and the enduring spirit of poetry, 8K photorealistic cinematic masterpiece, Apple TV+ premium documentary aesthetic, no text, no watermark, no women",URL,زايد,https://d2p7pge43lyniu.cloudfront.net/output/30ca6085-f1f0-408c-8128-61ffa3460cb3.jpeg,ee42c374775b47d6b8fbf488b2b396d3
268,وقفه عرفات,"يا من اذا جات المضره دعينا      بسمك ولا غيرك يزيل المضرات
والحمد لك عند المسره وشكرك      واجب علي من ينتعم بالمسرات
نرجوك تغفر كل ذنب جنينا      وندعوك ترحمنا بوقفه عرفات
يا ايها الانسان كثر الملذه      تاثر علي الطاعه ، فخف الملذات
واسجد لوجه الله تضرع وخشيه      حتي يزيدك في نعيمه درجات
برعايته يحيطك الله حيا      ويرحمك لامن صرت مابين الاموات",في هذه الأبيات يتجلى النداء المقدس إلى الله، القادر على إزالة المكروهات بإسمه العظيم، معبراً عن الشكر والامتنان لمن ينعم بالسرور. تتجسد التفاؤل والرجاء في طلب المغفرة والرحمة خلال لحظة وقفة عرفات، رمز الخشوع والتوبة. يحذر الشاعر الإنسان من غلو الملذات التي تضعف الطاعة، داعياً للخشوع والسجود بخشية وذكر، كي ينال درجات متع الله الرفيعة. يرتسم مشهد الحماية الإلهية التي لا تنقطع، وتنقل النفس من عالم الأموات إلى حياة الروح والرحمة الدائمة، في تأمل روحاني متجدد يتجسد في رمز الوقفة.,"Cinematic medium shot of a male Emirati figure in pristine white kandura and black bisht, face etched with profound humility and spiritual awe during the standing at Arafat, set against a vast muted cyan-tinted desert horizon under twilight skies, scattered wilting desert roses and subtle incense smoke wisps symbolizing devotion and memory, distant silhouette of modern skyline blending with traditional architecture, volumetric rim lighting with cool blue-grey tones and soft amber accents, shallow depth of field with bokeh, shot on ARRI Alexa 65 with anamorphic lens flare, contemplative spiritual atmosphere of repentance and divine protection, 8K photorealistic masterpiece, Apple TV+ documentary aesthetic, no text, no watermark, no women",,,,
269,هديل,"يا ناعس العينين ابو وصل زهيد      عسي ستار الهجر فوقه ينسدل
القلب لك اطوع من الخاتم بالايد      والشوق من سرب القطا لرضاك ادل
ينقل ودادك من وريد الي وريد      ويذوب لا سمع الحميمات تهدل
واهل الثياب الفاخره ماهي تحيد      عن الوصل كذلك اصحاب البدل
كما عطاك الله من الجسم الرغيد      متطرف بعضه وبعضه معتدل
اعطاني القدره علي بدع القصيد      اللي عليه امه محمد في جدل
قفلت باب الوصل يالترف العنيد      قصدك ما عاد اشتاق لك لكن بدل
ما الشوق لك ينقص اشوف انه يزيد      الظاهر ان الباب ما صكر عدل
عيد معي يا صاحبي في كل عيد      يحيا الغلا يحيا الوفا يحيا العدل","تهيم القصيدة في عوالم الشوق والوصال، حيث يصور الشاعر ""فزاع"" قلبًا طوع الخاتم في حب لا ينضب، واشتياقًا يزداد رغم جفاء المغيب. تنساب الأبيات كأنها سفر بين وجد وحذر، بين ستار الهجر ونداء الوصال، معبّرة عن صدق الود والتعلق الذي لا يخبو لدى ""أبو وصل زهيد"". تتجسد قيم الوفاء والعدل عبر دعوة صادقة للاحتفال بكل عيد مع الصديق، مؤكدًا أن الحب والوفاء جوهر الحياة وسر دوام العزّة في النفوس. القصيدة تنسج صورة شاعرية للعشق الذي يتحدى الزمن والحواجز، وللروح التي تصمد رغم قسوة الفراق، حاملة معها أمل اللقاء والصفاء.","Cinematic medium shot of Sheikh Mohamed bin Zayed (Bo Zayed) and Sheikh Hamdan bin Mohammed (Fazaa) standing together in a contemplative unity pose on a muted cyan-tinted heritage courtyard at twilight, both placing a hand respectfully over their hearts while gazing upward with expressions of longing and dignified resolve, wearing pristine white kanduras and black bishts with intricate gold embroidery, subtle incense smoke wisps curling upward and a distant falcon silhouette perched on a traditional archway, volumetric golden-hour rim lighting with cool blue-grey tones and warm amber highlights, shallow depth of field with bokeh, shot on ARRI Alexa 65 with anamorphic lens flare, melancholic yet hopeful atmosphere reflecting the poem's themes of love, separation, and justice, 8K photorealistic cinematic masterpiece, Apple TV+ premium documentary aesthetic, no text, no watermark, no women",URL,محمد,https://d2p7pge43lyniu.cloudfront.net/output/0596f7f6-7e26-4461-8a38-1df8ab3937ce.jpeg,a281a0c3f96a4f319e4bc30460ea83c9
270,بينك وبينه,"يا شعر لو طال الزمن ما جفيناك      لو يختلط غث القصيد بسمينه
علاقتي يا ايها الشعر وياك      كانت .. وما زالت علاقه متينه
لولاك ديوان العرب ما حفظناك      من الضياع ومن عبث كاتبينه
ما زال للشعر وهله لحظه ادراك      تميز المبدع من مقلدينه
يالشاعر المبدع تري ما نطق فاك      مردوده ياثر علي سامعينه
اكتب بعقلك ما تكنه حناياك      ولا تجيب الا البيوت الثمينه
من يزرع الياسمين ما يحصد الراك      اكيد ما يحصد سوي ياسمينه
وما دام سحبك يا شعر ناثره ماك      عندي حديث للعقول الفطينه
درب النجاح اللي بداياته اشواك      يفوز فيه اللي قوي يقينه
لا يلتفت في مهاتره كل شكاك      واحذره من ضحكه مشجعينه
لو كثروا الاحباب منا و مناك      لا يمكن يقارنهم بحاسدينه
وياللي تقفيت العباد تقفاك      واللي يهين النفس كل يهينه
والطيب الوافي لو انه من اعداك      لا تظلمه ، ظليمه الطيب شينه
وياللي تحسب الطيب في مد يمناك      كم من بخيل كن يمينك يمينه
تعطي وهو يعطي مع ذا ومع ذاك      والله يعلم بالنوايا الدفينه
المنطق الطيب من الرجل لا جاك      تراه يكفي عن عطايا يدينه
وتري الكريم اللي لا جيته واذا جاك      يجذبك باخلاقه ولطفه ولينه
من كثر بره في المطاليق شرواك      تحس كنه يبر في والدينه
ويالغالي اللي تحسب انا نسيناك      عساك تنعم بالرضا والسكينه
اقنص بطيري كني اقنص لذكراك      المفرحه لو كان نفسي حزينه
وارجع لضوضاء المدينه للقياك      اول ما يطري لي لا جيت المدينه
ولولاك ما زاد الولع بي ولولاك      والله لبيع الشوق مع بايعينه
طري علي الشعر والشعر طراك      احس يوجد شي بينك وبينه",في هذا النص الشعري العميق، تتجلى علاقة متينة وشغف خالد بين الشاعر وشعره الذي يمثل قديماً وديوان العرب الحافظ لتراثهم. يُبرز النص جوهر الإبداع والتميز بين الأصالة والتقليد، مع التأكيد على أهمية النزاهة والصدق في التعبير والابتعاد عن السطحية. يشير الشاعر إلى دروب النجاح المليئة بالتحديات التي لا تنال إلا بالأصرار واليقين، محذراً من الحساد ومشجعي الشكوك. وتتجلى معاني الوفاء والأخلاق في وصفه للطيب والكريم، حيث لا تعني المظاهر بل النوايا الخفية والصدق في العطاء. يختتم النص بإحساس حيوي بالحنين والمودة التي تربطه بالشعر كرفيق يستنهض الذكريات ويواسي النفس في ضوضاء المدينة، مؤكداً أن هذه العلاقة قائمة رغم طول الزمن، وأن بينه وبين شعره رابط لا يفتر ولا يضعف.,"Cinematic medium shot of a distinguished Emirati poet in pristine white kandura and black bisht with subtle gold embroidery, his face etched with deep contemplation and passionate devotion to his craft, standing on muted cyan-tinted desert dunes at twilight, scattered wilting desert roses and prayer beads symbolizing enduring connection and patience, distant silhouette of a falcon against desaturated teal sky representing freedom and heritage, volumetric rim lighting with cool blue-grey tones and soft amber accents, shallow depth of field with bokeh, shot on ARRI Alexa 65 with 85mm anamorphic lens, moody atmospheric texture reflecting the bond between man and poetry amidst city noise, 8K photorealistic masterpiece, Apple TV+ documentary aesthetic, no text, no watermark, no women",,,,
271,راحت سنه,"راحت سنه من اجمل العمر معقول      مع السلامه يا اجمل الذكرياتي
اراقب الدهشه علي وجه مذهول      واقول يا الانسان وش له تحاتي
مثل ما راح العام هذا علي طول      بقدره الله فيه عام سياتي
استقبل اول يوم من عامك وقول      ياربي ف طاعتك طول حياتي","تنعكس في هذه الأبيات لحظة وداع عام مضى، يحمل الشاعر في طيّاته مزيجاً من الذكريات الجميلة والتأمل العميق في مرور الزمن. ينقل ""فزاع"" مشاعر الدهشة والاستفهام عن حياة الإنسان وانعكاسها على وجه الزمن الذي لا يرحم، مستدركاً بأن كل سنة تمضي تجلب معها قدراً جديداً ومحطات متجددة. يختتم بالدعاء الصادق لاستقبال العام الجديد بتجديد الطاعة والتقرب إلى الله، متمنياً دوام العافية والاستقامة طوال الحياة، ليصبح النص تعبيراً عن الإيمان والرجاء في رحلة الزمن المتجددة.","Cinematic medium shot of Fazaa (Hamdan bin Mohammed) in pristine white kandura and black bisht with subtle gold embroidery, his face etched with contemplative wonder and deep reflection on the passage of time, standing amidst muted cyan-tinted desert sands at twilight where a single wilting desert rose rests near cracked earth symbolizing fleeting moments, distant Burj Khalifa silhouette against desaturated teal sky, wisps of incense smoke rising softly, volumetric rim lighting with cool blue-grey tones and soft amber accents, shallow depth of field with bokeh, shot on ARRI Alexa 65 with 85mm anamorphic lens, hopeful yet melancholic atmosphere blending faith and renewal, 8K photorealistic masterpiece, Apple TV+ documentary aesthetic, no text, no watermark, no women",,,,
272,خمسين عام قبل و بعد,"للشاعر ف مدح الوطن رغبه وللهاجس هيام      فالتنتخي فكره وتلقي من هجوسي معتصم
البحر لامواجه الي ثارت الاعاصير احتدام      وانا كذلك هاجسي في ذكر داري يحتدم
يا دارنا دار الكريم اللي حكم شعب كرام      تستاهلين نقدرك يا دارنا دار الكرم
علي جماجم من نوي حدك من عيال الحرام      تاسست دوله ورفت رايه و ثبت حكم
حام الفلاحي زايد وزايد تعرفينه لا حام      حر _ مخاليبه تطش الدم وتقص العظم
تواضعه بين البشر وهو من اعلاهم مقام      خلاه يكبر في عيون ملوك عصره والخدم
هذا هو الماضي وحاضرنا ومستقبل مدام      هذا حكيم امه محمد من عرب والا عجم
خمسين عام لا نهون ولا نذل ولا نضام      الخيل تسرج والسلاح يثور رفرف يا علم
وخمسين عام وكل عام نقول هذا خير عام      فالحمد لله والشكر علي ما فاض من النعم
وخمسين عام الشايب يسولف بها علي الغلام      قبل التطور كيف كانت دارنا ذيب وحزم
وخمسين عام للتسامح والامل لا للخصام      وخمسين عام نبني امه تفتخر بين الامم
وخمسين عام ونورنا يرهب خفافيش الظلام      وخمسين عام وحن لنا في عالي القمه قدم
وخمسين عام الصف الاول صفنا خلف الامام      اللي بعدله ينصف المظلوم لا منه ظلم
وخمسين عام وزايد مشيد لنا فوق الغمام      امجاد تحكي عن تراث اباءنا منذ القدم
وخمسين عام ورءيه الدوله علي احسن ما يرام      بهمه اصحاب القبور ننافس كبار الهمم
وخمسين عام ركب نهضتنا له العليا مرام      قد تنفطم الامجاد لكن مجدنا ما ينفطم
وخمسين عام وروسنا تفخر علي روس الانام      كن الفخر اب لنا عن جد والطولات ام
هنا الفخر هنا الطموحات الكبيرات العظام      هنا الفكر هنا العمل هنا الوفا هنا الحزم
هنا تعلم كيف تحقيق الطموحات الجسام      هنا يحقق حلمه المبدع الي منه حلم
هنا بدايات الولا والتوعيه والالتحام      هنا نهايات التشرذم والطريق المنقسم
هنا توحد مجتمع كان يعاني الانقسام      وبفضل زايد اصبحوا ما بين خال وبين عم
هنا يكون النصر من حظ الفعل ليس الكلام      هنا يكون الوعي فارس والتخاذل منهزم
هنا المواطن والوطن حب وتفاني وانسجام      هنا المواطن والقياده والتكاتف والهمم
هنا فقط مسك الوطن لان الوطن ماله ختام      لكن غلانا يبتدي به كل يوم وينختم
هنا هنا هنا هنا هنا هنا الي الامام      هنا هنا هنا هنا هنا هنا الي القمم
هنا هنا هنا هنا هنا هنا كف السلام      هنا هنا هنا هنا هنا هنا دق الخشم
يقول ابو خالد لابو راشد عسي عمره دوام      خمسين عام يعزف الابداع وباحلي نغم
ويقول ابوراشد لابو خالد هذا اللي يوم قام      قامت معاه الارض والتاريخ ردد والنعم
ويقول ابو خالد لابو راشد هذا اللي ما ينام      رجل يخزم المستحيل اللي لغيره ما انخزم
ويقول ابوراشد لابو خالد هذا عوق الخصام      الي نوي صرح من الباطل يرده منهدم
ويقول ابو خالد لابو راشد هذا الرجل الهمام      استاذي اللي يصنع الانجاز نفسه من عدم
ويقول ابو راشد لابو خالد انا والعلم عام      تلميذ زايد منهجي منهجه وبنفس الرتم
ويقول ابو خالد هذا محمد عدو الانهزام      مكسر الارقام ما خلا حفظه الله رقم
ويقول ابو راشد هذا محمد وقصاص العظام      بسيف حق لو دخل في المعركه تحسم حسم
ويقول ابو خالد هذا محمد مجدد الاهتمام      بهيبه الدوله وراسم نهضه بلاده رسم
ويقول ابو راشد هذا محمد وصمام النظام      هرم عروبتنا وحنا ما نفرط في الهرم
محمدين الدار هم حصنه ودرعه والحزام      عدد عظماء الدول تلقاهم اكرم واعظم
من بينهم حشمه وهذي عاده الناس الحشام      ومن حشمه الاثنين شعب الشيخ زايد ينحشم
ياليت للتاريخ بشت من فخر والا وسام      من المعزه كان واللي اقسم بنجمه قسم
اني لسلمها لهم واقول وبكل احترام      تفاخري يا دارنا فيهم علي كل الامم",تتجلى في هذه الملحمة الشعرية روح الانتماء والفخر بدولة الإمارات بعد خمسين عاماً من البناء والتطور، حيث يصور الشاعر عهد الشيخ زايد المؤسس وحكمه العادل الذي زرع قيم الكرم والشموخ في وطنٍ يفتخر أبناؤه بتراثه وعزته. يتغنى بالوحدة التي حانت بعد سنوات من الانقسام، والتلاحم الوطني القائم على العمل والعزم والولاء بقيادة محمد بن راشد، ولي عهد دبي، الذي يجسد الحكمة والقوة في وجه التحديات. تستحضر الأبيات تاريخ النضال والإنجاز والتسامح، مع إعلاء قيم الفعل والوعي على الكلام، ليؤكد الشاعر أن مسيرة الإمارات عنوانها المجد المستمر، حيث كل عام يحمل خيراً متجدداً وبذور عزيمة لا تنكسر، تظل الإمارات في صفوف الأمم المتقدمة، مستمدة قوتها من وحدة شعبها وقيادتها المضيئة التي لا تعرف الانكسار.,"Cinematic medium-wide shot of Sheikh Mohamed bin Zayed (Bo Khalid) and Sheikh Mohamed bin Rashid (Bo Rashid) standing side-by-side in a powerful unity pose on a muted cyan-tinted desert terrace overlooking a modern skyline at twilight, both raising their hands in a gesture of shared vision and tribute, faces etched with solemn pride and visionary resolve, wearing pristine white kanduras and black bishts with intricate gold embroidery, distant falcon silhouettes and subtle incense smoke wisps curling upward, volumetric golden-hour rim lighting with cool blue-grey tones and warm amber highlights, shallow depth of field with bokeh, shot on ARRI Alexa 65 with anamorphic lens flare, contemplative and majestic atmosphere, 8K photorealistic cinematic masterpiece, Apple TV+ premium documentary aesthetic, no text, no watermark, no women",URL,"محمد,زايد,راشد,الشيخ",https://d2p7pge43lyniu.cloudfront.net/output/fc78d68e-5d8f-4461-8fa1-bda539bdbe51.jpeg,d6ceafc4a7d9459da945319f59708338
273,في كل عام !!,"جاد الزمان بعام ويجود الالهام      ونفيد وندور علي الاستفاده
في كل عام احاول احقق احلام      احلام عمري داءما في زياده
لمن يحب يكون قدام .. قدام      في خانه اصحاب الفكر والرياده
سولف علي نفسك في لحظه هدوء تام      العمر لا اقفي ما يجي فيه اعاده
ثم قل لها انا صراحه في ذا العام      اشعر بكميه طموح و اراده
لا تعتبر نفسك رقم بين الارقام      عاند زمانك واستفد من عناده
هذي رساله وعي للخاص والعام      ولست ادور من وراها اشاده",تتجلى في هذه القصيدة إرادة الشاعر المستمرة في نحت أحلامه وتجديد طموحه مع كل عام يمر، مستغلاً إلهام الزمن وفرصه. يدعو إلى التفرد والريادة، والتمرد على قسوة الأقدار، مؤكدًا أن الإنسان لا يجب أن يكون مجرد رقم عابر. بنبرة وصية وتأمل، يحث على مراجعة النفس في لحظات السكون، واعتماد العزيمة كقوة دافعة لتحقيق الذات. هي رسالة وعي تُحفّز على الاستفادة من كل لحظة في رحلة العمر بلا تكرار أو تهاون، مقدماً نصيحة تلامس الخاص والعام، تعبر عن فلسفة الشاعر في مواجهة تحديات الحياة برؤية نقدية ورفض للخنوع.,"Cinematic medium shot of a dignified Emirati man in traditional white kandura and finely embroidered bisht, his face reflecting resolute determination and introspective calm, standing alone against a vast muted cyan desert at twilight. Around him, subtle symbols of sand slipping through fingers and scattered desert roses evoke the passage of time and enduring dreams. Soft incense smoke wisps curl gently in the cool blue-grey air, with distant silhouettes of a solitary falcon and a resilient ghaf tree under moody golden hour rim lighting accented by warm amber glows. Shot on ARRI Alexa 65 with anamorphic lens flare, shallow depth of field, and professional color grading, capturing a contemplative, poetic atmosphere of unwavering will and self-reflection. 8K photorealistic masterpiece, Apple TV+ premium documentary aesthetic, no text, no watermark, no women.",,,,
274,شعار الدوله,"شعار دوله الامارات العزيزه بدا      ك نور شمس الي بانت تزيح الظلام
تعطي رباعيه الوانه لشكله مدي      في كل لون لنا قصه وراها مرام
الاسود نسود الدنيا في عين العدا      والاخضر نخلي قلوب البشر في سلام
والابيض وجوهنا تكرم من اهل الردي      الله كساها بياض من بياض الغمام
والاحمر نقول جعل العمر دونك فدا      يا اغلي بلد فخرها يزداد في كل عام
ويا زايد الخير ما ضاعت جهودك سدي      علي خطاك البلد خطواتها للامام",ينبثق شعار الإمارات كضوء شمس يبدد ظلمات الشدائد، حيث تتداخل ألوانه الأربعة لتسرد حكاية وطن صامد وعريق. الأسود رمز للقوة التي تُرعب أعداء الوطن، والأخضر يعبر عن السلام الذي يسكن القلوب. الأبيض يجلّي كرم الوجه الإماراتي ونقاء السريرة، مستمدّاً بياضه من صفاء الغيوم، فيما الأحمر تجسيد للتضحية والفداء في خدمة الأرض الغالية. يتماهى الشاعر مع إرث زايد الخير، مؤكدًا أن جهوده لم تذهب سدى، بل كانت القاعدة الراسخة لانطلاق الدولة نحو المستقبل بخطى ثابتة وعزيمة لا تلين، ما يجعل الفخر يتعاظم عامًا بعد عام.,"Cinematic medium-wide shot of Sheikh Zayed bin Sultan Al Nahyan (Zayed Al Khair) standing alone in a dignified, visionary pose on a muted cyan-tinted desert terrace at twilight, gazing toward a distant horizon where the silhouette of the Burj Khalifa and modern skyline emerge from cool blue-grey mist, embodying the poem's theme of leadership lighting up darkness with hope, wearing pristine white kandura and black bisht with intricate gold embroidery, face etched with solemn pride, deep contemplation, and unwavering resolve, subtle warm amber highlights illuminating his profile against volumetric golden-hour rim lighting with cyan undertones, shallow depth of field with soft bokeh background, shot on ARRI Alexa 65 with anamorphic lens flare and subtle film grain texture, symbolic elements including a single wilting desert rose held gently in one hand representing sacrifice and a faint wisp of incense smoke curling upward to signify peace, contemplative and majestic atmosphere, 8K photorealistic cinematic masterpiece, Apple TV+ premium documentary aesthetic, no text, no watermark, no women",URL,زايد,https://d1q70pf5vjeyhc.cloudfront.net/predictions/14dbca0673e5411989cf1f64acba6ebb/1.jpg,477d48f2cd4c4b388c0407004516c6e2
275,حكمه الحطاب,"بالهدي والبر والتقوي يا ربي زدها      نفس مءمن شفته بالذكر ليست عطبه
ادري ان المقبلات اشر واقسي وادهي      والعمر مره وانا لا يمكن افرط به
واجمل اللحظات واغلاها معي واسعدها      لحظه راس قلمي ف اوراقي اخطط به
القصيده دون حبكه في نظر ناقدها      مثل من صلي صلاه الجمعه بلا خطبه
والبيوت اللي هجوسي ماهو يرددها      من ملف الذاكره ثلثينها منشطبه
صاحب النعمه ما يبلش غير في حاسدها      ودي اعرف حاسد النعمه فقط ما خطبه ؟
ايها الانسان نفسك للعلا جندها      واستمع شور المجرب جيدا واحتط به
وانظر الحطاب نفسه كيف هو عودها      يتخير في الحطب ما كل عود ايحطبه
لا تكن كالبير ما تروي سوي قاصدها      ولتكن كالغيم تروي كل نفس رطبه",تدور القصيدة حول الحكمة والفطنة في انتقاء الأفعال والأقوال، مستعيرة من صورة الحطاب الذي يختار بعناية العود الصالح للحطب، فتكون النار نفعاً لا ضرراً. يوصي الشاعر النفس بزيادتها بالهدي والتقوى، والحرص على حسن التخطيط والرؤية الواضحة كأجمل لحظات الإبداع. يحذر من الغل والحسد اللذين يفسدان النعم، ويشجع على كسر الأنانيات لتشمل الخير والعطاء الجميع، كما السحابة التي تروي كل الأرض. تلخص هذه الرؤية بأسلوب رصين يدعو إلى تجنب التسرع والإسراف في عمرٍ واحد لا يُجدد، مؤكدًا أن الحكمة تجلب العلا والسمو الحقيقي للإنسان.,"Cinematic medium shot of a wise Emirati elder (Bo Zayed) in pristine white kandura and black bisht with gold embroidery, his face etched with profound contemplation and dignified wisdom, standing on muted cyan-tinted desert dunes at twilight, holding a carefully selected piece of wood symbolizing the firewood gatherer's discernment, scattered wilting desert roses and prayer beads at his feet representing patience and devotion, distant silhouette of a Ghaf tree against desaturated teal sky, subtle incense smoke wisps rising from an Arabic coffee pot nearby, volumetric rim lighting with cool blue-grey tones and soft amber accents, shallow depth of field with bokeh, shot on ARRI Alexa 65 with 85mm anamorphic lens, contemplative emotional atmosphere emphasizing foresight and restraint, 8K photorealistic masterpiece, Apple TV+ documentary aesthetic, no text, no watermark, no women",,,,
276,محيط افكار,"شاعر بواخر افكاره تلاطم في محيطه      قبل ذكره يشتهر ويصورونه للمجله
يوم شاف البرق والرعاد له نبره سليطه      قال للهاجوس سل السيف للمعني و سله
امطرت رحمه من الله وابتسم ثغر البسيطه      ابتسامه خلت الولهان من حق يتوله
يا حبيبي والبنادم يتاثر من محيطه      لو احاسيس الموده في ضميره مستقله
ما اقدر احدد سيول الغيم في ظهر الخريطه      انما حبك في قلبي اقدر احدد محله
الهجر جرحه يدين مواصلك تقدر تخيطه      وانا اشوف اليوم هذا فرصه للوصل .. يالله","في قصيدة ""محيط أفكار""، يتجلى الشاعر كبحار أفكاره التي تتلاطم في محيط الحياة، متشبثاً بقوة الكلمة وروعتها التي تسبق ذكره وتجعله محور اهتمام المجلات. يستحضر لحظات البرق والرعد كنبرة حادة ترفض السطحية، وتحتفي بالمعنى العميق كسيف يقطع الضباب. تمطر رحمته من الله، فتتفتح الابتسامة البسيطة التي تسلب قلب العاشق، وتسلط الضوء على القيمة المحورية للحب المستقل عن المؤثرات الخارجية والمحيط الاجتماعي. يعترف باستحالة تحديد قوة غيث الغيوم على خارطة مجهولة، لكنه يثبّت حب محبوبه في القلب كمكان لا يتغير. يرى في جرح الهجر فرصة للصلح والعودة، معلناً أن اللحظة الراهنة تمثل فرصة لقاء غالية تضيء ظلمات الفراق.","Cinematic medium shot of a contemplative Emirati man in traditional white kandura and finely embroidered bisht, his face illuminated by muted cyan and desaturated teal twilight hues, embodying the restless sea of thoughts; dramatic lightning flashes and distant thunderclouds symbolize sharp insight cutting through fog, while subtle incense smoke wisps and scattered desert rose petals at his feet evoke deep emotion and longing; soft golden rim lighting accentuates his serene yet intense expression, set against a vast desert horizon with faint silhouettes of ghaf trees and a distant falcon in flight; shot on ARRI Alexa 65 with anamorphic lens flare and shallow depth of field, cinematic masterpiece with moody, poetic atmosphere, Apple TV+ premium documentary aesthetic, no text, no watermark, no women",,,,
277,حلال الصعاب,"اسمعت اذني زءير الليث غاب      مانشدت الناس من وين الزءير
انا شبله واحسب لصوته حساب      لا ذكرت اهوال يوم مستطير
كل ماعدا علي روس الهضاب      لازم الانظار صوبه تستدير
من عرفته مايقول الا الصواب      كل كلمه من سموه تستثير
النفوس او كل ما فكر وجاب      قافيه خلا هل المعني تحير
في معانيها بشك وارتياب      مايحللها سوي من هو جدير
له فراسه ف الحضور وف الغياب      شاعر بحره من المعني غزير
ودي اجاريه ، لكني اهاب      كل شبر يقارن بشبره قصير
من يريد ينافسه يطرد سراب      تعتبره الناس مجهول المصير
والغلا في القلب ينساب انسياب      مثلما ينساب نسناس العصير
في فيافي لندن بلاد الضباب      او كما الذعذاع في بر العوير
وان سمح لي سيدي دمث الجناب      بسءال واحد لاجل استنير
الظبي وشلون يعشقه العقاب      كل ظبي لو يشوفه يستذير
الظبي ما له نظير او كان غاب      عن عيونك كيف تلقي له نظير
يعسف المهره ، شجاع مايهاب      ف الخيول النادره فكره بصير
الهجر بين الحبايب سم داب      والجفا من بينهم ما فيه خير
كيف تسالني وتدري بالجواب      كيف تبغي نصرتي وانت النصير
حلها عندك يا حلال الصعاب      سيف عزمك ماصنع لجله جفير
شاب راس القاف من هيبتك شاب      مايصير اني اكابر .. مايصير",يستحضر الشاعر عظمة الزئير الصادق في معركة الحياة، متحدياً بما يعكسه من هيبة الأسد وعنفوان الشبلة التي تحسب حسابها لهذا الصوت. يتجلى في القصيدة التأمل العميق والحذر في مواجهة الصعاب، حيث تتوج الحكمة والبصيرة من يملك فراسة الحضور والغياب، شاعر يغني بحور المعاني بثراء وعمق يفوق المنافسة. ينساب الود والعشق كنسناس العصير في القلوب رغم المسافات والغياب، ويبرز ربط الشاعر بين قوة العزيمة وحلّ المعضلات بسيف الحزم والتصميم. يعبر النص عن صلابة الشخصية التي لا تهاب الجفاء أو التحديات، مؤكدًا أن كل شبر من مكانته لا يُقارن، وأن البطولات الحقيقية تُصنع بالعزائم الثابتة لا بالمظاهر.,"Cinematic medium shot of Sheikh Mohamed bin Zayed (Bo Zayed) standing alone in a dignified, contemplative pose on a muted cyan-tinted desert terrace at twilight, holding a traditional khanjar with both hands near his chest as if reciting poetry or reflecting deeply, face etched with solemn pride and visionary resolve, wearing pristine white kandura and black bisht with intricate gold embroidery, distant falcon silhouettes and subtle incense smoke wisps curling upward, volumetric golden-hour rim lighting with cool blue-grey tones and warm amber highlights, shallow depth of field with bokeh, shot on ARRI Alexa 65 with anamorphic lens flare, contemplative and majestic atmosphere, 8K photorealistic cinematic masterpiece, Apple TV+ premium documentary aesthetic, no text, no watermark, no women",Generating,سيف,,481d7d7596d84fe697c9317201c456af
278,وسم,"نفوسنا ماحد يدري بغاياتها      وقلوبنا من هجر الاحباب فيها وسم
قمه جنون الحياه ف بعض لحظاتها      انك تمني حياتك روح بلا جسم
واللي وقف يرقب الغيمه وزخاتها      بالعاطفه والموده مهجته تتسم
طبيعه المنظر الخلاب في ذاتها      قد تجبر اللي يناظر لجلها يبتسم
والفاتنه اللي تثيرك في تلفاتها      من كل شي جميل الله عطاها قسم
لو جيت ترسم فقط تبسم شفاتها      تحتاج رسام او تحتاج حصه رسم
النحر كامل دسم ، تعكسه مراتها      لكن خصرها هو الي فيه قلت دسم
ذكر اسمها في القصيد يزيد لوعاتها      يكفي غرامي لها لو ما ذكرت الاسم
هي اجمل من الحياه ومن ملذاتها      محتاج اقسم قسم والا بلاش القسم",تتجلى في هذه الأبيات تأملات عميقة في نفوس تختزن أسرار الهجر وجراح الغياب، حيث يشبّه الشاعر معاناة القلب بوشم لا يمحى. يتخلل النص مشاهد من الحياة المتقلبة بين جنونها ولحظات السكينة، مبرزا مشاعر التوق إلى الحبيب وبهجته التي تُهدي النفس بسمة رغم الألم. تتجسد الفاتنة في وصف دقيق للشفتين والخصر، رمزاً للجمال الإلهي الذي يفوق كل متع الحياة، ويصبح ذكر اسمها بذاته لهيباً يزيد لهفة القلب، مؤكداً بأن عشقها يتطلب قَسَماً مقدساً يعبر عن عمق هذا الحب والولع.,"Cinematic medium shot of a male Emirati poet in traditional white kandura and black bisht, his face etched with dignified longing and deep contemplation as he gazes at a faint, indelible henna tattoo on his wrist symbolizing the unerasable pain of separation, standing amidst muted cyan-tinted desert sands at twilight, scattered wilting desert roses and cracked earth fragments near his feet representing heartbreak, distant silhouette of a Ghaf tree against desaturated teal sky, subtle incense smoke wisps rising softly, volumetric rim lighting with cool blue-grey tones and soft amber accents, shallow depth of field with bokeh, shot on ARRI Alexa 65 with 85mm anamorphic lens, emotionally resonant poetic atmosphere, 8K photorealistic masterpiece, Apple TV+ documentary aesthetic, no text, no watermark, no women",,,,
279,هدهدها,"ليت المحبه يجيب العلم هدهدها      من ديره الفاتن الي غيمها ماطر
اجاهد النفس واتعبني مجاهدها      وانا علي وصلها باحساسي اخاطر
الشاطره في الهجر قلبي معاهدها      ما يخونها ليت قلبي في الهجر شاطر
النظره اللي من عيوني تشاهدها      تعبير عن ما تكنه لهفه الخاطر",قصيدة عذبة تجسد صراع الشاعر مع شوقه وحرقة الوفاء للمحبوبة، حيث يربط بين علم الحبا والحكمة كأنها هدهد يأتي من ديار الحنين إلى غيوم اشتياق متساقطة. يتجلى في النص جهاد النفس ضد أحوال الفراق، مع تعهد القلب بعدم الخيانة رغم ألم الهجر. تعبيره عن الشوق يترجم عبر نظرات تفيض لهفةً وحنيناً، موشحة المشاعر بصدقٍ ينبع من أعماق ذاته، معبراً عن إخلاص لا تهزه الرياح.,"Cinematic medium shot of a male Emirati poet in traditional white kandura and black bisht, his face etched with intense longing and dignified heartbreak, standing amidst muted cyan-tinted desert dunes at twilight, scattered wilting desert roses and cracked earth symbolizing pain and separation, distant falcon silhouette against desaturated teal sky, subtle incense smoke wisps rising from a traditional dallah, volumetric rim lighting with cool blue-grey tones and soft amber accents, shallow depth of field with bokeh, shot on ARRI Alexa 65 with 85mm anamorphic lens, contemplative emotional atmosphere reflecting the struggle against separation, 8K photorealistic masterpiece, Apple TV+ documentary aesthetic, no text, no watermark, no women",,,,
280,الظبي,"الله واكبر منك يا فتنه دبي      حالتك يالمزيون ماهي بحاله
ناس تقول ان الغزاله هي اللي      لها عليك من الوصايف دلاله
وناس تقول ان الظبي اقرب شوي      في وقفته في لفتته في انفعاله
وانا رغم اراءهم ودي اني      احاول اشرح كل راي لحاله
لا صار بين امك وبين الظبي شي      وربي وهبك من الوصايف جماله
والا ابوك في لحظه الطيش والغي      سوا علاقه عابره مع غزاله
عموما ان كان السبب ذيك او ذي      ياكبر حظ اللي جذبك لوصاله",تهيم القصيدة بتجسيد فتنة دبي بروحها الساحرة وجمالها الفريد، متخيلةً مصدر هذا الجاذبية بين الغزالة الرشيقة والظبي الرقيق، كأنها تناقش أصول الحُسن في كيانها. ينبض النص بحس الاغتراب والتعجب من هيبتها التي لا تضاهيها حالة، وتتناثر الآراء بين مدح الغزالة ودعوى قرب الظبي، مع محاولة صادقة لفهم سر الجاذبية. يستحضر الشاعر العلاقة بين الأجيال ومورثات الجمال فتتجسد دبي كالكائن الحي الذي ورث صفات أنثوية تتلاقى بين الأناقة والبراءة، مؤكداً في النهاية أن الجمال الذي يسرق القلوب ليس سوى حظ القدر الذي جمع المصير بمن يحبها.,"Cinematic medium shot of a distinguished Emirati scholar in pristine white kandura and black bisht with gold embroidery, his face etched with contemplative wonder and poetic longing, standing on muted cyan-tinted Dubai skyline at twilight where the Burj Khalifa glows softly in the distance, scattered wilting desert roses and single falcon feather symbolizing noble beauty and fate, subtle incense smoke wisps rising from a traditional dallah, volumetric rim lighting with cool blue-grey tones and soft amber accents, shallow depth of field with bokeh, shot on ARRI Alexa 65 with 85mm anamorphic lens, contemplative emotional atmosphere celebrating Dubai's unique charm and destiny, 8K photorealistic masterpiece, Apple TV+ documentary aesthetic, no text, no watermark, no women",,,,
281,الشميمي و الخوي,"يا اهل الشعر الشعر لا ضقت ما دورت غيره      باسمه احقق امانيه واعبر عن امالي
تستثير العاطفه فكري وفكري يستثيره      يا كثر مالي ولكن الشعر هو راس مالي
وانا شاعر يجذبه ريح المطر في كل ديره      يتبسم للمطر لو خاطره ما هو بسالي
ورغم فضل الله علي اللي ماهو يحصي بخيره      واجتهادي للطموحات الكبيره واحتمالي
انما ابقي بشر تشغلني امور كثيره      مشغله عقلي واحاسيسي وخفاقي وبالي
يا اهل المقناص عزوني تري نفسي اسيره      للحزن والناس تحزن ف اول الدنيا وتالي
فاقد طيرين من ندر صواريم الجزيره      والحقيقه كني الا فاقد خيره عيالي
الشميمي مات واول دمعتي عزت الاخيره      واعتقدت ان الحزن وقف ولكن ما طرالي
لين ودعت الخوي في قصه الحزن المثيره      قصه من واقع ثابت وكنها من خيالي
كثر ما بين الشميمي والخوي رفقه وجيره      كن بين اثنينهم عهد من ايام خوالي
كل واحد يخبر الثاني بنبرته الكسيره      كان جاك الموت لا ترحل وتتركني لحالي
ما دريت ان الزمن مثل الرحاه المستديره      لين قفت بالشميمي والخوي سود الليالي
ومن يلوم الحزن في الصقار لا من مات طيره      يفقد الصقار طير وكنه فاقد شخص غالي","يحكي الشاعر في هذه القصيدة عن عمق ارتباطه بالشعر كملاذ يعبر به عن آماله وأحاسيسه، مستلهماً من الطبيعة وريح المطر روح الإبداع. يعكس الشوق والحزن لفقدان طيرين نادرين من صقاره، ""الشميمي"" و""الخوي""، الذين جمعته بهم رباط الرفقة والوفاء عبر زمن طويل، في قصة حزينة تجمع بين الحقيقة والخيال. يصور الشاعر الألم العميق الذي خلفه الفقد، مشبهاً روح الصقار المرتبطة بطيريه بفقدان أحبّ الناس، مؤكداً أن الحزن نابع من فقدان ذي معنى عميق يتجاوز مجرد المصاب إلى جوهر الحياة والإنسانية.","Cinematic close-up of a male Emirati poet in traditional white kandura and black bisht with subtle gold embroidery, his face etched with profound grief and contemplative longing, standing amidst muted cyan-tinted desert earth at twilight, scattered wilting desert roses and cracked earth symbolizing deep heartbreak and loss, distant silhouette of two falcons fading into the desaturated teal sky representing the lost companions Al-Shameemi and Al-Khawi, volumetric rim lighting with cool blue-grey tones and soft amber accents, shallow depth of field with bokeh, shot on ARRI Alexa 65 with anamorphic lens flare, melancholic yet dignified emotional atmosphere, 8K photorealistic masterpiece, Apple TV+ documentary aesthetic, no text, no watermark, no women",,,,
282,هند,"مكتوم سمي هند والاسم انتشر      اسم له في ذروه المجد انتمي
سمي علي روح الغلا واغلي بشر      اللي بحر الاشواق لرضاها زمي
اسم كثر ما وجه صاحبته بشر      احس كنها من ملاءكه السما
انا لو اكتب في الاسم نفسه عشر      قصايد ، مقصر في مدحه انما
لصاحبه هالاسم شوق بلا خشر      سليله العز وعقيله من حمي
داره من اصحاب الدسايس والقشر      محمد اللي للطموحات استمي","في هذه القصيدة يتجلى عشق الشاعر لاسم ""هند"" الذي اختاره مكتوم، والذي بات رمزاً للمجد والعزة والانتماء الراسخ. يصور ""فزاع"" صاحب الاسم كروح غالية وكنز من المودة، يتجاوز وصفه حدوده الطبيعية لتصبح صفاته كأنها من ملائكة السماء. ينبض البيت بالولاء والعزة لسلالة تحمل اسم ""محمد""، ويبرز البيت كلصيقٍ بالطموحات الرفيعة الحصينة من المكائد. يعكس الشاعر بعمق مكانة هذا الاسم بين النفوس والعشاق، مؤكداً أنه مهما كتب من قصائد سيظل عاجزاً عن مدحه حق المدح، فـ""هند"" ليست مجرد اسم بل روح تتجسد فيها أسمى القيم والكرم العربي العتيق.","Cinematic medium shot of Sheikh Mohamed bin Zayed (Bo Zayed) standing alone in a contemplative pose on a muted cyan-tinted desert terrace at twilight, holding a traditional Arabic coffee pot (Dallah) as if pouring it with reverence toward the horizon, face etched with deep longing and poetic admiration, wearing pristine white kandura and black bisht with intricate gold embroidery, distant silhouette of a falcon perched on a rock and subtle wisps of incense smoke curling upward, volumetric golden-hour rim lighting with cool blue-grey tones and warm amber highlights, shallow depth of field with bokeh, shot on ARRI Alexa 65 with anamorphic lens flare, contemplative and emotionally resonant atmosphere, 8K photorealistic cinematic masterpiece, Apple TV+ premium documentary aesthetic, no text, no watermark, no women",URL,"محمد,مكتوم",https://d2p7pge43lyniu.cloudfront.net/output/49934211-caaf-4458-8ad2-1c9062695210.jpeg,0cfa7c7eafb046c882d0d5f6caf7ec80
283,مزهريه,"انا لا شفت الورد في المزهريه      بعيد عن بستانه يضيق بالي
اشعر بلحظه حزن لو هو هديه      كانني حاضر عزا شخص غالي
لو كان نور شموعه الجانبيه      ترسم ملامح ما مضي في خيالي
الذكريات الحلوه الاوليه      قدام ترهقنا صدوف الليالي
شقي يا ابن ادم ونفسك شقيه      مهما بلغت من الكبر والتعالي
تري الرضا طبع النفوس الرضيه      ومن الشقا ما فيه مخلوق سالي
ومعاند الايام يصبح ضحيه      لو هو من اصحاب السمو والمعالي","القصيدة، وعنوانها ""مزهرية""، تستعرض حزن الشاعر العميق حينما يرى الورد مقطوعاً وموضوعاً في إناء، مستحضراً ذلك المشهد كأنه حضور عزاء لشخص عزيز. يتغلغل النص في فلسفة الشقاء البشري، مؤكداً أن السمو والمكانة لا يقيان الإنسان مرارة المعاناة والتعالي على مصاعب الأيام. يشدد ""فزاع"" على أن الرضا هو مفتاح السكينة، وأن مقاومة نوائب الدهر محفوفة بالخسارة، حتى لأعظم الناس مكانة، ليعود الشاعر ويؤكد على هذا الشعور بالضيق تجاه الجمال المعزول عن أصله.","Cinematic medium shot of Sheikh Hamdan bin Mohammed (Fazaa) in pristine white kandura and black bisht with subtle gold embroidery, his face etched with deep contemplative sorrow and philosophical resignation regarding the fragility of beauty, standing amidst muted cyan-tinted cracked desert earth at twilight, a single severed wilting desert rose resting in an ancient clay vessel beside him symbolizing isolated beauty and human suffering, distant incense smoke wisps curling upward against a desaturated teal sky, volumetric rim lighting with cool blue-grey tones and soft amber accents highlighting the texture of his attire, shallow depth of field with bokeh, shot on ARRI Alexa 65 with 85mm anamorphic lens, moody contemplative atmosphere reflecting the futility of worldly status, 8K photorealistic masterpiece, Apple TV+ documentary aesthetic, no text, no watermark, no women",,,,
284,رمز,"كانك تساءل من ورا كل الانجاز      وعن المنظر الخلاب انا وين انا كنت
وكانها تقول : الله يا رمز الاعجاز      انا ما صنع مجدي علي الارض غير انت",يستعرض الشاعر بفخر وهج إنجازاته التي أبهرت العيون، متحدثاً عن الذات التي تجسد رمز العظمة والإعجاز في هذه الأرض. يؤكد على أن مجده وتاريخ نجاحاته لم تُبنى إلا بفضل الجهد والتفرد، متميزاً كعلامة مضيئة في سماء الحضارة الإماراتية. تعكس الأبيات روح الاعتداد بالنفس والقوة التي تتخطى حدود التوقع، في لوحة شعرية تلتقط جوهر التميز والريادة.,"Cinematic medium shot of a distinguished Emirati leader (Bo Zayed) in pristine white kandura and black bisht with gold embroidery, his face radiating dignified pride and self-assurance, standing atop a vast desert landscape under a muted cyan twilight sky, subtle sand slipping through fingers symbolizing time mastered by effort, distant silhouette of Burj Khalifa against desaturated teal horizon, incense smoke wisps rising gently, volumetric rim lighting with cool blue-grey tones and soft amber accents, shallow depth of field with bokeh, shot on ARRI Alexa 65 with 85mm anamorphic lens, contemplative yet powerful atmosphere celebrating heritage and excellence, 8K photorealistic masterpiece, Apple TV+ documentary aesthetic, no text, no watermark, no women",,,,
285,الجمعه,"الجمعه افخم يوم في كل الاسبوع      يوم التواصل والسلام الحقيقي
يرتاح بالي فيه من كل موضوع      وتحس خطواتي بقيمه طريقي
اشعر بان صوتي لاسولفت مسموع      بعيد عن كثر الصخب ياصديقي
فيه الزعل من بين الاحباب ممنوع      والشوق منجي للمحب الغريقي",الجمعه يوم الصفاء والتواصل، يحل السلام الحقيقي في النفوس والقلوب. فيه تهدأ الضوضاء، ويرتفع صوت المودة بعيداً عن الصخب، معزّزاً روابط المحبة والودّ بين الأحبة. هو توقيت خاص للراحة النفسية والتأمل في مسار الحياة، حيث تُمنع النزاعات ويُسمح للشوق بأن يطفو بلطف بين قلوب العاشقين. نُبل هذا اليوم يجعله أسمى فصول الأسبوع وأكثرها بهاءً في رحلة الإنسان.,"Cinematic medium shot of a distinguished Emirati Sheikh in pristine white kandura and black bisht with subtle gold embroidery, his face etched with serene contemplation and spiritual peace, standing on muted cyan-tinted desert dunes at twilight, scattered wilting desert roses and prayer beads symbolizing devotion and longing, distant falcon silhouette against desaturated teal sky, volumetric rim lighting with cool blue-grey tones and soft amber accents, shallow depth of field with bokeh, shot on ARRI Alexa 65 with 85mm anamorphic lens, contemplative emotional atmosphere reflecting true peace and connection, 8K photorealistic masterpiece, Apple TV+ documentary aesthetic, no text, no watermark, no women",,,,
286,ابو خالد,"يابو خالد حفظك الله وانت الشيخ      الذي ما يهز الوقت مقداره
يوم ميلادك يسولف به التاريخ      عندما سولف التاريخ باخباره
كل ما قال كوكب الارض للمريخ      فوق متني بني الامجاد باصراره
قال له كوكب المريخ مجد الشيخ      كمله يوم فوقي حط مسباره","يتجلى في هذه القصيدة الإشادة العميقة بشيخ العرب ""محمد بن زايد"" (أبو خالد) كرمز ثابت لا تهزه تقلبات الزمن، حيث يصور الشاعر ميلاده كحدث خالد يتحدث عنه التاريخ بفخر واعتزاز. يشبّه الشاعر تلاحم أمجاد الوطن بقوة الكواكب، فيرفع من شأنه بوصفه المجد الثابت الذي تحدى المستحيل، متجسداً في رحلة السعي والإرادة الصلبة التي لا تلين، مستلهماً ثباته الذي يلامس النجوم ويخط المعجزات، معبراً بذلك عن القيادة الحكيمة التي ترسّخ مجد الإمارات في القلب والعين.","Cinematic medium shot of Sheikh Mohamed bin Zayed (Bo Khalid) in pristine white kandura and black bisht with gold embroidery, his face etched with dignified strength and visionary wisdom, standing atop a vast desert landscape at twilight where the horizon meets a desaturated teal sky, scattered wilting desert roses and a single falcon feather symbolizing nobility and timelessness, distant silhouette of Burj Khalifa against muted cyan tones, volumetric rim lighting with cool blue-grey hues and subtle warm amber accents, shallow depth of field with bokeh, shot on ARRI Alexa 65 with 85mm anamorphic lens, contemplative majestic atmosphere celebrating unshakeable leadership, 8K photorealistic masterpiece, Apple TV+ documentary aesthetic, no text, no watermark, no women",,,,
287,الميت الحي,"كم اشعر بمتعه الي صرت بلحالي      علي شفاتي دعاء والارض سجاده
والشعر في الميت اللي حي يحلالي      كما حلا شعر عاشق في هوي غاده
محتاج صاحب يقدر مجمل احوالي      ماهو علي الظن ، فوق الظن وزياده
يدري عن الحاجه اللي دارت ف بالي      ويدرك حقيقه شعور الحزن وابعاده
الوعي .. رافد مهم لدعم الامالي      والنصر .. يحتاج دعم وفكر وقياده
يا قصر زعبيل شكلك فاقد غالي      عضيد شيخ تفاخر باسمه بلاده
مريت قصره وحسيت القصر بالي      لو كان قصره يفاخر بالذي شاده
يشاركك اول الاحزان و التالي      تقول ميعاد حزنك نفس ميعاده
حدايقه بالنخيل الباسق العالي      اللي مع رقه النسناس منقاده
احيد عصفورها لا جيت غني لي      واليوم عصفورها ليس كما العاده
من يحسب الحزن وقفه فوق الاطلالي      قولوا له الحزن حاجه غير معتاده
الحزن ذكره معي في كل ترحالي      والي لقيت الحزين ، احاول اسعاده
ما قلت ابويه ولا عمي ولا خالي      لو كلهم في ميادين الفخر ساده
لكن .. افاخر بهم واثبت افعالي      وش قيمه الرجل لو مايصنع امجاده","تتجلى في هذه القصيدة حالة الانعزال الذاتي والوجدان الممزق، حيث يرصد الشاعر ""فزاع"" ذاته كميت حي يعيش بين الزحام، يواجه حزنه العميق بوحدته التي يحولها إلى مناجاة ودعاء. يعبر عن الحاجة الملحة لرفيق يعي جوهر مشاعره، يدرك أبعاد الحزن ويقف بجانبه بلا أحكام ظنية، مستنداً إلى وعي رصين يدعم آماله في نصرٍ قادم يتطلب قيادة حكيمة. تبرز في الاسترجاع الرمزي لقصر زعبيل تجربة الفخر الوطني المؤلم، حيث يفتقد الحصن المعتاد لصداقته التي ترافق أفراحه وأحزانه، وتتحول حدائق النخيل ومشاهد الطيور إلى استعارات شعورية للوحدة والحنين إلى الماضي. رغم الألم، يؤكد الشاعر افتخاره بأهله وأجداده كمرآة تبرز قيمه، متسائلاً عن قيمة الرجل دون صناعة مجده، معبراً عن العزلة والحزن بوصفهما حالتين متلازمتين في رحلة الذات الدرامية التي تجمع بين الحاضر المرير وأمل الخلاص.","Cinematic medium-wide shot of Sheikh Khalifa bin Zayed (Bo Khalifa) and Sheikh Mohamed bin Rashid (Bo Rashid) standing together in a dignified unity pose on a muted cyan-tinted desert terrace at twilight, both placing a hand respectfully over their hearts while gazing toward a distant horizon with solemn pride and visionary resolve, wearing pristine white kanduras and black bishts with intricate gold embroidery, subtle incense smoke wisps curling upward and a single wilting desert rose resting on the stone floor nearby, volumetric golden-hour rim lighting with cool blue-grey tones and warm amber highlights, shallow depth of field with bokeh, shot on ARRI Alexa 65 with anamorphic lens flare, contemplative and emotionally resonant atmosphere reflecting the poem's themes of leadership, shared sorrow, and enduring legacy, 8K photorealistic cinematic masterpiece, Apple TV+ premium documentary aesthetic, no text, no watermark, no women",URL,شيخ,https://d2p7pge43lyniu.cloudfront.net/output/4172d46f-3f80-41db-acb3-620950c6e717.jpeg,63812628c5e74eb4aad43132a4ee1517
288,عجايب وشنذاره وغياث,"عجايب      وينك يا غياث شنذاره تحداني
لو كان ما عندها فعل تماري به      شوط التحدي تشارك به علي شاني
هذا كلام الحقيقه وانت تدري به      شهره عجايب تري في كل ميداني
منها زمان العجب ضاعت تعاجيبه      محد يحارب نجاحي غير عدواني
ولا لقوا من محاربتي سوي الخيبه      لو شهره اعمار للقاصي وللداني
ومركاضها كل خلق الله تهذري به      الي ذكرها زمنها ما تناساني
مدرب اعمار شاملني بتدريبه      بكره واقول الشعر صح الله لساني
اتعب علي البيت لين يزين تركيبه      شنذاره
وينك يا غياث غثني والزمن فاني      عجايب السيف قدامي تباهي به
تقول للاولي ماهوب للثاني      تستنقص من المقام وتجهل الهيبه
معزب الخير قدمها وخلاني      اسلوب تمويه واهل الهجن تدري به
والله لو الشور عندي ما تعداني      اكسر التيم لجل السيف واجيبه
مع احترامي وتقديري وعرفاني      من يجهل اعمار مدري وش نسوي به
في دار زايد وفي مضمار ابن ثاني      المركز الاولي لاعمار ترتيبه
والا علي الشعر جاريتك بقيفاني      شعر لو اسمع الشاعر يغني به
غياث      الله علي الشعر كيف يهز وجداني
خصوصا ان كانها صوبي مكاتيبه      ان كان اقراه والا اسمعه باذاني
في الحالتين اعشقه ما منه تجنيبه      خبر عجايب وشنذاره يا شيطاني
الشعر ي اللي ماحولك شكه وريبه      غياث شيبه ويعشق جر الالحاني
لكن بعض السوالف تزعل الشيبه      تبغون رايي ورايي حسب ما جاني
النصر والسيف معروفه معازيبه      بذلتوا الجهد والتوفيق رباني
السبق ثنتينكم خذتوا مكاسيبه      ما فيه مجد يجي للرجل مجاني
لابد ما يخسر الرجال من جيبه      يتعب ويبذل جهد ويظله يعاني
ويحقق النصر لين نقول يا طيبه","في هذه القصيدة، يعبر الشاعر بفخر وحماسة عن تحديه ومنافسته في مضمار الهجن مع ""غياث"" و""شنذاره""، مشيداً بتميز ""عجايب"" وشهرته التي تخطت الحدود، مؤكداً أن خصومه لم يحققوا له سوى الخيبة رغم كل المحاولات. يبرز البيت كمدرسة للصبر والاجتهاد، حيث أن النجاح تتطلب العمل الدؤوب والتدريب المستمر، فيما يثمن الشاعر دور دار زايد ومضمار ابن ثاني في تحقيق المراكز الأولى. كما يعكس النص روح التنافس الشريف والاعتراف بالجهد المبذول والتوفيق الإلهي كأساس لكل انتصار، مشدداً على أن المجد لا يُنال بدون تضحية وعناء، ما يجعل هذا التحدي رمزاً للعزيمة والإصرار في ساحة الفخر الإماراتية.","Cinematic medium-wide shot of Sheikh Mohamed bin Zayed (Bo Zayed) and Sheikh Hamdan bin Mohammed (Fazaa) standing together in a dignified unity pose on a muted cyan-tinted desert terrace at twilight, both holding traditional Arabian swords upright as if reviewing a victory or preparing for a challenge, faces etched with solemn pride and visionary resolve, wearing pristine white kanduras and black bishts with intricate gold embroidery, distant falcon silhouettes and subtle incense smoke wisps curling upward, volumetric golden-hour rim lighting with cool blue-grey tones and warm amber highlights, shallow depth of field with bokeh, shot on ARRI Alexa 65 with anamorphic lens flare, contemplative and majestic atmosphere, 8K photorealistic cinematic masterpiece, Apple TV+ premium documentary aesthetic, no text, no watermark, no women",URL,زايد,https://d2p7pge43lyniu.cloudfront.net/output/cf42ec2b-3663-4ce8-87b3-698705910f3c.jpeg,5ef38b6e70184c62b48e4ee580281598
289,ضحي العيد,"حاول تهنيني قبل ليله العيد      خل الخفوق من الوداد يتفاجا
اياني و اياك يا سيد الغيد      تنسي تهنيني ضحي العيد لا جا
لا تقول هنيتك ، هذي بس تمهيد      لجل القلوب من الوصال تناجا
والا بعد مدحي لمنحرك والجيد      بهجيك .. وانت ماتحب تهاجا",في هذه القصيدة، ينبض فزاع بقلب مفعم بالشوق والإنسانية، متوجهاً إلى الحبيب في ليلة العيد، يطلب منه أن يسبق الجميع بالتهنئة لتتفجر مشاعر الوداد في الصدور. تنساب الكلمات بدفءٍ خاص يعكس عمق العلاقة الروحية، حيث يميز العيد بداية للتواصل والوصال، لا مجرد طقوس محسوبة. يختزل الشاعر في ترديد الدعوة بين الإصرار والحنان، رافضاً التهاون أو التأجيل، مؤكداً أن تهنئته ليست مجرد كلمات، بل مدخل للفرح الحقيقي وبهجة اللقاء. روح القصيدة تعكس ترابط الأحباب وانتظار لحظة التلاقي، بعيد يحمله القلب قبل أن يعلن التقويم.,"Cinematic medium shot of Fazaa in pristine white kandura and black bisht with gold embroidery, his face etched with deep longing and spiritual warmth as he gazes toward a beloved figure off-screen, standing on muted cyan-tinted desert dunes at twilight, scattered wilting desert roses and incense smoke wisps symbolizing memory and devotion, distant silhouette of traditional architecture against desaturated teal sky, volumetric rim lighting with cool blue-grey tones and soft amber accents, shallow depth of field with bokeh, shot on ARRI Alexa 65 with 85mm anamorphic lens, contemplative emotional atmosphere celebrating Eid unity and spiritual connection, 8K photorealistic masterpiece, Apple TV+ documentary aesthetic, no text, no watermark, no women",,,,
290,دعاء,"يا مجيب للعباد ويا سميعا      طهر التايب لوجهك من ذنوبه
ودي اعايد عباد الله جميعا      امه محمد وسكان العروبه",في هذا الدعاء الروحي العميق، يتوجه الشاعر بنداء مخلص إلى الله المجيب السميع، طالبًا تطهير التائبين من ذنوبهم بنقاء ورحمة لا مثيل لهما. يجسد النص روح المحبة والفرح الجماعي بخاصة لأمة محمد وسكان الوطن العربي، متمنياً لهم عيدًا مباركًا يملؤه السلام والإيمان. يتكرر النداء ليعزز مشاعر السلام والتوبة، ويذكر بأهمية الصفاء الروحي والتواصل الأخوي بين المسلمين.,"Cinematic medium-wide shot of Sheikh Mohamed bin Zayed (Bo Zayed) and Sheikh Mohamed bin Rashid (Bo Rashid) standing side-by-side in a solemn, unified prayer posture on a muted cyan-tinted desert terrace at twilight, both placing their hands over their chests in a gesture of deep supplication and reverence toward the horizon, faces etched with serene devotion and spiritual humility, wearing pristine white kanduras and black bishts with intricate gold embroidery, subtle incense smoke wisps curling upward and distant silhouettes of traditional architecture framing the scene, volumetric golden-hour rim lighting with cool blue-grey tones and warm amber highlights, shallow depth of field with bokeh, shot on ARRI Alexa 65 with anamorphic lens flare, contemplative and spiritually resonant atmosphere, 8K photorealistic cinematic masterpiece, Apple TV+ premium documentary aesthetic, no text, no watermark, no women",URL,محمد,https://d1q70pf5vjeyhc.cloudfront.net/predictions/2fdb4557d2cf454e92dbc2a91112d234/1.jpg,156f816a60fc4cb99a14cc3d06d236b0
291,درب الشعر,"دربي ودرب الشعر واحد ما قدرنا نفترق      ان كان جوه غيم والا كان في الجو غبره
ليت القلم يعرف حدوده كل ما شاف الورق      لولا الورق كان القلم تبكي عليه المحبره
والرعد لا منه رعد ، والبرق لا منه برق      تطري علي اجمل سنين ايامي اللي مدبره
لو كنت نسل شيوخ جربت الكابه والارق      لكن انا اللي مظهره لا ينبءك عن مخبره
تعبت رجلي في الدروب الكايده لين العرق      لامس جبيني والرجل بلا فعل ضاع خبره
يا طارق باب الشقا ، باب الشقا ما ينطرق      كذلك الدرب الشقي لا تحاول انك تعبره
لا تجعل البسمه من شفاتك حبيبي تنسرق      وتحس كنك شايل في وسط صدرك مقبره
ان غاب نور الشمس وجهك نوره الباذخ شرق      يصغر مقام الشمس والا انته مقامك ما اكبره
نار الغلا يمكن قليل الصبر فيها يحترق      وانا علي نار الغلا صبري من اللي يصبره
بحر العيون السود من مره محب وما غرق ؟      لو هو امام الشوق وانبل من تعلا منبره",يتشابك درب الشاعر مع مسيرة الحياة، حيث الألم والاشتياق ينسجان معاناة الفقد وعمق المشاعر، في مواجهة الظلام والشدائد بثبات الصبر وقوة الإرادة. يختزل النص تحديات الطريق المليء بالتعب والمحن، مبرزاً تألق المحبوب كنور يضيء الدرب ويمنح الأمل وسط الغيوم. يعبر الشاعر عن وصفه لأشواقه عبر بحر العيون السود التي تغمره بالحب دون غرق، مؤكداً أن الصبر هو الوقود الذي يحافظ على اللهب متقداً رغم نيرانه الحارقة، مجسداً صورة العاشق الصامد الذي يرفض الاستسلام أمام قسوة الواقع.,"Cinematic medium shot of a male Emirati poet in pristine white kandura and black bisht with subtle gold embroidery, his face etched with dignified longing and resilient determination against the darkness, standing on cracked desert earth at twilight, scattered wilting desert roses and sand slipping through fingers symbolizing pain and time, distant silhouette of a beloved glowing softly like a beacon amidst desaturated teal clouds, volumetric rim lighting with muted cyan tones and soft amber highlights, shallow depth of field with bokeh, shot on ARRI Alexa 65 with anamorphic lens flare, contemplative emotional atmosphere of steadfast love and patience, 8K photorealistic masterpiece, Apple TV+ documentary aesthetic, no text, no watermark, no women",,,,
292,عن هنا من هناك,"هذا محمد ولد راشد و منه اليه      الفخر في عصره اللي قال من لي سواك ؟
ماضيه ف حد ذاته حاضر منافسيه      اما سمعت الزمان يقول ماذا دهاك ؟
كانه حديثه هنا عن مجد ماله شبيه      والمدهش انه يسولف عن هنا من هناك
واليوم سافر الي المستقبل اللي يبيه      سافر وقال الفخر يا شيخ خذني معاك
لا تساله اين انت ؟ فالسءال النبيه      مداك في الارض ؟! والا في فضانا مداك ؟!","تخاطب القصيدة ""محمد ولد راشد"" (محمد بن راشد آل مكتوم) باعتباره رمز الفخر والمعاصرة في زمنه، حيث يرسم له الشاعر صورة القائد الذي يمتلك مجداً لا مثيل له، حاضر يتفوق على منافسيه ويتحدث بثقة عن المجد منذ الماضي إلى المستقبل. تتجلى الرحلة الزمنية في القصيدة بين ""هنا"" و""هناك""، مع تصدر محمد بن راشد للمشهد كمن يحمل همّ الوطن إلى آفاق المستقبل الواسعة، متجاوزاً الحواجز الأرضية إلى الفضاء. تبرز القصيدة تأكيداً على عظمة هذا العصر بقيادته الحكيمة، التي لا يمكن حصرها بمكان محدد، بل هي قوة تحلق في كل الأبعاد، وتعكس طموح الإمارات نحو القمم.","Cinematic medium shot of Sheikh Mohamed bin Rashid (Bo Rashid) standing alone in a contemplative pose on a futuristic yet heritage-infused terrace at twilight, holding a traditional manuscript open as if reciting poetry about his legacy and future vision, face etched with serene confidence and visionary resolve, wearing pristine white kandura and black bisht with intricate gold embroidery, subtle wilting desert roses and faint incense smoke wisps curling upward near the hem of his robe, volumetric golden-hour rim lighting with cool blue-grey tones and warm amber highlights, shallow depth of field with bokeh, shot on ARRI Alexa 65 with anamorphic lens flare, contemplative and majestic atmosphere, 8K photorealistic cinematic masterpiece, Apple TV+ premium documentary aesthetic, no text, no watermark, no women",URL,"محمد,راشد,شيخ",https://d2p7pge43lyniu.cloudfront.net/output/1dd47da1-07df-4123-a2d4-716a4f445082.png,9d08c81fe9e142279c627a7821927526
293,الصوره,"الصوره تقول شمس ومايله للغروب      والمنطق يقول يا سامع حديثي هنا
فعولنا باسم ابوخالد حبيب الشعوب      اتبين حتي ولو ما بانت وجيهنا","في هذه الأبيات، تتجلى صورة الشمس المائلة نحو الغروب كرمزٍ لحقبة تنسحب، فيما يعانق المنطق كلمات الشاعر ليخاطب مستمعه بصدق وإصرار. يؤكد الشاعر الولاء والفاعلية باسم ""أبوخالد"" قائد الشعوب، متيقناً أن أعماله وجهٌ يرصده العالم رغم غياب الوجوه الظاهرة. تتوحد الصورة والكلمة لتجسيدا للتفاني والإخلاص في خدمة الوطن والقيادة.","Cinematic medium shot of Sheikh Sultan bin Zayed (Bo Khalid) in pristine white kandura and black bisht with subtle gold embroidery, his face etched with dignified determination and quiet patriotism, standing on muted cyan-tinted desert dunes at twilight, a single falcon feather resting near his hand symbolizing nobility and unseen strength, distant silhouette of modern skyline against desaturated teal sky, volumetric rim lighting with cool blue-grey tones and soft amber accents, shallow depth of field with bokeh, shot on ARRI Alexa 65 with 85mm anamorphic lens, contemplative emotional atmosphere reflecting unity and service to the nation, 8K photorealistic masterpiece, Apple TV+ documentary aesthetic, no text, no watermark, no women",,,,
294,المدينه,"من دبي العالميه ال مدينه زايد      يا سلامي والغلا بين النشاما كافي
المراجل كايده والطيب فعله كايد      دايم الوافي ما هو يجهل مقام الوافي",في هذه الأبيات، يختزل الشاعر مشاعر الفخر والانتماء بين دبي العالمية ومدينة زايد، حيث يصف الروابط بين النشامى بأنها سلام ومحبة متينة تكفي لكل الظروف. تتجلى المعاني النبيلة في أمازيج المراجل الطيبة والوفاء، مؤكداً أن الوافي يدرك عظم مقام الوافي، مما يعكس وحدة القلب والنية بين أبناء الوطن وحكامه بعزم لا يلين وروح أخوية أصيلة.,"Cinematic medium-wide shot of Sheikh Mohamed bin Zayed (Bo Zayed) and Sheikh Mohamed bin Rashid (Bo Rashid) standing together in a dignified unity pose on a muted cyan-tinted desert terrace overlooking the modern Dubai skyline at twilight, both raising a traditional UAE flag in a slow tribute gesture while gazing toward the horizon with faces etched with solemn pride and visionary resolve, wearing pristine white kanduras and black bishts with intricate gold embroidery, distant falcon silhouettes and subtle incense smoke wisps curling upward, volumetric golden-hour rim lighting with cool blue-grey tones and warm amber highlights, shallow depth of field with bokeh, shot on ARRI Alexa 65 with anamorphic lens flare, contemplative and majestic atmosphere, 8K photorealistic cinematic masterpiece, Apple TV+ premium documentary aesthetic, no text, no watermark, no women",URL,زايد,https://d2p7pge43lyniu.cloudfront.net/output/70cf4bff-1786-40f0-86eb-fe0571d48d92.jpeg,76a7324e6a5f419bbb89dbe3420439e8
295,زايد بن حمدان,"هذا هو الفارس اللي للوطن تذخره      مخلده فعل كفه ، والبشر فانيه
هيبتك عند الجلوس لحالها مفخره      ولهيبتك وانت واقف قصه ثانيه","في مدحٍ بليغ يُرسم ""زايد بن حمدان"" فارساً خالداً، يحتفظ للوطن به كرمزٍ للشموخ والعزة. تُجسّد الأفعال الثابتة والهيبة التي تُحيي الفخر، وتثبت أن الإنسان مهما زالت هيبته بالحضور، فإن وقوفه يفصح عن قصة أسمى من المجد الزائل.","Cinematic medium shot of Sheikh Hamdan bin Mohammed (Fazaa) in pristine white kandura and black bisht with gold embroidery, his face etched with dignified pride and noble strength, standing atop a rugged desert ridge at twilight, scattered wilting desert roses and a single falcon feather symbolizing enduring nobility, distant Burj Khalifa silhouette against desaturated teal sky, volumetric rim lighting with cool blue-grey tones and soft amber accents, shallow depth of field with bokeh, shot on ARRI Alexa 65 with 85mm anamorphic lens, contemplative heroic atmosphere, 8K photorealistic masterpiece, Apple TV+ documentary aesthetic, no text, no watermark, no women",,,,
296,صوره مجد,"ياسيد الامه ، زعيم الامارات      انت الفخر والمجد يعلو متونك
انت الوحيد اللي من الناس بالذات      تفرح الانجاز نظره عيونك
ياللي تصور مجد شعب الطموحات      ما تدري ان العالم يصورونك ؟!",في هذه القصيدة الموجزة يوجه الشاعر تحية إجلال وإعجاب لسيد الأمة، قائد الإمارات، الذي يجسد الفخر والمجد في شخصه وعمله الراسخ. يصور الشاعر عظمة الإنجازات التي تتلألأ في عينيه، معبراً عن أنه رمز طموحات الأمة وراعي مجدها، إلى حد أن العالم يلتقط صور عزته ويهتدي بها. التكرار يؤكد المكانة المتفردة التي يحتلها القائد في قلب كل مواطن، مكرّماً إياه كنبراس للإصرار والنجاح الذي يرفع راية الإمارات عالياً بين الأمم.,"Cinematic medium shot of Sheikh Mohamed bin Zayed (Bo Zayed) in pristine white kandura and black bisht with gold embroidery, his face radiating dignified pride and majestic confidence, standing against a muted cyan-tinted desert landscape at twilight, scattered wilting desert roses and subtle incense smoke wisps symbolizing enduring legacy, distant silhouette of Burj Khalifa under desaturated teal sky, volumetric rim lighting with cool blue-grey tones and soft amber accents, shallow depth of field with bokeh, shot on ARRI Alexa 65 with 85mm anamorphic lens, contemplative yet powerful atmosphere celebrating national glory, 8K photorealistic masterpiece, Apple TV+ documentary aesthetic, no text, no watermark, no women",,,,
297,ما عنه صدود,"ما عنه صدود وصل الزين ما عنه      لو كان قاسي وقلبي مرتجي عطفه
رموشه سيوف موت جات مستنه      منها عروقي ورا الاضلاع منشطفه
يا ناوي تخطف القلب اش تبي منه      تراه بيموت لو حاولت في خطفه
القلب مثل الزهر لازم تعرف انه      يموت في كف قطافه بعد قطفه
الطف تري في كتاب الله والسنه      من تاب يكسيه رب البيت من لطفه
والكبر صاحبه ماهو يدخل الجنه      كيف يتكبر وهو مخلوق من نطفه
سكنت في خافقي والله له المنه      قم ولع الشوق في الخفاق والا اطفه",تستعرض الأبيات رحلة العشق والحنان بين طرفين، حيث يصف الشاعر القلب بأنه زهرة دقيقة تتلاشى عند القسوة والبعد، محذراً من استهتار المشاعر أو انتزاع القلب بعنف. يتجلى فيها التذكير بأهمية اللين والرحمة، مستندا إلى تعاليم الله في كتابة أن التوبة والرفق سبيل النجاة، بينما الكبرياء بوصفه عائقاً لا يوصّل إلى الجنة. يحتضن الشاعر حبه في أعماقه متوقد الشوق، متأملاً أن تشتعل نار المحبة بدلاً من أن تخبو، معبراً عن تعلّقه العميق الذي يقاوم كل إخفاق.,"Cinematic close-up of a contemplative Emirati man in traditional white kandura and finely embroidered bisht, his face reflecting tender longing and restrained passion, seated against a muted cyan and desaturated teal twilight desert backdrop. Surrounding him are subtle symbols: a delicate wilting desert rose signifying fragile love, scattered prayer beads denoting patience and devotion, and soft incense smoke wisps evoking spirituality and mercy. Moody golden hour volumetric rim lighting with cool blue-grey tones and gentle amber highlights caress his profile, creating a poetic, emotionally resonant atmosphere. Shot on ARRI Alexa 65 with anamorphic lens flare and shallow depth of field, featuring professional color grading and subtle film grain texture. Cinematic masterpiece, 8K photorealistic, Apple TV+ premium documentary aesthetic, no text, no watermark, no women.",,,,
298,فزاع و سفاح,"سفاح صوته كان و ما زال و الفرقي تلوع      مزيج من روح الشباب و حكمه الرجل الكهل
صوته علي ركض (الشبابي) كان يعلق في السموع      زمان يوم الركض ناموسه ما ياتي بالسهل
حنا نعرف ان القناعه تجعل الشخص القنوع      يشعر بانه يمتلك ما لا ملك غيره فهل ؟
نستخلص العبره رغم حجم التفاوت في الطبوع      وان الامل مثل الهلال ان غاب لابده يهل
كن ك (بلال ابن رباح )اللي رفض ذل الخنوع      ولا تكن مهما تكون المغريات ( ابو جهل )","يبرز الشاعر في هذه القصيدة شخصية ""سفاح"" بتجسيد حيويته وروحه الشبابية المتقدة التي تندر، مترافقة مع حكمة الرجل الناضج الذي لا يلين. الصوت الذي يملأ الأجواء أثناء الركض يعكس زمنًا كان فيه الالتزام والصدق نادرين وثمينين. تسلط الأبيات الضوء على قيمة القناعة التي تمنح الإنسان رضا القلب رغم تفاوت الطباع، مع التشديد على الأمل الدائم المتجدد كالهلال، مهما غاب. يحث الشاعر على التشبث بالكرامة والثبات كما فعل بلال بن رباح، رافضًا ذل الخنوع، مع التحذير من مغريات النفس التي طالما مثلها أبو جهل. القصيدة تمثل مزيجًا فريدًا من الحماسة، الحكمة، والتمسك بالمبادئ النبيلة في مواجهة تحديات الحياة.","Cinematic medium shot of a youthful Emirati man embodying ""Saffah,"" dressed in traditional white kandura with a flowing black bisht edged in subtle gold embroidery, his expression fierce yet wise, capturing vibrant youthful spirit tempered by mature resolve. He stands poised on a muted cyan desert plain at twilight, wind stirring scattered desert roses and a solitary falcon feather nearby symbolizing nobility and enduring hope. In the background, faint silhouettes of traditional architecture and a distant crescent moon evoke steadfast dignity and renewal. Wisps of incense smoke curl gently around him, while cracked desert earth beneath his feet hints at trials overcome. Moody golden hour lighting with cool blue-grey tones and soft amber rim highlights sculpt his figure, shot on ARRI Alexa 65 with anamorphic lens flare and shallow depth of field, cinematic masterpiece, 8K photorealistic, Apple TV+ documentary aesthetic, contemplative and resolute atmosphere, no text, no watermark, no women.",,,,
299,اراده وطن,"عاش الوطن ، والله يعز القياده      اليوم هذا يوم عزه ونوماس
زايد رسم للدار خطه رياده      مع شيوخ بلادنا ثبت الساس
وخليفه اللي للمراجل زناده      يقدح وله في قمه العز مجلاس
وان قلت ابوراشد يا كبر الاشاده      تاريخه الخالد للاجيال نبراس
وان قلت ابو خالد تفاخر بلاده      في السلم والا يوم الارياق يباس
من كان له في كسب الامجاد عاده      شعبه يحوش المجد من دون مقياس
تري الوطن بالناس والناس اراده      ومن دون اراده يا وطن ما معك ناس
عاش الوطن ، والله يعز القياده      اليوم هذا يوم عزه ونوماس
زايد رسم للدار خطه رياده      مع شيوخ بلادنا ثبت الساس
وخليفه اللي للمراجل زناده      يقدح وله في قمه العز مجلاس
وان قلت ابوراشد يا كبر الاشاده      تاريخه الخالد للاجيال نبراس
وان قلت ابو خالد تفاخر بلاده      في السلم والا يوم الارياق يباس
من كان له في كسب الامجاد عاده      شعبه يحوش المجد من دون مقياس
تري الوطن بالناس والناس اراده      ومن دون اراده يا وطن ما معك ناس","تحت عنوان ""إرادة وطن""، يمثل النص احتفاءً مجيداً بالقيادة الإماراتية ومؤسسي الدولة. يشيد ""فزاع"" بـ""زايد"" الذي وضع أسس الريادة، و""خليفة"" صاحب المجد، ويُعلي من شأن ""أبو راشد"" (محمد بن راشد) كمنارة خالدة، و""أبو خالد"" (محمد بن زايد) كرمز للفخر في السلم والحرب. يلخص الشاعر جوهر الدولة في أن عزها يكمن في إرادة شعبها، مؤكداً أن الوطن لا يقوم إلا بالإصرار الجماعي، لتكون القصيدة نشيداً للولاء والاعتزاز بالمسيرة الوطنية.","Cinematic medium-wide shot of Sheikh Zayed bin Sultan (Zayed Al Khair), Sheikh Khalifa bin Zayed (Bo Khalifa), Sheikh Mohamed bin Rashid (Bo Rashid), and Sheikh Hamdan bin Mohammed (Fazaa) standing together in a powerful unity formation on a muted cyan-tinted desert terrace at twilight, all raising their hands in a collective gesture of leadership and national pride while holding traditional UAE flags, faces etched with solemn dignity and visionary resolve, wearing pristine white kanduras and black bishts with intricate gold embroidery, distant silhouettes of the Burj Khalifa skyline and subtle incense smoke wisps curling upward, volumetric golden-hour rim lighting with cool blue-grey tones and warm amber highlights, shallow depth of field with bokeh, shot on ARRI Alexa 65 with anamorphic lens flare, contemplative and majestic atmosphere celebrating unity and leadership, 8K photorealistic cinematic masterpiece, Apple TV+ premium documentary aesthetic, no text, no watermark, no women",URL,زايد,https://d2p7pge43lyniu.cloudfront.net/output/a6d20950-64e6-4af5-bcfb-65266e9a6c39.jpeg,6eeb95e9a3d64a1d87352eae97639e92
300,رساله حزن,"للحزين اللي طغي حزنه و حارب جيله      في رساله عبرت عن ما يكن و نصت
في بدايتها علي جور الزمان و ميله      وف نهايتها علي غدر الاحبه خصت
انني متعاطفا جدا وانا ادعي له      انما من يجهل التاريخ يحضر حصت
من يدرس منهج التاريخ واليحكي له      المحبه في قلوب اهل المحبه شصت
لا تصافح غادر بالغدر زاد الكيله      واخبره ان الليالي لو تسر اقتصت
خذ مثال واضح و معقول ما يبغي له      غير انك تستمع كنك علي تتنصت
لو يقص السيف كف اللي سرق في ليله      يمكن العبره في حلق اللي يشوفه غصت
الحزن واجب لكن العلم في تفصيله      لا تقول شلون قصت قول وش له قصت
من يحلل شي ما هو يفهمه تحليله      يدحره تحليل ناس للعلوم اختصت
وكان تبغي تفهم الواقع مثل فهمي له      اسمع القصه من اهل التجربه لا قصت
واسال اهل العلم والجاهل ما عنده حيله      الشريعه في وصاياها بذلك وصت
جاه ردي في رساله واضحه مني له      اتمني من حروفي ان تكون امتصت
الغضب من قلبه اللي كل هم يشيله      والجروح اللي علي حدب الضلوع انرصت","تُرسل هذه القصيدة كـ""رسالة حزن"" إلى شخص أثقل الغم قلبه، مبتدئة بشكوى من قسوة الزمان ومنتهية بلوم غدر الأحبة. ينصح الشاعر (فزاع) المتألم بالتعمق في دروس التاريخ لفهم طبيعة الخيانة، محذراً من مصافحة الغادرين ومشدداً على أن العبرة تُؤخذ من التجربة العميقة لا من الظواهر السطحية. إنها دعوة إلى ضبط النفس والتفريق بين الحزن المشروع والفهم السليم للواقع المستند إلى حكمة أهل العلم، لتمتص الحروف غضبه وتضمّد جراحه العميقة التي استقرت في الضلوع.","Cinematic medium shot of Sheikh Hamdan bin Mohammed (Fazaa) in pristine white kandura and black bisht with gold embroidery, his face etched with dignified sorrow and deep contemplation regarding the pain of betrayal, standing on muted cyan-tinted cracked desert earth at twilight, wilting scattered desert roses and a single falcon feather symbolizing lost nobility, distant Burj Khalifa silhouette against desaturated teal sky, subtle incense smoke wisps rising from an ancient khanjar, volumetric rim lighting with cool blue-grey tones and soft amber accents, shallow depth of field with bokeh, shot on ARRI Alexa 65 with 85mm anamorphic lens, moody emotional atmosphere reflecting the lesson of history and self-control, 8K photorealistic masterpiece, Apple TV+ documentary aesthetic, no text, no watermark, no women",,,,
301,علياء,"ودي اشكر عمتي ( عليا ) علي حسن الزياره      ادري اني عندها غالي وشكر الناس واجب
المثال اللي يترجم ما احسه وبجداره      مستحيل العين تعلي يا جماعه فوق حاجب","إشادة صادقة ووفية بالعمّة ""عليا"" على حسن الضيافة والكرم، حيث يعبر الشاعر عن مكانته الغالية لديها ويؤكد أن شكر الإحسان واجب أصيل. يجسد النص وفاءه العميق، مستخدماً التعبير التقليدي ""مستحيل العين تعلي فوق حاجب"" للدلالة على أن تقديره لها يفوق أي وصف أو مبالغة، مؤكداً أن هذا التقدير ينبع من أصالة العلاقة.","Cinematic medium shot of a dignified Emirati elder man in traditional white kandura and intricately woven sadu-patterned bisht, his serene face reflecting deep gratitude and respectful admiration, seated in a warmly lit majlis adorned with subtle golden amber accents and muted cyan teal textiles, delicate incense smoke wisps curling in the air symbolizing spirituality and memory, a traditional dallah coffee pot and prayer beads resting nearby representing hospitality and devotion, soft volumetric rim lighting with cool blue-grey tones enhancing the intimate atmosphere, shot on ARRI Alexa 65 with anamorphic lens flare and shallow depth of field, contemplative and heartfelt mood, 8K photorealistic cinematic masterpiece, Apple TV+ premium documentary aesthetic, no text, no watermark, no women",,,,
302,خلابه,"عندي شطر يسوي جميع الاشطر      محد من الشعار قبلي جابه
ياللي تعرف اقرا ما بين الاسطر      وتعرف قصد الشاعر ان غني به
دبي جذابه قبل ما تمطر      لو قلتوا انها بالمطر جذابه
خطيره وصارت صراحه اخطر      غيم ومناظر روعه وخلابه",يبرز الشاعر في هذه الأبيات صورة دبي الساحرة التي تفوق جاذبيتها كل الحدود التقليدية، حيث يصف جمالها الأخّاذ قبل نزول المطر وبعده، مؤكداً أن تجلياتها الطبيعية وتميّزها البيئي يحملان سحرًا فريداً لا مثيل له. يتغنى الشاعر بعبارات ابتكرها ولم يسبق لأحد أن عبّر بها، موجهاً رسالة خاصة للقارئ المتمعن في معاني الكلمات وما بين السطور. تتداخل الرؤية الفنية بين الطبيعة الخلابة والتجربة الإنسانية لتعكس عمق العلاقة بين الإنسان ووطنه، وتخلّد مشاهد الغيوم والمناظر التي تأسر القلوب والعيون.,"Cinematic medium shot of a contemplative Emirati man in traditional white kandura and bisht standing on Dubai's futuristic skyline at twilight, gazing at majestic cumulus clouds gathering over the Burj Khalifa and modern towers, muted cyan and desaturated teal tones dominating the cool blue-grey palette with subtle warm amber highlights, scattered wilting desert roses and a single falcon feather symbolizing nature's resilience and freedom, volumetric rays piercing through incense smoke wisps against desaturated teal sky, shallow depth of field with bokeh background, shot on ARRI Alexa 65 with anamorphic lens flare, profound emotional atmosphere connecting human heritage to the city's unique ecological beauty, 8K photorealistic masterpiece, Apple TV+ premium documentary aesthetic, no text, no watermark, no women",,,,
303,الديم,"غير الفخر والعز والمجد وش بعد      يادارنا جات السحايب مراديم
تقول بوخالد محمد علي وعد      مع ابو راشد محمد علي الغيم
تصافحوا ثم سولف البرق للرعد      ومن هنا ربي كتب ينزل الديم","تحت سماء وطنٍ تغمره الغيوم، يجتمع ""بوخالد"" و""أبو راشد"" في لقطة رمزية تمثل عهد الوحدة والقوة بين قيادات الإمارات، حيث التصافح بينهما يُشعل صدى البرق والرعد، معلناً بداية الخير والرخاء. يُجسد المطر (الديم) نزول البركة والبركات على الديار، حاملاً معه فخر العز والمجد الذي يجري في دماء الوطن، ليرسم أفقاً مشرقاً لا يحتاج إلا للاستمرار في بناء المجد والتاريخ. تتجسد الصورة في تلاحم الرؤى والعهود التي تكفل استمرار الازدهار في أرضٍ أخرجت من رحم الصحراء أمجاداً لا تزول.","Cinematic medium-wide shot of Sheikh Hamdan bin Mohammed (Fazaa) and Sheikh Mohamed bin Rashid (Bo Rashid) standing side-by-side in a dignified unity pose on a muted cyan-tinted desert terrace at twilight, both extending hands to perform a solemn handshake before raising them together as if channeling the energy of lightning and thunder, faces etched with visionary resolve and poetic gravity, wearing pristine white kanduras and black bishts with intricate gold embroidery, distant falcon silhouettes and subtle incense smoke wisps curling upward, volumetric golden-hour rim lighting with cool blue-grey tones and warm amber highlights, shallow depth of field with bokeh, shot on ARRI Alexa 65 with anamorphic lens flare, contemplative and majestic atmosphere, 8K photorealistic cinematic masterpiece, Apple TV+ premium documentary aesthetic, no text, no watermark, no women",URL,"محمد,راشد",https://d2p7pge43lyniu.cloudfront.net/output/bddccee5-587e-4466-92d7-f2e9dc98d0f6.jpeg,147d5d2acff44699a9e3fcf587f11991
304,رابع يوم,"هذا اليوم رابع يوم والجو رعد وبرق      وهذا اليوم رابع يوم والشوق ذابحني
وهذا اليوم رابع يوم والنبض وسط العرق      يقول ابتسم وان كنت غلطان سامحني
واذا قلت ما بينك وبين السحابه فرق      لانها تريحني .. وشوفك يريحني
ياسيد بنات الحسن في الغرب والا الشرق      يا ليتك تمسيني غرام وتصبحني
عيونك وسيعه يا ماشالله وعودك طرق      لكن ساتر عودك ورمش الجفن محني
قبل تنزل ف وحل الهجر خاف ربك وارق      علي قمه الوصل وتامل يا جارحني
يطيح المولع حزن لا سمع نوح الورق      وانا لو قطعت مواصلك ما تطيحني","يتجلى في هذه الأبيات تصوير درامي لحالة انتظار مؤلمة تتكرر خلالها مشاعر الشوق والحنين في ""رابع يوم"" من الفراق، حيث تعم السماء أجواء رعد وبرق تعكس العاصفة الداخلية في قلب الشاعر. تتشابك مشاعر الألم والندم مع تكرار الطلب بالمسامحة وطلب العودة إلى لحظات اللقاء، وسط تناقض بين نار العتاب وحرارة الحنين التي لا تخبو رغم جرح الهجر. يغلف الوصف جمال الحبيب ""سيد بنات الحسن"" بسماء واسعة ووعود متقلبة، مع تصوير دقيق لحاجز العيون والرموش الذي يحجب الحنان والاشتياق. تحمل الأبيات رسالة تحذير من التمادي في الهجر، داعية إلى الحذر والتأمل في قمة الوصل، مختتمة بتأكيد رغم التهديد بقطع الصلات، فإن وجدان المحبّ يظل ثابتًا لا ينكسر أمام الحزن أو نزيف الفراق.","Cinematic medium shot of a male Emirati figure in pristine white kandura and black bisht, his face etched with dignified anguish and deep longing under stormy skies, standing on cracked desert earth reflecting internal turmoil, scattered wilting desert roses and incense smoke wisps symbolizing fading memories, distant falcon silhouette against muted cyan-tinted twilight sky with dramatic lightning flashes, volumetric rim lighting with cool blue-grey tones and soft amber accents, shallow depth of field with bokeh, shot on ARRI Alexa 65 with 85mm anamorphic lens, contemplative emotional atmosphere of painful waiting and unyielding devotion, 8K photorealistic masterpiece, Apple TV+ documentary aesthetic, no text, no watermark, no women",,,,
305,الشجره,"تذكرون الشجره الي في شهر سبعه حزينه      مرها غيم السما واغاثها واسقي ثراها
لاتقارنها ببرج من بروج اهل المدينه      شامخه كن الفصول الاربعه تطلب رضاها","تمثل القصيدة ""الشجرة"" رمزاً للصمود والثبات في وجه المحن، مستحضرة صورة شجرة حزينة تحت غيوم يوليو، تنشد الرحمة والإنقاذ بروح صامدة لا تهتز. ترفض المقارنة بين هذه الشجرة وبنايات المدينة المزخرفة، مؤكدة على علوها الذي يضاهي جدارة الفصول الأربعة، حيث تعكس شموخها وسعياً مستمراً لتحقيق الرضا والقبول. تجسد الأبيات حالة من الانتماء العميق للطبيعة وأصالته التي لا تعلو عليها فخامة الزخارف العمرانية، مما يجعل الشجرة رمزاً للثبات والوفاء في عالم متغير.","Cinematic medium shot of a solitary, resilient Emirati man in traditional white kandura and bisht standing protectively beside a majestic, weathered Ghaf tree under heavy July storm clouds, his face etched with dignified sorrow and unyielding steadfastness, rejecting the blurred silhouette of ornate city skyscrapers in the desaturated teal background, wilting desert roses and cracked earth at his feet symbolizing pain and separation, subtle incense smoke wisps rising from a distant traditional dallah, volumetric rim lighting with muted cyan tones and soft amber highlights, shallow depth of field with bokeh, shot on ARRI Alexa 65 with anamorphic lens flare, contemplative atmosphere of deep nature allegiance and resilience against urban vanity, 8K photorealistic masterpiece, Apple TV+ documentary aesthetic, no text, no watermark, no women",,,,
306,كويت العز,"كويت العز يادار الصباح و عاصمه الامجاد      نحن باعيادكم ياهل الكرم و الطيب عيدنا
علمكم عانق ابراج السما و تعانقت الاطواد      وكان القلب شاهد حبكم و البدر شاهدنا
غدي للبدر ميعاده مثل ما للغلا ميعاد      علي حب الكويت و حب قايدها توحدنا","في ترديد مفعم بالفخر والانتماء، يتغنى الشاعر ""فزاع"" برمز العزة والوحدة في ""كويت العز""، موصِفاً إياها بدار الصباح وعاصمة الأمجاد التي يزخر أهلها بالكرم والطيب. ينسج بين سماء الكويت وراياتها المرفرفة، حيث تعانقت الأبراج مع الأطواد كدليل على تلاحم الشعب وحبه الصادق لوطنه. ينبثق الوفاء من القلب كشاهدة خالدة، متزامنة مع بريق البدر، في موعد حب يتكرر كموعد الفرح والوفاء. يجسد النص اتحاد الأمة والحب الدائم لقائدها، مضيفاً بعداً زمانياً وروحياً لتاريخها المجيد.","Cinematic medium shot of Sheikh Hamdan bin Mohammed (Fazaa) dressed in traditional white kandura and black bisht with subtle gold embroidery, his expression proud and contemplative, standing against a muted cyan and desaturated teal twilight sky over Kuwait City’s skyline where modern towers blend with traditional desert dunes. Around him, fluttering Kuwaiti flags and delicate incense smoke wisps symbolize unity and spirituality, while a single falcon feather drifts gently nearby representing nobility and freedom. Soft amber rim lighting highlights his dignified features, volumetric rays cast a moody glow, shallow depth of field with bokeh blurs the background, shot on ARRI Alexa 65 with anamorphic lens flare and subtle film grain texture. The atmosphere is poetic, emotionally resonant, and steeped in patriotic pride, cinematic masterpiece, 8K photorealistic, Apple TV+ documentary aesthetic, no text, no watermark, no women.",,,,
307,بيني وبينك,"طير المحبه كفخ يا ضامر السرجوف      وعلي اطول ضلوع صدر اللي يبيك اوكر
لو تنكر ان قلبك المرهف علي ملهوف      وتسال القلب قال القلب لا تنكر
تشكر علي البسمه اللي نارها في الجوف      اما علي الصد والهجران ما تشكر
بنات ادم وحوا من عنود النوف      واللي الي عرضت جمالها يسكر
مقارنه بالذي تمتلكه من وصوف      بيني وبينك صراحه الشي ما يذكر
ترز لي منحر يدعوا الي المعروف      وتلد لي عين تنهاني عن المنكر
تمكر بعود تقاسيمه تخطف الشوف      واذا سالتك تقول ان الغرام امكر
الكر والفر للعاشق ماهو مالوف      وشلون تقدر تجيد الفر والا الكر","تتجلى في هذه القصيدة رهافة المشاعر المتبادلة بين الشاعر ""فزاع"" ومحبوبه، حيث يُشبَّه الحب بطائر المحبة المحلق عاليًا رغم آلام الفراق والهجر. يصور النص الصراع الداخلي بين الشوق والخذلان، ويبرز قوة القلب المرهف الذي يعجز عن إنكار حبه حتى أمام الجفاء. تتزين الصورة بوصف دقيق لجمال المحبوبة وعذوبة ابتسامتها، بينما تدور رحى الكر والفر في علاقة العاشق التي لا تعرف الاستقرار. تتلاقى ملامح الصدق والعتاب في لغة شاعرية تحاكي نار الغرام المتقدة والحنين المستحيل النسيان، مما يجعل المسافة بينهما وكأنها سر لا يُذكر لكنه ينبض في الأعماق.","Cinematic close-up of Fazaa (Hamdan bin Mohammed) in pristine white kandura and black bisht with gold embroidery, his face etched with dignified longing and tender melancholy, standing on muted cyan-tinted desert dunes at twilight, a solitary soaring falcon symbolizing enduring love against desaturated teal sky, scattered wilting desert roses and cracked earth at his feet representing pain and separation, subtle incense smoke wisps rising from a distant traditional dallah, volumetric rim lighting with cool blue-grey tones and soft amber accents, shallow depth of field with bokeh, shot on ARRI Alexa 65 with 85mm anamorphic lens, contemplative emotional atmosphere of unspoken devotion, 8K photorealistic masterpiece, Apple TV+ documentary aesthetic, no text, no watermark, no women",,,,
308,من امس,"احس كني هنا موجود من امسي      شاعر و ادور علي سيف البحر فكره
هذا ظلالي يساندني وذي شمسي      حست باني من اللهفه معي حكره
قالت يا حمدان لو تقدر علي لمسي      خذتك معاي ورجعنا للبحر بكره","تتجلى في هذه الأبيات حالة تأملية عميقة بين الذات وظلالها، حيث يُجسّد ""فزاع"" الصراع الداخلي لشاعر يبحث عن سيف البحر الذي يرمز إلى قوة الفكرة وعنفوان الإبداع. يرافقه ظله وشمس حياته، مما يعكس مزيجاً من الدعم والعتب، ويزداد الحنين إلى الماضي ورغبة العودة إلى النقاء والبدايات في البحر الغابر. تتكرر الدعوة للعودة إلى حيث كان كل شيء أبسط وأصدق، مما يبرز تلاقي الحاضر والماضي في لحظة شعورية تحمل بين ثناياها التوق والحرمان.","Cinematic medium shot of Sheikh Hamdan bin Mohammed (Fazaa) standing alone on a windswept desert terrace at twilight, holding a traditional khanjar and gazing intently toward the horizon where the sea meets the sky in a visionary pose, face etched with deep contemplation and poetic resolve, wearing pristine white kandura and black bisht with subtle gold embroidery, wilting desert roses and wisps of incense smoke curling gently around him, volumetric golden-hour rim lighting with cool blue-grey tones and warm amber highlights, shallow depth of field with bokeh, shot on ARRI Alexa 65 with anamorphic lens flare, contemplative and emotionally resonant atmosphere, 8K photorealistic cinematic masterpiece, Apple TV+ premium documentary aesthetic, no text, no watermark, no women",Generating,"حمدان,سيف",,2af02fb9f3694103b0ec39503a337d79
309,ترحيبه غيم,"رحب بك الغيم كنه قاعد يحتريك      والعشب نظرته لك من فتنتك صادمه
اما عن الغيم باقي بس ياشر عليك      ويقول : يا مرحبا بالفتنه القادمه
والله ما الوم الذي يحلم يصافح يديك      العالم اللي تحبك ماهي بنادمه
ايادي الوصل تبني لك امل يحتويك      وايادي الهجر دايم للامل هادمه
فديت قلبك ، وسلهامه هذيك وهذيك      لك سيد الشوق يامر بالغلا خادمه","تحت عنوان ""ترحيبه غيم""، يصور ""فزاع"" لقاءً أسطورياً بين الحبيب والطبيعة، حيث يرحب به الغيم والعشب بفتنة ساحرة، مما يعكس الإعجاب الجامح. يستعرض النص الصراع الأزلي بين يدي الوصل التي تبني الأمل وأيادي الهجر التي تهدمه، بينما يعلن الشاعر ولاءه المطلق لسيده الشوق، الذي يأمر بالحب والخدمة لكبرياء المحبوب.","Cinematic medium shot of Fazaa in pristine white kandura and black bisht, his face illuminated with ecstatic wonder and devoted longing as he gazes upward, standing amidst lush emerald grass under a dramatic twilight sky where ethereal grey clouds gently embrace him like a lover, scattered wilting desert roses and incense smoke wisps swirling around his ankles symbolizing the eternal struggle between union and separation, soft golden rim lighting contrasting with muted cyan and desaturated teal tones in the atmosphere, volumetric rays piercing through the cloud cover, shallow depth of field with bokeh background, shot on ARRI Alexa 65 with anamorphic lens flare, contemplative and magical poetic atmosphere, 8K photorealistic masterpiece, Apple TV+ premium documentary aesthetic, no text, no watermark, no women",,,,
310,ما انبله,"نبيل عصره ، حفظه الله ما انبله      تتوه في وصفه الافكار قبل الحروف
يقبل الفخر يمني بنت مستقبله      كانه يقول للماضي ياليتك تشوف","ملحمة فخر وتقدير للقيادة الشامخة، حيث يعجز الوصف عن إحاطة مكانة الموصوف ""نبيل عصره"". يعكس الشاعر مشهد الاعتزاز بالمستقبل المشرق الذي يصنعه القائد، مخاطباً عبق التاريخ بتباهٍ مصحوب بتفاؤل ورؤية متقدمة لا يستوعبها الماضي.","Cinematic medium shot of a dignified Emirati male leader symbolizing ""Noble of His Era,"" dressed in traditional white kandura and intricately embroidered black bisht, his expression resolute and visionary, standing against a muted cyan and desaturated teal twilight sky over a vast desert landscape. Subtle symbols include a solitary falcon feather drifting in the cool breeze, cracked desert earth beneath his feet representing the weight of history, and soft incense smoke wisps rising gently, evoking spirituality and legacy. Moody golden hour volumetric rim lighting with cool blue-grey tones and warm amber highlights accentuate his noble presence. Shot on ARRI Alexa 65 with anamorphic lens flare, shallow depth of field with bokeh background, professional color grading emphasizing muted cyan palette. The atmosphere is contemplative, proud, and forward-looking, capturing the epic pride and reverence for a towering leadership shaping a radiant future beyond the grasp of the past. 8K photorealistic cinematic masterpiece, Apple TV+ premium documentary aesthetic, no text, no watermark, no women.",,,,
311,شهر سته,"اخذ الغلا من شعور مولعك نقدا      يا ناعم الوجنتين وصافي البشره
وان كنت تبغي علي ما قلت لي ردا      بقول لك سر ، ومسامحك في نشره
الشوق في دبي مثل الشوق في لندن      له لهفه في قلوب الناس منتشره
خلك مثقف ، و متفتح ، و متمدن      اشره بحشمه ، لكن اعرف متي تشره
حتي نضع للجدال العاطفي حدا      وبقول لك شي يحفظ باقي العشره
الشوق في شهر سته مختلف جدا      عن شهر سبعه وعن تسعه وعن عشره","قصيدة وجدانية عصرية تحمل عنوان ""شهر ستة""، يوجه فيها الشاعر (فزاع) نداءً عاطفياً لـ ""الحبيب"" صاحب الوجه الناعم، مطالباً بتقدير صادق ومباشر لمشاعره المتراكمة. يتأمل النص حالة الشوق العارمة التي تعم ""دبي"" وتتجاوز حدود الزمان والمكان، مقارناً إياها بشوق ""لندن"". يحث الشاعر المحبوب على الرقي في التعامل مع الخلافات العاطفية، داعياً إلى الحكمة والتوازن قبل وضع حد للجدال، ليؤكد أن الشوق في شهر يونيو (ستة) يحمل نكهة خاصة ومميزة تفوق بقية الشهور.","Cinematic close-up of Sheikh Hamdan bin Mohammed (Fazaa) in pristine white kandura and black bisht with gold embroidery, his face etched with dignified longing and deep emotional intensity, standing on muted cyan-tinted Dubai skyline at twilight, scattered wilting desert roses and cracked earth symbolizing heartbreak, distant falcon silhouette against desaturated teal sky, subtle incense smoke wisps, volumetric rim lighting with cool blue-grey tones and soft amber accents, shallow depth of field with bokeh, shot on ARRI Alexa 65 with 85mm anamorphic lens, contemplative emotional atmosphere reflecting the unique longing of June, 8K photorealistic masterpiece, Apple TV+ documentary aesthetic, no text, no watermark, no women",,,,
312,ثلاث اعياد,"نعمه الامارات من رب السماواتي      الابن يفرح بها ويبشر الوالد
ثلاثه اعياد للشعب الاماراتي      عيدالله وشوف ابو راشد وابو خالد","قصيدة تحتفي بثلاثية العيد الكبرى في وجدان الشعب الإماراتي؛ عيدٌ ديني مبارك، وعيدٌ يتمثل في رؤية القائد ""محمد بن راشد"" (أبو راشد) رمز الرخاء، وعيدٌ ثالث بوجود ""محمد بن زايد"" (أبو خالد) مُمثلاً للأمن والعز. النص يربط النعم الإلهية بوجود هذه القيادة، حيث يعبّر الابن عن فرحه مبشراً الوالد بتلك المناسبات التي تشكل جوهر الهوية الوطنية والامتنان لوطنٍ مبارك.","Cinematic medium shot of Sheikh Mohamed bin Rashid (Bo Rashid) and Sheikh Khalifa bin Zayed (Bo Khalifa) standing side-by-side in a dignified unity pose on a muted cyan-tinted desert terrace at twilight, both smiling warmly while looking toward the horizon as if greeting the celebration of three national festivals, faces etched with joyful pride and familial love reflecting the bond between father and son, wearing pristine white kanduras and black bishts with intricate gold embroidery, subtle warm amber highlights illuminating their expressions against a cool blue-grey palette, distant silhouettes of traditional architecture and faint wisps of incense smoke curling upward, volumetric golden-hour rim lighting with soft cyan undertones, shallow depth of field with bokeh, shot on ARRI Alexa 65 with anamorphic lens flare, celebratory and emotionally resonant atmosphere, 8K photorealistic cinematic masterpiece, Apple TV+ premium documentary aesthetic, no text, no watermark, no women",URL,راشد,https://d2p7pge43lyniu.cloudfront.net/output/86889960-0dd4-468e-83b9-16f866736f58.jpeg,7a28a461d52445b6bc83402d06fd6ea2
313,هذا دلع,"صباحك الورد وينك غايب ماتشاف      خذتك الايام ولا بس هذا دلع
تولع القلب في حبك وهام وخلاف      سافرت والعاشق يعاني هيام وولع
لو كان غيرك امرت القلب يعطيه طاف      مشاعر الناس ماتشري شراه السلع
فالصبح كنك شعاع الشمس نور وعفاف      يكفخ لك القلب وان لوحت بيدك شلع
وان اقبل الليل والشمس اعلنت الانصراف      مطلاعك يكفي من البدر لو ما طلع","قصيدة غزلية مكثفة تدور حول لوعة الغياب، حيث يتساءل الشاعر (فزاع) عن مسبب ابتعاد الحبيب، هل هو سفرٌ أم مجرد ""دلع""؟ تتجسد المشاعر في هيام لا يستطيع القلب إطفاؤه، مشبهاً المحبوب بـ ""شعاع الشمس"" في الصباح، وبـ ""البدر"" الذي يغني عن اكتمال القمر في الليل. النبرة تمزج بين العتب الرقيق والوله الشديد، مؤكدة أن المشاعر الصادقة أغلى من أن تباع وتشترى كالسلع.","Cinematic close-up of Fazaa (Hamdan bin Mohammed) in pristine white kandura and black bisht with subtle gold embroidery, his face etched with tender longing and delicate reproach as he gazes into the twilight, standing on muted cyan-tinted desert dunes where sand slips through fingers symbolizing fleeting time, a single wilting desert rose and scattered prayer beads at his feet representing unquenchable love and devotion, distant silhouette of a radiant sunbeam piercing desaturated teal sky to evoke the beloved's brilliance, volumetric rim lighting with cool blue-grey tones and soft amber accents, shallow depth of field with bokeh, shot on ARRI Alexa 65 with 85mm anamorphic lens, contemplative emotional atmosphere blending pain and adoration, 8K photorealistic masterpiece, Apple TV+ documentary aesthetic, no text, no watermark, no women",,,,
314,لو يضيق الصدر,"لو يضيق الصدر وتخيب الظنون      ولو يخون الخل و يشيب الوله
ولو يعاف القلب و دموع العيون      فوق خد الشامخين محوله
مستحيل اصبح كما هم يحلمون      من يساوون الردي بالمرجله
انا فارس حاضره لو تكرهون      يفتخر به في سما مستقبله
ما يشيب الشوق يا دار الفتون      في فءاد العاشق اللي يحمله
لو تخون الود مثلي ما يخون      اعتذر مني و عذرك باقبله
الشريف مكرمينه ، ما يهون      والكريم ، الله مشرف منزله
والرجل ما يشتكي كثر الطعون      لو بعضها من حبايبه و هله
السنين التاليه فيها جنون      ارجعي لي يالسنين الاوله
ليت غير الكون هذا فيه كون      يمكن اهاجر لو ان كلي وله","قصيدة ""لو يضيق الصدر"" هي صرخة شموخ فارس يواجه خيبات الدهر وتقلبات الود. يعلن الشاعر، الذي يتجسد فيه ""فزاع""، أنه رغم مرارة الخذلان وتحدي الظنون، سيظل ثابتاً في مكانته الرفيعة كـ""فارس الحاضر""، رافضاً الانحدار لمستوى من يجهلون قيمة المرجلة. يؤكد على نبل الشريف وعزة الكريم الذي لا يشتكي طعنات القريب، بينما يتمنى استعادة نقاء الأيام الغابرة، معبراً عن وله عميق بالماضي يستدعي الهجرة لكون آخر هرباً من مرارة الحاضر.","Cinematic close-up of Sheikh Hamdan bin Mohammed (Fazaa) in traditional white kandura and finely embroidered black bisht, his face resolute yet contemplative, embodying the proud Emirati knight confronting betrayal and hardship, standing against a muted cyan and desaturated teal twilight desert backdrop. Subtle symbolism includes scattered wilting desert roses and a single falcon feather resting nearby, with faint incense smoke wisps curling upward, volumetric golden rim lighting with cool blue-grey undertones, shallow depth of field with bokeh, shot on ARRI Alexa 65 with anamorphic lens flare and subtle film grain, evoking a dignified, poetic atmosphere of steadfast honor and nostalgic longing, 8K photorealistic masterpiece, Apple TV+ documentary aesthetic, no text, no watermark, no women",,,,
315,اغلي وصل وفراق,"ياماخذ الاول بحسنك علي فصلك      قلبي الي رحت ولا جيت لك مرقا
الشوق وسط الحشا كنه مخصص لك      غلاك ثابت مهو ينزل ولا يرقا
ياناوي البعد لاتجرحني ابنصلك      تري المحبين في بحر الهوي غرقا
ومدامك امصمم امصمم فمن اصلك      الطيب انك تراعي كبدي الحرقا
ارجوك قبل الوداع اريد من مصلك      جرعه تخفف علي لناحت الورقا
عضويه القلب ماتقدر علي فصلك      مادمت فلقلب ثابت كنك البرقا
اقول مرخوص والخفاق يرخص لك      لو وصلي ارضك ووصلك لي سما زرقا
اغلا هل الوصل مدامك علي وصلك      و الي نويت الفراق اغلا هل الفرقا","هذه القصيدة، المعنونة ""أغلى وصل وفراق""، هي مناجاة عاطفية عميقة يوجهها ""فزاع"" إلى محبوبه الذي استحوذ على مكانة مطلقة في القلب. يصور الشاعر تناقضاً مؤلماً؛ فبقدر ما يمثل الوصال معه ""أغلى ما يملك""، فإن قرار البعد المتوقع منه يستحق تقديراً أعظم ""أغلى الفرقا"". يتوسل الشاعر لـ""الحبيب"" أن يرفق بقلبه الذي يشتعل شوقاً، طالباً جرعة وداع تخفف لوعة الفراق، مؤكداً ثبات مكانة الغالي داخل الضلوع كأنه ""البرق"" الذي لا يزول.","Cinematic close-up of Fazaa in pristine white kandura and black bisht with gold embroidery, his face etched with deep longing and emotional vulnerability, standing on muted cyan-tinted desert dunes at twilight, scattered wilting desert roses and cracked earth at his feet symbolizing heartbreak, distant falcon silhouette against desaturated teal sky, subtle incense smoke wisps rising from a traditional dallah, volumetric rim lighting with cool blue-grey tones and soft amber accents, shallow depth of field with bokeh, shot on ARRI Alexa 65 with 85mm anamorphic lens, contemplative emotional atmosphere, 8K photorealistic masterpiece, Apple TV+ documentary aesthetic, no text, no watermark, no women",,,,
316,الشمس,"بدت تغيب الشمس لكن ماوصل      من ضيع القلب بمحاجره الوساع
اذا شروق الشمس فيه من الوصل      تري غروب الشمس فيه من الوداع","في هذا المقطع الوجداني القصير، تتجلى العلاقة المتوترة بين الحضور والغياب، حيث يربط الشاعر بين شروق الشمس والوصل، وبين غروبها والوداع الحتمي. يعكس النص لوعة الانتظار المرير لشخص سرق القلب بـ""محاجره الوساع""، ليصبح الغياب هو المحور المسيطر على مشاعر الشاعر، مكرراً التناقض بين أمل اللقاء وواقع الفراق الذي يلوح مع كل مغيب.","Cinematic medium shot of a male Emirati figure in traditional white kandura and black bisht, his face etched with pensive longing and melancholy as he gazes at the horizon, standing on muted cyan-tinted desert dunes during twilight where the sun is setting, scattered wilting desert roses and cracked earth symbolizing heartbreak and separation, distant silhouette of a falcon against desaturated teal sky, subtle incense smoke wisps rising from an Arabic coffee pot nearby, volumetric rim lighting with cool blue-grey tones and soft amber accents, shallow depth of field with bokeh, shot on ARRI Alexa 65 with 85mm anamorphic lens, contemplative emotional atmosphere reflecting the tension between hope and inevitable farewell, 8K photorealistic masterpiece, Apple TV+ documentary aesthetic, no text, no watermark, no women",,,,
317,اقول لك تم,"سليط .. شاعر معه يا صعب مشواري      يا فرحتي في مجاري فكرته تمي
يا رمز قاف القصيد وسبعه الضاري      وشلون باطول روس جباله الشمي
للخيل فرسانها ، والقوس له باري      وما دام عين المشاعر ناظرت يمي
لرضاك شبيت في ليل الشعر ناري      يا همتي ودي ادرك غايتي .. همي
يا نجم ياللي عن الانظار متواري      داعبتني بالقوافي وانجلي غمي
اسقيتني من ظما ياكاسي العاري      وفاخرت بك جد ابوي وجدي من امي
والخيل من معجزات الواحد الباري      وفي مربط العاديات العز متنمي
يقول عنها نبي الله وهو داري      في ناصيتها تشوف الخير ملتمي
اغلي من المال عند طوال الاشباري      راعيها بالوفا والعز متسمي
وصاتك امر علي ينفذ اجباري      واقول لك تم من قلبي .. ومن فمي","هذه القصيدة هي نداء وفاء عميق موجه للشاعر ""سليط""، الذي يمثل القمة في فن الشعر والبيان. يعبر الشاعر ""فزاع"" عن صعوبة مجاراة هذا المستوى الرفيع، مشبهاً مكانة ""سليط"" بالجبال الشماء التي يصعب بلوغها. تمزج الأبيات بين تبجيل الشاعر المُلهم، وبين الفخر العميق بعمق الجذور الأصيلة التي تفتخر بفرسانها والخيول الأصيلة، التي يراها مصدراً للخير والعز. ويختتم النص بتأكيد الطاعة المطلقة والامتثال لأوامر ""سليط"" بعبارة ""أقول لك تم""، مجسداً بذلك أسمى درجات التقدير والاحترام المتبادل بين العمالقة.","Cinematic medium shot of Sheikh Hamdan bin Mohammed (Fazaa) in pristine white kandura and black bisht with gold embroidery, his face etched with deep reverence and humble admiration, standing on muted cyan-tinted desert dunes at twilight, towering jagged mountain silhouettes representing the high poetic standard in the background, scattered wilting desert roses and a single falcon feather symbolizing noble struggle and inspiration, subtle incense smoke wisps rising from a distant traditional coffee pot, volumetric rim lighting with cool blue-grey tones and soft amber accents, shallow depth of field with bokeh, shot on ARRI Alexa 65 with 85mm anamorphic lens, contemplative emotional atmosphere of ultimate respect and loyalty, 8K photorealistic masterpiece, Apple TV+ documentary aesthetic, no text, no watermark, no women",,,,
318,شيخه وراشد في ظلالك,"يا سيد الشعار ما قلت كافي      وافكار شعرك دايم مستجده
يا ند نفسه في الفخر والقوافي      ولا خلق في جيله انسان نده
شيخه وراشد في ظلالك عوافي      ومن عاش في ظلك ما ذاق المكده
وان كان راشد صار رجال وافي      مراجله من هيبتك مستمده
عناده يبين ، ولا هو بخافي      والله ما الومه ، وارث عناد جده
عطفك عليهم حول البرد دافي      ودك لحاف ، وشوقك لهم مخده
وانا غلاهم في عيوني يشافي      محبه في خاطري مستبده","هذه القصيدة هي تكريم عميق لسمو **الشيخ محمد بن راشد آل مكتوم** (المخاطب بـ ""سيد الشعار"")، حيث يصفه الشاعر بأنه الندّ الفريد في ساحة الفخر والإبداع، ولا يوجد له مثيل في جيله. يتجلى جوهر النص في حماية ورعاية الشيخ محمد لـ **الشيخة هند بنت مكتوم** و **الشيخ راشد بن محمد** (الذي وُصف بأنه رجل وافٍ اكتسب مراجله من هيبة والده). يؤكد الشاعر أن العطف الأبوي يمثل ملجأً دافئاً وملاذاً من الشدائد لكليهما، معترفاً بأن صفة العناد الجميلة لدى الشيخ راشد هي إرث من جده العظيم. يختتم النص بتأكيد الشاعر على غلاهما في قلبه، مقدماً نفسه كصديق مخلص لهذه العائلة الكريمة.","Cinematic medium-wide shot of Sheikh Mohamed bin Zayed (Bo Zayed) and Sheikh Mohamed bin Rashid (Bo Rashid) standing side-by-side in a dignified unity pose under the cool, muted cyan shadows of traditional heritage architecture at twilight, both performing a gesture of deep reverence with hands placed over their hearts while gazing upward toward a distant horizon, faces etched with solemn pride and visionary resolve, wearing pristine white kanduras and black bishts with intricate gold embroidery, subtle incense smoke wisps curling gently around them and faint silhouettes of falcons in the distance, volumetric golden-hour rim lighting with cool blue-grey tones and warm amber highlights, shallow depth of field with bokeh, shot on ARRI Alexa 65 with anamorphic lens flare, contemplative and majestic atmosphere reflecting poetic inspiration and enduring legacy, 8K photorealistic cinematic masterpiece, Apple TV+ premium documentary aesthetic, no text, no watermark, no women",URL,راشد,https://d2p7pge43lyniu.cloudfront.net/output/0a78f098-e023-4343-b231-b2adf6b71c79.jpeg,0cac99f23b0541a985804d53927f9dda
319,نبره حزن,"كلمته و قال صوتك فيه نبره حزن      قلت الحزن من اساسيات صدق الغلا
ذكرتك وصار شوقي قاف علي وزن      قلت اتطمن علي وضعك يا سيد الحلا","تتمحور القصيدة حول حوار حميمي يكشف فيه المتلقي عن ""نبرة حزن"" في صوت الشاعر (فزاع). يرد الشاعر بأن هذا الحزن هو دلالة أصيلة على عمق الحب والصدق العاطفي، متخذاً من الشوق المعبر ""قافاً موزوناً"" ليتفقد حال المحبوب (سيد الحلا). النص يختزل جوهر العلاقة في تناغم بين الشجن والاشتياق، معبراً عن أن الألم العاطفي هو سمة إثبات الغرام.","Cinematic close-up of Sheikh Hamdan bin Mohammed (Fazaa) in pristine white kandura and black bisht with gold embroidery, his face etched with dignified melancholy and deep emotional sincerity, standing on muted cyan-tinted desert dunes at twilight, scattered wilting desert roses and cracked earth at his feet symbolizing the pain of love, distant silhouette of Al Seid Al Hala against desaturated teal sky, subtle incense smoke wisps rising from a traditional dallah, volumetric rim lighting with cool blue-grey tones and soft amber accents, shallow depth of field with bokeh, shot on ARRI Alexa 65 with 85mm anamorphic lens, contemplative atmosphere where sorrow proves the depth of affection, 8K photorealistic masterpiece, Apple TV+ documentary aesthetic, no text, no watermark, no women",,,,
320,وجه المجد,"من يبغي يشوف وجه المجد من دون ريب      يدقق ف وجه ابو خالد لكي ينبهر
في الصوره الخالده للخالد اللي تصيب      هقوته ويقدم الفرحه لشعبه مهر
كانت في لحظه وداعه عن عمان الحبيب      بعد زياره صداها في الفضا مشتهر
كانه يقول للعالم بعيد وقريب      نحن واهل عمان حتي لو يطول الدهر
شعبين في شعب واحد والعدو مستريب      محبه ثابته .. تاريخها مزدهر","يسير الشعر على دروب الفخر والولاء لما يمثله وجه ""محمد بن زايد"" (أبو خالد) من رمز العز والمجد، حيث يجسد نظرة القائد التي تشرق بالفرح على شعبه، كأنه فارس خالد يحيي أواصر الأخوة التي تجمع الإمارات وعمان. تعكس الأبيات موقفاً شامخاً يُعلن أن الشعبين هما كيان واحد متحد في حب وصدق، رغم محاولات الأعداء إحداث الشرخ. ينبض النص بعلاقات تاريخية مزدهرة وثابتة، تبرز في صوت الوداع الذي يتردد صداه، شاهداً على الوحدة الصلبة والوفاء المتجدد بين الأشقاء. مساحة الصورة الشعرية تنبض بالإرادة والقوة التي تؤلف مجداً خالدًا يُبهِر من يتأملها.","Cinematic medium shot of Sheikh Mohamed bin Zayed (Bo Khalid) in pristine white kandura and black bisht with gold embroidery, his face radiating dignified joy and patriotic pride as he gazes forward, standing on muted cyan-tinted desert dunes at twilight, distant falcon silhouette and subtle incense smoke wisps symbolizing unity and memory, volumetric rim lighting with cool blue-grey tones and soft amber accents, shallow depth of field with bokeh, shot on ARRI Alexa 65 with 85mm anamorphic lens, contemplative yet powerful atmosphere celebrating brotherhood between UAE and Oman, 8K photorealistic masterpiece, Apple TV+ documentary aesthetic, no text, no watermark, no women",,,,
321,ذكري حديث,"هذا انا سرحان من ليله الامس      تخيلي من كان وياي سرحان
ذكري حديث مر في مسمعي همس      زاد الوله عندي وانا كنت ولهان
لو المضله ضللتني من الشمس      ما ضللتني من شبيهك ليا بان","تتجلى في هذه الأبيات لحظة استغراق ""فزاع"" في تأمل الذاكرة، حيث تتداخل مشاعر الوله والشوق عبر همسات الذكريات التي تلقي بظلالها على وجدانه. يبرز الشاعر قوة تأثير صورة الحبيب التي تبقى له نوراً وسط حرارة الشمس، وكأنها ظل يقيه حر الرغبة والحنين، مؤكداً أن حضورها لا يغيب عن فكره ولا خياله في تلك الليلة الحافلة بالسرحان والحنين.","Cinematic close-up of Fazaa (Hamdan bin Mohammed) in pristine white kandura and black bisht with subtle gold embroidery, his face etched with deep contemplative longing and poetic melancholy, standing amidst muted cyan-tinted desert sands at twilight, a single wilting desert rose resting near his hand symbolizing fragile beauty and pain, faint wisps of incense smoke curling upward to represent memory and spirituality, volumetric rim lighting with cool blue-grey tones and soft amber highlights against a desaturated teal sky, shallow depth of field with bokeh background, shot on ARRI Alexa 65 with anamorphic lens flare and subtle film grain, emotionally resonant atmosphere blending heritage and introspection, 8K photorealistic masterpiece, Apple TV+ documentary aesthetic, no text, no watermark, no women",,,,
322,جبال الارض,"علي صغر الجبال ، مقارنه في حجم كوكب الارض      احس الارض من دون الجبال الراسيه تفني
بسيط الوعي يحسب خلقها صوره فقط للعرض      لكن ماالله خلق حاجه علي الدنيا بلا معني",تتأمل القصيدة في عظمة الجبال رغم صغر حجمها مقارنة بكوكب الأرض، مؤكدة أن وجودها راسخ وضروري لاستمرارية الحياة، إذ لا تكتمل الأرض إلا بها. تعكس الرؤية حكمة الخالق الذي لم يخلق شيئاً عبثاً، حيث ترفض فكرة اعتبار الجبال مجرد زينة أو صور عرض، بل تؤكد أن لكل مكون في الكون معنى عميق وأهمية حاسمة في الحفاظ على توازن الوجود.,"Cinematic medium shot of a wise Emirati scholar in traditional white kandura and bisht, gazing contemplatively at majestic, rugged mountain peaks under a muted cyan twilight sky, his expression reflecting profound reverence for the Creator's wisdom, scattered wilting desert roses and cracked earth symbols at his feet representing balance and necessity, distant subtle silhouette of Burj Khalifa blending heritage with modernity, volumetric rays casting cool blue-grey tones with soft amber highlights, shallow depth of field with bokeh, shot on ARRI Alexa 65 with anamorphic lens flare, contemplative spiritual atmosphere celebrating the essential role of mountains in sustaining life, 8K photorealistic masterpiece, Apple TV+ documentary aesthetic, no text, no watermark, no women",,,,
323,دمع العظيم,"يالغيمه اللي دوي رعدك وبرقك سري      تري دموع الكرام اشبه بمزن الغمام
الغيم مزنه نتاجه عشب فوق الثري      ودموع الاكرام تصنع حزن عند الكرام
المرء ماضيه يبقي معه مهما جري      تاريخ الانسان وسط الذاكره له مقام
عين لها دهر ما ذاقت لذيذ الكري      تحقق المستحيل ، وتبدع ف كل عام
ما طاح من دمعها فوق الخدود وجري      الواجب الخد يستقبله بالابتسام
هذي دموع الكريم الطيب اللي ظري      علي مصادم كبار المعضلات الجسام
يوم انبرت له صواديف الزمان انبري      لحلها .. رافع راياته الي الامام
لا يفرح الشامت اللي عنه ماحد دري      ما طاحت من القهر والعشق والا الهيام
طاحت علي اللي حضنها كان ظل وذري      كانت بدايه طموحاته ، ما كانت ختام
الصبح يبدا بطاريها لا منه طري      وان نامت الكون كله في عيونه ينام
وصي عليها رسول الله بين الوري      ثلاث مرات ، لين اسمع جميع الانام
فرحمه الله لها من رب ام القري      ولخاتم الانبيا مني عليه السلام
دمع العظيم ف رحاب الام يا من تري      شعور لو جيت ابا اوصفه ، شاب الكلام",تتجلّى في هذه القصيدة العظيمة لوعة القلب وصدق المشاعر في مواجهة المصاعب، حيث يُشبّه الشاعر دموع الكرام بالغيث المنهمر من الغيوم، رمز الصمود والخير. يتردد صدى الماضي في الذاكرة، وتُعانق العيون المستحيلة بإرادة لا تلين، تصنع الفرح من خلال الألم بابتسامة تلثم الخد. الدموع هنا ليست علامة ضعف، بل دليل عطاء ونبل، وحافز لرفع رايات العز في وجه المحن، مستنداً إلى حفظ الإيمان وقوة الإرث الروحي، مع تتويج برحمة الله على الأم الحاضنة، التي هي ملاذ الأمان وأصل الوجود. تتبدّى المشاعر في فضاء الأم كأغلى ملاذ للعظيم، حيث يواجه الألم بحب لا ينضب، ويغدو الكلام عاجزاً عن وصف ما تختزنه القلوب من عظمة وألم ووفاء.,"Cinematic medium shot of a dignified Emirati man in pristine white kandura and black bisht with gold embroidery, his face etched with profound resilience and a subtle smile masking deep sorrow, standing amidst muted cyan-tinted desert dunes at twilight, wilting desert roses and cracked earth symbolizing strength through pain, distant silhouette of a mother figure representing safety and divine mercy, volumetric rim lighting with cool blue-grey tones and soft amber accents, shallow depth of field with bokeh, shot on ARRI Alexa 65 with 85mm anamorphic lens, contemplative emotional atmosphere celebrating faith and heritage, 8K photorealistic masterpiece, Apple TV+ documentary aesthetic, no text, no watermark, no women",,,,
324,الفخر والعز,"اللي يبي يقهر العدوان في صوره      ينزل الصوره اللي مجدها خالد
الصوره اللي ف ايادي الناس منشوره      صوره تميم الفخر والعز ابو خالد",يتجلى في هذه الأبيات رمز القوة والعزة في صورة تعانق المجد، صورة تميم الذي يمثل فخر العروبة وعزها، وأبي خالد الذي يحمل راية الصمود. يشير الشاعر بفخر إلى أن هذه الصورة لا تُقهَر أمام العدوان بل تنتشر بين الناس كعلامة على الثبات والكرامة، مجسدةً روح العز والانتصار التي تسكن القلوب.,"Cinematic medium-wide shot of Sheikh Mohamed bin Zayed (Bo Zayed) and Sheikh Hamdan bin Mohammed (Fazaa) standing together in a powerful, unified stance on a muted cyan-tinted desert terrace at twilight, both holding aloft a traditional UAE flag as a symbol of enduring glory and victory over adversity, faces etched with solemn pride, visionary resolve, and the quiet dignity of leadership, wearing pristine white kanduras and black bishts with intricate gold embroidery, distant silhouettes of falcons soaring above cracked earth and subtle wisps of incense smoke curling upward to represent resilience, volumetric golden-hour rim lighting with cool blue-grey tones and warm amber highlights, shallow depth of field with bokeh, shot on ARRI Alexa 65 with anamorphic lens flare, contemplative yet triumphant atmosphere, 8K photorealistic cinematic masterpiece, Apple TV+ premium documentary aesthetic, no text, no watermark, no women",URL,تميم,https://d2p7pge43lyniu.cloudfront.net/output/064a8518-acd4-4351-8d19-a398c2571deb.jpeg,556a01012e3b45b985dc7e1c4fd61080
325,وسام ام الشعب,"علي خطا زايد ، وزايد كل عام      شوط الغلا في كل قلب لاطمه
تبحر سفينه دوله الفخر بسلام      حتي لو امواج البحر متلاطمه
زايد يعسف المجد من عاده غلام      وشلون تستغرب لا شفته خاطمه
اجمل وطن داري ، لكن اغلي وسام      وسام ام الشعب (امي فاطمه)","تجسيد مهيب لمسيرة زايد الذي أرساها بفخرٍ وأمان وسط تقلبات الحياة، حيث ترسو دولة العز والسلام رغم عواصف الزمن. يُبرز الشاعر مجد القائد الذي اختُتم بختمه المشرف، معبراً عن اعتزاز الوطن بأسمى أوسمة الشرف، ""وسام أم الشعب""، رمز الأم الفاضلة ""فاطمة"" التي تمثل القلب النابض للهوية والوفاء، متألقة كأثمن تاجٍ يعانق صدر الوطن، حاملة إرث زايد ووصايا المحبة والبناء.","Cinematic medium-wide shot of Sheikh Zayed bin Sultan Al Nahyan (Zayed Al Khair) standing with a hand gently placed on his chest in an expression of deep reverence and emotional connection, wearing a pristine white kandura and black bisht with intricate gold embroidery, set against a backdrop of a serene yet slightly turbulent sea horizon at twilight where a majestic dhow sails peacefully despite choppy waves symbolizing the state's resilience, subtle wilting desert roses and incense smoke wisps curling upward to evoke nostalgia and sacrifice, volumetric golden-hour rim lighting with cool blue-grey tones and warm amber highlights, shallow depth of field with bokeh, shot on ARRI Alexa 65 with anamorphic lens flare, contemplative and dignified atmosphere honoring the mother of the people, 8K photorealistic cinematic masterpiece, Apple TV+ premium documentary aesthetic, no text, no watermark, no women",URL,زايد,https://d2p7pge43lyniu.cloudfront.net/output/ed6311cb-e093-49e8-b3e8-a5902918c5aa.jpeg,723bf59cc0be4d60986caeb5a8e34535
326,ابشرك,"ابشرك بشري تسر الناظرين      انك حبيبي والعواذل خلهم
ما اقول تسوي من عيوني الاثنتين      وحده لكن تسوي عيوني كلهم
اوامرك تمشي وحنا حاظرين      لولاك حمدان وقصيده من لهم
لكن دخيل رموش عينك يالحسين      من فوق خدك يوم طاحت شلهم
انا لا شفت رموشك احس بحنين      ودي من الشمس استظل ف ظلهم
انا وقلبي والغلا .. متعاهدين      نخلي اعداءك تموت بذلهم
دبي في فصل الشتاء للعاشقين      روعه لاكثرهم ولع .. واقلهم","يعبّر الشاعر ""فزاع"" في هذه القصيدة عن فرحته الغامرة بلقاء الحبيب وصفاء العلاقة التي تجمعهما، متجاهلاً كل الحاسدين والمعارضين. يتغنى بجمال عيون الحبيب، خاصة رموشه التي تحمل براءة وحنيناً، ويصف تأثيرها العميق على قلبه وروحه المتعاهدين بالغرام. يتجلى الولاء والطاعة في تنفيذ أوامر الحبيب، ما يجعل الحياة بلاه معنى دون وجوده. في الخلفية، يرسم الشاعر لوحة حية لدبي في فصلي الشتاء، كأرض تجمع العشاق بين روعة المشهد ودفء الحب، مما يعكس تناغم المكان مع مشاعر الهوى المتقدة.","Cinematic medium shot of Sheikh Hamdan bin Mohammed (Fazaa) standing alone in a contemplative pose on a muted cyan-tinted desert terrace at twilight, gently tracing the rim of a traditional Dallah coffee pot as if pouring a promise for his beloved, face etched with deep longing and tender devotion, wearing pristine white kandura and black bisht with subtle gold embroidery, distant silhouette of Burj Khalifa and wisps of incense smoke curling upward, volumetric golden-hour rim lighting with cool blue-grey tones and warm amber highlights, shallow depth of field with bokeh, shot on ARRI Alexa 65 with anamorphic lens flare, melancholic yet hopeful atmosphere reflecting the poem's themes of love, loyalty, and winter romance in Dubai, 8K photorealistic cinematic masterpiece, Apple TV+ premium documentary aesthetic, no text, no watermark, no women",URL,حمدان,https://d2p7pge43lyniu.cloudfront.net/output/9a04c588-c3f5-4fa0-ad9e-c089ac688eff.jpeg,b2f65589d64d4ed09c5531c21dcb25a2
327,احتضنك المجد,"احتضنك المجد وباحساس تاريخي      لو تدرك النطق ، تدري وش يجب قوله
يا سيدي يا فخر الامجاد يا شيخي      اعاهدك لا كبرت اصبح رجل دوله","في قصيدة تتشابك فيها مشاعر الولاء والفخر، يحتفي الشاعر بتاريخ المجد ويحضنه بإحساس عميق ينبع من جذوره الراسخة. يخاطب ""فزاع"" سيدي الشيخ محمد بن راشد، مظهرًا له الوفاء والعهد بالثبات والارتقاء إلى نبل المسؤولية كرجل دولة. تحمل الأبيات توقًا وجدانيًا صادقًا يعانق موروث الأمجاد، مؤكدة على أن الفخر ينبع من التمسك بالقيم والتاريخ العريق الذي يشد الرحال إلى مستقبل مشرق.","Cinematic medium shot of Sheikh Hamdan bin Mohammed (Fazaa) in pristine white kandura and black bisht with gold embroidery, his face etched with dignified loyalty and deep patriotic pride, standing on muted cyan-tinted desert dunes at twilight, scattered wilting desert roses and incense smoke wisps symbolizing heritage and memory, distant falcon silhouette against desaturated teal sky, subtle warm amber highlights for contrast, volumetric rim lighting with cool blue-grey tones, shallow depth of field with bokeh, shot on ARRI Alexa 65 with anamorphic lens flare, contemplative emotional atmosphere honoring history and future, 8K photorealistic masterpiece, Apple TV+ documentary aesthetic, no text, no watermark, no women",,,,
328,سلطه و دفتر,"يا صاحبي صده العاشق تري غلطه      لا يفتنك زينك الباذخ ولا تغتر
قلوب حسادي من الحسد منجلطه      ساعدتهم بالمفارق والزمان افتر
احيان حمدان شيخ في يده سلطه      واحيان حمدان شاعر في يده دفتر","تتجلى في هذه الأبيات المزدوجة معاني القوة والحنين، حيث يرسم الشاعر صورة ""فزاع"" تجسيداً متوازناً بين السلطان بيديه، والشاعر بقلمه. يحذر من الوقوع في فخ الإغراءات السطحية وينبه إلى خطورة الغطرسة أمام حسد من حوله، مستعرضاً كيف أن الصبر على الفراق والزمن يعزز الموقف. تتألق هذه المسحة بين سلطان الحكم ودفتر الشعر كرمزين لتكامل الشخصية بين القوة والإبداع، مقدمة ستُلهم رؤية فنية عميقة لبانر يجسد التوازن بين السلطة والذات الإنسانية.","Cinematic medium shot of Hamdan bin Mohammed (Fazaa) standing in a contemplative duality pose within a traditional Emirati majlis at twilight, simultaneously holding a heavy silver inkwell and seal (سلطه) in one hand while clutching an open manuscript or poetry book (دفتر) in the other, his expression shifting between the authority of a leader and the vulnerability of a poet, wearing pristine white kandura with subtle Sadu embroidery, faces etched with deep introspection and artistic resolve, surrounded by wisps of incense smoke and scattered sand slipping through fingers, volumetric golden-hour rim lighting with cool blue-grey tones and warm amber highlights, shallow depth of field with bokeh, shot on ARRI Alexa 65 with anamorphic lens flare, contemplative and emotionally resonant atmosphere, 8K photorealistic cinematic masterpiece, Apple TV+ premium documentary aesthetic, no text, no watermark, no women",URL,"حمدان,شيخ",https://d2p7pge43lyniu.cloudfront.net/output/40c1ea3c-d45a-4896-ad4e-8861847e49b7.jpeg,adf5cb5acf1b42bc8ef5afd502c88e80
329,رقه طفولتك,"رقه طفولتك في كفك وفي كفي      احساسي اني ملكت الارض باكملها
هناك اشياء واجد لامست شفي      لكن كفك صراحه كانت اجملها",يتجلى في هذه الأبيات النابضة برقة الطفولة مشهد الحنان والدفء الذي ينبعث من تلامس الأيدي، حيث يصور الشاعر شعوره كأنه استولى على الكون كله بمجرد لمس كف الحبيب الصغير. تتجسد في بساطة اللمسة وروعتها تلك المشاعر النقية التي تفوق أي تجربة أخرى، فتُبرز قيمة البراءة وسحر اللحظة المحفورة في الذاكرة، كأنها أجمل ما عشقه القلب ولامسته الروح.,"Cinematic medium shot of a young Emirati boy in pristine white kandura and black bisht, his face radiating pure innocence and tender warmth as he gently holds the hand of an unseen beloved, standing on muted cyan-tinted desert sands at twilight, scattered wilting desert roses and sand slipping through fingers symbolizing fleeting time and precious memory, distant silhouette of a Ghaf tree against desaturated teal sky, subtle incense smoke wisps rising softly, volumetric rim lighting with cool blue-grey tones and soft amber accents, shallow depth of field with bokeh, shot on ARRI Alexa 65 with 85mm anamorphic lens, nostalgic emotional atmosphere, 8K photorealistic masterpiece, Apple TV+ documentary aesthetic, no text, no watermark, no women",,,,
330,هذا الصغير,"الوصف فالصوره مايحتاج للسرد      تعبير عن واقع بدون اي تزييف
هذا الصغير اللي مسك كفه الورد      بكره تشوفونه وهو قابض السيف","يتجلى في هذه الأبيات بساطة ومباشرة الصورة التي لا تحتاج إلى شرح، حيث يصور الشاعر ""هذا الصغير"" كرمز للوطن والنشء الواعد، بين براءة اليد التي تمسك بالورد ورجاحة الكف التي ستمسك بالسيف غداً. تتجسد في ثنائية الورود والسيوف رؤية عميقة للجيل القادم الذي سيحمل راية الدفاع عن الأرض بحزم، دون تزييف أو تصنع، معبراً عن حقيقة واقعة تنبض بالأمل والقوة في آنٍ معاً.","Cinematic medium shot of a young Emirati boy (Bo Zayed) in pristine white kandura and black bisht with subtle gold embroidery, his face etched with dignified innocence and hopeful resolve, standing on muted cyan-tinted desert dunes at twilight, holding a delicate wilting desert rose in one hand while a distant falcon silhouette watches against desaturated teal sky, cracked earth texture subtly visible beneath his feet symbolizing resilience, volumetric rim lighting with cool blue-grey tones and soft amber accents, shallow depth of field with bokeh, shot on ARRI Alexa 65 with 85mm anamorphic lens, contemplative emotional atmosphere blending purity and strength, 8K photorealistic masterpiece, Apple TV+ documentary aesthetic, no text, no watermark, no women",,,,
331,الرويس وغياثي,"سلموا علي الرويس و ع غياثي      سلموا علي هل الظفره جماعه
لي غلاهم ساكن فيني وراثي      ماهي بمتمسكه عندي وداعه
فيهم الوصف الثلاثي والثلاثي      الفخر والطيب من فوق الشجاعه",تتوهج القصيدة بعبق الفخر والاعتزاز بالرويس وغياثي، رمز الجماعة والأصالة التي تسكن في وجدان الشاعر وتَراثه. تعكس الأبيات تجديد العشق للطيب والشجاعة، موشّحة الوصف بحلة الثلاثي والقمم الثلاثية التي تجسد العزة والكرامة. تتشابك في النص معاني الوفاء والأصل، حيث تتجلى الجماعة كأيقونة للفضائل المتوارثة التي تظل شامخة عبر الزمن، في لوحة شعرية تفيض بالصدى الوطني والارتباط العميق بالجذور.,"Cinematic medium shot of Sheikh Mohamed bin Zayed (Bo Zayed) in pristine white kandura and black bisht with gold embroidery, his face radiating dignified pride and deep ancestral connection, standing on muted cyan-tinted desert dunes at twilight, scattered wilting desert roses and incense smoke wisps symbolizing heritage and memory, distant falcon silhouette against desaturated teal sky, subtle warm amber highlights for contrast, volumetric rim lighting with cool blue-grey tones, shallow depth of field with bokeh, shot on ARRI Alexa 65 with anamorphic lens flare, contemplative emotional atmosphere celebrating honor and roots, 8K photorealistic masterpiece, Apple TV+ documentary aesthetic, no text, no watermark, no women",,,,
332,يعلمني الرمايه,"الي الرحمن شكري وامتناني      وتوحيده بقلبي و بلساني
جعلني واحد من خيره امه      وعلي سنه نبي الله هداني
وخلاني ولد شيخ زمانه      يسولف عن مكارمه لزماني
فرق مجده عن الامجاد وانا      بمجده اصل سهيل اليماني
( يعلمني الرمايه كل يوم )      ولما اشتدت ايامي كفاني
ولا مني رميت ارمي بعزمه      وهو درعي علي من هو رماني","شاعرٌ يتغنى بحمد الله وشكره على نعمة الهداية والتوحيد التي ظلّت مرشده في دروب الحياة، مُعتزًا بكونه من أبناء شيخ زمانه، حاملًا إرث المكارم والعزة التي تعلو فوق كل أمجاد. يتجلّى في النص الإيمان الراسخ بقوة العزيمة التي جعلته صامدًا أمام الصعاب، كدرع يحميه من كل رمية، مستلهمًا ذلك من أصله اليمني الأصيل. تتكرر فكرة ""تعليم الرماية"" كرمز للصبر والمثابرة التي يجددها كل يوم مهما اشتدت المحن، معبّرًا عن ثبات الروح التي لا تنكسر مهما تطاولت التحديات.","Cinematic medium shot of Sheikh Mohamed bin Zayed (Bo Zayed) and Sheikh Hamdan bin Mohammed (Fazaa) standing together in a dignified unity pose on a muted cyan-tinted desert terrace at twilight, both holding traditional Arabic rifles with steady, focused gazes as if preparing for a ceremonial hunt or defense, faces etched with solemn pride, visionary resolve, and deep respect for heritage, wearing pristine white kanduras and black bishts with intricate gold embroidery, distant falcon silhouettes and subtle incense smoke wisps curling upward, volumetric golden-hour rim lighting with cool blue-grey tones and warm amber highlights, shallow depth of field with bokeh, shot on ARRI Alexa 65 with anamorphic lens flare, contemplative and majestic atmosphere, 8K photorealistic cinematic masterpiece, Apple TV+ premium documentary aesthetic, no text, no watermark, no women",URL,شيخ,https://d2p7pge43lyniu.cloudfront.net/output/d6e43d79-cb38-480d-9bd1-602df7f787f5.jpeg,a7722b2520d342209a20cf3e4e7421ef
333,المشكله بين الاثنين,"منظر غروب الشمس رمز الذكريات      المحزنه في كوكب الارض الحزين
ذكرني بمنظر غروب الامنيات      ف اهل الحنين اللي يعرفون الحنين
اناظره بالعين واقول بسكات      الله يعين اهل القلوب العاشقين
الشمس والغيم وعيون المترفات      لهم في قلب المهتوي سر دفين
لمعظم الركاب للشمس التفات      بقلوبهم قبل التفاته كل عين
ويالساده اللي تعشقون السيدات      اللي علي عرش الغلا متسيدين
عمر غروب الشمس ما سبب شتات      بين الاثنين ، المشكله بين الاثنين","تنقل الأبيات صورة غروب الشمس كرمز للذكريات الحزينة والآمال التي تذوي في قلب المنتمين لأهل الحنين. يُجسد الشاعر صمت العاشقين وهم يراقبون هذا المشهد، معبراً عن سر دفين يختزن بين تلاعب الشمس والغيم وعيون المحبين المترفة. تتجلى في القصيدة قضايا الحب والصراعات العاطفية، حيث يؤكد الشاعر أن غروب الشمس لا يفرّق بين الأحبة، بل ""المشكلة بين الاثنين"" هي التي تزرع الفُرقة والتباعد، مضفياً بُعداً إنسانياً على مشهد الطبيعة الذي يعكس تعقيدات العلاقات بين قلبين متعانقين ومشتتين في آن.","Cinematic medium shot of a male Emirati figure in pristine white kandura and black bisht with subtle gold embroidery, his face etched with contemplative sorrow and deep longing as he gazes at a twilight horizon, standing on muted cyan-tinted desert dunes where scattered wilting desert roses and cracked earth symbolize fading hopes and heartbreak, distant falcon silhouette against desaturated teal sky blending with soft incense smoke wisps, volumetric rim lighting with cool blue-grey tones and subtle warm amber accents creating dramatic contrast, shallow depth of field with bokeh background, shot on ARRI Alexa 65 with anamorphic lens flare and subtle film grain texture, moody emotional atmosphere reflecting the complexity of love and separation, 8K photorealistic masterpiece, Apple TV+ premium documentary aesthetic, no text, no watermark, no women",,,,
334,في ثانيه,"الشجره اللي واقفه نص الطريق      ترجو من الابداع فكره مبدعه
كم مرها قلب من اللهفه رقيق      في ثانيه .. تستقبله وتودعه",في هذه الأبيات يتجسد الشاعر عبر صورة الشجرة الواقفة في منتصف الطريق، رمزاً للتوقف والانتظار أمام لحظة إبداعية ترتقب فكرة جديدة. تعكس الشجرة حالة تأمل وانتظار حنونة، حيث تعبر القلوب الرقيقة العابرة لطريقها في ثوانٍ معدودة بين اللقاء والوداع، مما يُبرز الحِس الفطري للزمن وتحولاته السريعة في مشوار الحياة والإبداع.,"Cinematic medium shot of a solitary Emirati man in traditional white kandura and light beige ghutra, his face serene and contemplative, standing beside a lone ghaf tree rooted firmly in the middle of a quiet desert pathway at twilight. Muted cyan and desaturated teal tones wash over the scene, with soft golden rim lighting highlighting the tree’s textured bark and the man’s thoughtful expression. Scattered desert rose petals lie gently on cracked earth symbolizing fleeting moments and delicate emotions, while subtle incense smoke wisps curl upward evoking memory and spiritual waiting. Volumetric rays filter through a moody blue-grey sky, shallow depth of field blurs the distant horizon with a faint silhouette of an Arabian horse. Shot on ARRI Alexa 65 with anamorphic lens flare and subtle film grain, composed with rule of thirds, creating a poetic, contemplative atmosphere of time’s swift passage and creative anticipation. 8K photorealistic cinematic masterpiece, Apple TV+ premium documentary aesthetic, no text, no watermark, no women.",,,,
335,مجاراه لقصيده ضاحي خلفان,"في اعين العشاق فلتختال      مدينه تتسابق الامال
حتي نحققها بهمه قاءد      بمجده تتفاخر الاجيال
وكانه كان يقول لشعبه      بالفعل كسب المجد ليس محال
فتبسموا من فوق ابراج سمت      للسحب لاتبكيكم الاطلال",تزهو المدينة في عيون العشاق، متسابقةً بالأحلام نحو مستقبلٍ مشرق تبنيه إرادة قائدٍ عظيم، يتفاخر بأمجاده الأجيال. يرسل الشاعر رسالة أمل لشعبه بأن تحقيق المجد ليس مستحيلاً، معبراً عن ابتسامة التفاؤل التي تعانق أبراج السماء، داعياً الجميع للصبر والثبات أمام التحديات، مستلهماً روح القيادة الحكيمة التي تلهم الأمل وتصنع المجد.,"Cinematic medium shot of a dignified Emirati man in traditional white kandura and black bisht with subtle gold embroidery, embodying the spirit of a great leader, his serene smile reflecting hopeful determination, standing against a muted cyan and desaturated teal cityscape at twilight with softly glowing skyscrapers symbolizing a bright future; scattered desert roses and a single falcon feather at his feet evoke longing and nobility, gentle incense smoke wisps rise subtly, volumetric golden rim lighting with cool blue-grey tones and soft amber highlights, shallow depth of field with bokeh, shot on ARRI Alexa 65 with anamorphic lens flare and subtle film grain, contemplative and inspiring mood, 8K photorealistic cinematic masterpiece, Apple TV+ premium documentary aesthetic, no text, no watermark, no women",,,,
336,اهل الرياده,"توشحي بالفخر والعز يا بلادي      مراكز اهل الرياده باسمك اولها
في خدمتك كل شيخ مواطن عادي      اللي ما يخدم بلاده ، ما يمثلها
بيتين ومعبره عن غايه مرادي      من يقدر انه يكملها .. يكملها",تتوشح الأرض الإماراتية بفخر العز والريادة، حيث تتصدر مراكز الريادة بأسماء بلد العزّ والجلال. يعكس الشاعر روح الولاء والتفاني في خدمة الوطن، مشدداً على أن كل شيخ ومواطن عادي ملزم بتمثيل وطنه بصدق وإخلاص، وأن من لا يخدم بلاده لا يعبّر عن حقيقتها. تتكرر أبيات العهد على استمرارية تلك الرؤية، مع تأكيد أن من يملك القدرة على مواصلة المسيرة هو وحده من يكتب التاريخ ويكمل مسيرتها العظيمة.,"Cinematic medium shot of Sheikh Mohamed bin Zayed (Bo Zayed) and Sheikh Mohamed bin Rashid (Bo Rashid) standing side-by-side in a dignified unity pose on a muted cyan-tinted desert terrace at twilight, both placing a hand firmly over their hearts while gazing toward a modern skyline with visionary resolve, faces etched with solemn pride and deep patriotism, wearing pristine white kanduras and black bishts with intricate gold embroidery, subtle sand slipping through fingers and distant falcon silhouettes framing the horizon, volumetric golden-hour rim lighting with cool blue-grey tones and warm amber highlights, shallow depth of field with bokeh, shot on ARRI Alexa 65 with anamorphic lens flare, contemplative and majestic atmosphere celebrating national service and leadership, 8K photorealistic cinematic masterpiece, Apple TV+ premium documentary aesthetic, no text, no watermark, no women",Generating,شيخ,,2700534dec014e46891dd3cfe8c75714
337,حاجه,"يا طير الهدد مامن ظروف الليالي صد      نحب الحياه ونبذل العزم ونواجه
في قلبي وقلبك شوق طاغي وحب و ود      وعيني علي حاجه ، وعينك علي حاجه",تجسد الأبيات روح التفاؤل والإصرار في مواجهة تقلبات الحياة، حيث ينبض القلب بالحب والشوق العميق الذي يوحد بين الذات والطير المهاجر. تتكرر الدعوة الصادقة إلى الصمود والعزم كقوة دافعة تعانق الأمل، في وقت تبقى فيه الأعين معلقة على هدف نبيل، رمزاً للحياة التي تستحق الكفاح والمضي قدمًا بلا تردد.,"Cinematic medium shot of a determined Emirati man in traditional white kandura and black bisht, his face illuminated with hopeful resolve and deep longing, standing amidst cracked desert earth and scattered wilting desert roses symbolizing resilience against life's fluctuations, distant falcon silhouette soaring toward a noble horizon representing the migratory bird connection, subtle incense smoke wisps curling upward, volumetric rim lighting with muted cyan tones and soft golden amber highlights, shallow depth of field with bokeh background, shot on ARRI Alexa 65 with anamorphic lens flare, contemplative yet empowering atmosphere, 8K photorealistic masterpiece, Apple TV+ premium documentary aesthetic, no text, no watermark, no women",,,,
338,ادراك,"من خلقه الانسان يحتاج الادراك      كي يصنع التاريخ في الطول والعرض
انا هنا.. لكن طموحاتي هناك      بعد ما حققت الطموحات في الارض","تتجلى في هذه الأبيات فلسفة الإنسان في البحث المستمر عن الإدراك العميق كشرط لصناعة التاريخ وترك الأثر في الزمان والمكان. الشاعر يعكس حالة الطموح اللا محدود، حيث رغم تحقيقه إنجازات ملموسة، يظل البعد الحقيقي لتطلعاته خارج حدود الحاضر، مما يجسد روح التحدي والسعي المستمر نحو تحقيق الأهداف الكبرى. عبر تكرار البيت، يؤكد ""فزاع"" على أن الإدراك هو المفتاح الحقيقي لنماء الإنسان وصناعة مجده.","Cinematic medium shot of Sheikh Hamdan bin Mohammed (Fazaa) in pristine white kandura and black bisht with gold embroidery, his face etched with intense contemplation and limitless ambition regarding deep self-awareness, standing on muted cyan-tinted desert dunes at twilight, cracked earth symbolizing the depth of history beneath feet and a single falcon feather drifting nearby representing noble freedom, subtle incense smoke wisps curling around him, volumetric rim lighting with cool blue-grey tones and soft amber accents, shallow depth of field with bokeh, shot on ARRI Alexa 65 with 85mm anamorphic lens, philosophical and emotionally resonant atmosphere, 8K photorealistic masterpiece, Apple TV+ documentary aesthetic, no text, no watermark, no women",,,,
339,فكره شامله,"الناس ليسو سوي فالكره والامتنان      ولم تكن يوما من ايامها كامله
واذا جرحني فلان اقول من هو فلان      ما اعامله بالذي يبغيني اعامله
احشم عوي الذيب واقدر صهيل الحصان      واصد عن كل رجل همته خامله
الحكمه من الشعر والسحر سحر البيان      اجتمعت اثنينها في فكره شامله
ما فيه فارس علي فارس يحب الهوان      الصامل يقدر اهل الوقفه الصامله
يستحقر الرمح نفسه لا طعن له جبان      ما بالك بفارس وقت اللقا حامله",في هذه القصيدة، يعكس الشاعر تأملاته العميقة في طبيعة الإنسان بين الكراهية والامتنان، مُذّكراً بأن الكمال منعدَم في الأيام والناس. يتبنّى موقف الحكمة والرحمة، مفضلًا التعامل بالتي هي أحسن، محتشماً وقاراً كصهيل الحصان، رافعاً شأن الرجال أصحاب الهمم الصامدة. يبرز الشاعر قيمة البيان والشعر كقوة ساحرة تحمل فكرًا شاملاً، ويؤكد على أهمية الكبرياء والاعتداد بالنفس لدى الفارس الصادق الذي يرفض الذل والهوان. تتجسد في الأبيات صورة الإنسان الراقي الذي يزن الأمور بميزان الحكمة، محافظًا على كرامته وسط تقلبات الحياة ومواقف اللقاء.,"Cinematic medium shot of a dignified Emirati man in traditional white kandura and finely embroidered bisht, his expression contemplative and resolute, embodying wisdom and mercy amidst muted cyan desert twilight. He stands beside a noble Arabian horse, its calm breath visible in cool air, with subtle symbols of cracked desert earth and a single falcon feather nearby representing resilience and noble pride. Soft incense smoke wisps curl gently, evoking spirituality and deep thought. Moody golden hour volumetric rim lighting with cool blue-grey tones and warm amber highlights accentuate his poised stature. Shot on ARRI Alexa 65 with anamorphic lens flare, shallow depth of field, and film grain texture, capturing a poetic, emotionally resonant atmosphere of steadfast honor and comprehensive thought. 8K photorealistic masterpiece, Apple TV+ documentary aesthetic, no text, no watermark, no women.",,,,
340,ذكرياتي مع راشد,"راحه القلب من صوت الاذان      عوضتني عن الحزن الكليف
لجل راشد .. بعد جيت المكان      فيه ذكري لراشد .. يا لطيف
وجه راشد وشكل الخيزران      في كفوفه ومنطقه الشريف
وابتسامته .. طيبه وامتنان      حتي في وجه رجال كفيف
ادعوا لراشد في شهر رمضان      دعوه المءمن بقلب نظيف
للبنادم شموخ وعنفوان      وضيف ما تستطيع انك تضيف
بس لا من ملك بعض الحنان      وافقده ، ينقلب شخص ضعيف
يا سفينه شعور الاتزان      بحر حزني تري موجه مخيف
كيف ترسين في بر الامان ؟!      يا سفينه ، وبحري دون سيف
ذكرياتي مع راشد .. زمان      حركت شي في القلب الرهيف
الغريبه .. وانا راعي مكان      اشعر اني بعد فرقاه ضيف","في هذه المقطوعة الشعريّة، يستحضر الشاعر صور الراحل ""راشد بن محمد""، مشاعر الحزن والفقد تتداخل مع دفء الذكرى وراحة النفس التي يمنحها صوت الأذان في شهر رمضان. يبرز الشاعر ملامح راشد النبيلة وابتسامته الرحيمة التي تضيء حتى قلب الرجل الكفيف، معبراً عن شموخ الإنسان المتصالح مع ذاته رغم ضعف الحنان المفقود. يختزل ""فزاع"" الحزن في بحر متلاطم من المشاعر، حيث تتمايل سفينة القلب بين موج الألم وأمل اليقين، مستذكراً برقة مكان وزمان لا يغيبان عن قلبه، حيث الفراق يحوله إلى ضيف في ذاته، لكنه يبقى مرتبطاً به بحبال الأوفياء والوفاء.","Cinematic medium-wide shot of Sheikh Mohamed bin Rashid Al Maktoum (Bo Rashid) standing alone in a dignified, contemplative pose on a muted cyan-tinted desert terrace at twilight, gently holding a traditional Dallah while pouring Arabic coffee as a gesture of hospitality and emotional healing, face etched with serene wisdom and deep empathy, wearing pristine white kandura and black bisht with intricate gold embroidery, subtle wilting desert roses and wisps of incense smoke curling upward to symbolize the transition from sorrow to peace, volumetric golden-hour rim lighting with cool blue-grey tones and warm amber highlights, shallow depth of field with bokeh, shot on ARRI Alexa 65 with anamorphic lens flare, contemplative and majestic atmosphere, 8K photorealistic cinematic masterpiece, Apple TV+ premium documentary aesthetic, no text, no watermark, no women",URL,"راشد,سيف",https://d1q70pf5vjeyhc.cloudfront.net/predictions/8843d9862eb041a9932dbc486c038238/1.jpg,29bfede004e44604a0a4c8a26b6ce483
341,سيد المجد,"يا امه الاسلام قبل العروبه      باسم الامارات و اسم سيد المجد
بوخالد اللي عند هقوه شعوبه      العيد هل هلاله وذعذع الوجد
من مسقط لدوله قطر وابشروا به      من المنامه للكويت لثري نجد","تتوشح الأبيات بحلة الإباء والفخر، حيث يُمجّد الشاعر القائد ""محمد بن زايد"" (بوخالد) باسم مجده الذي يضيء كالهلال في أفق الأمة الإسلامية وقلب العروبة. يمتد حضور بوخالد من مسقط إلى قطر، ومن المنامة إلى الكويت ونجد، حاملاً بشائر العيد والفرح الذي يزهو به شعبه والناس حوله. تجسد القصيدة وحدة وتلاحم الأمة تحت راية الإمارات، معبرة عن الفرح العارم والقوة المتجددة التي تنبع من القيادة الحكيمة التي تتحلى بالعزيمة والوصال.","Cinematic medium shot of Sheikh Mohamed bin Zayed (Bo Khalid) in pristine white kandura and black bisht with gold embroidery, his face radiating dignified pride and visionary strength, standing against a muted cyan-tinted horizon where the crescent moon glows softly over distant Gulf city skylines, scattered wilting desert roses and incense smoke wisps symbolizing enduring memory and spiritual unity, subtle warm amber highlights contrasting cool blue-grey palette, volumetric rim lighting with desaturated teal tones, shallow depth of field with bokeh, shot on ARRI Alexa 65 with 85mm anamorphic lens, contemplative yet powerful atmosphere celebrating national unity and renewed strength, 8K photorealistic masterpiece, Apple TV+ documentary aesthetic, no text, no watermark, no women",,,,
342,سءالك غلط,"بعد شفتني في جنيف والشوق مثل السم      في قلب الذي ما يقدر يواصلك في جنيف
لا تسال عن جروحي ولا تقول لي مهتم      جواب السءال اللي طرحته ما اظن يضيف
حلول لمشكلتي مع هجرك اللي لم      احسبه حقيقي بل حسبته مجرد زيف
كنوع من انواع الدلع والتغلي ام ..      كنوع من الغيره علي من بنات الريف
يالين الثري وجباله النايفات الشم      بريفه ومدنه قالوا اللي تحبه طيف
علي مركب الهجر ف بحر بعد ماله يم      ترحل ترحال الشتا يوم جاه الصيف
سءالك غلط ، تسال عن جروح قلبي كم؟      من الواجب انك تسال جروح قلبي كيف
هل جروح قلبي جات من صد والا هم ؟      من هموم دورات الزمن والزمان مخيف
هذا اولا .. وثانيا : يا ثقيل الدم      هموم الخلايق ، كل هم وله تعريف
وهم يخص ، وهم بين العباد يعم      وهم يجي تكليف ، واخر يجي تشريف
هموم توصيك السهر ما يفيدك ، نم      وهموم تخلي جفنك من المنام معيف
عموما .. حبيبي شو تبي من عيوني تم      جروحي حقيقيه ، وحبك هو التزييف",تنبعث من ثنايا هذه القصيدة مشاعر الألم والخذلان، حيث يواجه الشاعر شبح الهجر في مدينة جنيف، ويصف الشوق المسموم الذي يفتك بقلبه. يستعرض أثر الجروح العميقة، المتأتية من حب مزيف يكتنفه الغموض بين الدلع والغيرة. تتقلب الأحزان بين هموم الزمن وأثقال الناس، فتثقل الروح وتبدد النوم. ينبثق السؤال الحقيقي ليس عن عدد الجروح، بل عن طبيعتها وأسبابها، فتتبدى الحقيقة المؤلمة أن حب المعشوق لم يكن سوى صورة مزيفة، أما الجراح فهي الحقيقة الثابتة التي تكشف هزيمة القلب في بحر الهجر.,"Cinematic medium shot of a solitary Emirati man in traditional white kandura and black bisht, his face etched with deep sorrow and heartbreak as he gazes into the void, standing amidst cracked desert earth and wilting desert roses symbolizing broken love and pain, faint wisps of incense smoke drifting through the air representing fading memories, muted cyan and desaturated teal tones dominating the twilight atmosphere with soft golden rim lighting, shallow depth of field with bokeh background, shot on ARRI Alexa 65 with anamorphic lens flare and subtle film grain texture, contemplative and emotionally resonant mood reflecting exile and longing, 8K photorealistic masterpiece, Apple TV+ premium documentary aesthetic, no text, no watermark, no women",,,,
343,حاضر ومستقبل,"السحب كنها من احساس الغلا مختلسه      في عيون العاشق المدبر وعين المقبل
والهدوء مروق الحاله فقط في الجلسه      كنه يرتب مع الحاضر لك المستقبل",تتجلى في هذه الأبيات لوحات شعورية تجمع بين الحاضر والمستقبل، حيث تلتقي السحب بنظرات العاشق الحريص والمتطلع، مستحضرة دفء الشعور والحنان المختلس. يسود الهدوء اللحظي، كأنه مشهد يرتب فيه الحاضر مفردات الأمل، ليترجم معها أحلام الغد، مؤكدًا على تلازم الزمنين والتلاحم بين المشاعر والرؤية الواعية نحو القادم المشرق.,"Cinematic medium shot of a distinguished Emirati man in pristine white kandura and black bisht with subtle gold embroidery, his face etched with dignified contemplation and hopeful longing as he gazes upward, standing on muted cyan-tinted desert dunes at twilight where soft clouds drift across the sky mirroring his visionary gaze, scattered wilting desert roses and a single falcon feather at his feet symbolizing the bridge between past beauty and future freedom, distant silhouette of modern Burj Khalifa against desaturated teal horizon blending heritage with progress, volumetric rim lighting with cool blue-grey tones and soft amber accents, shallow depth of field with bokeh, shot on ARRI Alexa 65 with 85mm anamorphic lens, contemplative emotional atmosphere celebrating unity of time, 8K photorealistic masterpiece, Apple TV+ documentary aesthetic, no text, no watermark, no women",,,,
344,الغزاله,"سبحان من دخل الرحمه في قلب السبع      ايلين جاته الغزاله حانيه راسها
اللين منه صفه ، والحزم عنده طبع      ف الارض ميزه ربي ، واسالوا ناسها","تتجلى في هذه الأبيات روعة التناقض بين قوة الأسد وحنان الغزالة، حيث يصف الشاعر ""فزاع"" رحمة الأسد التي أذابها حضور الغزالة الرقيقة، متجسدة في طيفها الحاني على رأسه. يغلب على الشاعر الإعجاب بدمج الحزم واللين، وهما صفات متجذرة في الطبيعة وعلى الأرض التي هي ميزّة من الله، مشيراً إلى اعتراف الناس بحقيقة هذا التوازن الرائع. البيان الشعري يبرز حكمة الخالق في خلق مفارقة جمال تثير الدهشة والحنان في آن واحد.","Cinematic medium shot of Sheikh Hamdan bin Mohammed (Fazaa) in pristine white kandura and black bisht with gold embroidery, his face etched with dignified contemplation and gentle wisdom as he gazes upward at a faint, ethereal spectral silhouette of a graceful gazelle hovering above his head symbolizing divine mercy, standing on muted cyan-tinted desert dunes at twilight, scattered wilting desert roses and cracked earth fragments at his feet representing the balance between strength and tenderness, distant subtle falcon silhouette against desaturated teal sky, volumetric rim lighting with cool blue-grey tones and soft amber accents, shallow depth of field with bokeh, shot on ARRI Alexa 65 with 85mm anamorphic lens, contemplative emotional atmosphere celebrating the Creator's wisdom in nature, 8K photorealistic masterpiece, Apple TV+ documentary aesthetic, no text, no watermark, no women",,,,
345,قوارب,"علي متن القوارب لهفه الاحباب تكتب فصل      تعال نجدد الوصل القديم ونقبر الفرقا
هذا يوم جميع مواصفاته خصصت للوصل      هنا غيم وهنا نهر وهنا عشب وهنا ورقا",بين دفء الأمواج ووشوشة الريح، تتجلى لحظة اللقاء على متن القوارب، حيث ينبض الشوق بأمل التجديد وصهر الفراق في دفء الوصل القديم. تطوف الأجواء بين غيوم السماء وأنهار الذكريات، وحيث تنمو براعم العشب وتتمتم أوراق الأشجار بشهادة على عهد جديد للحب لا يموت. هو يوم وُجد ليستعيد الأحبة فيه دفء القلوب وينسجون فصلاً جديداً من الحكايات العذبة التي تصمد رغم الرحيل.,"Cinematic medium shot of a contemplative Emirati man in traditional white kandura and finely embroidered bisht, seated aboard a weathered wooden dhow boat gently rocking on muted cyan and desaturated teal ocean waves at twilight, his gaze filled with longing and hope amid soft whispers of wind. Surrounding him are subtle symbols: delicate sprigs of fresh grass growing through cracked desert earth on the boat’s deck, scattered prayer beads resting near a traditional dallah, and distant drifting clouds blending with flowing river-like memory streams. Volumetric golden hour rim lighting with cool blue-grey tones and soft amber highlights caress his face, shallow depth of field with bokeh ocean background, shot on ARRI Alexa 65 with anamorphic lens flare and subtle film grain, evoking a poetic, emotionally resonant atmosphere of reunion, renewal, and enduring love. 8K photorealistic cinematic masterpiece, Apple TV+ premium documentary aesthetic, no text, no watermark, no women.",,,,
346,الله لنا,"لو حرك الغصن الاخضر باردك يالنسيم      ما حرك الشوق عود الزين يوم انثني
تستحقر نفوسنا شي لو انه عظيم      لا صار درب الوصول المكسبه ذلنا
اسرار قلبي بعيده عن عيون الحريم      لو ان عيون الحريم تزيد قلبي عنا
اسامر الليل وحدي كن ما لي نديم      بس النديم الحقيقي قاف شعري وانا
اهيم والشاعر ايلا ضاق صدره يهيم      لو كان شيخ وحياته بين رغد وهنا
احساسه المرهف يحسسه بانه يتيم      بالرغم من كثرت احبابه هناك و هنا
يساهم ف هدم ذاتي كل جرح قديم      والذات يحتاج بسمه تدفعه للبنا
الله لنا في الشقا ، والله لنا في النعيم      شيوخ و مواطنين نردد ( الله لنا )","يتجلّى الشعر وجود الروح النابضة للوفاء والاعتزاز بالذات والقيادة في لواء الوحدة الوطنية، حيث يعبر الشاعر عن عمق الاشتياق الذي لا يلين رغم جميع المحن، مؤكدًا أن النفوس التي تستصغر الهمم لا تعرف قيم العزة. يبوح بسرّه العميق بعيدًا عن أعين الحاسدين، مستصحبًا الليل رفيقًا وصاحبه الحقيقي هو قافيته، التي تعكس أحاسيسه المتدفقة وتجاربه الشخصية. رغم ثراء العلاقات، يشعر شاعر النص بحالة من الوحدة واليتيم، إذ أن جراح الماضي تهدم ذاته التي تحتاج إلى بسمات تعيد البناء. تتجلّى في النهاية دعوة قوية للوحدة والتكاتف تحت راية الله والوطن، مع استحضار دور الشيوخ والمواطنين الذين يرددون بكل فخر: ""الله لنا"".","Cinematic medium-wide shot of Sheikh Khalifa bin Zayed (Bo Khalifa) and Sheikh Mohamed bin Rashid (Bo Rashid) standing together in a dignified unity pose on a muted cyan-tinted desert terrace at twilight, both placing a hand gently over their hearts in a gesture of deep reflection and shared destiny, faces etched with solemn pride, visionary resolve, and a touch of poetic melancholy, wearing pristine white kanduras and black bishts with intricate gold embroidery, distant falcon silhouettes and subtle incense smoke wisps curling upward to symbolize the soul's ascent, volumetric golden-hour rim lighting with cool blue-grey tones and warm amber highlights, shallow depth of field with bokeh, shot on ARRI Alexa 65 with anamorphic lens flare, contemplative and majestic atmosphere, 8K photorealistic cinematic masterpiece, Apple TV+ premium documentary aesthetic, no text, no watermark, no women",URL,شيخ,https://d2p7pge43lyniu.cloudfront.net/output/7c52113d-97ad-42bb-8406-e8aa64c65513.jpeg,daf35b27e51d4dbcbf3c568a0e99970b
347,محمد الدوله,"وريث الامجاد عن داره وعن شعبه      يودع محمد الدوله و قايدها
محبه تجعل العدوان مرتعبه      عوايد اجدادنا ، تسلم عوايدها","يبرز النص ""محمد الدولة"" بصورة وريث المجد الذي يرث قيادة داره وشعبه، محافظاً على تراث الأجداد وعاداتهم الأصيلة. تتجلى المحبة في هذه القيادة كحصن يردع العدوان، مما يجعل أعداء الوطن يشعرون بالرهبة. تتكرر الأبيات لتؤكد استمرارية العز والأصالة، ما يعكس سلسلة متواصلة من الولاء والانتماء عبر الأجيال.","Cinematic medium-close-up of Sheikh Mohamed bin Zayed (Bo Zayed) standing alone in a dignified, contemplative pose on a muted cyan-tinted desert terrace at twilight, gently placing a hand over his heart while gazing toward the horizon with an expression of solemn pride and visionary resolve, wearing pristine white kandura and black bisht with intricate gold embroidery, subtle wilting desert roses and faint incense smoke wisps curling upward to symbolize heritage and legacy, volumetric golden-hour rim lighting with cool blue-grey tones and warm amber highlights, shallow depth of field with bokeh, shot on ARRI Alexa 65 with anamorphic lens flare, contemplative and majestic atmosphere, 8K photorealistic cinematic masterpiece, Apple TV+ premium documentary aesthetic, no text, no watermark, no women",URL,محمد,https://d2p7pge43lyniu.cloudfront.net/output/7f52a1a2-4459-462b-a5f0-d04e0575c5b1.jpeg,e87a38493c1c434f80627e06843bbc3d
348,نعمه من الله,"صوره ترهب عدو الله وتفرح مءمن      لزعيم بلادنا و الشرق الاوسط كله
باختلاف الجيل والا باختلاف الازمن      ابو خالد نعمه من الله ربت ف ارض الله","تتغنى الأبيات بزعامته ""أبو خالد""، الذي يُجسد برهبة قلوب الأعداء وفرحة المؤمنين، كنعمة إلهية رعتها أرض الإمارات. يتخطى حضوره حدود الأزمان والأجيال، ليصبح رمزاً للوحدة والقوة في بلادنا والشرق الأوسط، حيث يجمع بين الحزم والرؤية الإلهامية التي تبني أجيالاً صلبة ومستقرة.","Cinematic medium shot of Sheikh Sultan bin Zayed (Bo Khalid) in pristine white kandura and black bisht with gold embroidery, his face etched with dignified resolve and visionary wisdom, standing on muted cyan-tinted desert dunes at twilight, scattered wilting desert roses and a single falcon feather symbolizing nobility, distant Burj Khalifa silhouette against desaturated teal sky, subtle incense smoke wisps, volumetric rim lighting with cool blue-grey tones and soft amber accents, shallow depth of field with bokeh, shot on ARRI Alexa 65 with 85mm anamorphic lens, contemplative emotional atmosphere of unity and strength, 8K photorealistic masterpiece, Apple TV+ documentary aesthetic, no text, no watermark, no women",,,,
349,زايد وجابر,"حمدان ، راعي دار ليس بعابر      سبيل ، والعهد القديم يتجدد
علي خطي زايد مع الشيخ جابر      الشيخ مشعل مع عضيده محمد
جهودهم علي جميع المنابر      في عالم الابداع تصنع تفرد","يتجلى في هذه القصيدة تجديد العهود والوفاء برؤية القادة العظام ""زايد"" و""جابر"" الذين شكلوا علامات فارقة في تاريخ الإمارات. يبرز ""حمدان"" كرئيس حاضر يتبنى خطاهم بثبات وجدية، مؤكداً أن مسيرتهم ليست عبوراً عابراً بل نهج حياة متجدد. تتآلف جهودهم على جميع المنابر لتنسج عالم الإبداع والتفرد، حيث يقيم الشاعر جسراً بين الماضي المجيد والحاضر المشرق، مؤكدًا أن الإرث العظيم يستمر عبر الأجيال بقيادة رؤيوية ووفاء لا يلين.","Cinematic medium-wide shot of Sheikh Hamdan bin Mohammed (Fazaa) leading a dignified group reciting poetry in a traditional majlis, featuring Sheikh Zayed bin Sultan Al Nahyan (Zayed Al Khair), Sheikh Jaber Al Ahmad Al Sabah, and Sheikh Mishaal bin Abdullah Al Khalifa standing in unity with their respective companions Sheikh Mohamed bin Rashid Al Maktoum and Sheikh Hamdan bin Mohammed bin Rashid Al Maktoum, all performing the action of placing a hand respectfully on their chests while listening to an unseen poet, wearing pristine white kanduras and black bishts with intricate gold embroidery, faces etched with solemn pride, visionary resolve, and deep contemplation, set against a backdrop of traditional UAE architecture silhouettes and distant Burj Khalifa under a twilight sky, subtle symbolic elements including wilting desert roses, cracked earth, and wisps of incense smoke curling upward, volumetric golden-hour rim lighting with cool blue-grey tones and warm amber highlights, shallow depth of field with bokeh, shot on ARRI Alexa 65 with anamorphic lens flare, contemplative and majestic atmosphere, 8K photorealistic cinematic masterpiece, Apple TV+ premium documentary aesthetic, no text, no watermark, no women",URL,"محمد,زايد,حمدان,الشيخ",https://d2p7pge43lyniu.cloudfront.net/output/74493b7a-3320-49af-ae2e-eb21501ac643.jpeg,4c543f4d01534a12836e1e7dd672bd6a
350,وفا,"يا هلا من ضمير و مرحبا كل ساع      احترامي يليق بشخصك المحترم
والفخر والشجاعه يا طويل الذراع      والمراجل من حدود الوفا للكرم
ورث ابوك المليك اللي بالامجاد شاع      ذكره اللي عسانا منه ما ننحرم",تتجلى في هذه الأبيات معاني الوفاء والاحترام لشخص شجاع وفخور، يعكس أصالة النسب وسمو القيم. يُبرز الشاعر الصفات النبيلة التي ورثها من والده المليك، الذي خلّد اسمه في ميادين المجد، مؤكداً أن ذكره سيظل نوراً لا ينطفئ. القصيدة تمجّد الكرم والشجاعة كرموزٍ للوفاء الحقيقيّ، وتعيش على إيقاع فخر لا يزول، ممزوج بالاعتزاز والتاريخ العريق.,"Cinematic medium shot of a brave, proud Emirati man in pristine white kandura and black bisht with gold embroidery, his face radiating noble dignity and deep respect for his father's legacy, standing amidst muted cyan-tinted desert sands at twilight, scattered wilting desert roses and subtle incense smoke wisps symbolizing enduring memory, distant silhouette of a majestic falcon against desaturated teal sky, volumetric rim lighting with cool blue-grey tones and soft amber accents, shallow depth of field with bokeh, shot on ARRI Alexa 65 with 85mm anamorphic lens, contemplative atmosphere honoring heritage and valor, 8K photorealistic masterpiece, Apple TV+ documentary aesthetic, no text, no watermark, no women",,,,
351,ابو,"انتي وانا .. بكره الي من كبرنا      بانقول للاحباب قبل الاعادي
كنا صغار و نحضنه نحسب انا      نحضن ابو عنده شموخ ومبادي
و انما في واقع العمر .. كنا      نحضن وطن مانحضن انسان عادي",تتجسد في هذه الأبيات المشاعر العميقة تجاه الأب، الذي لا يُعد مجرد إنسان بل رمزٌ للوطن بكل ما يحمله من عز ومبادئ قوية. يعبر الشاعر عن نموه ووعيه المتزايد الذي جعل المفاهيم تتغير؛ فعندما كان صغيراً كان يحتضن الأب فقط، أما اليوم فبات يحتضن وطنًا شامخًا يتجسد في شخصه. تضرب القصيدة أمثلة حية على التشابك بين العاطفة الأسرية والولاء الوطني، حيث يصبح الأب جسراً للنبل والكرامة، وحفظاً لتراث أصيل ينبض بالفخر والاعتزاز.,"Cinematic medium shot of an Emirati father (Abu) in pristine white kandura and black bisht with subtle gold embroidery, his face etched with dignified wisdom and deep paternal pride, standing on muted cyan-tinted desert dunes at twilight, cracked earth texture beneath his feet symbolizing resilience and a bridge between generations, single falcon feather resting gently near his hand representing nobility and freedom, distant silhouette of traditional architecture against desaturated teal sky, volumetric rim lighting with cool blue-grey tones and soft amber accents, shallow depth of field with bokeh, shot on ARRI Alexa 65 with 85mm anamorphic lens, contemplative emotional atmosphere honoring heritage and national unity, 8K photorealistic masterpiece, Apple TV+ documentary aesthetic, no text, no watermark, no women",,,,
352,اميره قلوب الانقياء,"يا اميره قلوب الاتقيا مرني طاريك      مرور السهر في محجر عيون عشاقه
اقدم لك من العمر روحي ولا يكفيك      كما انه يقدم يانع الورد في باقه
شعور المحب الصادق اللي بلا تشكيك      تبينه عينه لو يخفيه خفاقه
وش افخم من اسمي يوم مرت حروفه فيك      تقولين يا (حمدان) والروح منساقه
تقولين يا (حمدان) واقول يا لبيك      غلا .. حن رعاده وله لاح براقه
خذاه الزمن من صغر سنه ما بين يديك      سياسه وشعر وطير ومسرج وناقه
كثر ما اشتهرت وصرت معشوق ذيك و ذيك      لك الشوق حصري والمعاليق مشتاقه
يا مولاتي اللي جنتي من تحت رجليك      حنان الامومه ينعش الروح ترياقه
يا ام الشيوخ بلاد زايد تفاخر فيك      علي درب فعل الخير خطوتك سباقه
تقولين مجدك ورث جدك وورث ابيك      الامجاد للي يملك الوعي والطاقه
عسي الدار ما تفقدك والعين ما تبكيك      ورا كل عملاق صنع مجد .. عملاقه","تتغنى القصيدة بـ""أميرة قلوب الأنقياء"" التي تمثل رمزية الأم الحنونة وعمود العائلة النبيل، حيث يجسد الشاعر الوفاء العميق والصادق عبر تقديم الروح والعمر في حبها دون حدود. تمزج القصيدة بين الرقة والهيبة في وصف هذه الشخصية التي تجمع بين الحنان الأمومي وقوة الإرادة، متربعةً على عرش الفخر والتاريخ الذي ورثته عن أسلافها العظام. يُبرز الشاعر كيف أن مجدها ليس مجرد إرث، بل ثمرة وعي وطاقة متجددة، مما يجعلها نبراساً يُحتذى به في دروب الخير والعطاء التي سلكتها بلاد زايد. تتجلى في النص مشاعر الولاء والاعتزاز، وتُختتم بدعاء صادق بعدم فقدانها وحفظ مكانتها التي ترتكز عليها العزة والكرامة، مؤكداً أن وراء كل عملاق عطاء امرأة عظيمة تشكل دعامة المجد.","Cinematic medium shot of Sheikh Hamdan bin Mohammed (Fazaa) standing alone in a contemplative, dignified pose on a muted cyan-tinted desert terrace at twilight, gently tracing the sand with his hand as if reading an invisible poem, face etched with deep affection and visionary resolve, wearing pristine white kandura and black bisht with intricate gold embroidery, subtle wilting desert roses and wisps of incense smoke curling upward near his feet, volumetric golden-hour rim lighting with cool blue-grey tones and warm amber highlights, shallow depth of field with bokeh, shot on ARRI Alexa 65 with anamorphic lens flare, emotional and poetic atmosphere, 8K photorealistic cinematic masterpiece, Apple TV+ premium documentary aesthetic, no text, no watermark, no women",URL,"زايد,حمدان",https://d2p7pge43lyniu.cloudfront.net/output/06625465-237f-46b9-943c-1c6d41e22c27.jpeg,1237b1eb66154a0c9c7d464fe5045a85
353,ابن فراج,"علي كثر هالناس و الله ما فيهم      مثلك يا بن فراج في عين حمدان
بياض قلبك لو يوزع عليهم      لقيت كل الناس ما تحمل اضغان","يبرز الشاعر في هذه الأبيات نبل الروح وصفاء القلب لـ""ابن فراج""، متمثلاً في صفاء ذاته وشفافيته التي تحظى بمكانة خاصة في عين ""حمدان"". يكرم الشاعر صدق المحبة وطيب النفس، مؤكداً أن مثل هذه الصفات النادرة تجعل من القلب الأبيض هبة لا تُحتمل عند مقارنة الناس عموماً. تتجسد هنا القيم الإنسانية الرفيعة في وجهة نظر ""فزاع""، معبراً عن التفرد في الوفاء والإخلاص وسط عالم متغير.","Cinematic medium shot of Hamdan bin Mohammed (Fazaa) and Ibn Faraj standing together in a dignified, intimate conversation on a muted cyan-tinted desert terrace at twilight, Fazaa placing a protective hand gently on Ibn Faraj's shoulder while Ibn Faraj gazes upward with eyes reflecting deep wisdom and purity, both wearing pristine white kanduras and black bishts with intricate gold embroidery, background features soft golden-hour rim lighting with cool blue-grey tones and warm amber highlights, subtle symbolic elements of wilting desert roses and a single falcon feather resting on the sand nearby, shallow depth of field with bokeh, shot on ARRI Alexa 65 with anamorphic lens flare, contemplative and reverent atmosphere celebrating unmatched nobility and purity of heart, 8K photorealistic cinematic masterpiece, Apple TV+ premium documentary aesthetic, no text, no watermark, no women",URL,حمدان,https://d2p7pge43lyniu.cloudfront.net/output/bd8d5130-3ff0-4c16-8a24-4f3039387b0d.jpeg,40bce0cb10ba468c8197f9d3a1630a0c
