Text content,Title
حبيـبتي حالـي من الشــوق دانــي<br />,لا تسـأل مجـرّب
أشــرّق بحـبّــك .. واعـوّد أغـرّب<br />,
<br />,
أنـانـي فْـ وصـلك لـكـن يالأنـاني<br />,
تـرى الأنانـيّـه فْـ طـبـعـك تـخــرّب<br />,
<br />,
لحظات حبّـك حطّـمت لي كـياني<br />,
والحزن من بين الـمحـاني تـسـرّب<br />,
<br />,
تـسـرّب وصـكّـت عـلـيه الـمـحاني<br />,
كـنّـه لـوصـلك بالـجـروح يْـتـقـرّب<br />,
<br />,
يا مْعـرّب الأنـسـاب خـدر العـياني<br />,
سِـلْـم العـرب لا تجهـله يـالـمـعـرّب<br />,
<br />,
شـربت حـبّـك لين فـاض الحناني<br />,
وقامـت عروقي من غـلاك تْـشـرّب<br />,
<br />,
,
ثـــلاث مـرّات .. وانـت تـدوّر فـراقي<br />,ثــلاث مـرّات
وثــلاث مـرّات .. وانـا اقـول لا ترحــل<br />,
<br />,
الظـاهــر ان الـغــــلا مـا عـاد لـه بـاقـي<br />,
بيـني وبينك أشوف الوضع مسـتفـحل<br />,
<br />,
عِـشـرة زمن تجـبر الـمشـتاق يشـتاقي<br />,
سـحـلـتـها بالهـجـر ، والوصـل ما يسـحل<br />,
<br />,
عليك صــابر ، وهذي قيـمـة اخــلاقي<br />,
لأن أرض الوفــــا دون الـوفـا تـمـحــــل<br />,
<br />,
ولأنّـك الـغـــالي اللي حَـــرّك اشـــواقي<br />,
بـمكـحّـــلات الـعـيــون اللي بلا مـكـحـل<br />,
<br />,
بالرقّـه .. انت الأرَق ، وذوقك الراقي<br />,
وبين الخصور النواحل خصرك الأنحل<br />,
<br />,
وقـلـوب عـشّـاقــك اللي كـثـر عـشّــاقي<br />,
عيونـهـم نحـل ، لان شـفاتـك الـمنحل<br />,
<br />,
أصـعب سؤال فْـ حياة العاشق الشاقي<br />,
إللي طـرحتـه علـيك وما لـقـيت الحـل<br />,
<br />,
وشلون ترحل وحبّك وسـط الاعـماقي<br />,
وانـا نـويت الرحـيل ، وما قدرت أرحـل<br />,
<br />,
,
صاحبي يافاهمٍ قصدي ترى ما كل ديره<br />,هواء الإمارات وثراها
آتـمـشّى فـي حـدايـقـها وينعـشـني هواها<br />,
<br />,
إتأسر قلبي لو ان نفسي في راحتها أسيره<br />,
كم بلاد يمرّها قلبي واذا سافر نساها<br />,
<br />,
خذ مَثَل هواء لندن لا خلط مسكه عبيره<br />,
لو هواء بلاد زايد ماهو  يشابه هواها<br />,
<br />,
والله انها أوّل احباب المشاعر والأخيره<br />,
يا عساني فدوة اوّلها وفدوة منتهاها<br />,
<br />,
ألله اكبر يالسنين العوج والشرهه كبيره<br />,
شرهة العاقل على عوج السنين اللي مداها<br />,
<br />,
كل ما طالت ما نامن شرّها والطول خيره<br />,
إنّـما للـخـالـــــدين اللي مْـخـلّــدها نـبـاها<br />,
<br />,
والقلوب اللي مشاعرها مع العالم غفيره<br />,
الـظــروف الكـايـده تردّها عن مـشـتـهاها<br />,
<br />,
مشتهاها تجعل الدنيا مثل وصف البحيره<br />,
لـذّةٍ للـشــــــاربـيـن ، ومـتـعــةٍ لـمـن رآهـــا<br />,
<br />,
هكذا الإنسان عمره يوم حس ويوم غيره<br />,
لو تحاول تجمع ايّامه وتبحث وش وراها<br />,
<br />,
ما وراها غير باقي ذكرياته في مصيره<br />,
يوم شاف امجاد غيره قال ياليته خذاها<br />,
<br />,
يحسب ان المجد فجأه ما درى ان المجد سيره<br />,
سـيرةٍ ما تـنتهي دام الكـواكب فـي سـماها<br />,
<br />,
والـقدر على وتيـره .. والعـمر على وتيـره<br />,
والثـنين لبعـضـهم يمـشون والدنيا عطاها<br />,
<br />,
ماهو بْـورثٍ تحكّـم فـيه عمـيان البصـيره<br />,
كان ما مدّيتها بالجـهد ما نـالك رضاها<br />,
<br />,
السعاده لو تباع فـ سوق الاحزان الكثيره<br />,
كل واحـد يعـتريه الـحزن تلـقاه اشـتراها<br />,
<br />,
السـعاده ما اشـترتها روس الاموال الوفـيره<br />,
شـوف كـم تـاجـــر يـدوّرها ولكـن ما لـقـاها<br />,
<br />,
بس انا محتاج ما لا احتاج فـعلاً شي غيره<br />,
شي يسمو بالنفوس لين يظهر محتواها<br />,
<br />,
هي قصيدة شاعرٍ وضّح لك اللي فـي ظميره<br />,
إيْـعَـرف وش علّـته لكن يجـهل وشـ دواها<br />,
<br />,
غاص بالهوجاس باعماق المحيطات الغزيره<br />,
ليـن جاب اللي يلـيق بـمـسـتـواه ومـسـتـواها<br />,
<br />,
مو مهم تكون نـشرت في مجلات الجزيره<br />,
الـمهم تقول لي كم شخصٍ متـثـقّـف قـراها<br />,
<br />,
الـمهم ان (لندن) اللي مسكها يخالط عبيره<br />,
آغلى منها هوا أرض ( الإمــــارات ) وثراها<br />,
<br />,
,
يتيـم فـاقد شـوفة امّـه من سـنين<br />,يتيم
وابوه مـات مْن القـهـر والتجـنّـي<br />,
ما شاف واحد منهم بْـنظرة العين<br />,
والحزن يهدم في الضلوع وْيبـنّـي<br />,
تـنزل دمـوعه من لحـون الـمغـنّـين<br />,
واهل اللحـون مْن السـعاده تغـنّـي<br />,
قالوا تمنّى ؟ قال ابا شوف الاثنين<br />,
كـانـه يفـيـد الـميّـتـيـــن التـمنّــي<br />,
يا كامل الأوصـاف ، يا نادر الزين<br />,
هذا شعـوري كل ما غبـت عنّـي<br />,
كيف آتقبّـل تعزية بُـعدك الشـين<br />,
وآشـوف عـذّالي تجـيـك وْتهـنّـي<br />,
دام الهجر والشـوق والحزن قاسيـن<br />,
لـيتـك علـينا يا حـبيـبي تـحـنّـي<br />,
يكفيك فـنّي عن فنون الـمحبّـين<br />,
كم مـرّه اسـتطربت والـفـن فـنّـي<br />,
كـنت آتـأنّى من فراقـك مـعي ليـن<br />,
طـوّلـت بفراقك ومـات الـتـأنّـي<br />,
وكان الخطا منّك ، مسامحك هالحين<br />,
وكان الخطا منّي ، وش تريد منّـي ؟,
,
حبـيـبتي مـرّت على بـالـي الـيـوم<br />,مرت على بـالي
وْ وقّـفــت تـقـديرٍ لـها يوم مـرّت<br />,
<br />,
جابت لي الفرحـه وانا كنت مهـمـوم<br />,
الظـاهـر انـها عـن عـلـومي تـحـرّت<br />,
<br />,
وفراقـها كـوّن فـي خـفّـاقي غـيـوم<br />,
أمـطـــارها عـلى الـفـيـافـي لا خـرّت<br />,
<br />,
تـنـبت من الأزهـار ما كان مـعـدوم<br />,
وتسـر نـفـسٍ من زمـن ما اسـتـسـرّت<br />,
<br />,
فـي حبّـها حـسّــادي تـكـثّـر اللـوم<br />,
وهي ورا عـوج الـضـلـوع اسـتـقــرّت<br />,
<br />,
أحلـم بها وآطـيح فـي النوم وآقوم<br />,
فرحان .. لكن فرحتي ما اسـتمرّت<br />,
<br />,
إلى صـحـيت آعاتـب الـحـظ وآلـوم<br />,
الايام .. والأيـام مـنـها تـبــــرّت<br />,
<br />,
الهـجر طـعـنة خاين بْسيف مسمـوم<br />,
نـفسـه على فـعـل الـخـيانـه تضــرّت<br />,
<br />,
ومن يحرم مْن العشـق يعيش محروم<br />,
كـم روح من قل الوصـال استـضـرّت<br />,
<br />,
لا جيت انام .. النفس ما تعشق النوم<br />,
حـاولـت اقـنّـعـها .. لـكـنـها أصـرّت<br />,
<br />,
تبـغي حـبيـبة قلـبـي الـغـالــيه دوم<br />,
تمـر فـي بـالـي ، وآوقّـف لا مـــرّت<br />,
<br />,
,
إنتـه ذهـب من دون ما تلـبـس ذهـــب<br />,لا تلبـس ذهـب
وش لـه تـروح الـســوق وتـدوّر عـلـيـه<br />,
<br />,
سـبـحـان مـن سـوّا .. وْجَـلَّ مـن وهـــب<br />,
حــــلاك بـيـدينـك كأنـّـك مـنـتـقـيــه<br />,
<br />,
شـفايـفـك جـمـره .. وثـغـرك من لـهـب<br />,
خايـف على خـدّك لهـب ثغـرك يجـيه<br />,
<br />,
لو كان رمـشـك يـنـّـهـب .. كـان انـّـهــب<br />,
من كل عاقل شاف رمشك .. أو سـفيه<br />,
<br />,
لا ترتـهـب مـا فـيـه واحـد يرتـهـــب<br />,
مـن واحـد يْـحـــبّـه وخـفـّـاقـه يـبـيــه<br />,
<br />,
أنا فـْ مـهــب الـريــــح إلاّ انـت فـْ مـهــب<br />,
شـوق ٍسـكـن قلـبـي وقـلـبـي مـحـتـويـه<br />,
<br />,
ذهـب مـعـك قلـبـي .. يالـيـتـه ما ذهب<br />,
لا قلـت عـوّد قـال انـا بـامـــوت فـيـه<br />,
<br />,
تـدري وش يْخـلـّي جـروحـي تلتهـب ؟<br />,
إنـّي أخـلـّي شــــيّ .. وآنـا مـشـتـهـيـه<br />,
<br />,
,
حبيـبتي حالـي من الشــوق دانــي<br />,لا تسـأل مجـرّب
أشــرّق بحـبّــك .. واعـوّد أغـرّب<br />,
<br />,
أنـانـي فْـ وصـلك لـكـن يالأنـاني<br />,
تـرى الأنانـيّـه فْـ طـبـعـك تـخــرّب<br />,
<br />,
لحظات حبّـك حطّـمت لي كـياني<br />,
والحزن من بين الـمحـاني تـسـرّب<br />,
<br />,
تـسـرّب وصـكّـت عـلـيه الـمـحاني<br />,
كـنّـه لـوصـلك بالـجـروح يْـتـقـرّب<br />,
<br />,
يا مْعـرّب الأنـسـاب خـدر العـياني<br />,
سِـلْـم العـرب لا تجهـله يـالـمـعـرّب<br />,
<br />,
شـربت حـبّـك لين فـاض الحناني<br />,
وقامـت عروقي من غـلاك تْـشـرّب<br />,
<br />,
ياللي تـقـول اسـأل مجـرّب تـراني<br />,
سألـت واحـد .. بس قـام يْـتهــرّب<br />,
<br />,
لا تسـأل مجـرّب يا قـلـب وتعـاني<br />,
إسأل طبـيب وْ خل عـنك الـمجـرّب<br />,
<br />,
,
للـشـعـر فـكـره وللـهــاجـس مـيـة طــاري<br />,قصر زعبيل
تــرزّ للــقـمّــــــــــه الـعـــلــيـــا بـيــــــــارقـهــا<br />,
<br />,
وقـصـيدتي من حـصـيلة نـاتـج افـكــاري<br />,
كـل الـقـصـــايـد الى مـن جـات تـفـرقـها<br />,
<br />,
لـو أبـغــي أغــرّق الـســاحـه بـإبـحـــاري<br />,
غـرّقـــتـهــا بس انـا مـا احــــب اغـرّقــهــا<br />,
<br />,
أرسـم مـلامـح طـمـوحاتي فـي أشـعـاري<br />,
واحـاول اني قبل ما امــــوت احـقـقـهـا<br />,
<br />,
واعرف مـقـدار غـيـري قبل مـقــــداري<br />,
واخـطاء نـفـسي على غـيـري ما اعـلـّقها<br />,
<br />,
لـكـن مــشـــوار عـمـــري لى مـتى ســــاري<br />,
أرهـقـت نـفـسـي وما ادري لـيه مرهـقـهـا<br />,
<br />,
قدام تـتـعـب قـدم رجـلـي يـا مـشـواري<br />,
الايـــــام ســاعــاتـهـا تـشـــــرح دقـايـقــهـا<br />,
<br />,
مـراحـل الـعـمـر تـجري والـزمـن جـاري<br />,
والـنـاس تـفـنـى ويـبـقـى وجـــه خـالـقـهـا<br />,
<br />,
وانـا طـمـوحـي تـخـلّـد فـعـلـي اخـبـــاري<br />,
فـ ارشـيـــف تــــاريـخ الافـعـال ووثـايـقـهـا<br />,
<br />,
نـجـاحـي لـشـخـصي اعــداءه يـا أنـصـاري<br />,
أكـيـد مـنـطــقـه مـا يـشــبـه لـمـنـطـقـهــا<br />,
<br />,
من يـامـر بـسـتر خـلـق الله وهـو عــاري<br />,
نـصـيـحـتـه مـن عـلى نـفـسـه يـطـبّـقـهـا<br />,
<br />,
مـن كـثر مـا اخـاطـب الـعـالـم بـمـعـيـاري<br />,
دايــم أمـيّـــــز لـكـــــاذبـهـا وصــــادقـهـا<br />,
<br />,
صـحــيـح انـا مـا مـعـي جـنـّـه ولا نـــاري<br />,
لـكـن ربّــــــي خـلــــق خـلـقــــــه وفـرّقـهـا<br />,
<br />,
من شرفة القصر اناظر خلف الاسواري<br />,
وجـيـه نــــــاس ٍعـســى ربّـــــي يـوفـّـقــهـا<br />,
<br />,
ويزيـد عزمـي بفـعـل الـخير واصـراري<br />,
فـي خـدمـــة بـــلاد برق الـعــز بـارقـهــا<br />,
<br />,
والـطـيـب قـصّـه وفـيها مـعـظـم اسراري<br />,
والــذل نـــار ونــفـوس الــذل يـحـرقـها<br />,
<br />,
يا قـصر ( زعـبـيل ) دامك بالحزن داري<br />,
لا تـعـلّـم ( دبـــي ) وتـبـكـّـي مـنـاطـقـهـا<br />,
<br />,
الحزن اخوي الصـغير وضيفي وجاري<br />,
فـي غربـة الأرض الوسـيـعه أو مشارقها<br />,
<br />,
مافـي عـيـوني سـوى دمـعـات تـذكــاري<br />,
لـولا السـحا مـن مـحاجـر عـيني أعـتـقـهـا<br />,
<br />,
,
من جـايع الوصـل .. للّي حبّها شـبعه<br />,قلب السبع
لا اطربني الشوق كيف اشبع من الطربه<br />,
<br />,
حُـر الهـوى لو يلومه في الهـوى تِبعـه<br />,
ما شاف مخلابه اللي مدميٍ خِـربه<br />,
<br />,
من حصّل اللي خذا قلبي وانا تَـبعه<br />,
قلبـي على دربـها ، وآنـا عـلى دربـه<br />,
<br />,
غزالـة الـوادي اللي جـرّحـت سِـبعـه<br />,
من شرق قلب السبع تخـتال لا غربه<br />,
<br />,
خذت من القلب ثلث الشـوق أو رُبـعـه<br />,
بالنظـره الواثقـه ، والـهرجه الــذربـه<br />,
<br />,
والكـره .. مثل السحابه في شهر سبعه<br />,
ما تنـبت العشـب وَلاَ تسـقي التـربه<br />,
<br />,
والـحب .. نهـرٍ مصـبّه فاض من نبـعه<br />,
شـوفه يكفّـيك يالظـميان عن شربه<br />,
<br />,
والوصل .. مثل الشجاع الشهم في رَبعه<br />,
ما يرهـب السيف وَلاَ يرهب الحربـه<br />,
<br />,
والهجر .. مثل الذليل اللي فشل طبعـه<br />,
من ذلّه .. الناس محدٍ يطمع فْـ قربه<br />,
,
,
مداخيل الشعر وايد ، وانا شاعر ولي مدخال<br />,شـعب الإمـارات
ولكـن الـمخـــارج ما هي تـشـــابـه مــداخلـها<br />,
وانا بين الـمخارج والمداخل يوم طاب الفـال<br />,
جـبرت آخر بـيـوت الـمـفردات ينافـس اوّلـها<br />,
سبحت من الشعر بحر وملكت من البيوت جزال<br />,
وهي ماهـي بْـمـهـنـه ، لكـن افـكـاري تـداولـهـا<br />,
من اغلى الإمنيـات اللي من القلب وتمر البـال<br />,
صنعت اغلى البيـوت اللي تبيّض وَجه قايلـها<br />,
أغذّيـها باحـاسيـسٍ لـها فـي خافـقـي مدهـال<br />,
لـها كـفّـي مـطـيـعــــه يوم تـكـتـبـها أنـامـلــهـا<br />,
لو ان افكـار شـعري خيل ، ما تلقى لها خيّـال<br />,
سوى فكري تحلّـق فـي الفضـا يوم آتخـيّلـهــا<br />,
على الدوله وريّسـها (خليفـة ) قـايد الأبطـال<br />,
هـماليـل السـحاب اللي غـصـون الأرض بـلّـلـها<br />,
أبارك له فـي شهـر ٍنـزّل القـرآن فيـه انـزال<br />,
يضـم مْن اللـيـالي لـيـلة الـقـدر وفـضــايـلـها<br />,
أردّدها على الاطـلال .. وتردّد معي الاطـلال<br />,
يالين اسـمـع صـداهـا والـمـخـالـيق تْـنـاقلــها<br />,
لو ان دلّـة هل الأمـجاد ما مـعـها سوى فـنيال<br />,
ترى الـفـنيال فـي راحـة يـمـيـنه يا مهـيّـلـها<br />,
في كل بلاد له كلمه ، والى من قال قال وْطال<br />,
يطول جبال الارض وكف ابو سلطـان أطولـهـا<br />,
مع شـعـب الـعروبه مـوقفه تـفخر به الأجيال<br />,
والى من مالت احـوال العـرب وقّـف وعدّلـهـا<br />,
ولابو راشد من الـمجد التليد العز والإجلال<br />,
وْمن الألقـاب أشرف ما حوت الالقـاب وانبلـهـا<br />,
(صلاح الدين ) فخـرٍ للعروبه يا هل الأمثـال<br />,
وابو راشد (صلاح الدين) لاهل الأرض باكملها<br />,
و (ابو خالد ) صنع دوله بهمّـته وْتحته رجال<br />,
إلى قالـت ، تبـرهـن قولـها صـادق فـعـايلـهـا<br />,
سـلايله الـمكارم ، والفـخر لا من ذكره اختال<br />,
وعريـبيـن السـلايل تـفـتخر فـيها سـلايلـهــا<br />,
لو ان للطـيـب رجـل يمـثّـله بو خـالـد الرجّـال<br />,
يـمـثّـلـه ، وشـيـــــوخ الـدار لـو وقّـف يمـثّـلـهــا<br />,
وجبال الأرض لو نـقـدر نسـوّي منّـها تـمثال<br />,
لابو خـالـد ، نـحـتـنـاها مـن آخـرها إلى اوّلــها<br />,
على الهامات له هامه وعلى حد السحب تختال<br />,
صـعـيـبـات الـمشـاكـل كـل مـا جـاته يذلّـلــهـا<br />,
وعسى شعب الإمارات العزيزه دوم فـ احسن حال<br />,
عسى دعواتهم ربّي فـي شـهر الخـير يقـبلـهـــا,
,
ياللي تسحّـب فوق الامتـان جـاعد<br />,سهم الغلا
يلـعـب به الـغربي على قـد مـيّـاس<br />,
<br />,
إحذر تـعـد ايّـام لـقـياك واعـد<br />,
أيّام بـعـدك والـهـجـر مـالـه قيـاس<br />,
<br />,
سـهـم الـغـــلا ما بيـن نـازل وصـاعد<br />,
والـرازق الله ، لـكن الـناس للــناس<br />,
<br />,
عـلّمني وشلـون اهـجـرك ونـتـبـاعد<br />,
يالقاسي اللي ما مـعـك أيّـة احساس<br />,
<br />,
ما دام ما حن بالـحـيـاه نْـتســاعد<br />,
إضحك من الفرقا ، وعادي ، ولا باس<br />,
<br />,
وش قيمة الغيم ان برق ، وان تراعد<br />,
لا صارت غـصــون الـمحبّـين يبّـاس<br />,
<br />,
لا لا تواعـد .. خل عنك الـمواعـد<br />,
أنا ترى من حبّـك اعلنت الافـلاس<br />,
<br />,
راح الـعـمر كـلّه وانا مـعـك قـاعـــد<br />,
لين الرجـا ماتت عزومـه من اليـاس<br />,
<br />,
كـم كنت انا ويّاك سـاعد بسـاعد<br />,
وطوّقـتك بحبّـي مثل عقد الالـماس<br />,
<br />,
على الـغـلا كلّـه ، نـويت آتـقـاعـــد<br />,
حتى أعيش الـعمـر من دون وسواس<br />,
<br />,
,
أحيـــاناً افـكّر .. وافـكّر .. وافـكّر<br />,سامح
إلى متى عزمـي بالاشـواق جامـح<br />,
ما دام بـاب الـمـغـفــــره ما تسكّـــر<br />,
تعـال وارسـل لي خـيـالي مـــــلامـح<br />,
لو الـحـياه بطـولـها طـعـم سكّـــــر<br />,
ما كان احس بْذنب غيري واسامح<br />,
هـذا كــلامـي لـو مـزاجـي تـعـكّـــر<br />,
وخيل الهـجر بيـن الـحـنايا ترامح<br />,
أقـولـهـا للّي فـي حـبّــي تـنـكّـــــــر<br />,
أسـامـحـه .. وَلا يعـرف الـتسـامــح<br />,
إطـمح تراضـيني يا زيـن وتذكّـــر<br />,
إن عاشـقك لرضـاك يا زين طامـح<br />,
لا تصير مالـح في الهجر وانت سكّـر<br />,
سامح ما فيه اجمل من اللي يسامـح,
,
الـفسـق آفـه .. لكن التـقوى خشـوع<br />,رمز العز علمني
أبـوي رمـز الـعـــز عـلّـمني بـها<br />,
<br />,
يا مدرسـة الامجاد والقلوب البتوع<br />,
أنـا على هـقوتـك يا هـاقي بها<br />,
<br />,
مْن الفلاسي ساسي وعندي فروع<br />,
من دار زايـد عز الارض وطيبها<br />,
<br />,
شاعر واحب الـفزعه وقلبي فزوع<br />,
يالين شـفت الـناس سـمّوني بها<br />,
<br />,
واهل الصمود اللي ماترضى بالخنوع<br />,
ألله سـبحــــانـه يشـبّـهـني بـها<br />,
<br />,
أحب من جزل الـبيوت اللي تروع<br />,
أهل الـفكـر لا قامـت تـغـنّـي بها<br />,
<br />,
ترى القصيد انـواع وانا كـل نـوع<br />,
أبـدع فـي تركـيـبـتـه وآسـالـيبـها<br />,
<br />,
يا اهل السيوف القاطعه واهل الدروع<br />,
ترى الـسـنيـن الله يعـلم غـيـبها<br />,
<br />,
أشـبّه الدنـيا على البكرة الدفـوع<br />,
دايـم تـكــون الاوّلـه ترتـيبـها<br />,
<br />,
إن واصلـت راعـيّها أصـلـه جــزوع<br />,
وان قاصرت بانت فـضايح عيبها<br />,
<br />,
والاّ أشبّـهـها على الـبنـت الـفـروع<br />,
إللى عـوى بيـن الـحــنايا ذيبـها<br />,
<br />,
نـقـبل لها مادامـها حـلوه الـطـبوع<br />,
ونصـد مـنها لا تكـــاثر شـيبـها<br />,
<br />,
أعمارنا تحسب من ايّام السـبـوع<br />,
تجري لكن الـناس ما تدري بها<br />,
<br />,
ويوم الثلوث اللي قبل يوم الربوع<br />,
ذكراه فـي قلبي وش آسوّي بها<br />,
<br />,
ويا وردة البستان قطّافك قنوع<br />,
وبعض الورود .. الله على تـعذيبها<br />,
<br />,
غنّـيت لك ما تنطرب منه السموع<br />,
طـرايـفٍ تـعـجـبك فـي تركـيبها<br />,
<br />,
والبـعد مثل السـيف والـفرقى تـلوع<br />,
لا تطري الفرقى وتجرحني بها<br />,
<br />,
لحّنت لك حـزني على وتر الدموع<br />,
وخلّـيت قلـب الـعاشـق يغنّـي بها<br />,
<br />,
ومشيت درب فراق ما منّه رجوع<br />,
والـمـغـترب نفسـه شكـت تغريبها<br />,
<br />,
لو قلت لي جيب الثريّا.. قلت طوع<br />,
أمـد كـفّي للـســــما واجـيـبها<br />,
<br />,
,
الـشـعر ديـوان ماضـي عـربـنا والأداه<br />,ديــوان العــرب
ألـتي كـانـت تـوضّــــــح لـنـا عـاداتـها<br />,
<br />,
دايــمٍ مـن يكـتـبـه إيـتمنّـى مـن قــراه<br />,
التـبحّـر فـي القـصـيده عبـر كـلمـاتها<br />,
<br />,
بس انا ما قـلته اطمـع لشـهره من وراه<br />,
قلـتـه أداوي جـروح البشــر واهـاتـها<br />,
<br />,
كيف يطـمح فيه واحد ذِكِـر جَدّه واباه<br />,
إصـنعـت مكـانـتـه من عـظــم وقـفاتها<br />,
<br />,
ليس مثـلي من قصيده ترفّـع مسـتواه<br />,
لو من الـمرجان واللول صغـت ابياتها<br />,
<br />,
كم صغـيرٍ فـي العمر وصل للعالم نباه<br />,
وصـادم بْـهـامـته نـاسٍ لـها هـامـاتـها<br />,
<br />,
بالـمكارم تسمع اسمه من افواه الرواه<br />,
وغـيره اسماها حسـب دخـل عـقاراتها<br />,
<br />,
لو عمـينا العيـن وشلـون نكـتم كل فـاه<br />,
والـعــرب أكـثر مـا فـيها عـدد رواتهـــا<br />,
<br />,
والربيع اللي تناسى ربيعه .. وش بلاه<br />,
غــرّتـه دنـيـــاه يـوم اكـثـرت لـذّاتــها<br />,
<br />,
للصديق من الصديق يْـتحمّل له خطـاه<br />,
والأصـدقاء مع بـعـضـها حسـب نـيّـاتـها<br />,
<br />,
والبنى آدم كل واحد حسب ما الله عطاه<br />,
سـيّـئـات الـنـاس مـاهي مـثـل حـسـناتها<br />,
<br />,
والـدول مَعَ بعـضـها لو يصـير اشـتبـاه<br />,
الـتـقـدّم مـصـلـحـتـها عـلى أزمـاتـها<br />,
<br />,
كم نصـحته والنصـيحه من المسلم لاخاه<br />,
وقلـت لـه : يا خـلّـها مَـعْـك ، والاّ هـاتـها<br />,
<br />,
وانت بعـت الـوِد والـوِد من باعـه شراه<br />,
وَآعَـرف مـشــاعر الـنـاس من نـظـراتها<br />,
<br />,
السـؤال اللي يـراودني على كل اتجـاه<br />,
عند مثـلك سلـعـة الطـيب كـم دُفـعـاتها<br />,
<br />,
لا تحسْب ان كل جافي بكت عيني جفاه<br />,
لي مـقـامـاتي .. وللـنـاس ماقاماتـها<br />,
<br />,
شخص لا من غاب بُعده يشـتّت الانـتباه<br />,
وشخص لا من غاب نفسك تحس بْذاتها<br />,
<br />,
ناس .. نبكـيها لو انـها على قيد الـحياه<br />,
ونـاس .. ما ياثّـر عـلـيـنا خـبـر وفـاتـها<br />,
<br />,
,
الضـايق اللي سـاريٍ لـيله ولا حَصَّـل طريق<br />,جسـر الصـداقة
تلـعــب به الايّـام بيـن يْـميـنهـا وشْـمالـها<br />,
<br />,
يا غَـارقٍ بالهَم لا تطـلب نجاتك من غريق<br />,
الصبر مفـتاح الـفرج ، والـناس هـذا حالها<br />,
<br />,
وانا ترى مَتني يشيل مْن الحِمِل ما لا يطيق<br />,
مالي ومـال الـحِـمله اللي كل كـتفٍ شـالها<br />,
<br />,
والدلّـه اللي ماتـقهوي ضيفها ، قِل للبريق<br />,
يرسل تعـازي ضـوّها لا فاحت بْفـنجـالها<br />,
<br />,
أيّامنا بين الشهر واليوم ، والباقي سحيق<br />,
الايّام كم يبغى لها ، والناس كم يبغى لها<br />,
<br />,
قمريّة الأحزان لا غَنَّت على الغصن الدقيق<br />,
ما تْعـاتب الـمحزون لو غَنَّت وَلا غَنَّى لها<br />,
<br />,
يا ناس وش حَل الرفيق اللي يعاتب له رفيق<br />,
لا حَدِّتـه الايّـام ، والدنـيا عـلى منـوالها<br />,
<br />,
لا تحسب ان اللي تحبَّه لا جَرَحته ما يضيق<br />,
لو يسـتر جْـروحه عـليك وعِـلِّـتـه ما قالــها<br />,
<br />,
يضيق لكن مَبْسمه ضَحَّاك وِحْجَاجه طليق<br />,
لان الصَّداقه كنز ، والحَسْـنَه بِعَشْـر امثالـها<br />,
<br />,
والحقد في قلوب الرجال اهْل الوفا ماهو يليق<br />,
قـلـوبـها تبقى نـظـيفه .. لـو تـغَـيَّـر حـالـها<br />,
<br />,
وانا لو ابني للصداقه جسر لعيـون الصـديق<br />,
الـناس من كثر الزعل ، فال الله وْلا فالــها<br />,
<br />,
العـذر مايكفي من التـقدير ، والصدَّه تعـيق<br />,
الوصـل من بيـن الـقـلـوب اللـي تـمـد حْـبالـها<br />,
<br />,
والالماس سِعره فوق سِعرك يالذهب لو لك بريق<br />,
سِـعره لـحَاله .. والذهب تسـعـيرته بلْـحَالـها<br />,
<br />,
واهْل الجواهر يفرقون الكـهرمان مْن العقـيق<br />,
لو تخـلـط الثـنتيـن بنـتٍ فـي طَـرَف سلسالها<br />,
<br />,
نَصبر على قَرص النحَل حتى نوصِّل للرحيق<br />,
واهل الهـوى يمسـح خطـاياها لـذيذ وْصـالـها<br />,
<br />,
والـناس لاجـل آمالـها تحـتاج للفـهم الدقـيق<br />,
واللي ما تمـلك فَـهـم تخسـر نفـسـها وآمـالـها<br />,
<br />,
جْبال الارض الشامخه يا منكر الـمجد العريق<br />,
هـامـاتنا من كـبر هـيبتنا ، تطـول جْـبالـها<br />,
<br />,
جديـدنا مستـقـبلٍ زاهـر ، وماضـينا عتـيق<br />,
مسـيرة الـتاريخ يـبقـى مـجـدنا فـي بـالـها<br />,
<br />,
لو ان حَـضارتنا قصيدة شـاعرٍ فكـره عمـيق<br />,
ما كان غير محـمد الـمكـتــــوم صـاغ امثـالها<br />,
,
,
يطالبني الجمهـور بالشـعر وآنا اقول<br />,تجربة عمر
ألابداع فكره في الأحاسيس مغروسـه<br />,
<br />,
مَعَ صادق الإحساس نحتاج وعي عقول<br />,
يحلّل لنا بيت الشعر حسْب قاموسه<br />,
<br />,
ورغم كثرة اشغالي أنا ماني بْـمشغول<br />,
عن الشـعر والنصر الـمخـلّـد وقاموسـه<br />,
<br />,
لو انّي بـدون يدين والاّ بدون رجـول<br />,
قدرت آهـزم نـاسٍ من الكـبر مهـووسـه<br />,
<br />,
أصوغ بشفاتي نصر ليــوا بدون خيول<br />,
وافرّج بها ضيقات في الصدر محبوسه<br />,
<br />,
وانا شيـخ ، لكن شيخ طيب ووفـا وفـعول<br />,
ماهو شيـخ عِـزّه كبر منصـبه وفلـوسه<br />,
<br />,
أشوف العمر فرصه واشوف الحياه فصول<br />,
ومَعَ كل فـصـلٍ تجـربة عـمر مـدروسـه<br />,
<br />,
يالين الكسل والذل في الواقع الـمذهول<br />,
نخـر في عزائمـهم مثل نخـرة السـوسه<br />,
<br />,
طبول الـمعارك صوتها غير صوت طبول<br />,
من يجر صوته في الغنا ليلة عـروسـه<br />,
<br />,
نـعرف الخطا لكنِّ نـتـجاهـل الـمسؤول<br />,
الآراء عكـسـيّه .. والاوضـاع معكـوسه<br />,
<br />,
على قمّة العِـزّه تصول العرب وتجول<br />,
وْتحت هيبة الريّس ترى الناس مريوسه<br />,
<br />,
يابن آدم اسمعني ترى العمر له مدلول<br />,
تصبَّـر لو ان نفسك من الضيق منفـوسه<br />,
<br />,
لا تخذل طموحاتك ولا تتبع الـمخذول<br />,
ترى كل واحـد له مـزاجـه وهـاجـوسـه<br />,
<br />,
تفاءل ، تجد صحراء همّك خضار حقول<br />,
وسِـر ليـلك الـمظـلم على نـور فانـوسـه<br />,
<br />,
باطـرّش رسالـة فكر والشـعر لي مرسول<br />,
عسى تستفـيد اذنـاب وقتي قبل روسـه<br />,
<br />,
رساله لها مفـعول ، لكن .. ترى الـمفعـول<br />,
مثـل حـلـم لـيـلٍ طـيَّـر الحـلـم كـابـوسـه<br />,
<br />,
أخاطب بها صاحي ما اخاطب بها مهبول<br />,
شـرات الـدوا جرعـتـه للـداء مـقـيـوسـه<br />,
<br />,
من يدوس فوق الشـوك وهو بدون نعـول<br />,
لا يشكي جروح الشوك ، يصبر على دروسه<br />,
<br />,
ومن يقول دنـيانا مشاكل بدون حلـول<br />,
يبا عيشـة الخـذلان والنفـس مدعوسـه<br />,
<br />,
ومن يطيح عزمه كيف يقدر يشيل حمول<br />,
ومن يضيع رايه .. لازم يصير في حوسه<br />,
<br />,
الانسان لو يصنع مْن الـماس والاّ اللول<br />,
مدائن على كوكب اهل الأرض محسوسه<br />,
<br />,
ولو إنّه ملك هالأرض بالعرض والاّ الطول<br />,
ترى ما قدر يصـنع لذا الحـين نامـوسـه<br />,
<br />,
يظل الضـعـيف اللي بـلا جـهـد وَلا حـول<br />,
لو ان نفسه من الموت بحب الناس محروسه<br />,
<br />,
مصيره على الاكتاف يرحل وهو محمول<br />,
وحـفــرته مـتر وْنـص والكـفن مـلـبـوسه<br />,
<br />,
,
إنت اوّل انسـان اعشـقه في حياتي<br />,أوّل عشـق
والحين تبغي الصدق ما عدت الاوّل<br />,
<br />,
عـشـقت غـيرك وانمحت ذكريـاتي<br />,
مَع دمـعي اللي يوم هـاجـرت حوّل<br />,
<br />,
ماهـو مـهــــم اكــون أوّل وثــــــاني<br />,
أهـــم شـيّ اكــون شـيّ فْـ حـيـــاتـك<br />,
<br />,
إن كـان قـلـبك ياحبـيـبي نسـاني<br />,
أرجــوك لا تـنـسـاني بـذكـرياتك<br />,
<br />,
طـوّل في هـجرانك علي لاتـحاتي<br />,
ما عاد يعـنيـني لو الهـجـر طـوّل<br />,
<br />,
أغـنّـي فْـراقـك بصـوت الآهـاتي<br />,
والـقـلـب من زود الـونـاســه يمـوّل<br />,
<br />,
أخاف اطوّل بالهـجر فـي امتحاني<br />,
ما اقدر أطوّل في الهجر من غلاتك<br />,
<br />,
دامـك خبير فْـ لحن بعـض الأغاني<br />,
باعطـيك آهـاتي غنّـها مـع أهـاتك<br />,
<br />,
العام تصـبح في الخـفوق وتبـاتي<br />,
واليوم مـعـلن فيه حضـر التجـوّل<br />,
<br />,
أنـا اعـرفـك حـالي وسكّـر نبـاتي<br />,
حـالي ومن زينـك أهـلك تْـهــوّل<br />,
<br />,
الـعــام حبّـك بين عـوج الـمـحـاني<br />,
ما زال ثابـت وانت تعـرف غــلاتك<br />,
<br />,
وانا اعرفـك إنـسـان ما انت بْأنـاني<br />,
لان الأنـانـيّـــه ماهـي مـن صـفاتـك<br />,
<br />,
لكن .. لو كنت أجمـل الفاتنـاتي<br />,
إلـحـبّـك آنـا مـسـتحـيــل آتسـوّل<br />,
<br />,
هذاك أوّل يوم كـنت فْـ حـياتي<br />,
والحين جا غيرك ولا عدت الاوّل<br />,
<br />,
وانـته بعـد لو كـنت فـارس زمــاني<br />,
تـجـبـرنـي الـعِـزّه أسـوّي ســـواتك<br />,
<br />,
ما فـيــه لا أوّل .. ولا فـيـه ثـــــاني<br />,
غصباً عليك آنا الوحـيد فْـ حـياتك<br />,
<br />,
,
ياللي ذكـرت الهـجر وتحـدِّد الـمهـله<br />,الهجر
لا ما تـروم الهـجر لو قلـت لي رايـم<br />,
<br />,
الهـجر ، لا تحسب انّه مسأله سهله<br />,
الهجر يجـرح خفوق العـاشق الهايم<br />,
<br />,
منهـل شـفايفك منه العيـن من نهـله<br />,
لكـن راعـيَّــــها مـن مَـنـهـلك صـــايـم<br />,
<br />,
لا يجهل الحب قلبك ، وان طغى جهله<br />,
إفرد جـناح الهـجر يا طـيرنا الحايم<br />,
<br />,
هاجر ودرسك مَعَك والوقت درسَه له<br />,
وانا من دروسك وْدرس الزمـن شايم<br />,
<br />,
الوقت .. خـذيت مـنّـه تجـربة كـهـله<br />,
وطاحـت من عيوني الدنيا وانا قايم<br />,
<br />,
والكـفر ملـعـون ابو لـهـبه وابو جهـله<br />,
والعـشـق ملـعـون ابو بايعـه والسـايم<br />,
<br />,
طَوِّل وقَصِّر على ما تريد فـي الـمهـله<br />,
مصـير قلبـك يـردِّك عاشــقٍ هـايـم<br />,
<br />,
الواحـد يْغـيب عن أهـله ، و هم أهـله<br />,
لكـن ، قلـبه يـردّه صـوبـهـــم دايــم <br />,
<br />,
,
كم عشقت الـمستحيل وكم ذخرت الإستحاله<br />,آسف آسف
لين صرت احجز مكاني في الصفوف الاوّليّـه<br />,
<br />,
أعشق الخيل الأصيله ، لانّـها رمز الأصاله<br />,
فـي البلاد اليعـربيّـه ، والبلاد الأجنبيّـه<br />,
<br />,
الهجن والطير والبحر وهل البر وْدلاله<br />,
والغلا والطيب والشعر بحروفه الابجديّه<br />,
<br />,
والشعر حاله ، وانا شاعر أمر بألف حاله<br />,
من تواضع لى محبّه ، لا عدا لا عنجهـيّه<br />,
<br />,
لا كـتبته .. أكتـبه من فكر ماهو من جهاله<br />,
شمس فكري ما تغيب وجمرة الإبداع حيّـه<br />,
<br />,
للمحب احساسه الصادق ، وللشاعر خياله<br />,
يعزف احساسه على وتـر اللحون السامريّه<br />,
<br />,
ذعذعت ريح الشمال وكن قلبي من شماله<br />,
لا جنوبه يشعر بريح الشمال الخارجيّـه<br />,
<br />,
كلّه لعين الحبيب اللي ملك قلبي لحاله<br />,
واملكـه بعيونه السود وملامحه البريّـه<br />,
<br />,
آتذكّر كل ما هب الشـمال وهز شـاله<br />,
والتوى من فوق عوده طيّةٍ من فوق طـيّه<br />,
<br />,
وآتذكّر كل ما مال الغصن عوده لا ماله<br />,
فيه من ميل الغصن والغصن له منّه شـويّه<br />,
<br />,
واتذكّر صبحه الضاحك ، وليله من خلاله<br />,
والجبين اللي مثل شمس الضحا عيد الضحيّه<br />,
<br />,
واتذكّر .. لون خدّه كل ما ذكروا مجاله<br />,
وردتينٍ حمر فـي بستان ماهي مزهريّـه<br />,
<br />,
واتـذكّـر بسـمـته ، دلـعـه ، رقَّـتـه وْدلالـه<br />,
وابتسامات الشفاه ونظرة العين الشـقيّـه<br />,
<br />,
قبل ما يرحل ويتركني بلا علم ورساله<br />,
نرجسي وانا في حبّه ما عرفت النرجسيّـه<br />,
<br />,
ويش اسوّي فـي حبيبٍ يحسبٍ قلبي حلاله<br />,
والـمصيبه قلبي مْوافق ونفسي له رضـيّـه<br />,
<br />,
القضيّـه .. كيف احس بلهفته والاّ وصاله<br />,
يا قضاة الحب من يقدر على حل القضــيّه<br />,
<br />,
دام اخذ قلبي من ضلوعي يدوّر لي بداله<br />,
وكان ما عنده بداله .. لازم يردّه علـيّـه<br />,
<br />,
لا يخلّـيني بلا قلبٍ على العشّـاق عاله<br />,
إيعرفني ، نيّـتي وحده ماهي خمسين نـيّه<br />,
<br />,
ان دله قلبه من الفرقا ، ترى ماني بداله<br />,
كيف ابا ادله من حبيبٍ بالغلا ما شفت زيّـه<br />,
<br />,
لا يطوّل بالفراق ويعتبر وصله جماله<br />,
والجماله ردّها واجب على راع الحمـيّـه<br />,
<br />,
نظرةٍ من عيـنه لعيني وانا واقف قباله<br />,
كافيه بانها تعوّض لـمسة يديه بيديّه<br />,
<br />,
ان حصل منّي خطا ، مليون مرّه قلتها له<br />,
يخطي العبد ويتوب ويغفر الله الخطـيّه<br />,
<br />,
كم مساحة كل بر وكم عدد حبّة رماله<br />,
وكم شجر غصون الارض اليابسه والاّ الطـريّه<br />,
<br />,
وكم عدد من حج بيت الله وشد له الرحاله<br />,
وكم عدد من قال صلى الله على محمد نبيّه<br />,
<br />,
بـعـــددها كـلّـها تـأسّــفـاتـي كـلّـها لـه<br />,
آسف آسف ، دام لي على التأسّف مقدريّه<br />,
<br />,
,
أحمر الورد أجمل شيّ فـي البستان<br />,أحمر الورد
بين صوت الطيور وخضر الاغصاني<br />,
<br />,
والـمشاعر .. لو تجرّد من الإنسان<br />,
كيف يَـعْرف شعور اخوه الانسـاني<br />,
<br />,
والـمحـبّــه من الإيمـان .. والإيمـان<br />,
شيّ وسـط الـضمير ، وشـيّ برّاني<br />,
<br />,
وانت يالأنسـي اللي كنّك مْن الجان<br />,
إختر الشـكل الاوّل ، وافهـم الثاني<br />,
<br />,
لك سـنه وانت لا راضي ولا زعـلان<br />,
قصـدك تذلّـني ، والاّ تْـحـدّاني<br />,
<br />,
سـامح الله سـطـوة رمـشـك الـفتّـان<br />,
يوم خـذني على غـفلـه و ودّانـي<br />,
<br />,
وسامـح الله قلـبي يوم شـافـك لان<br />,
لين حبّــك تمكّـــن وسـط وجـداني<br />,
<br />,
وسط وجداني اللي لك بنى وجدان<br />,
كلها تشـتـكي فرقـاك ، وتـعـاني<br />,
<br />,
انت جاني علي بالـهـجر والـحرمان<br />,
والـجروح الـجروح أشكـال والـواني<br />,
<br />,
جرح .. دمعته ما تنشاف بالأعيان<br />,
وجرح .. دمـعـته منظوره بالاعياني<br />,
<br />,
وجرح مجراه مجرى الدم في الشريان<br />,
وجرح .. كنّه طعون سيوف عدواني<br />,
<br />,
وجرح .. يقتل شـعور العاشق الولهان<br />,
لو بغـيت اشرحه .. ما يقدر لـساني<br />,
<br />,
وجرح فـي الذاكره ما يقبل النسيان<br />,
آتذكّـــره دايـم .. رغـم نـسـياني<br />,
<br />,
آه يا ما اكثر جروحي .. لكن غلطان<br />,
كان ما تعرف الـمجـني من الجاني<br />,
<br />,
يا زمن لا توصّي صاحبك ( حمدان )<br />,
قبلك ( محمد الـمكـــتوم ) وصّاني<br />,
<br />,
صاحبك لا وقف يصهل صهيل حصان<br />,
يْتحـمّل طـعـون فـلان وفــــلاني<br />,
<br />,
ومن يعامل جميل الناس بالنكران<br />,
مستحيل احشمَه لو هو من اخواني<br />,
<br />,
كل إنسان يملك فـي الحياه انسان<br />,
من مـعـانـاتـه يـقـدّره ويـعـــــاني<br />,
<br />,
ودامـها ما تسـلّي كـثرة الـخــــلاّن<br />,
خلّهم فـي سـلام وعيـش وحـداني<br />,
<br />,
,
ياللي تِـمر عْروق قلبي نَـظـرتك وتْتـلَّها<br />,انت وانا
ألله عليك مْن الحسد واهل الحسد والله لنا<br />,
<br />,
الشيله اللي فوق وجهك يا حبيبي شلَّها<br />,
خل الخجل منّك وسولف لي ما غير انته وانا<br />,
<br />,
سوالفك حلوه ، ومن زود الغلا ما املّها<br />,
ألله من حرفٍ تمَكَّن في شفايفك وْ دَنا<br />,
<br />,
إلى ثنيت رموشك اللي فوق خَدّك ظِلّها<br />,
يعكس تثنّاها ، تعال وشوف قلبي لا انثنى<br />,
<br />,
إر سم لي اللهفه ودع نفسي تبرِّد غِلَّها<br />,
مصيرنا نفنى ، وكم واحد من الدنيا فنا<br />,
<br />,
لو قلت إن الشمس ت شبه طلّتك في طلّها<br />,
يوم اشرقت والورد متفتِّح وجاهز للجنا<br />,
<br />,
أقدر أقول لنور وجهك يوم تشرق ذلَّها<br />,
ميّزك من سوّاك عنها في الشروق وْفي السنا<br />,
<br />,
القلب بَعْدك ثار ، والعين الدموع تهلَّها<br />,
ليه الشقا ليه الزعل ليه ْتمسك بالعنا<br />,
<br />,
إثنينهم .. حزن الحبايب مَرَّها واحتلَّها<br />,
بعد المحبّه والمودّه والمواصل وَالهَنا<br />,
<br />,
إن قلت لي بارجع عليها قلت روح وْخلَّها<br />,
الأمْن .. ليس مستقِرٌّ لا هناك وْلا هنا<br />,
<br />,
الضيقه اللي في صدر رجّال وش هو حلَّها<br />,
خصوصاً ان كانت طموحاته طموحاتي أنا<br />,
<br />,
,
الغصن يابس وَلا طاح الـمطر يَالهبوب<br />,الغصن يابس
قولي له يْطـيح لا يذبَحـه كثـر البطا<br />,
<br />,
كم لي وانا احاول ابثّ الأمل فَـ الشـعوب<br />,
فـي كل مَرَّه أشـوف الـحزن فـيهم سطا<br />,
<br />,
يا ابن آدم اللي تريد تْـتوب عَجِّل وتوب<br />,
اليوم من عمْرك اسْرَع من طـيار القطا<br />,
<br />,
سموّ فكرك يساعد في اختـيار الدروب<br />,
إعرف تفاصـيل دربك قبل رجلك تطا<br />,
<br />,
عليه واعرف مدى حسناتك مْن الذنوب<br />,
وتعـيش مرفوع هامَه .. مستـقيم الخُطا<br />,
<br />,
واللي يقـول انّـه مْمَيَّـز وَلا له عـيـوب<br />,
يعيش فوق السما ، لايعيش فوق الوطا<br />,
<br />,
الشخص لو يقدر يغطّي عيوبه بثـوب<br />,
غَطّـى عـيوبه ، لكن الـعـيب ما له غطا<br />,
<br />,
والشمس تشرق ، لكن بعد الشروق الغروب<br />,
لو نـورها يوم تَشـرق فـي سـماها سطا<br />,
<br />,
ياللي تقولون فـقر الناس فـقر الجيوب<br />,
الـوقــت .. ياما خـذا منّا وياما عـطا<br />,
<br />,
فزَّاع .. وِجْهَة نظره الفقر فَقر القلوب<br />,
وجهة نظر .. يمكن انها صَح والاَّ خَـطا<br />,
<br />,
,
سَرى الليل وْسَرى صوت الـمشاعر يا نسيم النود<br />,إيمـــان الشـــعوب
وْعلى الله ما سـريت الاّ وســاق الشِـعـر قـيـفـانـه<br />,
يقـولـون الـشِـعِــر وَزْن وْ قوافـي نبـضـها مـفـنود<br />,
وانا اقول الشـعر حِس الخـفوق وْنبـض وجـدانه<br />,
وْيقـولون الشـعر ضيـفٍ على شـاعره وانا اعود<br />,
أقول الشِـعــر ماهـو ضـيـفـنا والـنـاس غَـلـطـانه<br />,
مـعزِّبـنا الشِـعِر وضـيـوفـه احْنا والـسـنين شْـهـود<br />,
هـو اللّـي سَـجَّـل الـتـاريخ فـي صـفـحـات ديـوانه<br />,
إذا الشَّـاعر على الـمعـنى عجَز لا يبلغ الـمقصود<br />,
وش تْـفـيـد الـقـوافـي لـو يركِّــبـهـا عـلى اوزانــه<br />,
بروق الـشِـعـر من مـعـنى ، وتعـبيره حنين رْعود<br />,
وَلاَ تـنْشَـف مـحـيـطــاتـه إذا نـشـفـنّ خـلـجَــانه<br />,
قصـيـدٍ بين طـيَّـات الـمـحـاني والـضـلـوع يْـرود<br />,
إذا عَـدّى على القـلـب الشـفوق يْـحَـرِّك اشـجـانه<br />,
أمـتِّـع به عـيـون الـنـاقـد اللّي يَـعْـرف الـمـنـقـود<br />,
واحـلِّــق به مـثـل حُـر ٍ فـرَش للـريـح جـنـحــانـه<br />,
أوصّـله لْـحـدود الـمـسـتـمـع لو ماهو بْـمـوجـود<br />,
واسـوقه للـوطـن واهـديه للّي يـعْـشَــق اوطــانه<br />,
مساكم عود .. لا والله مسـاكم فـاق دهن العـود<br />,
يغـار الـعـود من نَـفْـحَـاته وْ من طـيـب ريْـحـانـه<br />,
أنا ما جيت لجـل ألـغي الذي قبلي بْسـيف جْحود<br />,
واشـيِّـد بـرج عَـاجـي واسْكـنـه واسِـد بـيْـبَـــانـه<br />,
لكنِّي جـيْـتـكم بُشْرَى سَحاب الـمزن بيض وْسود<br />,
أبا امـطـركـم غَـلا مِن وَسـمـي الـخاطـر وهَـتَّــانه<br />,
لـو انّي جـيت اصرِّح .. ما وَرَا كـثر الـمَـنَابر فـود<br />,
لكـنِّـي جـيت من شَـعـبٍ بـعَـزمـه سَـابَـق ازمـــانـه<br />,
إماراتي .. وانا افخر بانِّـي بْـدَار الفخـر مَـولـود<br />,
أبَا اخْدم دولـتـي لين الـجـسَـد تِفْـخَـر به اكْـفـانه<br />,
وَابا ارفَع طود وَاكْسِر طود وَارفع طود واكسر طود<br />,
وابا آراهـن زمـــانـي واسْـتـفِــزَّه وَاكْـسَـب رْهَــانـه<br />,
يجـود بْـقـولي لْـسـاني ولي قَبْـلَـه يـمـيـن تْـجـود<br />,
ومن جَـادَت يـمـيـنــه ما يشــحِّ الـقـول بلْـسَـــانه<br />,
أعَسْف الصَّعـب من قاف الشِعِر باسْلوبي الـمعـهود<br />,
ياليـن ارفَـع حَـرَارة هـاجـسـي وتْـثــور بركــانـه<br />,
ما دام لْـكـل ثـوره نـار .. أقـول لْكـل نـار خْـمـود<br />,
وهي نــار الله اللّـي فـي دَرَكْــها طـاح شـيـطــانه<br />,
يا ربِّـي لا تـخَـلِّـيـني من اسْـبَـاب الرجـا مَطـرود<br />,
أنَا عَبـدك .. لا تَحْـشرني مَعَ الشـيطان وَاعـوانـه<br />,
أنا اقْسم باسمك إنّـي ما حفَلْت مْن السنين صْدود<br />,
لكن النـاس بأهـل الطـيب واهـل الجـود طَمْـعَـانه<br />,
وانـا لـولاي أحـب الــدار ما شَـرَّفـت روس نْـجـود<br />,
وَلا والله حـفَـلْـت اللّي جـمَـع بـالـحــق بـهْـــتَــانـه<br />,
أحـب (الـقـدس ) واتمـنَّى الـسـلام بْكـل دَار يْسود<br />,
وازور الـمـسـجـد الأقـصى واصَـلِّي واسـمـع آذانـه<br />,
أنا الـمقـصود وان قالوا عَلامك من هو الـمَقصود<br />,
من الطـير الوَحَـش لي شـاف ربـد وْ قَـص سـبقانه<br />,
إذا هَـبّـوا فـرادى للـوطــن مـا جـيت لـه مَـفْـرود<br />,
أنـا لْـدار الـمكــــارم سـقـت خَـيَّــالــه و هَـجَّــانـه<br />,
إلى ( ابوظبي ) عاصـمْة الـبـلاد أقود قلـبي قود<br />,
مَـحَـبَّـتـها تـبــثّ الـشــوق فـي قَلـبـي وشَـرْيـــانــه<br />,
على دَار الظـبي دَار الـمَرَاجـل والـكَـرم والـجـود<br />,
سَــــــلام ٍ يوقَـف الـتـــاريـخ لـه ويْـثَـبِّـت اركَــــانـه<br />,
سَـلام الله عـلـيكـم يا الـنشـامى .. ما علـيكـم زود<br />,
نحـن مـنكـم وفـيكـم والـوطـن يفـخـر بـفـرسَـانه<br />,
نحـن يـوم اتـحـدنـا مـا توكَّــلـنـا بْصَـــف جْـنـود<br />,
توَكَّــلـنـا على الله ربَّـنـــا الـمـعـبــــود سـبـحـــانه<br />,
توَكَّــلـنا على الله واعـتصَـمْـنا بأسـمـه الـمـعـبـود<br />,
وقـلـنـا : يا عَـلَـم خـزِّ السَّـحَــاب وْ جــر وديَــانـه<br />,
ورَفـرِف يا عَـلَـم دامـك على عِـزَّ الـوطـن مَـعْـقـود<br />,
فـداك ارواحــنـا يـا قِبْـلَـــة الـعَـــالـم ونـيـشــانـه<br />,
نحـبِّـك يا وَطَـن والـمـال دونـك والعـمـر مَـزهـود<br />,
وْ لي ما ياخـذ بْحـقِّـك نحـن ما ناخـذ ايْـمَـانـه<br />,
كَرَامَتـنا ما هب حول الـمسـاوَم .. ما نسوم ضْدود<br />,
نحـن فـوق الضـدود وْنَـظـرة الـحـاسِـد وحـسـبانه<br />,
نحن من دون وحـدتـنـا وقـفـنا للـزمــان صْـمـود<br />,
وقـفـنـا وْ كـل حَـبَّـة رَمْـل تسـوى عـنـدنـا دَانَـــه<br />,
وطـنَّـا عِرضـنا اللّي ما نِطَــاوِع به كــلام نْـدود<br />,
ومن يرخَص بأرضـه يرخص بْعـرضه وعربانه<br />,
مَـدَار الشـمس يتبَـع دَربـنا .. ولـنا قبور جْـدود<br />,
إذا مَـرّوا عـلى الـتـــاريـخ فَــزّ وْ شَـنَّــف آذانـــه<br />,
نـهـار تْـفَرّقوا بَعـض الـعـرب حِـنَّـا لـفـيـنا حْـشـود<br />,
نهِـزِّ الأرض تَحْـت اقـدامـنـا والأرض عَـطـشـانـه<br />,
ونَـرويـهـا مـن دْمَـانـا ، ونـكْـسِر هَـامَـة الـنَّمْـرود<br />,
على غَـم الـحـسـود وْغَـم نَـمْـــروده وطـغـيـانـه<br />,
على بَـذْرَة مـحـبَّـه زَرْعَـها لاجـيـالـهـا مـحـصـود<br />,
سـقـاها ( زايـد ) الخـير وْ نَمَـت بالخـير رَويـانه<br />,
نَمَـت مـن كَـفَّـه الطَّـاهِر جـنان ٍ طَـلْـعَـهـا مَـنضـود<br />,
ولا زلـنا ياليـن الـيــوم نَـقْـطـف ثَمْــرة جْـنَـــانه<br />,
إذا قالـوا من الـمَحـسـود .. قلنا شـعـبنا مَحسـود<br />,
واذا قالـوا من اعيانـه ؟. نـقـول الـعَـالَـم اعـيانه<br />,
لكن بشراك يا ( زايـد ) كلام اهْل الحسـد مَردود<br />,
ثَــرانـا دونــه ارواح الـتـقـت وعـيـون سَـهْــــرَانـه<br />,
تـربّـيـنـا عـلى الـعِــز وْ تـعــوَّدنـا دروب الـكــــود<br />,
وهي عَـادة الامــــــاراتي .. وعـادة كـل جـدَّانـه<br />,
نحن للطيب سقنا الطيب ، وللـجـلمود حن جَلمود<br />,
وْ نحِن يشْـهَـد لـنا الـمـيـدان يوم يْفـوح دخَّـــانـه<br />,
لـنا سـيـفٍ بـوَجْـه اللـي يـعــادي دَارنـا مَـجْــرود<br />,
دوَا مـن يشـتهي يَفْصِل طَرَف راسه عَن ابْـدَانه<br />,
لكنَّـا فـي رَخَا.. والسِّـيف فـي يوم الرَّخا مَـغْـمـود<br />,
وَلا نـرفَـع سِـوى سـيـف الشِـعِـر والـفِـكـر مـيـدانه<br />,
وَانـا من فـوق هَالـمـنـبـر أريـد ارفَـع كـبـار بْـنـود<br />,
وأقـول بْكل صـوت انـســان فـي هَالـدار وانـســانـه<br />,
يدوم الـعِـز بايـمـان الشـعـوب وْحـلـمـهـا الـمـنشـود<br />,
لأنَّــا فـي وطــن إيـمــــان شَـعـبَـه يـشـبَـه ايْـمَـــانه<br />,
على سَـبْـع ( الإمـارات ) الله اكـرمنا بْـسـبع فـهـود<br />,
على مَـبْـدا زعـيـم الـمَـجْـد ويْصــونـون مـا صَــانـه<br />,
شـعـور إنَّـا نـضَـحِّي لجـل يـبـقى فـي الـعـلا مَـوجود<br />,
يـحَـسِّـسـنـا .. بـأنَّــا نـسْـتـحِـــق نْـكــون سُـكَّـــــانـه<br />,
على دَرب الزَّعـيم مْـؤسِّـس الـوحـدَه أبونـا العـود<br />,
حكـيم الـعُرْب .. راس الـمَجد .. بَحر الجود ربَّـانه<br />,
على شان الـمكـارم واهْـلَـها ( زايــد ) بـذل مَجْـهـود<br />,
وجَـمَّــعـنا .. ســلام الله على ( زايـــد ) ورضـوانـه<br />,
يشــمِّ الـذِّيــب ريْـحَــه ويْـتـهَــيَّـب مـنِّــه الـبـــارود<br />,
وهو بـأوَّل سـنـيـنــه مـا تـعَـلَّـى صَـهْـوَة حْـصَــــانـه<br />,
و لَـمَّا سَـــاد .. وَحَّـد دَاره وْخَـلاَّ الـدروب مْـهــــود<br />,
و عَـلاّ مـن قَـدر شَـعـبــــه ورَسَّـــخ قَـدر جـيْــرَانـه<br />,
مَعَ السلطان (قابوس) فْـ رُبَى (مسقط) كتب لعْـهود<br />,
وصِـرْنـا شَـعـــب وَاحِـد ، مـن إمــاراتـه إلى عـمانـه<br />,
وْله حِشْمَه مَعَ (آل ثاني) وله حِشْمَه مَعَ (آل سعود)<br />,
وْله حِـشْـمَـه مَـعَ (البحرين ).. بـتْرَابه وشـطــآنـه<br />,
وْله فـي ( ســوريا ) مَـع شَـعـبَـها قَـدر ٍ ماهو مَـعْــدود<br />,
فجَع ( بـيـروت ) مـوته واذْهَـل (الأردن ) وعَـمَّـانه<br />,
وْ فـي أرض ( اليمن ) تِشْهَد لفَضْلَه شامخات سْدود<br />,
وْ فـي ( الـمغرب ) و فـي أرض (العراق) صْروح بنيانه<br />,
وْ مَعَ ( فْلسطين ) له وَقْفَات مَجْدٍ ذكرها مَحمود<br />,
وْ مَعَ اهْل ( البوسنه ) بالطيب يرْجَـح كَـف ميزانه<br />,
وْ مَعَ ( مصـر ) الـعـروبه وَاهْـلَـها له مـكرمات تْعـود<br />,
على ( مصـر ) الـعـروبه واهْـلَـها بالخير واحسـانه<br />,
لو انْ للـنيـل دَرْبٍ من ( مـصـر ) لابوظـبي مَمْـدود<br />,
سـقـى قَبْـــره وفَـاضَـت ليـن دار الـعـيــن غــدرانه<br />,
على كـل البـيَـارق ( زايـد ) اللي بـيْـرَقه فـي زود<br />,
وْعَلى اهْل الجود له زود وْ عَلى اهْل الزود تيْـجَانه<br />,
قبل ( زايـد ) وعنوان الفَخر واهْل الفَخر مَـفقـود<br />,
طـلَـع ( زايــد ) .. وعـنوان الـمَـعَـالي صـار عِـنْوَانـه<br />,
مَعَ اهْل الشَّـان م الأحـيا ومن هم يَسْكـنون لْـحود<br />,
يظـل الشـيخ ( زايـد ) فـي الطَّـلـيـعـه عـالي ٍ شـانه<br />,
و (راشد بن سعـيد ) مْأسِّس النَّهْـضَه حفَظ لوْعود<br />,
وقَـف بـ (دبـي ) وَاهْل ( دبي ) ليـن اشْـتَـدِّ عـمْـرانه<br />,
بحِـنْـكَـه تَـذْهِـل الـعَــالَـم ، وفِـكْـر ٍما علـيه قْـيـود<br />,
وقَـف ( راشـد ) مَـعَ ( زايـد ) وقوف الأخ لاخْـوَانـه<br />,
وْ نحـن يـوم اجْـتـمـعـنـا كـل وَفْـدٍ مـن وَرَاه وْفــود<br />,
دبـي .. أمْـسَت مـقَـر الإتحــاد بْلَـحـظَـة اعـلانـه<br />,
وْ تَحَـت رَايَة ( خـلـيـفة ) رَيِّس الـدوله نِـهـِـب جْـنود<br />,
على شَـان الـمـعــادي عَ الـمَـنــايـا نَـعـقِـد قْـــرانـه<br />,
لا ثَـار غْـبَـار مـيــدان الـوَغـا دون الـبـــلاد نْــذود<br />,
نوَقِّـف فـي الثَّرَى أُسْـد الشَّرى وْفـي الجَو عقـبانـه<br />,
نوَقِّـف دونـها والروح ترخَـص والـعَـدو مَـضْـهـود<br />,
وذا عَـهْـدٍ عـلـيـنا ، والـعَـهَــد لا عـاش مـن خـــانـه<br />,
أبو سـلـطــان .. عِزِّ الـدولـــه اللي عِـزَّهـا مَـشْـهـود<br />,
عـزيز الــرَّاس ، والـرَّاس الـعـزيز تْـعـزّه امـتــانـه<br />,
خليـفــة .. عِـدَّنا اللي تَوْرد وْتَصْدر عليه عْـدود<br />,
إذا السُّـحـــب ادبَـرَت عَنَّــا ، يـوَرِّدنـا مِـن امْــزانـه<br />,
أبو سـلـطـان قايـدنـا .. وَلا نـرضى عَـدَاه يْـقـود<br />,
سـمـوَّ الـقـايـد الأعـلى .. سـما للـمـجـد سـلـطـــانه<br />,
سـمـو القـايـد الأعـلى على اكْـرَام الـرجـال يْسـود<br />,
نـوَقِّـف لَـجْـلَـه الـدنــيـا .. وْ نـقَـعِّــدها عَـلى شــانـه<br />,
إذا يَامـر غـزيـنـا لـه .. واذا يَـامـر علـيـنـا نْـعـــود<br />,
على أمْـرَه يـنَـقِّــلـنـا مـن يْـسَــــاره إلـى ايـمــــانـه<br />,
ونايـب ريِّـس الـدولـــه (مـحـمـد) قَـدَّها و قْـدود<br />,
بنى مَـجـلــس وزارات الـبَــلـد واخـتـار شـجْـعَــانـه<br />,
هو اللي زَوَّج الـصَّـحرا على الـبَحـر بْـثَـلاث عـقود<br />,
كـتب عَـ الـمـا يالـيـن الـمَا عَرَف فَـضْـلـه وعرفـانـه<br />,
صنَع فـي البحر مـعـجزْته وخَلاَّ البَحر يَنبت عود<br />,
وخَلاَّ النخْـل فـي عَرض البحر يخـتال عـيـدانـه<br />,
وخَلاَّ اللـول والـمرجان يتْشَـكَّــل فـي وَسْط نْـفود<br />,
كـأنَّ الـبَــر بَـحـــــــر ٍ مـن لألــيـئَـه ومـرجـــــــــــانـه<br />,
محمــد .. يوم طاح الإقـتصاد وْصَار فيه رْكـود<br />,
وقَف وَقْـفَـة حـكـيـم وْقَـدَّم افـكـاره عـلى سْـنـانه<br />,
وقال ان الـسِّـيَاسـه الـخَـاسره يتبع سـببها جْـمود<br />,
وْمن يتـبع دروب الـحَـرب .. يتـبع درب خـسـرانه<br />,
ومن يَحـكـم بـعـقـله هـوب مثـل اللي حكَـم بزنـود<br />,
عـشـان الـزَّنْـــد دون الـعـقـل مـا لـه قَـدر ومْـكَــانـه<br />,
وْ ذا طَـبْـع اللـيـالي نـوب تَـنْزل بك ونـوب صْـعـود<br />,
وْكل ٍ يـمْـدَح الـدَّهْـر ان صـفا له وان عـثَر .. شـانه<br />,
و(ابو خـالد ) أسَـد دولـة الامارات وْحَـفـيد اسُود<br />,
وَليِّ الـعَـــهـد .. قـايــد جـيـشـنـا لا ثـار دخَّــانـه<br />,
وَليِّ الـعَـهـد (ابو خـالـد) و لـه مـنَّـا وَلاءْ .. وعـهــود<br />,
نـوِدِّ اللـي يـودِّيــه .. وْ نـعَـــادي كـل عــــدوانـه<br />,
دروب الـمَجْد غَنَّـت لجل (ابوخـالد) بلَحـن العـود<br />,
وَلا زلـنـا يالـيـن الـيــوم نسْـتَـلـهــم مـن الـحـــانـه<br />,
سَـنَـد حكَّـام دولـتـنـا بـوَقْـفَـاتـه .. وهو مَـسـنــود<br />,
بـمَـجْـدٍ خَـصَّــه الله فـيـه دون الـنَّـاس سـبْـحَـانـه<br />,
نـظـيْف مْـن الـعَـتَب قَلْـبه .. لـعِـزِّ بْـلادنـا مَـرفــود<br />,
مَـعَ عَـقْــل ٍحكـيـــــم وْراحـةٍ بالـخـيـــــر مـلـيـــانه<br />,
حـجَـاجَه يَـنْـفرد رَحـمه لكن لا ضَـاق سَـمِّ كْـبـود<br />,
وهو عون السِّـجـيـن اللِّي شـكى مـن ظـلـم سَـجَّــانـه<br />,
وْنحن والله لـ (ابو خـالـد) فِـدا يوم الـمـنـايـا تْرود<br />,
نِـرَاودهــا عَـن انـفـســـــنـا إذا أشَّـــر لـنـا بْـنـــــانـه<br />,
تـوَحَّــدنـا وبــاب الـتَّـفْــرقه بـعـزومـنـا مَـوْصــــود<br />,
يالين اهْـتَـزِّ عَــرش الـمـعـتـدي واهْـتَـزَّت اركــانـه<br />,
وصِـرنـا رَجْـل وَاحـد لكـن نْـقَـاتـل بسَـبْع عْـضـود<br />,
نـعـيـش فْـ بـيـت واحـد ونْــحَـمي ســوره وجــدرانه<br />,
عـروبـتـنـا أصـيـلـه ، وانْ عـطـيـنـا مـا نـبا مَــردود<br />,
وْنَـروي كل كَـبْـدٍ من هَــجــيـر الـقـيــض ضـمـيـانـه<br />,
صَـنَـعـنا للـنصــر سـيـف ، وْ زَرَعـنـا للـسَّــــلام وْرود<br />,
وْلـنا روس ٍعـلى حَـدَّ الـسـحــب مـاهـي بْـمـنـهــــانـه<br />,
عزيمتـنا جـمَل يَاقَفْ وحِمْلَه فـي الظَّـهر مَشـدود<br />,
وْتَطـــوّرنـا مـا دام انِّـه بـدا ، مـا نَـلْـجِـــم عْـنـــانـه<br />,
نِـتَـاجِـر فـي الـمَرَاجِـل ما نـتَـاجِـر فـي تَرَف ونْـقـود<br />,
وأصْـحَــاب الـمـكــارم رابـحــه ماهـي بْـخَـســرانـه<br />,
يمـوت الرَّجْـل فـينا وَجْـهَـهَ ابْـيض واللـيـالي سـود<br />,
حَـيـاة الـرجْــل مـن دون الـمَـعَــزَّه مـا لـهـا خَــانـه<br />,
واذا كان الفَخَر طِيب الـنِّسَب خذ عِلْـمي الـمَوكود<br />,
أقول العِـلْـم ، وْلا من قـلـت عِلْـمـي جـبْـت برهَــانـه<br />,
أبوي الشـيخ ابو راشـد ( محمـد ) والجـدود جْدود<br />,
وخـالـه ( زايـد ) اللّـي طـيْـب راسـه تَـعَّــب اقْـرَانه<br />,
بدون قْصور فـي السَّاده وَلا تحقير فـي الـمَسيود<br />,
بإحـسَاس ٍكـما سَـاس الـجـبَــال الـشـمِّ سيْـسَـــانـه<br />,
إذا قام ( الفلاحي ) و ( الفلاسـي ) ينْتخون حشود<br />,
مـقـام بْـعِـز ابن مـكـتــوم .. مَـعْ هـيْـبَـة نـهَـيَّـــانـه<br />,
ما دام الـمَجْد (ابو خالد) مَـعَانا فـي البَلَد مَوْجود<br />,
نبَـا نْـوَقِّـف وقوف الـمنـتصِـر فـي وْجـوه عـدوانه<br />,
مَـحَـبَّه .. والـمَحَـبَّه وهْبَه مْنَ الـخَالِـق الـمَـعـبود<br />,
ترى ما هـو عَلى شـاني .. نـبا نْوَقِّــف عَلى شـانـه<br />,
وْسرى الليل وْسرى صوت الـمشاعر يا نسـيم النود<br />,
وْعَلى الله ما سَـريـت الاَّ وسَــاق الـشِّـعــر قـيْـفَـانـه,
,
الـمسـتحـيـل يْحـبِّـني يـوم رمْـتـه<br />,قصيدة المستحــــيل
كأن مصيري مرتبط مَعْ مصـيره<br />,
<br />,
والـياس حـارَبْني ، لكـنِّـي هَـزَمْتـه<br />,
وايَّـامـنـا رَاحَـاتـها مـســتــــديره<br />,
<br />,
عِـزِّي من ابـوي الْـكريم اسْـتـلمتـه<br />,
عَلى الـمَسَار اكْمَلت نَـفْس الـمسـيره<br />,
<br />,
الأوَّلـه .. حَق الـعَرَب ماهـضـمْته<br />,
والثـانيه .. نـباي فـي كل دِيـره<br />,
<br />,
وابـوي .. أبـوي الصِّـيرمي لا عدمته<br />,
خَـذيت مِنْه الأوَّلَـه والأخـيره<br />,
<br />,
كم بَحر تَرهِب غبِّـته .. بس عمْته<br />,
خطير ، واحِب الدروب الخـطيره<br />,
<br />,
وْكَم وَاحدٍ لو ما حشَـمْني حشَمْته<br />,
ماهو على شانه .. على شان غـيره<br />,
<br />,
وْكَم وَاحدٍ لو يجْـهَل اسمي ، ما لـمْته<br />,
عْيون لومي عَن شـرَاته ضـريره<br />,
<br />,
وْكَم وَاحدٍ عليه غيضـي كتـمْتـه<br />,
أسَامحه ، واقول هو وْ ضـميره<br />,
<br />,
وْكَم بيت شَاعِر كنِّـي اللي نظَمْتـه<br />,
يَجْذبْني اسْلوبه وحسْن تْـعَـبيره<br />,
<br />,
وْكَم صَاحبٍ يَثْـبت معي لا زهَمْتـه<br />,
يبـين فـي شَر الزمن قبل خـيره<br />,
<br />,
وْكَم وَاحدٍ آحسّـسه بانّي فـهَـمْته<br />,
أقرا في عيـنه ما حوتـه السريـره<br />,
<br />,
وْكَم سيف في شوط التحَدِّي لطـمْته<br />,
ونْـفوس مِن تكْـرَه نجاحي كســيره<br />,
<br />,
وْكَم ليل أتْعَـب رمْش عيني ما نـمْته<br />,
لين احْـتضن جفـني شعاع الظـهيره<br />,
<br />,
وْكَم مِن حزامٍ يرتخي لا احْـتزمْته<br />,
ما ينْـلِبس عِنْـد الأمــور الكـبـيره<br />,
<br />,
وْكَم مِن جـدَارٍ فـي طريقي هدَمْته<br />,
وبنيت باحـجاره للاجيـال سِـيْره<br />,
<br />,
وْكَم عَاقلٍ تسْـتَـغرب الـنَّاس صَـمْـتـه<br />,
كبـير ، وعقـول الـخـلايق صـغـيره<br />,
<br />,
وْكَم حِـلـم يتْحَقَّـق لا مـنّي حلـمْتـه<br />,
يثـيـرني يـوم احْـلـمه واسـتـثيره<br />,
<br />,
وْكَم يوم من عمري يا وَقتي خصمْته<br />,
يامااطولك ، وايَّام نَاسك قـصـيره<br />,
<br />,
إنسـان احـس انِّـه كَـفو لا احْـترمْته<br />,
نـفْسَـه غَـنـيَّـه لو يـديْنـه فـقـيـره<br />,
<br />,
وانسـان .. بخْـزام الوفـا لو خـزَمْته<br />,
نار الغـدر فـي وسط يوفه سـعـيره<br />,
<br />,
وْكَم وَاحـدٍ لو ما حـشَـمْني ، حشَـمْته<br />,
ماهو على شـانه ، على شـان غـيره<br />,
<br />,
الأوَّلَـه .. حَـق الـعَـرَب ماهـضـمْته<br />,
والـثَّـانـيه .. نْـباي فـي كل دِيـره<br />,
<br />,
والـثالثـه .. الـصِّـيرمـي لا عـدمْـتـه<br />,
خَـذيـت مِـنْه الأوَّلــه والأخـيــره<br />,
<br />,
,
مرّت سنه والعين يعشقها السهر<br />,مرت سنة 
ومرّت سنه والشوق باقي ما انمحى<br />,
<br />,
ومرّت سـنه والقـلب ذابحه الهـجر<br />,
ومرّت سـنه والهجر عيّا ما استحى<br />,
<br />,
ومرّت سنه ومرّت سنه وانا انتظر<br />,
ومرّت سنه والوصل نايم ما صحى<br />,
<br />,
ومرّت سـنه ما جا من الـغالي خبر<br />,
ودارت على حَـب الـمحبّـين الرحى<br />,
<br />,
ومرّت سنه صابر وعذري في الصبر<br />,
شـماتة اصـحاب الشـوارب واللحى<br />,
<br />,
وعيـونه السـود وشـفايفه الـحـمر<br />,
وجديل يضفي فوق متنه لا انتحى<br />,
<br />,
وصدرٍ يسد الليل عن نور القمر<br />,
وخدٍ يسد الصبح عن شمس الضحى<br />,
<br />,
ومرّت سنه واخاف لا يروح العمر<br />,
وانا انتظر والشوق باقي ما انمحى<br />,
<br />,
,
ما كنـّك الا شوق في بحر نسيان<br />,الإســـم
كل المـشاعـر قـبل لا اجـيـك لـبّــتـك<br />,
<br />,
قبل المحبّه تنخلق حـس الانسان<br />,
كل الحـواس الخـمس يا شوق حبّـتك<br />,
<br />,
وقبل آتعنون صرت للروح عنوان<br />,
ما دام هي في وسط الاحساس ربّتك<br />,
<br />,
من سبّتك غيّرت انا إسم (حمدان)<br />,
لين عـرفـوني باسـم ( فزاع) سبّتك<br />,
<br />,
تبـقى بمكان ويطـلع البـدر بـمكان<br />,
واذا طـلعـت يـضـيع نـوره بهيـبتك<br />,
<br />,
ما انته بلون الشمس وقت المسيّان<br />,
أسـتغـفر الله الشمس بالنور صبّـتك<br />,
<br />,
كن العـمر لحـظة إذا معـك سهـران<br />,
وكن السهر عـمري بلحظات غيبتك<br />,
<br />,
ان جيت صوبي صرت لك دار واوطان<br />,
وان رحت عنّي صرت بعدك وغربتك<br />,
<br />,
قالوا تحت الاضلاع ما تنبت اغصان<br />,
قل لي وش اللي تحت الاضلاع نبّتك<br />,
<br />,
قطر الندى يصبح على الورد ولهان<br />,
سمّيت طيب الورد من أصل طيبـتك<br />,
<br />,
شفـتـك وعاتـبت اللـيالي والازمـان<br />,
ويـن اللــيالي كل هـالـوقـت خـبّـتك<br />,
<br />,
ومن سبّتك غيرت انا إسم (حمدان)<br />,
لين اعرفوني باسم ( فزاع ) سبّتك<br />,
<br />,
,
الآدمـي لو ان دمعـه عـشب كان انكـبّـت<br />,أدب
عليه رعـيان الـحـلال اهـل النفـل والعـندب<br />,
<br />,
لكـنـّها دمعـه تـناسـتها الجـفون وْصبّـت<br />,
فـوق الخـدود وْجرّحـت قلب الضـلوع الحدّب<br />,
<br />,
وش عاد ياللي لك سمي لبّى وعيني لبّت<br />,
وآنا سـنا جـرد الـمـعاني من فـراقـك جـدّب<br />,
<br />,
حـظٍ يقـفـّي بك مثـل بـزرٍ ريـاحـه هـبّت<br />,
واقـفى مثل ما اقـفيت يندب والغلا مايندب<br />,
<br />,
وْلا طفت ضو الوصال وضو هجرك شبّت<br />,
أبا احـسـب الـندبات في قـلبٍ عـروقـه نـدّب<br />,
<br />,
وان احملت عوج السنين المقبلات وربّت<br />,
نـدّب عـلـيّ قـصـيـــدةٍ زيـنـه وانـا با نــدّب<br />,
<br />,
قلوب الاحباب الحقيـقـيّـه لا منها حبّـت<br />,
تـعـامل الـمـتـأدّبـين بْـحِـشـمـة الـمـتـأدّب<br />,
<br />,
,
وش رايك فْـ وحـده لها صـوتٍ حـلو<br />,إذا قالت ألو
ما تـتـصــل إلاّ مَـعَ وقـت الفـطـــور<br />,
<br />,
لـكـن صـدّقــــــنـي إلى قـالــت ألــــو<br />,
ما عـاد افـكّــر بالأكـل لين السَـحــور<br />,
<br />,
مـن الـكـبــر كـنـها تـكـلّــــم مـن عـلـو<br />,
ومن الـغـنـج كـنها خليـط مْن الزهـور<br />,
<br />,
أطـيـش مـثـل الـما مـن بطـن الـدلــو<br />,
وتهـيد مثل الحزن في وسط الصدور<br />,
<br />,
لو قـالـت آنـا فـاتـنـه .. قـلـنا ولـو<br />,
ما قلتي إحنا نقـولها يا اخت البـدور<br />,
<br />,
وانـا عـلـيـها ذاب حـالي .. واسـألـوا<br />,
إحساسي اللي يدفعـه صـدق الشـعور<br />,
<br />,
أحبّــــها .. حـتى درجــــــات الـغـلـو<br />,
واكـتـب تنـاهـيـدي لها بيـن السـطور<br />,
<br />,
فـي كل دور فْـ قـلـبـها بادفـع خـلـو<br />,
واطـلّـع الـمسـتـأجــــرين فْـ كل دور<br />,
<br />,
أهـل الـقـلـوب اللي مـن اللـهـفـه سـلـو<br />,
وش فرقهم قلّي عن اصحـاب القـبور<br />,
<br />,
إلى رخـص مـقــــدارهـم والاّ غـلـو<br />,
غـيـابـهــم عـندي يـشـابه ألـحـضـور<br />,
<br />,
والاّ انت يالـمـزيون أبو صـوتٍ حلـو<br />,
لا تـتصــل إلاّ بعـد وقـت الـفـطـــور<br />,
<br />,
,
كل من ألاقي نور في وسط الاحلام<br />,واحد x إثنين
جتني ورود الشوق تبكي على النوم<br />,
<br />,
ما نمت من عقب اللـقا عـشرة ايّام<br />,
كل من أغض العين أذكره وآقوم<br />,
<br />,
الله بـلاني في المحـبّـه عـلى تـوام<br />,
ما اقدر على وحده وانا أعشق التوم<br />,
<br />,
ما كـنت إلا هـالك الحــب م العـام<br />,
ولا صـرت إلا هـالك الحب للـيوم<br />,
<br />,
جنـّي ثـنائيات من وصف الاريـام<br />,
واللي بـلانـي ما بلا حـد يا قــوم<br />,
<br />,
بالضبط نفس الشيّ من قاع الاقدام<br />,
للراس حتى سايح الشعر مهضوم<br />,
<br />,
نفس الشبه نفس الحكي نفس الانسام<br />,
نفس القمـر لكن من النص مقسوم<br />,
<br />,
إن جـيت باحـب الذي جـات قـدّام<br />,
خذني على اللي عقبها ما خذ اللوم<br />,
<br />,
ما دام مافي فـرق والحـظ لي قـام<br />,
با احلى بنات وكان بالحـظ مقسوم<br />,
<br />,
صعبٍ علي اعطي ودادي لإلهام<br />,
والهـام مابها شـيّ زايـد على نجوم<br />,
<br />,
فيهن حلاوة نجد مع ضحكة الشام<br />,
وفيهن شمـوخ الباديه وهـيبة الروم<br />,
<br />,
جنّي وقالن لي نحن يابن الاكـرام<br />,
منـّا من اللي بالوفـا نرخـص السوم<br />,
<br />,
ما كل يوم يصير وحده على الزام<br />,
وانا فهـمت وقصدهـن صار مفهوم<br />,
<br />,
الحل عندي .. خوي شاعر ومقدام<br />,
واللي أنا ف بالي ترى فيه مرسوم<br />,
<br />,
( فزّاع ) انا هذا وهذاك ( عـزّام )<br />,
ولا عاد يـفـرق كـلـّـنا آل مـكـتـوم<br />,
<br />,
,
من يوم حصّـل صـورتي فالجـريده<br />,إبليـس ملعـون 
وهو يـداعـبـني بـسـلك ( التـليفـون)<br />,
<br />,
صـوره بلـيّا صـوت هــزّت وريـده<br />,
يالله عسى ما يشوفني في التلفزيون<br />,
<br />,
كل يوم مرسـل لي رسـاله جـديـده<br />,
عـنـوانها قــلـبٍ من الحـب مـحـزون<br />,
<br />,
المشكله ما اعرف وش اللي يريده<br />,
و في كـل لـيـلـه لـه نـظــامٍ وقـانـون<br />,
<br />,
يا اهل العـقول الواعـيات الرشـيده<br />,
لو انـّـكم ( حـمدان ) وش باتسوّون<br />,
<br />,
لا قـلت له سـولـف بجـمـله مـفـيده<br />,
سولف ولكن دون معـنى ومضمون<br />,
<br />,
وقاطـعـتـه بلهـجـه شـديده شـديده<br />,
عفواً أنا ما افهم وش تقول وش لون<br />,
<br />,
حـقـيقه .. هو روعـه وفـعلاً أكيده<br />,
إنـّه حبـيب ويـسلب الـروح ويـمون<br />,
<br />,
ياللي عـيونـك عـامـلت بي مكـيده<br />,
خصرك مع سحرك ولاسحر هارون<br />,
<br />,
ومـنحـرك يـخـتال بجـمـاله لجـيده<br />,
والردف كن ابلـيس وابليس ملعـون<br />,
<br />,
والفـذ ( حمدان ) المكارم رصـيده<br />,
وانته بـدون اخـلاق عادي يامزيون<br />,
<br />,
خـلـّيت لك ذكـرى الغـرام السعـيده<br />,
واللي بقى جرحٍ ورى القلب مكنون<br />,
<br />,
وكسبت لي مليون شخص بقصيده<br />,
وخـسرت لي واحـد شـريته بمليـون<br />,
<br />,
والـجـرح الاوّل لا تـحـاول تـعـيـده<br />,
من دون ما تشرح لي الوضع من دون<br />,
<br />,
,
أرسـم غـرام الحـب صورة ولوّنت<br />,أرسم غـرام
واسري ليالي في غياهب ظلامي<br />,
<br />,
اشتقت لك يا ناعم الصوت وين انت<br />,
في العاصمة والاّ نويت المشامي<br />,
<br />,
تشعـل حرايـق نـاس لا من تكلـّمت<br />,
حيـث ان صـوتـك للمولـّع هيامي<br />,
<br />,
ليتـك على من حـبـك اليـوم هـوّنت<br />,
هوّن دخيلك صار في الحب ضامي<br />,
<br />,
من فيض حبـك في المحبّه تعلـّمت<br />,
أفـراح عـمري والكـدر والتزامي<br />,
<br />,
عن حب غيرك م المزايين حرمت<br />,
ما دام قـلـبي في محـبّـتـك هـامي<br />,
<br />,
لـوّنت لك قـصـة هـوانا و لـوّنت<br />,
نور الصباح بجـنح داج الظلامي<br />,
<br />,
هذي حقـيقـة حـب واليوم أعلـنت<br />,
بانك بقــلـب اللـي يحـبـك خـتامي<br />,
<br />,
,
جيت ابا اكتب قصيده وقلت الحّن كلام<br />,أريـد اتـفـلـسـف
قـلت يالله بافـكـّر من يلحّـن قـصيـد<br />,
<br />,
قـال انا ( فايـز ) اللي ياسـلامـي سـلام<br />,
من يلحّـن قـصيدك غير فايز سعـيد<br />,
<br />,
قـلت يالله بانبـدا بـس إيش المـقـــــام<br />,
رد قـال ( الحجاز) وقـلت لا ما يفـيد<br />,
<br />,
قال رايـك بـياتـي ؟ قـلت لا لا حــرام<br />,
قال يعني أبا افهم إنت ش اللي تريد<br />,
<br />,
قلت اريـد آتـفـلسـف ع ملحّـن تـمـام<br />,
يعني مثلك مثل موسى لي بلحنه فريد<br />,
<br />,
القـصيـده القـديـمه حـق نـاس ٍ قـدام<br />,
والجـديده جـديده يعني تبغي الجديد<br />,
<br />,
يعـني هذي قـصيده لبّـســوها وسـام<br />,
باللحن لي أريده لان شعـري يزيـد<br />,
<br />,
هذا ( راشـد ) بصوته ما عليه الكلام<br />,
وان عنينا المشاعر هذا عـبد المجـيد<br />,
<br />,
بالنهـاونـد تصـلح وبالمقـامات شـام<br />,
وكان تبغي الخبيتي خذ لدينا المزيد<br />,
<br />,
وآنا أكتب قصيدي في الليالي الظلام<br />,
وارسل ارسال واضح عبر ساعي البريد<br />,
<br />,
قبل لا اختم كلامي بين سين ٍ ولام<br />,
بين ميـم المحـبّه وهاجـس ٍ بي يـزيـد<br />,
<br />,
حظ من هو معاه ملحّـن بشكل عام<br />,
مثـل (موسى محمد) والاّ (فايز سعيد)<br />,
<br />,
,
جيت ابا ازعل عليك ناويٍ بالخصام<br />,أزعـل عـليــك
وكل مافي خـفوقي بس أزعـل عليك<br />,
<br />,
يعني روّح واروّح واسري ليل الظلام<br />,
بس من يوم شفتك قلت بارضى واجيك<br />,
<br />,
خلّي روحي بروحك هذا أغلا وسام<br />,
خـل عـيني بعـينك خـلّ إيـدي بيـديك<br />,
<br />,
يا شروق المحبّه ، يا شموع الغرام<br />,
يا ورود بـْحـياتي عـطـرها يهـتـديـك<br />,
<br />,
سلّم برمـش عينك هالتغـلـّي حــرام<br />,
ما تمـوت المـشاعـر دامـني أحـتويك<br />,
<br />,
إنطبع في خفوقي إسمك بحرف لام<br />,
وفي عيوني عشقتك وفي حياتي أبيك<br />,
<br />,
دامك بوسط عيني كيف عيني تـنام<br />,
ودامـك بنبـض قلبي كيف ما أفـتـديك<br />,
<br />,
مد لي كفّ وصلك ، قولها باحـترام<br />,
موت احبّك واحبّك موت انا آموت فيك<br />,
<br />,
عاد تبغي الصراحه ما نويت الخصام<br />,
هـذا قـلبـي يـحاسـب كل خـطـوه إلـيك<br />,
<br />,
أقـترب لك حـبيـبي بالغـلا والـسـلام<br />,
يا حبيبي بصراحه حلوه غمضة عينيك<br />,
<br />,
,
الوصـف فـن يْـليـق بام الـوصـايف<br />,اسـتجـواب
هيّا معي نسـتجوب الوصف هـيّا<br />,
<br />,
من نحـرها لى خـصـرها للـردايـف<br />,
ما تمـنعـك شـيمة عـرب أو حميّا<br />,
<br />,
إلى اقبلت في الحفـل والجـو كايف<br />,
وتـقـول : من قـدّي يجـيني هنيّـا<br />,
<br />,
ضابط على الأفراد يعـطي وضايف<br />,
ياعـسـكـري ثـابـت تهـيّـا .. تهـيّا<br />,
<br />,
ورموشها حـد السـيوف الرهـايف<br />,
مقـرونة الحاجـب وطـلقـة محـيّـا<br />,
<br />,
وجديـلها ياقـلب ويش انت شـايف<br />,
لـيـل ٍ يـزيـد اللـي غـيا فـيـه غـيّـا<br />,
<br />,
وخـدودها بين الهـدب والشـفايـف<br />,
مثـل السـحب بين الثرى والثـريّا<br />,
<br />,
صحيح يمكن وصف الاشواق زايف<br />,
لكن قـلـبـي لـو عـذلـتـوه .. عـيّـا<br />,
<br />,
وانا على المقفي ما ازيد الحسايف<br />,
لكـن عـلـيـها كـل حـزنـي تـهـيّــا<br />,
<br />,
صاحب يعـينه فـ الظروف الكلايف<br />,
ويـصـيـر أضـحـوكـه لـذيّـا و ذيّـا<br />,
<br />,
القـلـب والهـجـران ما هـم ولايـف<br />,
واللي بليّـا احـساس .. يـبقى بليّـا<br />,
<br />,
قالوا تـريّـا .. قلت : يا قلب خايف<br />,
خـايـف أمـوت فـراق وانـا اتـريّـا<br />,
&nbsp;,
,
مساء الخير .. ودّي قبل لا ابدى .. أعتذر منكم<br />,آسف على التأخير
سعيد انـّي حضرت الليله .. وآسف على التأخير<br />,
<br />,
صراحه..ما أعرف شلون اعـبّر..بس أشكركم<br />,
مثل هذي المواقف شي طبيعي يخونك التعبير<br />,
<br />,
أطالعكـم .. واقول فـ خاطري .. ياليتني معكم<br />,
تعرفـون اللي عنده شيّ ما يـخـلا من التفكـير<br />,
<br />,
على كثر القصايد .. بس ما ادري ويش اسمّعكم<br />,
لأنـكـم غـير..ما ودّي أقـول الا  قـصـايـد غيـر<br />,
<br />,
ترى هذي قصيده .. بس .. كنت أبغي أداعبكم<br />,
ومرّه ثـانيه يامرحـبا .. و آسـف على التـأخـير<br />,
<br />,
,
تحـت البحر أشـياء واشـياء واشـياء<br />,أشيـاء .. وأشيـاء
ومن لامـني لا يرجـع يـلـوم بعـدين<br />,
<br />,
شفت بعيوني خيل وتغوص في الماء<br />,
كـنها عـلامـات الـدقـايـق الاخـيرين<br />,
<br />,
وآنا اوّل اسـمـي يـبـتـدي يامـلا بحاء<br />,
والآخـر النـون الـذي تـعـرفـه زيـن<br />,
<br />,
بـديـت من سنـتـيـن ما بيـن الاجـواء<br />,
لين اتضح لي الجو من عقب سنتين<br />,
<br />,
لبـّيـك يا خِـلـّـي .. و لبـّـيـك باغـراء<br />,
والشـوق يـذبـح والضـحايا مـلاييـن<br />,
<br />,
التـنـميـه في الأرض يـادار الانـماء<br />,
تـبـغـي ذكـي والناس من هـم ذكيين<br />,
<br />,
ياللي دواء مـواصـلك سِـبـّـة الــداء<br />,
ذبحـتـني مـن دون بـنـدق وسـكـّـين<br />,
<br />,
وآنا بحال الضيق واحـباط واغـماء<br />,
إرفـق عليّ بـزيـن وبـزيـن وبـزيـن<br />,
<br />,
ولا عاد تـتـشـاءم ولا عـاد تـسـتـاء<br />,
لا هـزّت الفـرقـى قـلوب المـحـبـّين<br />,
<br />,
بغـداد تـبـكي مـن مجـازر سـمرّاء<br />,
والقـدس ينزف جرحها في فلسطين<br />,
<br />,
أحاول آفهّـمـك باسـلـوب الايـحـاء<br />,
الصـبر قاسـم مشـترك بيـن الاثـنين<br />,
<br />,
بالختم والبصمه وبحروف الامضاء<br />,
بالحـق والـقانون والعُـرف والـديـن<br />,
<br />,
ما تشعـر الأمـوات باحـساس الاحياء<br />,
وانتـه بعـيـنـي مـيّـتٍ قـد لك سـنيـن<br />,
<br />,
وقـّـفت ضـدّي ليه في صف الاعـداء<br />,
واحرجتني في الناس والناس دارين<br />,
<br />,
نفس الطموح اللي معك في الفشل باء<br />,
كـوّنت به نصـرٍ مثل نصـر حطـّـين<br />,
<br />,
وعـشقت من يفهم كـلامي بالاصـغاء<br />,
اقـرا عـلـيـه الحـمــد ويـردّد آمـيـــن<br />,
<br />,
من نـور وجهـه ينجـلي كـل ظـلـمـاء<br />,
وغـلاه مـتـربّـع ما بيـن الـشـرايـين<br />,
<br />,
ومـتـربّـي عـلى نـعـم ما عـرف لاء<br />,
ويقـول من ذا العـيـن قـدّام ذا العـين<br />,
<br />,
ماهو في حاجة مدح أو حاجة اطراء<br />,
عـنده ثـقـه هو وين والعـولـمـه ويـن<br />,
<br />,
إسمه ماهو يسـقط سهو بين الاسماء<br />,
عالي مثـل نجـم الجـدي والمـيـازيـن<br />,
<br />,
القـلب فيه يموت وتموت الاعـضاء<br />,
وبـالله يـا ( فـيــروز) ياللي تغـنـّـيـن<br />,
<br />,
غـنـّيه لين الـشوق ما يشـبع ارضاء<br />,
وخلـّيه يـدخـل جـو الاشـواق تكـفين<br />,
<br />,
أبغي صدى صوتك يغرّد في الانحاء<br />,
حـتى الحـمام يـنـوح بيـن البـساتـين<br />,
<br />,
كان البحـر تلـقى به اشـيـاء واشـيـاء<br />,
هـذي سـواة البحر ما كنـّه من طـين<br />,
<br />,
,
يشـب الفـكـر بالـمعـنى وهاجـوس القـصيد يثـور<br />,اعمار  
وحـروف الـقـافـيه تسكن لـسـاني واتهـجّـاها<br />,
<br />,
على طاري بحـور الشعـر ياللي تعـشـقـون بحـور<br />,
قـصيد الشاعـر اللي يحـسب الكـلمه ومعـناها<br />,
<br />,
يـلامـس كل بيـتٍ من بيـوتـه لهـفـة الـجـمـهــور<br />,
قبل تـنزل بصوت الـمطرب اللي شـاد بغـنـّاها<br />,
<br />,
قـصايـد يمتـزج معـنى وصايفها بصدق شـعـور<br />,
لـفـت والـفـكـر ساق عـنـانـها والـليـل سـرّاها<br />,
<br />,
تراقـص كنها بنـت الرمـك يـوم الـثـرى ممـطـور<br />,
تهـادتها الـقـلوب لـبعـضها والـشــــوق ودّاها<br />,
<br />,
وانا لي من خيـول الـسـبق خـيل ٍ فـعـلها مـذكـور<br />,
على صهـوة جـوادي أكسـب الطـولات وارقاها<br />,
<br />,
ولي باهل الصقاره باع ومن أغلى الصقور صقـور<br />,
تـنوش الصـيـد لو تـرقى الـسحـابه وتـعـدّاها<br />,
<br />,
ولي في الهجن خير الهجن واسبقها بدون قصور<br />,
أصيلة .. كـلما ما لــزّة لها الضـامر تـحــدّاها<br />,
<br />,
اذا قلنا ( اعـمار ) الـمجد يشهد والـجناح يثــور<br />,
تروم الـمـسـتحـيـل اللي تـمـنـّتـه و تـمـنـّاها<br />,
<br />,
يـغـطـّيها الصفار تـقول كـنها شـعـلةٍ مـن نـور<br />,
مـزاياهـا عـديـدة وانـشـدونـي عـن مـزايـاها<br />,
<br />,
مـفارقـها وسـاع ومن مـفـارقـها ياليـن الــزور<br />,
مع طـول رقـبـتـها وصـفـها يـوم آتـحـــلاها<br />,
<br />,
منـارة مـسـجـدٍ مع قـبّـتـه يا عنـقهـا والـكـور<br />,
من عـيـون الحـسـود الله يحـفـظـها ويرعاها<br />,
<br />,
متى ما عـرّضـت كـن اكثـريهـا للصـدر منـذور<br />,
ولا عـقـب السـنام ووطـيّها الا خـفّ مـوطـاها<br />,
<br />,
فريدة عصر..هالة نصر..صفوة وطر..سمحة طور<br />,
تقل كن الله مْن عروق ( ناقة صالح ) انشاها<br />,
<br />,
اذا تورد أعَزل النوق عنها خمس ست شهور<br />,
واذا تصـدر أورّدهـن .. واذا تـورد صـدرناها<br />,
<br />,
عـلى مـرباعـها فـزّن ولا رامـن بـحـق و زور<br />,
ميـاديـن البـطـولـة ملـكها والهـجـن تـتـلاها<br />,
<br />,
متى ما روّحـت كـن الـرياح الـمقبلات دبـور<br />,
بأمـر الله مـســــراهـا و بـأمـر الله مجـراها<br />,
<br />,
ومتى ما نحّـروها واقبلت .. رد الخصم منحور<br />,
تـروم تحـمد راعـيها وصعـب تـحـمد عـقباها<br />,
<br />,
تـقـل مـيـدانها ساحة قـتال وفـوقـها تيـمـور<br />,
على ضـرب الـدروب الكـايـدة والسبـق ربّاها<br />,
<br />,
اذا قامت تـقـوم لـحالها لو شـوطـها محـشـور<br />,
وهي بيـن انـدر الهـجـن الـعـمانيات واقــواها<br />,
<br />,
ما خلقت لآخر الطـابور ، خلقت فـ اوّل الطابور<br />,
زعيـمة كاس والسيـف الـمصقّل من ضحاياها<br />,
<br />,
بلا جنحان ما تـقدر تـحلـّق في الفـضا لـطـيور<br />,
وهي تـقـدر تـحلّق في الفضا لان الله أعـطاها<br />,
<br />,
ما يكسر تيمها (اعمار) غير (اعمار) يا اهل الشور<br />,
كن التيمات مـعـروضـه عـليها وتـنـقـّـاها<br />,
<br />,
أعـشّـيها على كـفـّي محـب وعـاشـق ومـسرور<br />,
وهي لـو ودّهـا كـفـّي تـعـشـّاها .. تـعـشـّاها<br />,
<br />,
أجي مفـحـامها جيّـة ظـمان الوادي الـممـطـور<br />,
واسـايـرها وتـفهـم نـظـرة عـيونـي وتـقـراها<br />,
<br />,
أسمّـيها بمعـجـزة الهـجـن والاّ بإسم مـحظـور<br />,
من اسلحـة الدمـار الشامل الـمحضور مبـناها<br />,
<br />,
هي البحـر الـمحيط الهايج اللي كل موجه سور<br />,
أو الـبـرق الـذي من نـاره الـغـيـمة نزل ماها<br />,
<br />,
شـ أسمّـيها وهي أكبر من الأسما .. وانا مـعذور<br />,
تعـب فيها الـخـيال وما قدر يكشف مسمّاها<br />,
<br />,
باوصّـفها لـكن من يـقدر يـوصـّف بنات الـحور<br />,
بنات الحور في الجنه وهي في الأرض مرباها<br />,
<br />,
لو ان فرعـون مصر اللي بنا الاهرام قبل عصور<br />,
حضر مركاضها في الشوط الاوّل يوم سقناها<br />,
<br />,
هدم الاهـرام والأهـرام مشهـورة وهو مشهـور<br />,
على هيكل ( اعمار ) اهرام مصرٍ عاد مبناها<br />,
<br />,
,
لا تعـاتـبني على مزحـي معـاك<br />,أفـا والله أفـا
وتـعـتـبـر مـزحـي وسـيـله للـجـفا<br />,
<br />,
لو خطاي وْمزحتي كانت خطاك<br />,
كـان قـلـبـي يا حـبـيـبــي قِـد عـفـا<br />,
<br />,
لان قلبي مطـلبه يكـسب رضاك<br />,
وعاهـدك يا صاحـبي عهـد الـوفـا<br />,
<br />,
عاهدك ما يعـشق انسانٍ سواك<br />,
وْعن جـميع الناس شايـم واكتفى<br />,
<br />,
إكـتفى بك إنت بالـذات وْعـطاك<br />,
أصـدق الإحـساس والأعـظـم خفا<br />,
<br />,
كيف تجـفي صاحبٍ ما قد جفاك<br />,
وْ في غيابك طرف عينه ما غفى<br />,
<br />,
ينتظر وصلك يبي عَـلّ وْ عساك<br />,
تـسمـح الـزلـّه وْخـفــّاقـك صـفى<br />,
<br />,
لـدّني بَـردك وانـا احـتـاج لدفاك<br />,
حاجـة الـقـطـب الـشـمالي للــدفا<br />,
<br />,
إنت غالي وْ ماحدٍ ياصل غـلاك<br />,
لـو تـجافـيـني .. وتـعـطـيني قـفا<br />,
<br />,
واللـيـالـي مالهـا معـنـى بـَــلاك<br />,
والـمـفارق جـرح .. واللقـيا شفا<br />,
<br />,
ما هقيت ان ترمي الماضي وراك<br />,
بـس ذا الـمـرّه أفـا &hellip;  والله أفـا<br />,
<br />,
,
يا فـريــــد الـجـمـال     طـاب ليـل الوصال<br />,إقرب تعال
إقـــرب البيت بيتـك     إقـــرب اقـرب تعال<br />,
<br />,
مرحـبا بـك هــــــلا      مرحـبـــا ومـسهـلا<br />,
جـيت كـلـّي غـــــلا      وجيـــت كلك دلال<br />,
<br />,
رمــش عينك ورف     خــــزّني من طرف<br />,
أعترف .. أعـترف     سحــر عينك حـلال<br />,
<br />,
بـــك فـوادي حِـيــا      يـا سـحــاب الحـِيا<br />,
ان منعــت الـحيـــا       بـس يكفـي اتصال<br />,
<br />,
,
ما يفـيد الكـلام ولـو أبا احكـي كـلامي<br />,ألف عام
كيف اعاتب خفوقي وما يفيد الكلام<br />,
<br />,
من زرعته في قلبي صار كل اهتمامي<br />,
طار بي فوق هـامه ومرّ بي ألف عام<br />,
<br />,
قمت احس الخفوق ونـبضها في عظامي<br />,
بعـظامي نبـضها وكسرت بي العظام<br />,
<br />,
وآنا احب الليالي واعشق اعشق ظلامي<br />,
وآنا ما قـمـت امـيّـز نـورها من ظــلام<br />,
<br />,
بـاحـتـرامٍ أجـيـها ورجـعـت بـاحـتــرامي<br />,
وآنا أكـتب بـدمّـي إسمـها بـاحـتــرام<br />,
<br />,
قمت انادي إسمها وانسى كل الأسامي<br />,
واسمها في إسمها م الأسامي الكرام<br />,
<br />,
لام ميـمٍ ويـاءٍ والألـف في الخـتـامـي<br />,
وعقـبـها هالله هالله ويا سلامٍ سـلام<br />,
<br />,
ألف عـامٍ قضـيـته و ألـف عـامٍ أمـامي<br />,
ورجّعتني في عالم شوق برّ  وخـيام<br />,
<br />,
,
حبيبي والله انّي ما قدرت استوعب اللي صار<br />,إلى البـراءه
لفا خبر الـنيا واخلـفت ظن اللي صدق ظنـّه<br />,
<br />,
أنا كـذّبت فيك اللي نقـل لي صادقـات اخبار<br />,
كتمت انفاس صدري وافضحتني جرّة الونّه<br />,
<br />,
حبيبي ضاعت دروب الرجا والدار غير الدار<br />,
سكـنت بـدار من يـسكـن بها ما تـلحـقـه منـّه<br />,
<br />,
ياويلي كل ما اطالع براءه تـلمحك الانظار<br />,
ومن يسـكـن بعـينـك كيف تـقدر تبتعد عنـّه<br />,
<br />,
بدت تتشابه دروبي يالين الدرب فيها احتار<br />,
أنا المغرم وكانت لي دروب الشوق مطمنـّه<br />,
<br />,
أعاتب كل خطوة شوق واصنع للذنوب اعذار<br />,
يالين العـذر أصبح ذنب حظي واعتـذر منـّه<br />,
<br />,
إذا سن الدهر سيفه وحلـّت بالقضا الاقدار<br />,
من يـرد للـقضا سـيفه إذا سـيف الـدهر سنـّه<br />,
<br />,
إذا جفـّت موارد هالتمنّي واذبلت الازهار<br />,
من يرد السـواقـي والـندى والعـطر والـبَـنـّه<br />,
<br />,
كتبتك والقوافي بيت سرّي والبيوت اسرار<br />,
تعبت اخفي جروحي والشعر يوشي وانا اكنـّه<br />,
<br />,
حبيبي وانت في قربك وبعدك جنـّتي والنار<br />,
واذا لابـد من بعـدك .. حـبيبي نارك الجـنـّه<br />,
<br />,
,
في ظل من يسجد لجاهه عبيده<br />,أمجاد الجدود
والاعمار تمضي والليالي مقيمه<br />,
واللي يقول اللي خذ المجد بيده<br />,
الـمجـد ما يـوخــذ بلـيّا عـزيـمه<br />,
سـلام يـنبض بالـفخامه وريـده<br />,
كـلّه عـلو و فـيه قـدر وحـشيمه<br />,
يـنصاك ياشـبل الأسـود العـنيده<br />,
يا ابن الكـريم ويا سلاله كريمه<br />,
ماجد مليك المجد ، والمجد عيده<br />,
عـلاقـتـه مع التـقـدم .. حـميـمه<br />,
يزخر بالاعجاز الخـيالي رصيده<br />,
بفضل من يحيي العظام الرميمه<br />,
فـريـد وانجـازات فـعــله فـريـده<br />,
عـظـيم ويحـب الفعـول العـظيمه<br />,
حـثـّيت رجـلك والمـسافه بعـيده<br />,
والعقل ناضج والجوارح سليمه<br />,
خطوه فدائيّه .. وخطوه سديده<br />,
طوّلت في الغـيبه وجبت الغـنيمه<br />,
الناقـص بفعـله فـعـولك تـزيـده<br />,
والزايـد فعـوله معـك دون قـيـمه<br />,
مالك شـبيه و كل فـعـل ٍ تجـيـده<br />,
قلـّي من اللي يْقول بانك خصيمه<br />,
وشلون أحفر فكرتي في قصيده<br />,
وابوك من مجده على متن غيمه<br />,
لكـن .. تـأكـيـد العــلـوم الأكـيـده<br />,
يحـتـاج له شـهـادةٍ مسـتـقـيـمه<br />,
قـرّرت أنشـرها بوسـط الجـريـده<br />,
لاجل يغـنـّيها السحاب ونسـيمه<br />,
في كل عـام تجـيب فـرحه جـديـده<br />,
وتـكمّـل امـجاد الجـدود القديمه<br />,
السيف في إيدك عبد يخضع لسيده<br />,
ويدك تزيد السيف رونق وقيمه,
,
إمـتـحـانـك صـعـب .. لكـن سـهـل حـلّـه<br />,إمـتـحـانـك صـعـب
بس عـطـنـي يـا حـبـيـبـي ربــع ســاعـه<br />,
<br />,
ليـن عـيـنـي تـكـنــز الـدمــــع وتـهــــلّـه<br />,
والـدمــوع احـيـان تـحـتـاج لـشـــجـاعـه<br />,
<br />,
كـن فـرع اللـيــــــل يـوم اللـيـــــــل فـلّــه<br />,
فـرعـــك اللـي سَــهّــر الـنـاظـــر و لاعــه<br />,
<br />,
لـيـلــــةٍ كـانــت ضـلـــوعي مـسـتـحـلّــه<br />,
لـيـن نـور الـفـجــر وقّـضـنـــي شــعـاعـه<br />,
<br />,
يــوم لاحــت مـن مـحـيّــــــاك الأهـلّــــه<br />,
كـنّـها تـنـشــد عـن الـحــــب ومـتـــاعـه<br />,
<br />,
كـيف تـنـشـد عن مـقـامـك وش مـحـلّــه<br />,
وانـت عـقـب الـوصـل قـدّمـت الـقـطـاعه<br />,
<br />,
تحـت صـدري قـلـب مـا يـقـبـل مــذلّــه<br />,
حـسـبـي الله ع الـذي تـلّـه وصــــاعـه<br />,
<br />,
حـسـبـي الله ع الـذي صــــاعـه و تـلّــه<br />,
والـمـصـيـبـه قـلـت لـه سـمـعٍ وطـــاعـه<br />,
<br />,
مـا قـدرت اجــزم عـلى كـثــــر الأدلّــه<br />,
طال صــدّك غيـر لك عـنـدي شـفـاعـه<br />,
<br />,
كـل عـــرق ٍ يـنـبـــض بـحـبّــــــك تـدلّــه<br />,
والـوفـا حـكّــم ضـمـيـــرك فـي ضـيـاعه<br />,
<br />,
للـوفــــا أسّـســــت دولــه مـســـتــقــلّــه<br />,
حـجـمـها يـاخـذ مـن الـكـون اتـســـاعـه<br />,
<br />,
الـوفــا مـعـقــــود فـي صـدري سـجـلّــه<br />,
ســجّـلــوا بـاســمـي بـراءة إخـتـــراعـه<br />,
<br />,
,
عـمّ الفـرح والكـل هنـّـا<br />,آمر يا بو خالد
شـرّفـتـنـا يالعـين يالعــين<br />,
<br />,
طير السعد رفرف وغنّا<br />,
وتمايـلت خضر البسـاتين<br />,
<br />,
الـفــوز رايـاتــه لـفـنـّـا<br />,
والفـوز تـشهـد له مـيادين<br />,
<br />,
رايـاتـكـــم فـيـنا ومـنـّا<br />,
لافـراحـكـم جـينا ملـبّـيـن<br />,
<br />,
نقـولهـا عـنـكـم وعـنـّـا<br />,
هـذي عـوايـدنا من سنين<br />,
<br />,
سقـنا البراهين وضمنّا<br />,
بافـعالـنا سقـنا الـبـراهين<br />,
<br />,
آمـر يابو (خالد) تمنـّى<br />,
واسكن قبل هالعين هالعين<br />,
<br />,
غصن الثنا لجلك تثـنـّا<br />,
خذها يابو خالد عن يمين<br />,
<br />,
بالحق في شفكم شهدنا<br />,
والحق ترجح به موازين<br />,
<br />,
بك نفخر ويفخر وطنّا<br />,
شـرّفـتـنا يا قـايـد العـــين<br />,
<br />,
,
أسـمع صـدى صوته بعـيـدٍ ينادي <br />, أمشي بعزم  
واشوف قلبي للصدى يتبع نداه<br />,
<br />,
من فاتنه في وصفها الحسن عادي<br />,
يرسم صور من خاطرٍ ما تعدّاه<br />,
<br />,
شعـرٍ لفـاني منه ريــم الـبــــوادي<br />,
الجادل اللي تزهرالأرض بخطاه<br />,
<br />,
يـشـكي ودادٍ من صـمـيم الـفـوادي<br />,
ويا كم قبله من شكى الحب ويلاه<br />,
<br />,
وكان الذي به في خـيال اعـتـقادي<br />,
عنـّه نشيل الهم والجرح و وزاه<br />,
<br />,
وان كان له فدوى ترى الحال فادي<br />,
والـمال قـبل الحـال والله يــفـداه<br />,
<br />,
دامه تربّـع فـوق عـرش الـودادي<br />,
وش لي بعـمرٍ دونه اليوم ما باه<br />,
<br />,
الزيـن له أمـشي بعـزم اجـتهادي<br />,
واللي يصون الحب في العين سكناه<br />,
<br />,
,
أنا في الشعر ابن هذاك إذا إنته تعرف الشعر<br />,أنا في الشـعر
أهيّج في البحور أمواج ، أمشّيها على كيفي<br />,
<br />,
واقولّك لا تجاريني ترى أمشي بدربٍ وعر<br />,
واذا تبغي تجاريني تـرى لك صامـدٍ سـيـفي<br />,
<br />,
ولا تضمن تحوز النصر وانا بحرٍ وانته نهر<br />,
واذا عارضت تيّـاري تبرّى موجي وسِـيفي<br />,
<br />,
وكم من واحدٍ غيرك تعرّض لي وجاه الكسر<br />,
ودارت به هبوب رياح في أقوى عواصيفي<br />,
<br />,
تهاجـم سايـل الأقـلام وسطـرٍ ما يهزّه سطر<br />,
وإنتـه وينهـا افـكارك عن بيـوتي وتهـديـفي<br />,
<br />,
تبا روس العلا وانته تحوّل في طريقك حدر<br />,
تحـاول بس ما تـقـدر بأن توصل مشـاريفي<br />,
<br />,
نجـوم اللـيل ما تـنور إذا بيّـن شعـاع الـبـدر<br />,
وش اللي يجمع الوسمي على سحب وْرعد صيفي<br />,
<br />,
تشـوف الجـاذبيّـه لي في هالدنيا تجـرّك جر<br />,
أنا عكـسه أفـرّك ويـن ما أبغـي على كـيـفي<br />,
<br />,
,
أنـا وعـيني نشـتـكي منـّـك الـيـوم<br />, أنـا و عيني  
ونقـول وينـك غـبت يا نور عيني<br />,
<br />,
دونك ترى العالم من الفرح محروم<br />,
ماتدري انك صرت فرحة سنيني<br />,
<br />,
شوفـتـك منها تـنجـلي كل الهـموم<br />,
وان غـبت عـنـّي كنـّها نـار فيني<br />,
<br />,
أهـواك من يـومٍ تحـيده إلى الـيوم<br />,
والـيـوم حـبّـك يالغـلا محـتـويـني<br />,
<br />,
يا ملهـم الشـعّـار يا ورد مـشـمـوم<br />,
يا حـب في وسـط الخـفايا دفـيـني<br />,
<br />,
وجهٍ بشوش وعين نجلا ومهضوم<br />,
خصـره ، ونهـدينه كما ثمر تـيني<br />,
<br />,
هـل كيـف ما احـبّه أنا كيف ياقـوم<br />,
ما دام حـســنه صار بيـنه وبيـني<br />,
<br />,
حسـنه غـريب ونادر وشيّ محسوم<br />,
من ناظر بحسـنه يجيه الـ.. يجـيني<br />,
<br />,
,
يا بحر انا سـبّاح وآغـوص وآعـوم<br />,إنتـبــاه
واطـلـق شـنب أقـدر أشـد انتـباهه<br />,
<br />,
وجـاهـتي إنـّي ورث إبـن مـكـتـــوم<br />,
واملك من وصوف النـباهه نباهه<br />,
<br />,
والاّ الشِعـر تصوير عن واقع اليوم<br />,
لا تـعـتـقــد إنـّـي كـتـبـتـه وجـاهه<br />,
<br />,
ويا نايمين اصحوا ترى كثرة النوم<br />,
بـابٍ من ابـواب الكـسل والبلاهه<br />,
<br />,
كم واحدٍ في الأرض ضايق ومحروم<br />,
وعينه على جيب الغني وبشراهه<br />,
<br />,
والناس ترحـل بس وجـه الله يْـدوم<br />,
والشح في قـلوب المهابيـل عاهه<br />,
<br />,
والطيّـب بْطـيبه مع الناس مـلـزوم<br />,
وبخـيل من يبخـل عـليهـم بجاهه<br />,
<br />,
آطـيـح لعـيـون الرجـاجـيـل وآقـوم<br />,
وآقـول من باهـاك يا قـلـب بـاهه<br />,
<br />,
يمكن أحصّـل لي من الناس زيزوم<br />,
يـشـد انتـباهي قـبل اشـد انتـباهه<br />,
<br />,
,
لا.. لا تـعــاتـبــني إذا فـرعــها مـال<br />,أنصـاف الحــلول  
فـرع العـتـب بين المحـبّـيـن منـشول<br />,
<br />,
أبطت وهي تبرق وانا اخص واختال<br />,
مزن العـذر واشرب خطاها ولا اقول<br />,
<br />,
وتـكـيلـني وتكـيل غـيـري بمـكــيـال<br />,
تخـلـط حنيـن الـذود وصهـيل الخيول<br />,
<br />,
لا عـنـدنا حـيـلـه ولا ودّي احـتـــال<br />,
قـولي كـما فـعـلي وانا آقـول وآطـول<br />,
<br />,
وآطولها لو هي من الصعـب تنطال<br />,
عزمي على طرق الصعـيبات مفتول<br />,
<br />,
يـامـا تـردّى فــارس بـزمـّـة جـبـال<br />,
من عقب ما جال وضرب عرضها طول<br />,
<br />,
من عقب ما جال وظما صدّق اللال<br />,
واللال يـكـذب والـملا تـمـلك عـقـول<br />,
<br />,
غـلاك لـي لا تـتـركـه بـيـد عـــذّال<br />,
بعـض الغلا ما يقـبل انـصاف الحلول<br />,
<br />,
,
لو طوّل الصدّ وغـصون الوله يبست<br />,أوراقـــي  
مرّي وشوفي وش المكتوب باوراقي<br />,
<br />,
عـبراتي اللّي بوقـت فـْراقي انحـبست<br />,
وانتي تـقـفـّين .. مايعـني لك فـْراقـي<br />,
<br />,
السـاعه اللّي على حَطّـتك من لبـسـت<br />,
هي آخـر اللي بقـت للعـاشـق الشاقي<br />,
<br />,
نار الغـلا رمّـدَت وان جيتي انقـبـست<br />,
كأنـّـك فـْ جـيّـتـك تـسـعــين لاحـراقي<br />,
<br />,
والنجمه اللي تحت ظل السما اندبست<br />,
قالت لا طال السهر قل لي وش تلاقي<br />,
<br />,
ماغـير امـور بـوسـط الخـافـق انكبست<br />,
تـراكـمـت يـوم زاد الصـد باعـمـاقـي<br />,
<br />,
يازيـن الايّـام مثـلي شـرهـت وْعـبست<br />,
ماباقـي الاّ الهـجـر .. ياخـيـبة الـباقي<br />,
<br />,
ما الوم أغـصـان قـلبي يومها يـبسـت<br />,
لانـّك رحـلـتـي ولا فـتـّـشـتي اوراقـي<br />,
<br />,
,
يا محـمد حـط لـي شـربـت<br />,أوربـــت
خلـّـني با نـقــّـعـه كـاســي<br />,
<br />,
من ثـلاث أيـّام في أوربـت<br />,
طالـع المجـنون في راسي<br />,
<br />,
خـطـّةٍ حاسـبـتـها وخربـت<br />,
والسـياسـي يـبغـي سْياسي<br />,
<br />,
جـبـتـها يا محـمـد بـتـربـت<br />,
قافـية شعـري وإحـسـاسي<br />,
<br />,
إبتـعــــدت ولانـّها قــربـت<br />,
بابتـعـادك وانـت يا نـاسـي<br />,
<br />,
جـيتها متـواضـع وهـربـت<br />,
طـولها واحـد على قـياسي<br />,
<br />,
زنـدهـا مـلـيـان مـتـزربـت<br />,
وعنقها عنق اشقر نحاسي<br />,
<br />,
دقـّـت الدقــّـات وانـطـربت<br />,
واسـتـوى وقـّـاف يـلاّسـي<br />,
<br />,
تمشي ومن خلفها انضربت<br />,
وعاشق المويات غـطاسي<br />,
<br />,
ومن تطول السالـفه خربت<br />,
وانهـدم ساسي على راسي<br />,
<br />,
,
الحـب ما يسـكن قـلوب ومـحاني<br />,الأخيـــر .. الأوّل  
الحب أسمى عاطـفه تسـكن الروح<br />,
<br />,
يا حبّـك اللي كل ما اظـما سقاني<br />,
سراب لال ودرب مهجور ونزوح<br />,
<br />,
ما اقـول منـك اللي لفاني كـفاني<br />,
لانـّي أحبّـك هجـر وعـناد وجروح<br />,
<br />,
إن غبت عنـّي طال عمر الثواني<br />,
تـقول عـمر الثانـيه من عـمر نـوح<br />,
<br />,
وان جـيتـني مـرّت ليالي زماني<br />,
ما كنـّه الاّ الـبـرق بعـيـوني يـلـوح<br />,
<br />,
قبل الجفا عـذرك سبقـني وجاني<br />,
لا تعـتـذر ذنبـك من العـام مسـموح<br />,
<br />,
أبني على شوفك صروح وأماني<br />,
وشلون ما تبني على شوفي صروح<br />,
<br />,
إن كان غيري عوّضك عن حناني<br />,
ما عاضني غيرك من الغـيد مملوح<br />,
<br />,
إنت الأخـيــر .. وإنـتـه الأوّلانـي<br />,
لو كان حبّـك حد قلبي على الصوح<br />,
<br />,
والله ما بـاح بـغـرامـك لـسـانـي<br />,
إلا عـيـوني  يوم يـطـرونـك تـبـوح<br />,
<br />,
كتمت سرّك لين دمعي عـصاني<br />,
راعي الهوى لو يكتم السر مفضوح<br />,
<br />,
لا تـلوم قـلبٍ جـر فـيك الأغـاني<br />,
حتى الحـمام يجـرّه الشـوق ويـنوح<br />,
<br />,
,
هذا هو البدر والاّ البدر ابن عـمّه<br />,الـبــدر
في عـلم انا والاّ هـذا اللـيـل وحـلومـه<br />,
<br />,
إن كان للحـسن قـمّـه هذي القـمّـه<br />,
والاّ عـسى الحـسن كلـّه فـدوة قـدومه<br />,
<br />,
أقبل يضم السهر وعـيوني تضمّه<br />,
ما ادري من اللي من الثاني سرق نومه<br />,
<br />,
كن الوصل دنيتي يوم الوعد تـمّه<br />,
وكـنّ الوعـد جـنـّـتي دام الوصل يومه<br />,
<br />,
ما الوم من لامـني في حـبّه ونمّـه<br />,
حـتى فـوادي ولو يـشـكـيه مـا الـومـه<br />,
<br />,
إذا تـكـلـّم يـغـار العـطـر مـن فـمّـه<br />,
سـوالـفـه كلـّها بالـمـســـك مخـتـومـه<br />,
<br />,
ياليت لى هـمّـني من نظـرته هـمّه<br />,
عـينه خذت نظـرتي قـبل آخذ عـلومه<br />,
<br />,
أبطا يسولف عن الطيب وحنان امّه<br />,
ما يـدري انـّه بـقـلـبي وثـّـق سـهـومه<br />,
<br />,
ما يدري انّه علاج العاشق وسمّه<br />,
وان القـصايـد على طـاريـه منـظـومه<br />,
<br />,
طالعـت في ساعـته ردّ ورفـع كمّه<br />,
لا ساعـته قـصدي ولا قصدي ختومه<br />,
<br />,
ما قصدي الاّ الغلا لى ساقـني يمّه<br />,
أحيان ارومه وبعـض احيان ما ارومه<br />,
<br />,
لولا الحـيا والاّ انا في ذمّـتي ذمّـه<br />,
لا غزي على روض رمّانه ومشمومه<br />,
<br />,
,
ألله خلق لي نفس تسـمو على البوح<br />,الـجــروح  
ماهـيب لا ضاقـت من الهـم باحـت<br />,
<br />,
على كثر ما شفت ضيقات وجروح<br />,
لا الوجه متغـيّر ولا العـين صاحت<br />,
<br />,
أبـشـّرك .. بـشـارة الـروح للـروح<br />,
تـبي تطـيّحـني اللـيـالي وطـاحـت<br />,
<br />,
هـذا أنـا والـوجـه باسـم ومـشـروح<br />,
وجهٍ بروقـه لمعـظم الناس لاحـت<br />,
<br />,
كم محزم ٍ بنى على شـوفه صروح<br />,
وكم نفس من طارف عطاه استراحت<br />,
<br />,
ألله وهـبـنا عـز و امجـاد و طمـوح<br />,
وذكـر ٍعـلى جـدران الايـّـام ناحِـت<br />,
<br />,
هذي مراجل ماهي بضحك ومزوح<br />,
ماهي شموعي لا ضوا الصبح ساحت<br />,
<br />,
الصـفح خصله والفخر ماله صـفوح<br />,
والحزن لا سيطر على الروح ناحت<br />,
<br />,
بعض الجروح تجي لك شوي وتروح<br />,
وبعض الجروح ان جات ماعاد راحت<br />,
<br />,
,
وقـّت الساعة حسب توقيت الاحباب المحلّي<br />,الزعل ماهو دموع  
ياخـفوق ٍ مايهاب البحـر ضـيقه واتـسـاعه<br />,
<br />,
ويا نجوم الليل لاغاب السهر في العين طلّي<br />,
لين نور الصبح باكر يسطع فـْ وجهي شعاعه<br />,
<br />,
ويا قـريحة شاعـر ٍ فـكره من اللهـفه مـولّي<br />,
علـّمي حـسّادي ان الشـعـر إبـداع وبـراعه<br />,
<br />,
وزّعـيني في قـلوب النـاس وانا في محـلّي<br />,
يـكـفي انـّي فـرد واحـد وتـّأثــَّر به جـماعه<br />,
<br />,
صادق الإحـساس لو إنـّه ورا ضلع ٍ معـلّي<br />,
ياصل لجمهوره الواعي بلا صحف وإذاعه<br />,
<br />,
والزعل ماهو دموع وضيقه وحسره ياخلّي<br />,
ومن يقول انه دموع وضيقه وحسره.. إشاعه<br />,
<br />,
الزعـل بين الحـبايب مثل لحـظات التجـلّي<br />,
فـرصة التـفكـير يا للوصـل والاّ للـقـطاعه<br />,
<br />,
واللـيالي مـن سـنين العـمر تاخـذ ما تخـلّي<br />,
من نشر فيها شـراعه لازم ٍ يطوي شراعه<br />,
<br />,
واللـقا مثـل القـناعـه .. كـل مازادت تـقـلّي<br />,
والفقير ان مات عذره مات من كثر القناعه<br />,
<br />,
والمفارق .. مثل طاري الموت ماعنّه تخلّي<br />,
مؤمـن به حـق إيـمـاني ولا ادانـي سـماعـه<br />,
<br />,
ويا حبيـبي لا تـلوم انـسان من طبعه يـزلّي<br />,
ما خلقه الله رسـول ولا جعـل عنده شـفاعه<br />,
<br />,
في الـزعل إرفـق عـلينا بالدلال وبالـتـغـلّي<br />,
وان سمحت العفو عند المقدره والإستطاعه<br />,
<br />,
وان بغـيت البعـد قلت البعـد قال شـْ فيك قـلّي<br />,
قلت ويش اقول ماعندي على الفرقى مناعه<br />,
<br />,
كنت احسب اني شـجاع ٍ لايهـاب ولا يولّي<br />,
واثر يوم البعـد مايـنفـع شجاع ولا شـجاعه<br />,
<br />,
قال شكـلك تبغي الدعـوى مسـرّات وتـسـلّي<br />,
وانثـنى ما عاد له في شوفـتي شفّ وْطماعه<br />,
<br />,
قـلت له يا كامـل الأوصـاف أنا طـالـبك باللي<br />,
ملـّكك روح الضعـيف وعلّمك سـمع ٍ وطاعه<br />,
<br />,
دامك اخترت الفراق وجزت من بعضي وكلّي<br />,
إخذ عـيني واخذ عـقلي واخـذ خـفاقي وداعه<br />,
<br />,
قال : ليه ؟ وقلت عيني لاجل دمعـاتي تهـلّي<br />,
يمكن اذا شـفـت دمعي يحـزنك كثر اندفاعه<br />,
<br />,
واخذ عقلي لاجل تدري كيف منـّك ما يملّي<br />,
كيف طـيفـك في خياله كل وقـت وكل ساعه<br />,
<br />,
واخـذ خـفـّـاقـي مـعـك لله فـي لله .. يـاللي<br />,
مادريت بقـيمته عندي سـوى لحظة وداعه<br />,
<br />,
وكـان لا هـذا ولا هــذا ولا هــذا حصـل لي<br />,
الفـقـير ان مات عذره مات من كثر القـناعه<br />,
<br />,
,
قـم علّم الصبح ويش البارحه قـلنا<br />,السـالفــه  
خـلّه يـقـول لعـواذلـنـا تـصــــافـيـنـا<br />,
<br />,
حتى يـعـرفـون يـوم انـّه تـزاعـلـنا<br />,
نـبغـي نـزوّد قـهــرهـم لا تـراضـيـنا<br />,
<br />,
حـنا شـربـنا الـغـلا حـتى تـمـايـلـنا<br />,
من نـشوة الحـب تـدفـعــنا خـطاوينا<br />,
<br />,
نكسب تعاطـف هل الحـب بتعـاملنا<br />,
وهــروج حـسّـادنـا ما أثــّرت فـيـنا<br />,
<br />,
ياما وياما حـكـوا لـكـن .. تجاهـلنا<br />,
تـلامـس احـساسنا يسـبق خطاوينا<br />,
<br />,
من بـدّهـم في الـوفـا حـنـّا تـأهـلـنا<br />,
كـسرت يـدين الـتجافي من تسامينا<br />,
<br />,
يابحر كان انت في موجك تساهلنا<br />,
في الحب نبحر ونمسي في موانينا<br />,
<br />,
روض المحبّين محمي في مداهلنا<br />,
وزهور الاشواق تنبت في مراعينا<br />,
<br />,
حنا الشـرف والنـقا ونشرّف آهلنا<br />,
عـن الـرذيـله على الـنايـف تـعـلـّينا<br />,
<br />,
يا ضـامي الحـب أروتـنـا مناهـلـنا<br />,
إذا طـوانا هـجـير الـبعــد تـسـقـيـنا<br />,
<br />,
والسـالـفـه كـلّها .. يـومٍ تـزاعـلـنا<br />,
كلّه على شـان يقـهـرهـم تـراضينا<br />,
<br />,
,
ياعرب ترى المكارم والمروّه<br />,السـمـو
سـيف عـز فاللـقـا ما هو بحـاكل<br />,
<br />,
والسمو الى جهـل قيمة سموّه<br />,
ما عرف فرق التوكل والتواكل<br />,
<br />,
والرجـل مـع رفيـقه أو عـدوّه<br />,
شيمته هي شيمته ويقولها كل<br />,
<br />,
قالها ياصـاحـبي والـيوم قوّه<br />,
والله انـّي كم سنه وانا متواكل<br />,
<br />,
الحقيقه واضـحه من دون انوّه<br />,
تاكل الغيره مثل ما النار تاكل<br />,
<br />,
والمشاكل تهدم جسور الأخوّه<br />,
هذي كلمة حق من راعي المشاكل<br />,
<br />,
,
لو نقـول ان الـمراجل مالـها رجّـال غيـره<br />,السمـو والمـعالي
العـفـو يـارب .. لو قـلـنا كـذا قـالـوا تـعـالي<br />,
فيه غيره بس نـخـتاله لـوحـده في الجزيره<br />,
مثلما يخـتال راعي الذود سحـبٍ من خـيالي<br />,
هو نمـوذج للعـدل والـدار بافـعـاله جـديره<br />,
من مراجـل سـيّـدي تلتـف هـامـات الرجـالي<br />,
شف (دبي ) الـمستبدّه بالحلا و المسـتذيره<br />,
في ظلاله كيف صار لها من كفـوفـه ظـلالـي<br />,
العـوالـي عـسـرةٍ ودروب مرقاها عـسـيره<br />,
والذي ما يسـتلذ العسـر .. ما يرقى العوالي<br />,
يا طموح مْواطـنٍ رجـله على دربـه قـصيره<br />,
وان ذكرك تسوقه الخطوه على روس الجبالي<br />,
وان ذكرتك مالت بيوت القصيد الـمسـتديره<br />,
روسها لي لين اقـول لـْها على شـانه تعـالي<br />,
عادني في الميم الاوّل من جناب اسم الـمغيره<br />,
إكملت من قبل اكمّل (حا) و(ميم)و(دال) تالي<br />,
(حاء) حمد و(ميم) مجد و(دال)دار به منيره<br />,
كل حرفٍ من حروفٍ اسمه على القيفان غالي<br />,
تـكـثـر بأسـمه قـلايـل .. لان مـدّاتـه كثـيره<br />,
ولان أوصـافـه كثـيره .. لكن امثـاله قـلالـي<br />,
ماهو بطير السعد ، لا والله الا السعد طـيره<br />,
علـّم اصحاب السمو وعلـّم اصحاب الـمعالي<br />,
يفهمون ان الـمكارم كـنز وامجاد وذخـيره<br />,
حطـّها الله في يـديـن القايـد الرجـل الـمثـالي<br />,
حطـّها الله في يدين ( محمد ) وهلـّت وفـيره<br />,
وارتـوت منها الشـعوب و ربّـعت منها المفالي<br />,
من صنع للدار عِـز و من بنى في البحر ديره<br />,
يستحـق يقـال فيه مْن الـثنا مالا يقـالي<br />,
حـاكـمٍ كـفـّه واصـابعـها سـنـابلـها بـخيره<br />,
أنجزت في ظرف ليله صـرح يحتاج لليـالي<br />,
سنبله تبني عَـمار وْسنبله تغـني فـقـيره<br />,
وسنبله ما تعتـرف باللي يسمّـونه مـحالي<br />,
والنجاح اللي بـزغ ماهوب منقـطعٍ نظـيره<br />,
الا مـاله .. لا نظـير وْ لا حـلـيّ وْ لا مثـالي<br />,
البحر والـموج والحلم ومعانيه الخـطيره<br />,
من صـفاته كلها .. ولا يقـول ان كلّـها لي<br />,
فيه غِـيره للوطن والدين .. ولا فيه غـيره<br />,
من يسـولف كل مجد بعـزّته والراس عالي<br />,
كل يوم نشوف صرح ٍ يلهم العقل ويحـيره<br />,
يعني التـكرار ماله في مخطـطـها مـجالي<br />,
والثنا والحـمد للي كل مـسلم يسـتجـيره<br />,
واليٍ ما فيه غيره في السما والأرض والـي<br />,
ثم ابو راشد خـويّ الشعب محمود السريره<br />,
دامـه الله للمواطـن والوطـن فيّ وْ ظـلالي<br />,
كل خطـوه من قدم رجله لها مجـد ومسيره<br />,
وكل كلمه من فمـه فخـر وطموحات وأمالي<br />,
يا سليل الـمجد تكفـيني عن اشياءٍ كثـيره<br />,
إنت ابويه وانت عمّي وانت اخويه وانت خالي<br />,
خذت م الشهر الفضيل ايّامه العشر الأخيره<br />,
وخذت م العـشـر الأواخـر ليــلةٍ غيـر الليالي,
,
الهَرج فضـّه والذهب ما يشبهه غير السكـات<br />,الشـاعر اللـي
والطيّـب آقـدّر سـواليفه واحـسّب منطـقه<br />,
<br />,
والشاعر اللي ضاقت بوجهه وسيعات الجهات<br />,
وش فيه شخْـصِيَّـتـْه مهتزّه ولا عنده ثقـه<br />,
<br />,
حنـّا سرجنا الريح .. لا تفخر بسرج العاديات<br />,
وشوف الزمـان اللي يسابقـنا قدرنا نسبـقه<br />,
<br />,
ولا نـحـب الثرثـره والـمعـمـعـه والإلتفـات<br />,
والكذب ليله ينجـلي والحق شمـسه مشرقه<br />,
<br />,
ما يـصنع الإنـجـاز رجّـالٍ بلا عـزم وثـبـات<br />,
الانـجاز يبغى له جبـينٍ يـروي الخـد عـرقـه<br />,
<br />,
طموحنا يسمو على بدع القصايد في البنات<br />,
واكبر من بيوت القصيد اللي على صدر ورقه<br />,
<br />,
حنـّا نفـكّر نجـمع التاريخ من بعد الشتات<br />,
وانته على الـماضي عيونك كل يوم مْبلّقـه<br />,
<br />,
الاسـماء والألقـاب والتقدير وانـواع الصفات<br />,
ينعـم بها ربّي على عـبده واذا شـاء ارزقـه<br />,
<br />,
واعذب من النهرين نهر النيل أو نهر الفرات<br />,
طـمـوح رجّـالٍ تـحـدّاه الـزمـان و حـقـّقـه<br />,
<br />,
لا ترتـفع يا طـيرنا بيـن النجـوم السـاريـات<br />,
ويعاندك صلف الهوى والشمس ريشك تحرقه<br />,
<br />,
لا تحـسب انّك معجزه .. إلا خليفة معجزات<br />,
تراك إنـسانٍ ذنوبـه كـل ما امـسى تـورقه<br />,
<br />,
وْلا تفلك البندق ما دام انّك تهاب الإنفـلات<br />,
تركـت للرعـيان ما يـصمل ويفـلك بنـدقه<br />,
<br />,
وانا اعرف عيال الفقارى واعرف عيال الذوات<br />,
مثل البحر يغرق عباد الله وهي ما تـغرقه<br />,
<br />,
أبوي علـّـمني ما اسولف غير بالشيّ الثـبات<br />,
لو موتتي بالسيف والبندق وحبل الـمشنقه<br />,
<br />,
ياليت ما انت بْحَرف في غصن شْجَرَة سَبْع اللغات<br />,
إللي تـقـول جـذورهـا للنـصر لا للـتفرقـه<br />,
<br />,
ياليتك اللي مت واللي مات للحـينه ما مات<br />,
وعساك فدوة سندسه وْديباجته واستبرقه<br />,
<br />,
,
والله لخـلي السنين الـماضـيه تعـني<br />,الصاحب الـمعني
ووادع النـاس وارجـع وآخـذ الـمعنى<br />,
<br />,
يمكن حـبيبي إذا غـنـّيت يسمعـني<br />,
قبـل البـحر ياقـلوب الشوق تبـلعـنا<br />,
<br />,
اللي خـذانـي وعـيّـا ما يـرجّــعــني<br />,
والـدرب مجـهـول والتفـكير ضيّـعنا<br />,
<br />,
يدفعـني الشوق لـمـواصله يدفـعـني<br />,
تـبادل العـشـق هو سـبّـة دوافـعـنا<br />,
<br />,
تدرون قلبي على هجـره ما طـاوعني<br />,
الـنـاس تـعـذل وحـنـّا ما تسـمّـعـنا<br />,
<br />,
لا قلت احبّه تراه الصاحب الـمعـني<br />,
واللي مع الـهـجر طبعاً ماهـو بْمعنا<br />,
<br />,
لا قال دعـني وانا ما قـلت له دعـني<br />,
ياليـن سـالت من الفـرقـا مـدامعـنا<br />,
<br />,
حتى في يـوم الـمـوادع يوم ودّعني<br />,
بكـت جمـيع اللـيالي مـن مـوادعنا<br />,
<br />,
الله يـمتـّعـك بلـقـاي و يْـمتّـعـني<br />,
والقـاك والسحب تمـطر من تمتـّعـنا<br />,
<br />,
,
كل اتـصالات الغلا في خافـقي مـشبوكه<br />,الغـول و العنـقاء
لانّي اتصلت بخافقك وانته تبي تشبكني<br />,
<br />,
واكثر أحاسيسي للجْنَة خافـقك متروكه<br />,
وكانك متنـّك لا تزيد الهَـمّ وتْتَـنّـكني<br />,
<br />,
ضمّك خفوقي مثل ما ضم الفضا مَكـّوكه<br />,
واقفيت مثل الغول والعنقا والا السِكني<br />,
<br />,
اللي من اوّل أحسب لْهم في الحياه اضحوكه<br />,
حتى عرفـتك يا معـذّبنـي ويا مربكـني<br />,
<br />,
تـجارب الأيّـام منها مـهـجـتي معـروكه<br />,
عرّكـت نفسي يا حبيبي قبل ما تعركني<br />,
<br />,
أفكـّر بْعقلي وخِطـّة سيـرك الـمحـبوكه<br />,
وتـعالـج الأيـّام وادركـها قـبل تـدركـني<br />,
<br />,
يبرك رديّ العزم من حمله لو انّه شوكه<br />,
وانا ثـقيل الحِـمل في كـتـفي ولا برّكـني<br />,
<br />,
ولا لقيت ابواب حبّك يالغلا مـصْـكوكه<br />,
ماني بْكاشـف سَـدّي لخـلق الله الا بَكـني<br />,
<br />,
ترى مـصابيح السحر تحت يدي مـفروكه<br />,
وانا ماني بْـمصباح لجل انّك تجي تفركني<br />,
<br />,
لي مـحـزمٍ ماهو يلين وْ بنـدقٍ مفـلـوكه<br />,
مـشاعري متـرابـطـه وشلـون با تفـكـّكني<br />,
<br />,
من كثر تصريـحاتك اللي فالغـلا مشكوكه<br />,
حتى الهبوب اللي تـحرّك ثوبك تْشكـّكني<br />,
<br />,
ومن يوم شفتك تنسج العذر الردي وتحوكه<br />,
وآنا مْـقـرّر أتـركــك قـــدّام ما تـتـركـني<br />,
<br />,
لو كل غـايه تشتهـيها نفـسنا الـمـدروكه<br />,
كان ادرك الراعي طموح الشيخ يا مْهلـّكني<br />,
<br />,
يفداك ما تملك جيوب اللي عشقك وْبوكه<br />,
هذي مـقـوله كـثر ما ردّدتـها تـضـحـكـني<br />,
<br />,
أنا ملك عاشـق ونفـسي للغـلا مـملوكـه<br />,
أمـلك قـلوب الـمرهـفين وطيبها يملكـني<br />,
<br />,
,
أنـساك كـلـمه مالها أيّـة وجـود بمـرجـعي<br />,الفصـول الأربعـة  
والقـلب لا منـّه نوى غـيرك حبـيبي بامنعـه<br />,
<br />,
تـنتـابني ذكـراك مابين الوعـي واللاوعـي<br />,
ما كنـّك الاّ بحر حلمي والمشاعر الاشرعه<br />,
<br />,
من وين تطلع كنّك الاّ تقول ياشمس اطلعي<br />,
يتـنفـّس الفجر بنفس حسنك ويشرق مطلعه<br />,
<br />,
مع ان فرعك لو رميت الشمس به عيّت تعي<br />,
إن الـدجـا يسـري لها من دون ما تـتوقـّـعـه<br />,
<br />,
إن الـدجـا يكـنز عـبيره للـنسـيم المطـلعـي<br />,
كلـّه على شان النسـيم المطـلعي يلعـب معه<br />,
<br />,
يمتد ليلي واشعـلك شمعة غلا بين اضلعي<br />,
ويمر بي طيفـك ويتـناثر بصـدري واجمعه<br />,
<br />,
تحـتاج تتعـبني وانا أحـتاج لك وانته معي<br />,
بعض المشاعر تتعـب المشـتاق لكن ممتعه<br />,
<br />,
موقـعـك من قـلبي تدلـّه بس حـدّد موقـعي<br />,
وبعـدين خذ قـلبي وفي دنيا غـرامك ضيّعه<br />,
<br />,
وان طاب لك شوقي وطاب لصوت همسك مسمعي<br />,
القلب لك والشوق في عروقي بكيفك وزّعه<br />,
<br />,
القلب ملكك والفصول الأربعه من مطمعي<br />,
دام التـقت في مبسمك كل الفصول الأربعه<br />,
<br />,
,
لاتـحاول تعـيد بدمعـتك ما مضى<br />,القضا بالقضا  
ماتداوي دموعك جرح طول البعاد<br />,
<br />,
إنتـهى الحـب ياللي بيننا وانقـضى<br />,
ولا بقى لك بقلبي غير ذكرى وداد<br />,
<br />,
كنت اجيك بخفوقٍ فيه حبّ ورضا<br />,
وكنت انته حبيـبي غايـتي والمـراد<br />,
<br />,
وكنت اشوفك حياتي جوّها والفضا<br />,
وكنت يومٍ تغيب آموت همّ و نكاد<br />,
<br />,
بس خذها بصراحة القـضا بالقضا<br />,
ذوق كاسٍ شربته منك إسمه عناد<br />,
<br />,
يرفض القـلب مثلك به ودادٍ حـظا<br />,
دامه انـسان مثلك قطعةٍ من جماد<br />,
<br />,
ما تعيش المشاعر في خفوقٍ فضا<br />,
كيـف تبـني ودادٍ له عـنادك عماد<br />,
<br />,
يا فقير المشاعـر ، ياشتات الشظا<br />,
المحـبّه بوادي ، وانت والله بـواد<br />,
<br />,
,
يا شوق عيني عقب شوفتك ضميا<br />,الـمـورد واحــد
عــزّي لـصـبٍ ضـــامـيـات اعـيـانـه<br />,
<br />,
تطري له اشـيا من فـراقـك أشـيا<br />,
مجـبــور يـتـركـها تـحـت ضـلـعـانـه<br />,
<br />,
إن غضّ جفنه جاب طيفك طريا<br />,
وشـلـون تـغـضـي بـالـمـنـام اجـفـانـه<br />,
<br />,
ما شـاف لك بيـن الـبـرايـا حـليا<br />,
يا غـربـتــه .. ودروبـه .. وعـنـوانــه<br />,
<br />,
عـين الغـلا يانـور عـيني عـميا<br />,
ما يـنـظـر الـعــاشــق عـدى خـــلاّنـه<br />,
<br />,
ان غبت عن عيني تضيق الدنيا<br />,
وان جـيـتـنـي سـاق الـفـرح ركـبـانـه<br />,
<br />,
أموت بك ياروح روحي واحـيا<br />,
يا مـنــوة الـقـلـب وصــدى حـرمـانـه<br />,
<br />,
ليت العـمـر تـقـبل سنينه عـطيا<br />,
واعـطيك من عـمـري جمـيل ازمـانه<br />,
<br />,
عـيّت سـنيـني يا حبـيبي وعـيّـا<br />,
صـرف الدهـر يجـلي سـحاب احزانه<br />,
<br />,
عـيّت وانـا روحـي بحبّـك ملـيا<br />,
والـعـيـن بـك يـا صـاحــبـي مـلـيـانـه<br />,
<br />,
لا تطري المقـبل قـبل ما اتهـيـّا<br />,
وتـزيـد في صـدر الـغـريـم اشـجـانـه<br />,
<br />,
مـادام لك بيـن الـحـــنـايـا ريـّـا<br />,
خل (الوصل) يخطب (رياض) اجنانه<br />,
<br />,
خلّ العـمر ياروح روحي فـيـّـا<br />,
ويـجــر في حـســـنـك بـديـع الـحـانـه<br />,
لك حسن يخجل من بهاه الضيّا<br />,
سـبـحان من صاغ الحـسـن سـبحانه<br />,
<br />,
الزيـن ما زادت بـزيـنـه لازيـا<br />,
زايــــد بـزيـنـه .. لان زوده زانـــــه<br />,
<br />,
الفـرع وارد والمـوارد ( لمـيّا )<br />,
ما تـنـــــــورد واطــرافــهـا ريـّـانــه<br />,
<br />,
في نشـرها نشر الـورود العـذيا<br />,
والـنـحـر مـنها واضـحـات الــوانــه<br />,
<br />,
والثغر صارت له وصوفٍ عصيا<br />,
يـوم اجـتـمـع ثـلـجـه عـلى نـيــرانـه<br />,
<br />,
بيـن البَـرد والجـمر صارت لقيا<br />,
كـيف التـقت لاضـداد فـي بـسـتـانـه<br />,
<br />,
هذا وانـا عـيـني لشـوفـته ضـميا<br />,
عِــزّي لـصَــبٍ ضـامـيـات اعـيـانـه<br />,
<br />,
,
جيتك على الموعد ولا جيت<br />,الـموعـد
وش عـن لـقـانا مانـعـنـّـك<br />,
<br />,
كنـّك عـن الموعـد تخـلـّــيت<br />,
يا ويــل ياللي عـاشـقـنـّـك<br />,
<br />,
ليتك لصوت المغرم اصغيت<br />,
أوتـار صـوتـه يـعــزفـنـّـك<br />,
<br />,
كل حرف منّـك يسـتوي بيت<br />,
واربـع حـروفٍ ينـطـقـنـّك<br />,
<br />,
ياما على شـانـك تـحـدّيــــت<br />,
سـود اللـيالي واسـهـرنـّك<br />,
<br />,
منـّك أنـا لا حـيّ لا مـيــــت<br />,
لا مـيّـــت وْ لا حـيّ مـنـّـك<br />,
<br />,
يـوم بـنـظـر عـيني تـربـّيت<br />,
وامـرت بامـرك طايـعـنـّـك<br />,
<br />,
ليـش الـتغــلـّي والــتعـنـّيـت<br />,
آهـات صـدري ما كـفـنـّـك<br />,
<br />,
لونـك تـبـاعـدت وتقاسـيت<br />,
لك في المحبّه عكس ظنـّك<br />,
<br />,
إن كان لي يـوم وتمـنـّـيــت<br />,
شـوفـة عـيـونك طالـبـنـّـك<br />,
<br />,
,
الصـمت نعـمه والتواضع فضـيله<br />,الناس بالإحسـاس 
والكون له خالق و في الأرض حكـّام<br />,
<br />,
والمجـد غـايـه والجـمايـل وسـيله<br />,
والمـوهــبـه للـروح تعـبـيـر والـهـام<br />,
<br />,
واللي يـدوّر حـاجــةٍ مـسـتـحـيـله<br />,
لابــد ما يـجـزع مـن الـنــوم لا نــام<br />,
<br />,
قـد لي ثـلاث ايّـام ما نـمـت لـيـله<br />,
مـع ان عيـني من سـهـرها لها عـام<br />,
<br />,
لو كـنت ادوّر للـبـيـوت الجـمـيـله<br />,
شـبّعـت عـطاش الورق حبر الاقلام<br />,
<br />,
مانـي بـمـن يكـتـب لـقـالـه وقـيـله<br />,
أو طـامح بتصفـيـق ودروع ووسـام<br />,
<br />,
غـيّر مـلامـح دفـتـره مـن مـزيـله<br />,
يـاما كـتـب مـيــم ٍ ويـاما كـتـب لام<br />,
<br />,
إن غـاب عـنـّك قـلت ياعـزتـي له<br />,
وان زاحـم الـشـعـّار ما سـبب زحام<br />,
<br />,
وانا لو اكـتب لي قـصـيده طـويـله<br />,
أصـوّر التـعـبـير تـصـويـر الافـلام<br />,
<br />,
أشعـل سـما الابـداع نـار وفـتـيـله<br />,
وازرع مـساحات المـعاني بالالـغام<br />,
<br />,
واشـفي عـذابـات الكـبود العـلـيـله<br />,
واغـيّـر انـشـاءات ..واكـسّـر ارقـام<br />,
<br />,
أجيـب روس الكـامـلات الجـزيله<br />,
صـناعـتي ماهي صـناعات الاعلام<br />,
<br />,
والا الضعيف أبو المعاني الهزيله<br />,
ماهـو موصّـلها ولو يركـض اعـوام<br />,
<br />,
أمّا الثـقـيل .. أبو المعاني الثـقـيله<br />,
يـبغي له اربـع خمـسـة سـنيـن قـدّام<br />,
<br />,
أنا كـذا .. ما لي مع الشعـر حـيله<br />,
كـلما كـبرت اشـوف حـسّادي اقـزام<br />,
<br />,
ياهاجـسي باوصـيك ولك الدلـيله<br />,
رح بـلـّغ اللـي عـايـشـيـن ٍ بالاوهـام<br />,
<br />,
قـل للـبخيـل اللي يـمـيـنه بـخـيـله<br />,
تـرى حـيـــاتـه كـلهـا .. عــدّة ايـّــام<br />,
<br />,
أعطي العـطا لو هي بحاجه قليله<br />,
على الأقـل يـقـال من نـسـل الاكـرام<br />,
<br />,
ويا دمع خـلّك في العـيون العليله<br />,
بْـجـاه مـن صـلّى لـربـه ومـن صـام<br />,
<br />,
لا تـنـتـثـر على الخـدود النحـيـله<br />,
وتهـتـز لك حـكـّـام .. وعـيـال حكـّام<br />,
<br />,
حنـّا عـيـال العـود راع الجـزيـله<br />,
حـنـّا بـني الـســؤدد ومن لام يـنــلام<br />,
<br />,
تـطـْوَل قـوايـمـنا مـع كـل عـيـله<br />,
وتحـني قـوايـمـنا على دموع الايـتام<br />,
<br />,
لاتـقـول يا حـلوه ولا يـا حـلـيـله<br />,
ذولا بـشـر .. ربّي مـقـسّـمهـم اقـسام<br />,
<br />,
خذا عوافيهم .. وحصّل حصيله<br />,
واعـطى لهم صـبر وتـباشـير واحلام<br />,
<br />,
وقل للمعاق اللي ماتمشي رجيله<br />,
الـناس بالإحـسـاس ماهـي بالاجـسـام<br />,
<br />,
وترى أحاسـيس الخفـوق النبيله<br />,
تـوصّـل اللـي مـا تـوصّـله الاقـــــدام<br />,
<br />,
,
لي صاحب من اوّل إذا قمت اناديه<br />,أول انسان احبّه 
الشوق من بين المحاني يشبّه<br />,
<br />,
تقول لي لبّيه .. لبّيه .. لبّيه<br />,
وانا اتفدّى به مع كل لبّه<br />,
<br />,
واليوم شكله ضايق ٍ ما اعرف ش فيه<br />,
من الوصل ريح المفارق تهبّه<br />,
<br />,
لو كان ضاق بسبّه .. اجيه وارضيه<br />,
المشكله ضايق ومن دون سبّه<br />,
<br />,
ياهيه .. يامغرور .. ياهيه ياهيه<br />,
هذا ترى ماهو نظام الأحبّه<br />,
<br />,
لو قالوا العذال وش إنت تبغيه<br />,
أبغيه رمز ٍ للوفا والمحبّه<br />,
<br />,
أبغيه دايم كل ما مر طاريه<br />,
أغيض به عذالي اللي تسبّه<br />,
<br />,
سولف معي لكن من دون تشبيه<br />,
ما بيني وبينك شبه لا تشبّه<br />,
<br />,
إنته تقول انا آخر انسان تغليه<br />,
وانا أقول انت اوّل انسان احبّه<br />,
<br />,
,
بـعـيـد تـاركـنـي أدوّر لك اعــذار<br />,بالمخـتصـــر
على الغـيـاب وصـدّتـك وانـعـزالك<br />,
معـقـول ما جالك على الـبال زوّار<br />,
اللي عطالك فـرحته ما طرى لك ؟<br />,
شهـرين واسـراب الغـلا مالها دار<br />,
تاهـت وهي تبحث في غابة خيالك<br />,
ماتـدري ان مـفـارق الـخِـل جـبّـار<br />,
وان الفـراق اكـبـر سـبـب للـمـهالك<br />,
وانا وحـيد وما مـعي غـير تـذكـار<br />,
لو تـنـشـده عن حال خلّك حكى لك<br />,
كانت حياتي قـبلك دروب واسـفار<br />,
حتى ملكـت اللي بقـى في وصـالك<br />,
حـبيـبك محـطـّم جـروحٍ ومـنـهـار<br />,
حاله عـليك مْن الـوله عـكس حالك<br />,
قـبـلك أنا وسهـيل والجـدي سـمّـار<br />,
نـشـرح تغـنـّجـك وحـلاك و دلالك<br />,
نسـيـتني في الليل ونجوم الاسـحار<br />,
قـيـّـلـت مـا لي مـرقــدٍ فـي ظـلالك<br />,
خلّـيتني أتعـب على جـزل الافـكـار<br />,
قلت القـصيد وقـلت لك طـاب فـالك<br />,
نـقـلـت قــدّام الـعـدد كـل الاصــفـار<br />,
وحطـّيـتـني رغـم الفـقر راس مالك<br />,
أنا غـريب الدار .. غـريب الاطـوار<br />,
بالمختصر أنقذت لك شخص هالك<br />,
والحين من شهرين من صار ماصار<br />,
وانا اتـمـنـّـى يا حـبـيـبـي ســـؤالك<br />,
بالله .. ما جـيـتـك عـلى الـبـال زوّار<br />,
طـيفـي دخـيل الله ما قـد طـرى لك,
,
صـغت المعاني من بحـور الهواجيس<br />,بـحــور  
واخترت منهن من صفا نقـو الالماس<br />,
<br />,
بيـوت شـعـري يسـبـقـنـّي مـرامـيـس<br />,
وبهن أحرّك نبض قـلبي والاحـساس<br />,
<br />,
سايـرتهـن يـوم الخـلايـق مـنـاعـيـس<br />,
ونظمت نظم القاف ساسٍ على ساس<br />,
<br />,
واجـدّ في سيري على ضمّر العـيـس<br />,
واسـري بلـيـلـه سرمـديّـه بالاغـلاس<br />,
<br />,
ما هـمّـني طـول الـمدى والمـراويس<br />,
ضـاري على فعـلٍ يحـيـدونـه الـناس<br />,
<br />,
آغــوص قـوعٍ ما تـجـيـبه مـقـايـيـس<br />,
آخـذ من الـدانـات ما يصيـبـني يـاس<br />,
<br />,
وان هـيّـضـنـّي قايــدات الـمكـانـيـس<br />,
أحـسّ في قلـبي شـرى دقّ الاجراس<br />,
<br />,
أنا الهـواوي ما على الـقـلب تحمـيس<br />,
أطـلق عـنان الشـوق وآقـول لا بـاس<br />,
<br />,
طـبّ الأمـور المقـفـيات الـمـناحـيس<br />,
وانظـر بعـيد وطاول الـنجـم بـقـياس<br />,
<br />,
,
في عـبارات العـيون أشـيا كـثيـره تـسألك<br />,بــرج العــــرب  
دمعـها حـكي وْنـداهـا بَلـّـل الخـَد الـنـدي<br />,
<br />,
ما قدرت ارضي غرورك واستحيت آزعّلك<br />,
كلـما لك وانت تـنهـيني وانـا ارد ابـتـدي<br />,
<br />,
دام نظـراتـك مـدارات وْرجـا قـلبـي فـلك<br />,
كم عن برج العرب يبعد مدى برج الجدي<br />,
<br />,
قلـت تـقريباً عـدد ما عـاشـق بحبّـك هـلك<br />,
تقصد الاّ اعد نص جروح قلبي يا بْعدي<br />,
<br />,
قـلت لك لا لا تـرد تـقـول لي ما قـلـت لك<br />,
المشاعر ما تنام الا انت قلت لها ارقدي<br />,
<br />,
وانت يوم الله عطاك احلى الوصوف وكمّلك<br />,
كيف تتركني على شطك وانا قلبي صدي<br />,
<br />,
والله ان عـروق قـلـبـي كـلـّها تـرتـاح لك<br />,
ليتك الاّ مثـل ما خذت بـْيدك خذت بـْيدي<br />,
<br />,
من لمست ايدك وانا اتـفدّاك واتـفدّى هلك<br />,
ما دريت ان الهوى والعشق باللمس يْعدي<br />,
<br />,
,
في حضورك في غيابك ما يغيّر لي مزاجي<br />,بـرج عـاجـي
في كلامك في ملامك ما تكدّر لي طربها<br />,
<br />,
لا تحـسب ان كل قـلبٍ إنعـكاسه كالـزجاجي<br />,
وان ياخـذ كل عـينٍ حسـنك ويعـلن نهبها<br />,
<br />,
كيف اعذرك عقب هجرك وانت برجك برج عاجي<br />,
شفـت نفـسك مثل شمسٍ للنهار الله وهبها<br />,
<br />,
من عطى لك حق تجرح من يقول انّك علاجي<br />,
لا تسولف عن علاجي والجروح انته سببها<br />,
<br />,
لا تـناجـي في عـتابـك العـتـب غـير الـتـنـاجي<br />,
خذ مقامـك باحـترامك لا تـبيّـن لي عـتبها<br />,
<br />,
طال داجي كيف اناجي في الهوى شخص احتجاجي<br />,
صار قدره مثل عذره يشبه ذنوب ارتكبها<br />,
<br />,
لا تلاعـب بالمشاعـر دام بحـر الشـوق هاجـي<br />,
المشاعر نبض شاعر والحظيظ اللي كتبها<br />,
<br />,
وانت ياللي صرت خلّي إحذر اقوال المـداجي<br />,
قال كلمة لوم لكن ما عرف كيف يحـسبها<br />,
<br />,
وان صفـينا والـتـقـينا لا تـكـدّر لي مـزاجـي<br />,
خذ مقامـك باحـترامك لا تبيّـن لي عتبها<br />,
<br />,
,
هاتوا لي البنتـلي لو في طـرف سكـّـه<br />,بعـلبـك
أبغي أطـالـع حبيـبي ع البلـكونه<br />,
<br />,
لو سهم عينه بقلبي صوّب وْشكـّه<br />,
ما ارد دونه لو ان الـموت من دونه<br />,
<br />,
أقلب ( بعلبك ) لو يامر بعـلبـكـّـه<br />,
وارض الكـنانه عشانه أرض مكنونه<br />,
<br />,
رمـشه يهـودي ولكـن قبلته مـكـّه<br />,
له رمـش كـافر لو الإسلام في عيونه<br />,
<br />,
كم درهمٍ من ذهب هارون ما سكـّه<br />,
وْكم درهـمٍ زاد سعره لجل هـارونه<br />,
<br />,
بشري بـمليون لكن ما معي فكـّـه<br />,
من يقـدر يفـك والـمليون ملـيونه<br />,
<br />,
ويا صاحبي لا تبيع الجبن في عـكـّـه<br />,
الجبـن أكثر أهـل ( عكّـه ) يبيعونه<br />,
<br />,
والشعر أماشيه بعض احيان وآدكـّه<br />,
عاقـل ولكن بيـوت الشعر مجـنونه<br />,
<br />,
كل الـمزايين لـوْل .. وْخـلّي اليكـّه<br />,
واليـَك يفرق حـلاه وْ وزنـه وْلـونه<br />,
<br />,
يا معشر القوم آنس في الحشا تـكـّه<br />,
حسبي على اللي بقلبي وثـّق طعونه<br />,
&nbsp;,
,
يا صـباح النـور .. من بعد العتيمه<br />,بُـن وْ هيـل وْ تـمر
ويا صباح النرجسي من بين ثمره<br />,
<br />,
وياصـباح الخيـر والـورد وْنـسيـمه<br />,
ويا صباح العـود الازرق فوق جمره<br />,
<br />,
ويا صـباح العـِز جعـل الله يـديمـه<br />,
من بعـد ليـلٍ خـذيـنا فيـه سمـره<br />,
<br />,
أعظم الاحساس للناس العظيمه<br />,
وللـعـقـل زمـره وللـخـفـّـاق زمـره<br />,
<br />,
والوصـل يا صاحبي مثـل الغنيمه<br />,
ليه تنـسى واحـدٍ معـطيك عمـره<br />,
<br />,
الغـلا مثل الندى والشوق ديمـه<br />,
وانت بُـن العـاشق وْهـيله وْتمـره<br />,
<br />,
والولـه ماهـو بنـصـر وْلا هـزيمـه<br />,
ما انت قادر تهـدمـه حتى تعـمره<br />,
<br />,
الوصـل من بيـننا ماهـو جـريمـه<br />,
الوصـل بامـر الولـي والهـجر بامره<br />,
<br />,
والخجل في خدودك البيض الحشيمه<br />,
كاسيٍ لون البيـاض شويّ حُمـره<br />,
<br />,
تدمع عيوني من الذكرى القديمه<br />,
والحزن ينساب في القلب ويغمره<br />,
<br />,
شوف قلبي نار فرقاك ف صميمه<br />,
جمر فحم وجمر رمث وْجمر سمره<br />,
<br />,
استقم على الدروب المستقيمه<br />,
روح مـكّـه واخـذ لك حـجّـه وعمره<br />,
<br />,
دايــمٍ قـمـرا نـوايــاهـا سلـيــمـه<br />,
ليه قـلبـك ما يـسوّي مثـل قمـره<br />,
<br />,
,
يا الريح ياللي تـنثرين المناديل<br />,بنــات الريــــح  
قلبي بنات الريح عقبك غدو به<br />,
<br />,
قلبٍ تولـّع بالاصايل من الخيل<br />,
اللي لها في كل لـفـتـه عـجـوبه<br />,
<br />,
للخيل عند اهلي مكانه وتبجيل<br />,
على ظهـرها كم بـتـيـلٍ لـفـوبـه<br />,
<br />,
متوارثين السـبق جيلٍ بعد جيل<br />,
من قبل ( قود الفنّ ) يتناعتوبه<br />,
<br />,
قنـّد (يابو راشـد) دلالٍ معاميل<br />,
ما دام نفـسـي للقـوافي طـروبه<br />,
<br />,
لا تطري اللي جدّموا لي مهازيل<br />,
خيلٍ قبل عطب الدروب معطوبه<br />,
<br />,
قالوا خذ اللي سيرها يسبق السيل<br />,
والعاتي الصرصر تناخر هبوبه<br />,
<br />,
وتوشـّحوا خـيلٍ مـداها مـداهـيل<br />,
عزومها فوق الدروب مْعصوبه<br />,
<br />,
هم فضلوا لانفسهم الخيل تفضيل<br />,
واللي فضل عنهم بصدري رموبه<br />,
<br />,
ما لومهـم لو شفـت قـلّ المحاصيل<br />,
من يزرع بأرض الصبخ وش ينوبه<br />,
<br />,
أترك (يابن حرمش) هل القال والقيل<br />,
طب الردي لا تحط دوبـك ودوبه<br />,
<br />,
والله ما اكـذّبـك جـمـله وتـفصـيل<br />,
صادق ولو نظرات غيرك كذوبه<br />,
<br />,
معـزّبـك يقـرا عـيون الرجاجـيل<br />,
يفـطن لهم لو سـرّهـم ما فـضوبه<br />,
<br />,
معـانـس الدنيا على العدل والميل<br />,
اقفر ثرى الساري واسرّي دروبه<br />,
<br />,
واللي يمثــّـل لي محـبّـته تمـثـيـل<br />,
أحـكّ ظهـره ليـن تـظهـر عـيوبه<br />,
<br />,
مابطري اسمه دام من سبّق الخيل<br />,
شـع اوّلـه يـوم آخـره فـارقـوبـه<br />,
<br />,
,
أحب هاجـوس الشعـر من كل نوع<br />,بيـاض التجـربـه
والـنادره تصـبح بي وأمـسي بها<br />,
<br />,
والهامه اللي ما تعرف الاّ الخضوع<br />,
كم في مـياديـن الـشـرف ترتيـبها<br />,
<br />,
مع كـبار السـن .. ياتيـني خشـوع<br />,
واشعـر براحـه ماحـد ٍ يدري بها<br />,
<br />,
كم شايـب ٍ ماهو من الـدنيا جزوع<br />,
مـتـمـرّس ٍ فـيها &hellip; وفـأسـاليـبها<br />,
<br />,
لحـيـتـه فـيها شـيـب لكـنـّه قـنـوع<br />,
شوفوا بياض التجـربه في شيبها<br />,
<br />,
باعـياد ميـلاد البدر ليت الشـموع<br />,
اللي الـبشر فاعـيادها تضحّي بها<br />,
<br />,
ما تـنور لـرجل ٍ في هالدنيا خنوع<br />,
ما تـنـور الاّ للـرجـال .. وطيـبها<br />,
<br />,
واذا الطلوع اصعب على نفوس التبوع<br />,
يامـشـرق احـلامـي ويا تغـريـبها<br />,
<br />,
أنا النزول أصعب عليّ من الطلوع<br />,
ميـزه بعـض الاحـيان ما ودّي بها<br />,
<br />,
وقـّـف هـنا لحـظات خلـّيها سـبـوع<br />,
في الصدر غـنوه ودّي آغنـّي بها<br />,
<br />,
واللي سواتي غنوته جرح و دموع<br />,
بكـيـه .. ولكن مسـتحي يـبكي بها<br />,
<br />,
إذا الخـطا قـدّام .. ياطـيب الرجـوع<br />,
مالت على نـفـس ٍ ما تسـتر عيبها<br />,
<br />,
واذا الوقوف يصير من بعده وقـوع<br />,
الجـلـســــه اللي بيـنهـن يا طـيـبها<br />,
<br />,
ما يـذبحـك من داخـلك إلا ّ الطبـوع<br />,
اللي تـمارسـها .. ولا تـوصّـي بها<br />,
<br />,
أطلـب رضا الله دام قـلبك فـيه روع<br />,
واثني الصلاه اللي تبي تصلّي بها<br />,
<br />,
وضع السجود يشابهه وضع الركوع<br />,
واستحضر الدعـوه قبل تدعي بها<br />,
<br />,
يارب سـبحانك عـساي مْـن الجموع<br />,
إللي عـلى النـار يْـحـَرم تعـذيـبها<br />,
<br />,
القلب في العـشر الأواخر جاك طوع<br />,
ويقول .. سـبحانك يا عالم غـيبها<br />,
<br />,
,
متى ما ينوزن لك بيت لكن يختـفي لك حرف<br />,بيت في حرف
متى كل ما يجي لك حـزن لكن ما تـبي تلمّه<br />,
<br />,
متى كل ما تـشوف العـين عـينك دمعها يذرف<br />,
متى كل ما يجيك صديق خايف من بني عمّه<br />,
<br />,
متى ما زادت حمولك ع ظهرك ولاتروم تخف<br />,
متى ما تنقطف الازهار وريح الزهر ما تشمّه<br />,
<br />,
متى ما هم عزوك الناس حتى عرق جدّك قَـف<br />,
متى يحـتار بـني آدم ما بيـن الـشـك والذمـّه<br />,
<br />,
متى ما اهتزّوا الشجعان بطاري الموت في موقف<br />,
متى ما تـلتـقي الاعـدا تـشوف الـناس ملتمـّه<br />,
<br />,
متى ما يضحـكوا لك ناس لكن بْـحجـاجٍ عكـف<br />,
هـذاك اليـوم بنـي آدم يبـي يتـبـرّا مـن دمـّــه<br />,
<br />,
أحس الشوق لي فيني مثل هذا ويزيده رضف<br />,
إذا المـيعـاد يتـخالـف وهو الميـعاد ما يـتـمّـه<br />,
<br />,
حبيبي لا تزيد البيت ولا لا تنقـصه في حرف<br />,
أنا ويّـاك نتـراضى ونعـيش الـحب في القمـّه<br />,
<br />,
,
بوّاحـة الأسـرار منـقـود مـنـقود<br />,ترنيمــة
لا لا تـكـلّـم باللـسان الطـلـيـقي<br />,
<br />,
ترنيمة النهـونـد وترنيـمة النود<br />,
قام يعزفها حيل وآنا في ضيقي<br />,
<br />,
يا ذا البشر يا راعي الخيل والذود<br />,
كيف الخيانه لي تزين الرفـيقي<br />,
<br />,
ما كنت بعـشقها ولا كنت باعـود<br />,
لين اكتـشفت انّه هواها حقيقي<br />,
<br />,
في مقلتيك انهار وبحور وورود<br />,
لايـق وفـيك الوصف كلّه يليقي<br />,
<br />,
يا معاديٍ للنقـص تسـتاهل الزود<br />,
وآنا لك بسمع الغـرام اسـتريقي<br />,
<br />,
إرحمني بنظره ترى نظرتك جود<br />,
مشاعـري نامـت ولا قـلت فيقي<br />,
<br />,
ضميان قرّب شفـّتك يا سيّد الخود<br />,
أخاف اموت فراق ما ابتل ريقي<br />,
<br />,
صحيح انا محبوب للبيض والسود<br />,
لكن ما غـيـرك لقـلبي عـشـيـقي<br />,
<br />,
إليا فـتحت العـين ألقـاك مـوجـود<br />,
ذكراك ترسم صورتك في طريقي<br />,
<br />,
لا تشعل النارين يا مخصّر العـود<br />,
آنا بلـيّـا عــــود .. زايـد حـريـقي<br />,
<br />,
,
مفروض لا قلت عنـّي سالفه قلني<br />,تعــال واسـألنـي
مع فـعـول الرجاجيـل أذكر اسـماها<br />,
ما ابيك لا انته ولاغـيرك يـجاملني<br />,
أنا اكبر مْن النفـوس وْمن محاباها<br />,
في خاطرك شيّ لي تعـال واسألني<br />,
لا تـحـكم بغـيـب نفـسـك وترضـّاها<br />,
لا تـنـوي انـّك بأسـلـوبـك تـقلـّـلني<br />,
تـرى الله يْحاسـب الـناس بنواياها<br />,
وتراك ما انته بتـفـرحني وتزعلني<br />,
لان الحـقـيـقه حـقـيـقه لو تـناساها<br />,
والفرق بين تجاهـلني .. وتجهـلني<br />,
كبـر البسـيطه من اقـصاها لأدناها<br />,
أنـا اللي عـقـول مثـلك ما تحـلـّلني<br />,
ألله خـلـق خـلـقـه ومـيّـز مـزايـاها<br />,
خـلـقـني بهالـزمان إللي معـلـّـمني<br />,
كـثرت حكايا الرجال وقلّت احلاها<br />,
تـنـزيـل مثـلك لـقـدري ما يـنـزّلـني<br />,
ما كـل حـاجـه تـمـنـّاها با تـلـقـاها<br />,
في عيون بيض الوجوه الله مجمّلني<br />,
أنا احـشـم اشـنابهـا وآدسّـم لحـاها<br />,
لا تـعـتـذر لي ولا ترجـي تواصـلني<br />,
ولا تلحق الذنب مدح وتقصر خطاها<br />,
مـدايـح اللي ســواتـك ما تـوصّـلني<br />,
لو تمطر الأرض ماوصل السما ماها<br />,
&nbsp;,
,
يا آخـر طـموحـاتي وذروة حـنيـني<br />,تناهيت الـمحـبّـه  
تلـبس على فـالك وانا بْـفالي آمـوت<br />,
<br />,
أمـوت في اللبـس الخـفـيّ المـبـيـني<br />,
والشـًّعر لا منـّه تـناثر عـلى الكوت<br />,
<br />,
الـصـوره اللي بيـن خــدّك و بـيـني<br />,
تـقـول يالسـكـّر تعال المـس التـوت<br />,
<br />,
في عـيونـك اللي تحـتها شـامـتـيـني<br />,
خيل العرب في معركة عين جالوت<br />,
<br />,
كـل شـيّ يـتـمـنـّى يـشـاركـك فـيـني<br />,
الأرض والأشجار والبحر والحـوت<br />,
<br />,
يا مبرأك .. يا ما اظلمك.. يا ضنيني<br />,
ما ضاع لك ضايع ولا فات لك فوت<br />,
<br />,
أقسى الرجال ان شاف حسـنك يليني<br />,
واي بنت في جنبك تحوّل لطاغـوت<br />,
<br />,
خـذنـي معـاك .. بـلاك انـا ما يبيـني<br />,
يا شعر ابو راشد ويا سحر هاروت<br />,
<br />,
هـذي امـنيـاتي يا مـبعـثـر سـنـيــني<br />,
الـود ودّي نجـتــمـع لـو بـتـابـــــوت<br />,
<br />,
ودّي أحـطّـك يا حـبيـبي فـي عـيني<br />,
وآسكـّر عـيوني عـليك انت وآمـوت<br />,
<br />,
وادخل معك قـبر الغـرام الحـزيـني<br />,
واسـمع تناهـيت المحـبّـه بلا صوت<br />,
<br />,
,
يا صباح العيد يا الحسن الفريد<br />,تهاني العيد
يا صباح الورد يا عـطر الزهور<br />,
<br />,
يا صباحٍ من سنا وجهـك يزيد<br />,
من محيّاك الجميل ازداد نور<br />,
<br />,
إبتـدا في حـبّـنا عــامٍ جـديـد<br />,
وانقـضى عامٍ تـفاصيله شعور<br />,
<br />,
كل عام وانت لي الحب الأكيد<br />,
وكل عام وإنت في خير وسرور<br />,
<br />,
لك في عيد الحب منّي ما تريد<br />,
لك خفوقٍ به مشاعـر لك تثور<br />,
<br />,
لك غـلا يـجـري بدمّي والوريد<br />,
ما تغيّره السنين ولا الشهـور<br />,
<br />,
ولك تهاني العيد في حرف القصيد<br />,
ولك عنـاوينه وما بين السطور<br />,
<br />,
ويا عـساه يكون لك عامٍ سعـيد<br />,
تحـتفل به بين تـغريد الطـيور<br />,
<br />,
,
ياللي غرامك هـزّني بين الاضـلاع<br />,تـوبـــــة
تـوبه إذا شـقـّيت فـرقاك .. تـوبـه<br />,
<br />,
الله وهبك اوصاف واخلاق واطباع<br />,
تسـبي شماليّ الخفـوق وجنـوبـه<br />,
<br />,
نهيت قلبي عن وصـالك ولا طـاع<br />,
غـلاك تهـمه والـمـفارق عـقـوبه<br />,
<br />,
وْ في كل مصيافٍ وْ في كل مرباع<br />,
وْ في كل وقت وْ كل لحظه ونوبه<br />,
<br />,
من حقـّي اطمع فيك واصير طمّاع<br />,
لو دون وصلك يا حبيبي صعوبه<br />,
<br />,
صحيح من ينهل من الشوق يلتاع<br />,
يـشرب ولا يقطع ضماه بْشروبه<br />,
<br />,
الهـجـر بدعـه عاطـفـيّه والابــداع<br />,
وصلك في ليلٍ يبـتسم لي غروبه<br />,
<br />,
والورد ينبت يوم تمشي على القاع<br />,
والصبح أنفاسـك تعـطـّر هـبوبه<br />,
<br />,
,
لأن الله خلق للمجد من روس الرجال رجال<br />,ثقة زايد
ماهوب كل المتون اللي تزمّ الحمل تقوى له<br />,
ولا يقوى على حمل التعب ويحقـّق الآمال<br />,
سوى ( محمد إبن زايد إبن سلطان ) وامثاله<br />,
يمينه فخر واكرام ويساره عز واستـبسال<br />,
ولا منـّه فـعـل يـشهـد لـه الـتاريـخ بافـعـاله<br />,
ولا منّه وعد يوفي ولا من قال قال وطال<br />,
يعـزّ المجد لا قال ويزيد المنـصب ان طاله<br />,
يقولون الفخر له لو لبس فوق الجبين عْقال<br />,
وانا اقـول الفـخر ماهـوب له الفـخر لعـقاله<br />,
هذاك اللي زرع له فـ القلوب الطيّبه تمثال<br />,
تمنـّت كل نجـمه تـوصـله وتصـير تـمـثاله<br />,
لأن اللي مثـل قـدره ليا منـّه رقـى وانهـال<br />,
يطيح من الثرى صوب السما والنجم يرقى له<br />,
وليا من عوّدت للفخر بالأعـمام والأخوال<br />,
يجـمّـلها من الصـوبيـن باعـمامه وباخـواله<br />,
كثير افضال وشوي ان وصفناه بكثير افضال<br />,
حـشا نفس الفـضايل نفسها ما تعمل اعماله<br />,
إذا الله خالق العِـزّه مراتب والعـباد خصال<br />,
أبااعرف هو بقى يااهل الخصال اكرم من خصاله<br />,
كثيرٍ .. ما بعده الا المطر والغيث والهـمّال<br />,
غـزيرٍ .. ما حـسده الا البـحر والمـوج واهواله<br />,
قويٍ .. ما يهاب من الحدو والخيل والخـيّال<br />,
شـجـاعٍ .. يرعـب قـلـوب العـدو لو إنـّه لحـاله<br />,
إذا عرش البـطوله ما يليق الاّ على الابطال<br />,
من ابطاله إذا إنتم يا ( محـمد ) ما انتم ابطاله !؟<br />,
هنيّالك ثقة ( زايـد ) سند واسم وذرى وظلال<br />,
وهـنـيـّالك على حـمل الـثـقة واسـمك هـنيـّاله<br />,
خذ حروفي وانا ( فزاع ) ما عقب الجزال هزال<br />,
لأنّ الـشـعـر بامـثـالك تصـير هـزالـه جـزاله<br />,
قصـيدٍ ينذبح يفـداك ، تـنعاه الرفـوف اجـيال<br />,
وحـرفٍ ينـولـد لـرضـاك يحـلا لك وتحلا له<br />,
رعودك أكـّدت للغـيم إن اصل المطر رجّال<br />,
سجـودك .. يثـبت ان الـدين يبقى صلب برجاله<br />,
وجودك .. أثبت ان الله خلق للعنفوان اشكال<br />,
صعـودك .. أثـبـت ان اللي تـناله ما حَـدٍ ناله<br />,
أعرف ان السـنين تـزول لكنّ الأمل لا زال<br />,
وقـليل من المـتون اللي تـزمّ الحـمل تقوى له<br />,
ولا يقوى على حمل التعـب ويحقــّق الآمال<br />,
سـوى ( محمد إبن زايد إبن سلطان ) وامثاله,
,
ثـلاث ايّـام مـرّن في حــياتي غـيـر<br />,ثـلاث ايّـام
ثـلاث ايّام عـشت الحـبّ واغـليـتك<br />,
<br />,
ثـلاث ايّـام واتهـجـّى كـلام الطــيـر<br />,
كلام اعـذب من اعذب من تـفـدّيتك<br />,
<br />,
رسالة حـبّ شاهـدها غـلا وتعـمـير<br />,
على فوادي تربّـع واسكن ف بيـتك<br />,
<br />,
أقول إش قدّ انا عطشان وانت البير<br />,
دلـو فـكـري نضح من كلمتي ليـتك<br />,
<br />,
أقول الـ (مايصير) لعينك انت يصير<br />,
ولو حـتى بْـثـريّـا الكـون حـطّـيـتك<br />,
<br />,
حـبيـبي والغـلا صـوره بلا تصـوير<br />,
صورها بْكل رمـشة عين انا ريـتك<br />,
<br />,
حـبيـبي والعـطا يحـتاج للـتـقـديـــر<br />,
إذا صرّحـت انا اللي حـيّـك وميـتك<br />,
<br />,
ثـلاث ايّـام مـرّن في حـيـاتي غـيـر<br />,
ثـلاث ايّام عـشت الحـب واغـليتـك<br />,
<br />,
ثلاث ايّام لكن ما ادري ش التفسير<br />,
بس ادري من ثـلاث ايّـام حبّـيـتـك<br />,
<br />,
,
ليتـك معي يوم الهـوى نـود نسـناس<br />,ثـمار الهـوى
مـن الفـرح والله ما تـدمــع العـيـــن<br />,
<br />,
نـاسٍ على تعـذيـب نـاسٍ لهـم نــاس<br />,
وهـذا الهـوى ياخـذ قـلوب المحـبّيـن<br />,
<br />,
لكـن لا يـطـري عـلـى بالـك الـيـاس<br />,
ذوق الهوى دامك تعيـش العمر حين<br />,
<br />,
خِذ من عطر وردٍ مع طيب الانفاس<br />,
واقطف من اثمار الهوى في البساتين<br />,
<br />,
خَـلّك مع حلـو اللـما عـذب الالعـاس<br />,
الجـادل اللـي فـايـق بكـل تـكــويـــن<br />,
<br />,
لا تحط نفسك بين وعرات الاطعاس<br />,
وافهـم بـأنّ الحـب عَـذّب مـلايـيـــن<br />,
<br />,
الحـب مرجـع للـمحـبيـن واحـسـاس<br />,
والحب هو في قلب الاحباب نوعين<br />,
<br />,
عَ كيف ما تبغي لك تدق الاجـراس<br />,
والشـاطـر اللي يـملك الحـب بيـدين<br />,
<br />,
,
كـلما بنيْت الحِـلم في القـلب وْكـمَل<br />,جـرح الـصـداقــة
قـبْل اعْلنه يظهـر صدَى عـَدَاوْته<br />,
<br />,
وضْحَت هموْمي مِن وَرَا الخافِق هَمَل<br />,
واحْجَامها حسْب الوضع متْفاوْته<br />,
<br />,
وانـا الـعَـزيـز اللي تـشَـبَّـث بالأمـَـل<br />,
عسى يشوف مْن الزمن طَرَاوْته<br />,
<br />,
دَرْس الحـيَاه القـاسـيه لو اشْـتـمَـل<br />,
على الجـبَابر لا اعـرفوا قـسَاوْته<br />,
<br />,
تـلقـى بَعَـضْ تجَّـارهم يَمْـشي ثـَمِل<br />,
مَعَ الفـقـارى يـرْتـِشِـف حَـلاوْته<br />,
<br />,
والقـاضي اللي في كَـلامَه ماصـمَل<br />,
فاضي عَـمَل مسْتَرسل بْفضَاوْته<br />,
<br />,
كيف المطـوَّع يَخْلِف بْقـول وْعَـمَل<br />,
والمصْحف الطَّاهـر نسى تلاوْته<br />,
<br />,
قال المَثـَل : خَـلِّ الجـمَل بما حَـمَل<br />,
صَافِـح عَـدوّ ٍ ما يبيْـن نـقـَاوْتـه<br />,
<br />,
رَجْـل ٍ ضـلوعَه للْحِـمِل ما تحْـتمِل<br />,
يحْرَم عَلى رجْلي حَشَا مَا خَاوْته<br />,
<br />,
مثـْل النَّعَـامَه راسها تَحْـت الـرَّمـل<br />,
وْمن ظلـَّها تَشْكي مدى ضرَاوْته<br />,
<br />,
جَرْح الصَّدَاقه في الظهَر ما يندمِل<br />,
عَـيَّـت سـنيـني كـلَّها .. مَا دَاوْته<br />,
<br />,
,
صباح الخير يا اهل الخير..صباح الورد والعنقود<br />,جُودنا ينجَاد منـّه جُود
صبـاحٍ كـلما هز الشـعر غـصنه قـضى ثـاره<br />,
<br />,
إذا جادت يمينـك يا البنـادم جـودها مـردود<br />,
من اللي بامره نجوم السما تنساب مدراره<br />,
<br />,
و رَجـلٍ ما يوقـّف في حـياته موقـفٍ مشهـود<br />,
يعيش يْموت ما يدري عن احواله ولا اخباره<br />,
<br />,
إلى مَـرّ الفـتـى بـاوّل صـباه ولا قـدح بـارود<br />,
أجل وش خانـة ايّـام الشباب و ينعة ازهاره<br />,
<br />,
يـجودون الرجـال وجودنا ينجـاد منـّه جـود<br />,
وحنـّـا اللي نبـطـّـل للعـطايـا كـل مـحـّاره<br />,
<br />,
على درب الـمعزّه ما قـصرنا حبلنا الـممدود<br />,
ولا حتـى نفـكـّـر لو يـجـور الوقـت قـصّاره<br />,
<br />,
يعلـّمنا الزمان ونستفيد ونبذل الـمجـهود<br />,
وعزيزين النفوس نفوسـهم صلفه ومغواره<br />,
<br />,
بلشـنا ما عرفنا منهو المذموم والـمحـمود<br />,
واشوف الجار ما يدّي الديون اللي على جاره<br />,
<br />,
وضعيفين النفوس مْن الليالي حيلهم مهدود<br />,
وانا حـيلي صـواديـف الزمـان تزيـد إصراره<br />,
<br />,
أنا عندي على كل الكلام اللي أقول شهود<br />,
حـشا ماني باثرثر والقـلـوب السود ثرثـاره<br />,
<br />,
أشوف النفس مثل البَكره اللي ما تحب القود<br />,
وعـسفـها واحـدٍ نفـسـه على الايّـام صبّـاره<br />,
<br />,
ألا يالسحب هلي لين اشوف الـما في راس العود<br />,
تبـاشربـه رعـايـا الإبـل بعد القيـظ وغـباره<br />,
<br />,
والا يالشمس طلـّي لين تجلين الليال السود<br />,
واشوف النور في عيونٍ من التفكير محتاره<br />,
<br />,
والا يا قلب خلك مثل ما اخبرك حـفيظ سدود<br />,
ترى الرجّال لو يكـشف سدوده قلّ مقداره<br />,
<br />,
والا يا عيـن لا تبكـين ما دام البكـا منقـود<br />,
تـحـلـّي بالتصبّـر والـعزم تـاره بعد تـاره<br />,
<br />,
والا يا طير غـرّد دام حبل وصالـها ممـدود<br />,
هنـوفٍ.. لا تـذكـّرها خـفـوقي زادت آثـاره<br />,
<br />,
وهي كن في ثغرها ريحة الياسمين والكمبود<br />,
تثـنـّى كنـّها غـصنٍ عليه السحب مطـّاره<br />,
<br />,
تـلفـّت كنـّها ريـميّـةٍ ترعى بـوسـط حـدود<br />,
مكـان ف واديٍ دار الـزمـان وما حـدٍ زاره<br />,
<br />,
سراب الظامي اللي مستحيل انـّه يبلّ كبود<br />,
محطمهم غلاك اللي تحب الرجل مشواره<br />,
<br />,
تعـالي لا تـخلـّيني على بـاب الأمـل مفـقـود<br />,
فراقـك سبّـب جروح الحزيـن وكـثـّر اضراره<br />,
<br />,
وانا اللي حاضرٍ ذكري لو انّي ماهو بموجود<br />,
أحب الشامـخات ولا اطـرق البيبان في الغاره<br />,
<br />,
أنـا للمرجـله صـقرٍ جـناحـينه تـضـمّ النـود<br />,
ماغير ( محمد ابن راشد إبن مكتوم ) صقـّاره<br />,
<br />,
,
يا بـرّاق القصـيد إبـرق لهاجـوس عليـه الـــزام<br />,حـارث البـحـر
جـزيـــلات البـحـور اللـي مـعـانـيـها تـلازمـها<br />,
<br />,
جزيلات البحور اللي وفت لاهْـل العـقول ذمام<br />,
لعَـلّك فـي سِــما الافـكـار تـشـعـلها وْتـغـنـمـها<br />,
<br />,
عشانك من سحب الْغمام .. سقنا لك كنيف غمام<br />,
يا إمّا انـّـك تـروّي قـاعـها .. والاّ .. تـسـلـّمها<br />,
<br />,
يصـوم مْن القصايـد خاطرك لكن متى ما صام<br />,
ما يفـطـر غـير بابـياتٍ هـل الطـولات تـفهـمها<br />,
<br />,
أحاسـيس القـلوب الغافيـه ماهي بْحلول إلـهـام<br />,
لكـن أهْـل القـلـــوب الصـافـيه مـولاك يلهـمـها<br />,
<br />,
وانا لا من سَرَجْت خيول فكري والصفوف زْحام<br />,
تعـدّيت الصـفوف اللي هَـل القـيـفان تـزحمهـا<br />,
<br />,
يا عَمّي وانت ضـرغام تحَـدَّر من ظهر ضرغام<br />,
يا عمّـي والمـكارم يفـخـر بْطـاريك مـعـجـمـها<br />,
<br />,
ياريّـسنا ( خليـفة ) لي بْفـكـرك تـقـتدي الافـهام<br />,
ويابو ( خالد ) يا والي عـهد دولـتنا ومحـزمها<br />,
<br />,
أهـنـّيـكم بـشـيخ ٍ في ســما العـليا يـقـود زْمـام<br />,
يسمّى ( حارث البحـر ) وْبحور الدر ينظـمها<br />,
<br />,
هو نائب ريِّس الدوله في كل أمر ٍصعيب وْهام<br />,
وريّـس مجـلـس دْروع الـبلـد و (دبي) حاكمها<br />,
<br />,
أهـنـّـيـكـم وانـا في العــام هـذا مثـل ذاك العـام<br />,
تـعـظـّمـنـي مـحـبّـتـه وْمـحـبّـتـكـم واعـظـّـمها<br />,
<br />,
بيــوم ٍمثـل هـذا اليـوم متـمـيّــز على الأيـّـام<br />,
تـكـوّن عـيـد في دار ٍســــــلاح رْجـالهـا دَمْـها<br />,
<br />,
يسمّونه يابو راشد هل الصحف وْهَل الإعلام<br />,
باسم عيد الجلوس وْكان تـسـمح لي باعـلـّمها<br />,
<br />,
أنـا اسـمّـيـه عـيـد المجد لانّ المجد لاجله شام<br />,
ولانّ بْــلادنـا رب السـمـا بـقـدومــــه اكـرمـها<br />,
<br />,
تبـاشـرنا بْجـلـوس اللي لا قـام يْحـلـّها لا قـام<br />,
شـهـوده واسـعـه والـدولـه بْرؤيـاه  يدعـمهـا<br />,
<br />,
عـقـول المعـرفه تحـمـل من الإدراك والإلمام<br />,
مالا يـمـكـن تحـمّـله الـمـعـاني لو نـتـرجـمهـا<br />,
<br />,
يابو راشد جلوسك وَقـفه وْعيدك نصر واكرام<br />,
دول الاكـرام تهـديك التـهـاني من عـواصمها<br />,
<br />,
يابوراشد حضورك نور شمس وْخطوتك قدّام<br />,
تـجي قــدّام حـتى قـبـل رجــلك ما تـقــــــدّمها<br />,
<br />,
تـقـدّمـك العـزوم وْطيـر عِـزّك للـمـعـالي حـام<br />,
شهـادة حـق .. واللي ينسأل عـنها ما يكـتمها<br />,
<br />,
شـهد حتى معـاديك وْتكـلـّم عن مـدى إسهـام<br />,
جهـودك فـَ التـطـوّر قـبل ما اصْـحابك تكلـّمها<br />,
<br />,
على حجم الفعـول يْقـيِّمون الصَّارم الصمصام<br />,
لكنّ فـْعـولك اصـحـاب الفـكـر تـعـجـز تقـيّمها<br />,
<br />,
يا عـقـل (دبي) يارمـز البـنا ياللي كبحت لْجام<br />,
مـعـاديـن الـتـطـــــوّر ليـن قـرّت لك مـفــاهـمـها<br />,
<br />,
(دبي) اللي حـقايقـها تعَــدَّت مسـتـــــوى الاحـلام<br />,
عسى الله عن عيون اهْل الحسد والـزيف يعصمها<br />,
<br />,
(دبي) اللي مـفاخـرها فِـعِـل يـمـناك يالمـقـدام<br />,
شـعـوبك تفـتدي يمناك لانـّك صـرت معـصـمها<br />,
<br />,
شـعـوبك ما تقسـَّم يا طـويل العـمر سَبْع اقـسـام<br />,
يـوحِّــدهـا سـمــوّك واللـيــالي ما تـقـسِّــمها<br />,
<br />,
ولا زالـت تـحَـلّـى بالـصـفـات الـنــادره ما دام<br />,
سـمـوّك يحـتضـنها عِـز و يْـرتـّب مواسـمها<br />,
<br />,
طـويل العـمر رفـَّت عن يـمينك شامخات اعلام<br />,
غـنـَمْت الـرَّايـه اللي مسـتحـيل الغـير يغـْنـمها<br />,
<br />,
حرثـْت البحـر بيـْدك وانت فـوق البحـر بدر تمام<br />,
على كيـفك تفـاصـيل البـحـر يا شـيخ تـنظـمها<br />,
<br />,
على كيـفك معـالمها سَـرَت واسـرت بها الآنـام<br />,
معـالـمـها كبـيـره ، وانتـه اكـبر من مَعَـالمـها<br />,
<br />,
تفضـَّل وانت والله فـوق روس اهل العقول حْسَام<br />,
إذا احتارت عقـول الناس سيف الحق يحـسـمها<br />,
<br />,
( محـمـد إبـن راشــد ) كـلما يـطــرى نـفـزّ قـيـام<br />,
نـفـز قـْيـام للي يـكــرم شـْعـــوبـه و يـحـشـمـها<br />,
<br />,
لابو راشـد ملـوك الأرض توقـف منـزله و مْـقـام<br />,
لـو انّ الأرض تـتـكـلـَّم &hellip; قـَسَـم بـالله كـلـَّـمها<br />,
<br />,
حفـيد اهْل العـروبه ، ناصر الدين وْسَند الاسلام<br />,
عـسـى ربّـي يـسـلـِّمْه لـْعــروْبَـتـه وْ يـسـلـّمها<br />,
<br />,
سـميّ ( محـمد ) اللي للنـبـوّه كان مـســك خـْتـام<br />,
أبـوي اللي يـمـيـنه بالـسَّـخا والجـود خـاتـمها<br />,
<br />,
نجـل ( راشــد ) مـؤسـسـنا وخـاله سيِّـد الحـكـّام<br />,
يحَـكـْم بْـفـطـنـتـه من قـبل هالـعـالـم تـحـكـّمها<br />,
<br />,
أهَـل الاهـرام سـوّوا مـعـجـزه لمّا بـنـوا الاهـرام<br />,
لكـنـّك قـبـل ما تـبـني بـلـد .. تـبنـي مـكـارمها<br />,
<br />,
تـفاخـر بك ( دبـي ) الـدرَّه اللي يـعـجـز الـرسـَّام<br />,
ما يرسمها على شانك برؤيـا الفـكـر راسـمها<br />,
<br />,
دروب اسمك من (محمد) إلى المكتوم خير وْسَام<br />,
تـأدّي للـفـخـر والمـجـد والـعِـزّة عـلايـمهـا<br />,
<br />,
علامه من تعـجّـب ! .. قبلها علامة استفهام ؟<br />,
بَعَـد اسـمـك وتاريـخ النـجـاح اللي يتـمّـمها<br />,
<br />,
ترى صورتك قبل انها تْعـلـَّق في الطريق العام<br />,
تعـلـَّق في قـلوب الناس لانـّك صرت عالمها<br />,
<br />,
,
حـبال صوتـك قامـت تقـطـّع حبال<br />,حبـال صوتـك
لا طلّعـت نبرات صوتـك حزيني<br />,
<br />,
والناس تشكي حالهم قبل الاحوال<br />,
تـشـكي مـن الايـّام واللـوم فـيـني<br />,
<br />,
تعـال تبغي جـزال في ليـلك جـزال<br />,
آمـر ويدعـمـك الـولـه والحـنيـني<br />,
<br />,
ما تدري انّي لا انثـنى فكري وقال<br />,
رفعـت سوق اهل القصيد الثميني<br />,
<br />,
إلى نقـشـت حروفها نقـش تمـثـال<br />,
رسـمت فـيها من تجـارب سنـيني<br />,
<br />,
وخلّـيتك الفكرة وفصـّلت الامـثال<br />,
على طريـق الوصل بيـنك وبيـني<br />,
<br />,
أدلّـلـك بالشـعـر تـدلـيـل الاطـفـال<br />,
وآضـمّـك بقـلبي وعـقـلي وعـيني<br />,
<br />,
بيني وبين مواصـلك عـدّة امـيـال<br />,
مـدري تبـي فـرقـاي والاّ تبـيـني<br />,
<br />,
أقـول لـدروبـك لو دروبـك طـوال<br />,
بامـشـيك دام ان الـوفـا يحـتويـني<br />,
<br />,
لكـن لا تــدوّر بـدالــي وتـحـتــال<br />,
ما دامـني شـاريـك يا مـشـتـريـني<br />,
<br />,
ما كـل رجّـالٍ يـعـيـضـك بْرجّــال<br />,
هـذا مثــــل قـالـوه لـي الاوّلـيـنـي<br />,
<br />,
,
حَـلّ الظما في خاطر المنهـل العـذب<br />,حديقة ورود 
وامسى كما نـجـمٍ تـباعـد بـريـقـه<br />,
<br />,
ما ودّي الـبعـد عـنـك لكـنـّـه الـقـرب<br />,
الـقـرب ظام الـقـلب ما بَـلّ ريـقه<br />,
<br />,
قِـلّ المطر ما يروي الـقاع لو خصب<br />,
الـقـاع تـرويه الـسـيـول الـدفـيـقه<br />,
<br />,
هذا وانا ضاري على المحمل الصعب<br />,
ومـحـَـمّـل الأيـّــام ما لا تـطـيـقـه<br />,
<br />,
لا تحـسب انـّـك ناهـبٍ حاضري نهب<br />,
عندي على ماضي سنـينك وثـيقه<br />,
<br />,
إن كان وَردك تـاه غـصنه على القـلب<br />,
عادي أضيّع ورد ، عندي حـديقه<br />,
<br />,
وان كان صغر السن عذرك وانا الذنب<br />,
قبل العـذر والـذنب عـطني دقـيقه<br />,
<br />,
كم لي وانا امـشـّي كـلامك وهو كــذب<br />,
برقـعـت لعـيونك عـيون الحـقـيقه<br />,
<br />,
يا جـرح قـلـبي لا تـسـولـف عن الطـب<br />,
لا تضحك وعينك بدمعـك غريقه<br />,
<br />,
إنت اصلاً آخر شخص يحكي عن الحب<br />,
الحب غايه .. وانت حبّـك طريقه<br />,
<br />,
,
حـرّاس قلبي يافتى الجود حرّاس<br />,حــرّاس قلــبي
ولا يخطف الخفّاق لو شيّ مدسوس<br />,
<br />,
نبـراس رجـمٍ يعـتلي كل نـبــراس<br />,
رابـي ما بيـن البحـر والبـر وطعـــوس<br />,
<br />,
يتحسّب انّه بـدّل الذهب بالمـاس<br />,
ضـيّـع حيـاته في رجا شيّ ملـموس<br />,
<br />,
قام يتجرّع كاس هجري على كاس<br />,
هذي حـياة اللي به الحـظ منـحـوس<br />,
<br />,
وانا بني ياسي عطا المجد لي راس<br />,
ولي عادةٍ ما ألبـس لبـاس ملـبــوس<br />,
<br />,
أبني حياتي فوق ساسٍ على ساس<br />,
وانا تـرانـي أفـهـم الخــط مـعـكـــوس<br />,
<br />,
لابـاس يا عـمـر الشقـا فـيك لابـاس<br />,
هـذي حـياتـي كـلـّها عـلـــم و دروس<br />,
<br />,
أقـطع رجا من كان يبغي لي الياس<br />,
واقـطع بعـزمي لو بعـد تـنقـطـع روس<br />,
<br />,
انت الذي مدّيت لي سهم الاقواس<br />,
وانا الذي للسـهم أصـبحت له قــوس<br />,
<br />,
مثل الذي زايد على العوق به باس<br />,
أو مثل من يتـبع على الدوس ويدوس<br />,
<br />,
النـاس أجـناس .. ولكـن أبي نـاس<br />,
أخـط شاربـهـم مثـل خـطّـت المــوس<br />,
<br />,
,
الصـبـر ورث الأنبـيا والتـنمـية تـبغـي كـفـاح<br />,حـصـّــة
والناس يرزقها الولي على حسب نِيَّاتها<br />,
<br />,
يا(حـصّـه) آنا ما نسـيت أقـول مبروك النجاح<br />,
لكن أدوّر لحـظـةٍ نفـسـي تـلامـس ذاتـها<br />,
<br />,
تـبـريكـتي بَــرْقٍ تـنـاظـرْه العَـرَبْ لا منـْه لاح<br />,
ما هي بمثـل العـالَـم الثـالـث وتـبريـكاتها<br />,
<br />,
مبروك يا اشْرَفْ حب في قـلبي تمكَّنْ واستراح<br />,
يا اغلى من أحياء الديار الشاسعه وامواتها<br />,
<br />,
روّضت أحاسيسي من الفرحه وهي تجمح جماح<br />,
وْصَـوَّرْتها لك في قـصـيده ماتموت أبياتها<br />,
<br />,
الاشجار في أنحا(دبي)ترقص طَرَبْ والطيب فاح<br />,
وحـدايـق الأرض أينعـت بالتهـنئه وَرْداتها<br />,
<br />,
الليـل عَـيَّـد والنجـوم تـْـقـول وينـك يا الصـباح<br />,
يا ليـن ذابـت فـي دقـايقـها و في ساعـاتها<br />,
<br />,
وارتاح في قـلبي ترى شـوفـك يسبِّـبْ الارتياح<br />,
وتبريكـتي تسـوى صدى العالَمْ وتبريكاتها<br />,
<br />,
,
سألـت جفـني ليه يا جفـن ما تـنام<br />,حكـومـة الـحـب
قال اسأل القلب الشـقاوي لعـلّه<br />,
<br />,
يجـاوبـك لانـّه هـالايّـام منـضـام<br />,
سألت قـلبي قال الاحـساس خلّه<br />,
<br />,
واسأل زمانك لانه اسـباب الآلام<br />,
رحت اسأله شفت الزمن فيه عِلّه<br />,
<br />,
والأسـئله تـشـبه تـفاسـير الاحلام<br />,
والحـلـم ما تـقـدر تـفـسّـره كـلّه<br />,
<br />,
وان اللـيـالي والثـقـافـه والالـمـام<br />,
أقـول لـنجـوم الـسـما والأهـِـلّه<br />,
<br />,
ما ترفع الشاعر محطات الاعلام<br />,
ولا الصور على غلاف المجلّه<br />,
<br />,
ما يـرفـعـه إلاّ مـقـــامـه لـيا قــام<br />,
في مـوقـفٍ ما كل رجـلٍ يحِـلّه<br />,
<br />,
والصحف لوجفـّت ما جفـّن الاقلام<br />,
سـمّـع قـلوب الحاسدين المغـلّه<br />,
<br />,
وانا قـبـل عـاميـن والاّ قـبل عــام<br />,
والشعر سيفٍ لا تضايقت اسِلّه<br />,
<br />,
أركـّب الفكره على حسب الالهـام<br />,
واخاف من بيتٍ يجي فـيه زلّه<br />,
<br />,
والأرض ضاقت كرْه والعالم اقسام<br />,
ولكـل قـسـمٍ بيـن الاقـسام مِـلّه<br />,
<br />,
وْلا صار وضع الـناس بين الايّـام<br />,
بيـن المجامـل والحـياه الممـلّه<br />,
<br />,
ودّي أكـوّن دولـــــةٍ دون حـكـّـام<br />,
الحب يحكمها .. وهي مستـقلّه<br />,
<br />,
ما احب أبدي راي أو أخـذ احكام<br />,
قـبل اطـّلع على جمـيع الأدلّـه<br />,
<br />,
سـيـاسـة المـتـسـيّـد الـقـائـد العـام<br />,
اللي يـقـدّره الـزمـان بْـسـجـلّه<br />,
<br />,
أبوي عون الجار وضعاف الايتام<br />,
اللي يفـز لهم لاجـوه فـْ مَـحَـلّه<br />,
<br />,
ألله يعـز اللي يعــزّون الاســــلام<br />,
والله يـذل اللي يـحـب الـمـذلّه<br />,
<br />,
,
هـذي عـسى ربّـي يـسامحها<br />,حلـوه مــوت
والاّ أنـا مـانـي مـســـامـحـها<br />,
<br />,
إتـحـاول بْـأطـرافـهـا تـسـتـر<br />,
وهو اللي أكثر شيّ يفضـحها<br />,
<br />,
إن اجـلـسـت يورّد الكـرسـي<br />,
تـوقــّـف الـدنـيـا مـسـارحـها<br />,
<br />,
لانها خـلاصـة فـتـنة الفـتــنه<br />,
ألله يا مـاحـلاها ومـا امـلحها<br />,
<br />,
ولا مشت على الرصيف يقول<br />,
ياكوس تكفى هـب واطرحها<br />,
<br />,
آيـه مـن آيـات الـلـه الـعـالي<br />,
كل شـيّ يـتمـنـّى يـصـافـحها<br />,
<br />,
الحزن يضحـك كل ماتحـزن<br />,
والفرح يـبكي كل ما افـرحها<br />,
<br />,
ألله يـحـفــظـهـا ويـحـمــيــها<br />,
وألله يـهـديـهـا ويـصـلـحـــها<br />,
<br />,
ترخصني احـياناً وتجرحـني<br />,
وانا اللي أغليها ولا اجرحها<br />,
<br />,
أحـبـّها بـجـنــون وبـطـيـبـي<br />,
تـزعـلني وانا اللي أصـالحها<br />,
<br />,
قـولوا لها يا اهـل الجـنوبـيّـه<br />,
تـرى الجـفا ماهـو بـصالحها<br />,
<br />,
باتخـسـر الإنـسـان والـشاعر<br />,
إللـي يـقـــدّرها .. ويـمـدحها<br />,
<br />,
بعـض الغلا كتمانه احسن له<br />,
يالـيـتـني ما كـنت اصـارحها<br />,
<br />,
الحـب له سـلـطه وله هـيـبـه<br />,
واشـياء لا يـمـكـنـّي أشرحها<br />,
<br />,
لئيمه .. تـدري انها جـنونـيـّه<br />,
ودّك بعـض الاحـيان تـذبحها<br />,
<br />,
من كثرماهي حلوه موت تحس<br />,
هي اللي مخـتـاره مـلامـحـها<br />,
<br />,
,
بغـيـت اعـلّمـك قـبل تـروح يا خِـلّي<br />,حَمَـام الاحـباب
إن ازعـلك صار هاليوميـن بـزيـاده<br />,
<br />,
كنت احـسـبك كل ماصـدّيت متـغـلّي<br />,
بس للأسف صار هذا الطبع لك عاده<br />,
<br />,
بيني وبينك .. أشوف البعـد أسهل لي<br />,
خلاص أبا ابعد مادام ان عندي اراده<br />,
<br />,
أصفيت لك واحسب انك كنت صافٍ لي<br />,
تبغي الحقيقه.. كرهت الحب واجهاده<br />,
<br />,
من شمس هجرك ما عاد يفيدني ظلّي<br />,
وش فيه قلبك .. يزيـد فـْ لـيني عـنـاده<br />,
<br />,
وهـو من اوّل إلى من جـيـتـه يـهـلّي<br />,
ويحـط لي في حـنايا القـلـب سـجّـاده<br />,
<br />,
ويـشـاغـب نجـوم أهـل اللـيل ويـملّي<br />,
ويفتح لي ابواب حصنه وادخل بلاده<br />,
<br />,
وانا اتـركـه في ربـيـع الخافـق يفـلّي<br />,
مـشاعـري كـلّها لـرضـاه مـنـقــاده<br />,
<br />,
يا كبر جـرحي من الهجران يا غـلّي<br />,
ما عـاد جاني من الأحـبـاب نـشـّاده<br />,
<br />,
حمام الاحـباب ..سـلّم لي على خِـلّي<br />,
لان ازعـله صار هاليـومـين بزيـاده<br />,
<br />,
,
شوقي حـمايم والغناوي ربـابه<br />,حـمايـــم
غنـّت على لـحـن الربـابه حـمايـم<br />,
<br />,
ياصاحبي بعـض النوايا تـشابه<br />,
والفعـل يـفرق بيـن بـايـع وسـايم<br />,
<br />,
ياللي حبيبك فيك زايـد عـذابه<br />,
دايـم عـلى بـالـه ولـو كـان نـايـم<br />,
<br />,
قربـك سعـاده والـمفـارق كـآبـه<br />,
مشـاعـرك ورد وْ غـرامـك نـسـايـم<br />,
<br />,
عـزمت قـلبك للغـلا والـرحـابـه<br />,
لو كـان ما بيـن الـحبايـب عـزايـم<br />,
<br />,
لو خافـقك يفـتح لـ ( فزاع ) بـابـه<br />,
لقيت قلبه عن هوى البيض صايم<br />,
<br />,
ولو ان احاسيس القـلوب تـشابه<br />,
سـمحت لي كـل الذنـوب العـظايم<br />,
<br />,
القلب لك روضٍ خضر ما وطا به<br />,
إلا غـــــلاك اللي أحـيّـيـه .. دايـم<br />,
<br />,
إعـذر حـبيبك لو يطـوّل غـيابه<br />,
من طـوّل الغـيبـات جـاب الغـنايم<br />,
<br />,
,
لا تحـسب ورود تـنـثر لك غـلا وتـفـلـّه<br />,خـذ من الشاعر كــــلامه
والبحر عشرين  ونجومه  وضحك هلاله<br />,
<br />,
تـعـتـقــد إنـّي أنا مـيّـت ..وانـا لا والله<br />,
آنـا لا مـيّـت حـبـيـبـي لا ولا الله قـالـه<br />,
<br />,
لي يبي يقرب خـفوقي ما يجيني بـزلـّه<br />,
زلـّـةٍ أسـمح لها ومـن عـقـبـها بـزواله<br />,
<br />,
كان عـندك هـرج باتـقـولـه لقـلبي قـلـّه<br />,
وش علينا  بهـرجة المسكين واللّي قاله<br />,
<br />,
ما عرف شيّ ٍ في بالي لا بغيت اوصل له<br />,
ويــذكر اسمي  يومها وبحلـّه وبتـرحاله<br />,
<br />,
من يحـب بحـب ضـايـع قـلـت الله شـلـّه<br />,
ضاع واللي ضاع  عـندي إحتياط بداله<br />,
<br />,
والله لا آحذفه أنا ويصـير حـرف العلـّه<br />,
يالين ما يضحك عليه ابليس قبل عياله<br />,
<br />,
لي مسج يكتب في بالي وعقبها أرسل له<br />,
ويدخل بـشاشات حبّـه وينحـرق  جوّاله<br />,
<br />,
مـن خــبـالـه إلـخـبـالــه نـيـّــةٍ نـاوٍ لـّـه<br />,
ولا بغـيت ازيد شاف خبال غير خباله<br />,
<br />,
أرفـعـه وارجـع أذلـّه وارفـعــه وآذلـّـه<br />,
لين أسـمع مـرّتـين بأذنـي ياهـي حـاله<br />,
<br />,
ولو بغاني هو رقى لي والاّ انا ما انزل له<br />,
لا له انـزل لا له و لا ألـف من أشكاله<br />,
<br />,
ذا طـريـقي من عرفتـك والطريق تدلـّه<br />,
والطريق اللي تدلـّه لازم ان تـسعى له<br />,
<br />,
خـذ من الشـاعـر كـلامه والاّ حـبّه خلّه<br />,
أنا احـبّـك .. لا حـبيبي لا ولا الله قـاله<br />,
<br />,
,
خلاص يعني كل شيّ انتهى وراح<br />,خـلاص يعـني
خـلاص يعــني ما بقـيـنا حـبايــب<br />,
<br />,
يعـني وعــودك كـلها كانت مـزاح<br />,
والا انت مالك في المحبـّه رغايب<br />,
<br />,
وين العهود و وين لحظات الافراح<br />,
يعـني تلاشـت مع هبوب الهبايب<br />,
<br />,
القـلب بـعـدك من له اليـوم يـرتـاح<br />,
من بعـد ما هو في محبتـك ذايب<br />,
<br />,
ياما على شانـك تحمّـلت الاجـراح<br />,
وياما جروحي من صدودك عطايب<br />,
<br />,
سرقتني عن جـملة الناس يا صاح<br />,
والفـكـر عـندك ماخـذنـّه نـهـايـب<br />,
<br />,
خلـّك يحبـّك يا بعـد سـيـد الـملاح<br />,
إن رحـت عـنـّه راودنـّه مـصايب<br />,
<br />,
خلك معه دام الهـوى حيل نضـّاح<br />,
والواش ردّه يا هوى البال خايب<br />,
<br />,
,
تـْحـبِّـني .؟ والاّ تحب الدَّراهـم ؟<br />,دراهـم
إخـتار لك وحْـدَه عـلى شـان ما تضيع<br />,
<br />,
عَـلاقـةٍ مـا تـنـبـنى بالـتـفــــاهـم<br />,
حتى تـَحَـت نـور القـمر يـمـكن تـْمـيـع<br />,
<br />,
وْترى هَل الحب الحقـيقي تراهم<br />,
مْشَجـِّعـيـن احـسـاسـهـم دون تـشجـيع<br />,
<br />,
صغـيرهم يَـدري بقـيْـمَة غلاهـم<br />,
لا يـمكـن تـْحـصِّـله مَـعــروض للـبـيـع<br />,
<br />,
مزروع في قلبي غلاك وْعـَسَاهم<br />,
فـدوى لبـسْـتَـانـك وحَـصْـد الـمـزاريـع<br />,
<br />,
مـداك مايشـْبه فـي عـيني مداهـم<br />,
ياظـبي .. ياللي مـرتـعـك في المـرابـيع<br />,
<br />,
إذا زماني مانصـفـني .. واذا هـم<br />,
يـَبْـغـونـني أنـثــر دمــــوع الـتــواديـع<br />,
<br />,
للحيـن بَعْـده ماوصَـل مسـتـواهم<br />,
لـْمـسـتوى شـقـر الحَـرار المـطـالـيــع<br />,
<br />,
صْغـار وعْـيوني لا يمْكن تـراهم<br />,
ماهي تـشـوف الاّ الـنـجـوم الـمَلامـيع<br />,
<br />,
البحـر والاّ المـوت .. آنا كـلاهـم<br />,
أغـرقـهـم وأحْـذفـهـم لـيـَابـس الـرِّيــع<br />,
<br />,
إلاّ إذا شـفـتـك مَـعـاهـم مِـسَـاهِـم<br />,
كـنـِّـك تـقـطـِّع قـلـبْ مـغـليـك تـقـطـيـع<br />,
<br />,
لك محتوى يطغى على محتواهم<br />,
ويْـزيــدنـي شـوق وْمَـحَـبَّـه وتـلْــويـع<br />,
<br />,
إنت القمر والشـَّمس والا احَداهم<br />,
إنـْت الـورود الـيـانـعـه واليـنـابـيـــــع<br />,
<br />,
أهْل الحروب تْجـرّ لاجلك حِـداهم<br />,
واهْل الطَرَبْ تعـزف لك اللحـن تـنويع<br />,
<br />,
والأتـقــيـاء مْـوَحِّــديـْن ٍ دعـاهـم<br />,
يحْـفـظـك ربِّـي مـن عـيـون المـقـالـيع<br />,
<br />,
فـرّع وعَـلـِّم هـالبنات إش بَلاهـم<br />,
أحـيا بـك الـمـوتى يـاسـيـد الـمـفـاريع<br />,
<br />,
في أرضهم جَنـَّه، نجم في سماهم<br />,
إذاعـة اهـل الحـسـن بوْصـوفـك تـْذيـع<br />,
<br />,
مـن دون تـطـلع ، تـراك آحلاهـم<br />,
واذا طـلعْـت تـْصَـدِّع الـنـاس تـصْـديـع<br />,
<br />,
لكـنّ لا تـبْـعـد بـفِـكْـرك مـَعَــاهــم<br />,
لا الـوصل يَشرونه وَلا الـشوق للـبـيع<br />,
<br />,
لو كل حاجه تـنـْشَرى بالـدَّراهــم<br />,
كان اشْـتريت العـمـر قـدَّام ما يْـضـيـع<br />,
<br />,
,
أحيان يطري لي على كل الاوقات<br />,دروب الأرانب
واحـيان يلعـب مثل لعـب الأرانـب<br />,
<br />,
هـذي نهـايـه من بـدايـة نـهـايــات<br />,
كـنهـا نهـايـة يـوم غـالـب وطالـب<br />,
<br />,
مثل القـمر ما يطلع بكل الاوقـات<br />,
مـرّه بجانـب ومرّه عكـسه بجانب<br />,
<br />,
هذي الأمور اللي مثلها مخـيـفـات<br />,
مثل الأراضي اللي خذوها الأجانب<br />,
<br />,
عبروا مسافه ، عبروا كل المحيطات<br />,
والقـصد واحـد ، كل يبغي مطالب<br />,
<br />,
حـدّ ٍ طلـع دكـتور يحـمل شهـادات<br />,
وحـدّ ٍ على كـرسيه مازال طـالـب<br />,
<br />,
أتـبـع أثـرهـا ع الـنـدا  لو غـبـيّـات<br />,
ما اظن تسـلم من سمـوم المخـالب<br />,
<br />,
ما ينخـلط وصف الردى بالـمروّات<br />,
من يقـدر يجمع كل موجب بسالب<br />,
<br />,
الوقت ما يرجع على بعض الاوقات<br />,
اليـوم لو مغـلـوب فـيه يـوم غـالب<br />,
<br />,
إفهـم وفـكــّر في رمـوز الإشـارات<br />,
ترى أعـرف دروب حـفر الأرانب<br />,
<br />,
,
شـف دمعـتي تـنتحر لمواصـلك يا بْعَـدي<br />,دلال و مسند
من كل دمعـه معي لهـفه تـسلـّم عليك<br />,
<br />,
من عـيني اللي ذبحـها بُعـدك السـرمـدي<br />,
ومن قلبي اللي يبيع العالم وْيشتريك<br />,
<br />,
يا اجمل صدف عمري لهجران ذكره ردي<br />,
لا تغـيب وتطـوّل الغـيبه وانا محـتريك<br />,
<br />,
تـروي ضـما قـلبي اطـلالة ثـغـرك النـدي<br />,
سكنت قلبي ولا لك في الحـنايا شريك<br />,
<br />,
ياطـول ليـلي ما بيـن دلالـي و مـسـندي<br />,
مشـتاقه يْـديني الثـنـتـين ضمّـة يـديك<br />,
<br />,
تعال باموت في يدك وانت موت ف يدي<br />,
الموت لـذّه ما دام الموت منـّـك وفيك<br />,
<br />,
غـلاك مهـره في ميـدان الملـوك تعـدي<br />,
تهز عـرش الملوك ويهـتويها المليك<br />,
<br />,
يا سيّد العـشق لا يطول الهجـر يابعـدي<br />,
ترى عـيوني من اللهـفه تسلـّم عليك<br />,
<br />,
,
مـنابـع دمـوع المحـبّـيـن عـيني<br />,دمـوع الـمـحـبّـين
تبكي على نفسي وتبكي على الغير<br />,
<br />,
وعـن الغـلا يا ساريـه خبّـريني<br />,
هل عاد له في قلوب الاحباب تأثـير<br />,
<br />,
قلب الفراق اللي غدى له حنيني<br />,
ضـمـيان والقِصّه ماهي جمّة البير<br />,
<br />,
لكـنـّها شـوقٍ يـدفــّـه ضـنـيـني<br />,
يالله عـساها ما تـطـول المـشـاوير<br />,
<br />,
نـوّارتي .. تجـمّـعي واجمعـيني<br />,
وتغـطـرسي على جمـيع النـواوير<br />,
<br />,
مالي عذر حتى أقول اعـذريني<br />,
بس احفظي تركـيبة البيت الاخير<br />,
<br />,
أشـرف مثـل مقاصده تحـتويني<br />,
قـل العـطا .. ولا كـبـار المـعـاذير<br />,
<br />,
خلـّي علامات الشـقا في جبيني<br />,
عـطر وْبساتين وْورود وْعصافير<br />,
<br />,
أبي أشوف العـيد في مقـلتـيـني<br />,
وآركـّـب لقـلبي جـناحـين وآطـير<br />,
<br />,
وابي أعـيش العمر ما عاد فيني<br />,
أصــادم الأيـّــام والاّ الـمـقــاديـر<br />,
<br />,
يا مشغـلـة خـط الغـرام اشغليني<br />,
تـراي جــــــوّالٍ بـلـيـّـا فــواتـيـر<br />,
<br />,
تمـرّدي على النظر وسط عيني<br />,
وتـعـدّدي عـلى وجـيـه الجـماهـير<br />,
<br />,
لان المــنام اللي بغـيـته يجـيـني<br />,
عـيّـا يجـيني لين مـسّـيت بالخـيـر<br />,
<br />,
,
إذا شـفت الزمن مقـفي .. بعـينه نيّـة التجريح<br />,خــير الكــلام
رهـنت النـفـس للعـليا ألين تمـوت مـرهـونه<br />,
<br />,
ترى خير الكلام الذكـر واشرف مفرده تسبيح<br />,
ودنيـتـنا قـصـيـده ، واعتـقد ماهي بْموزونه<br />,
<br />,
يـطـيح المـزن لكن السـحابه ثـابته ما تـطـيح<br />,
مثـل مـدّاتـنـا لامن عـطـينا جـات مـضمونـه<br />,
<br />,
وانا ماني بْطـيرٍ صـاده الـقـنـّاص بالتـلـويـح<br />,
أنا طـيـرٍ عـلى الغـيـمه يحـوم ولـونها لـونه<br />,
<br />,
من التلميح ما يكفي عن الشرح ومن التلميح<br />,
مايجـرح لي زوايـا خافـقـي ويـحـطـّم ركونه<br />,
<br />,
قصيـدي كان ما بكّى السحّاب ولا استثار الشيح<br />,
يـمـيـن الله .. لا اطـبّع بنات الفـكر من دونه<br />,
<br />,
أعسف القاف للمعنى مثل عسفي بْـبنات الريح<br />,
وْتجي قـافي مثـل شـيخٍ بني عمّه يحشمونه<br />,
<br />,
أنا أعـشـق بكل احساس لكن مستحيل آصيح<br />,
أنا لي هـامـةٍ عـيّـت تـطـيـع الـذل .. مجـنونه<br />,
<br />,
أنا سـدّي حـفـظ  سـر الكـلام ولا أحـب آبـيـح<br />,
وعـذالي تعـرف ش قيمتي في روح مغـبونه<br />,
<br />,
عجزت آداوي آهات الشعوب وفكرة التسليح<br />,
واذا جيت اشعل اهـرام الظلام يموت فرعونه<br />,
<br />,
واذا عيّا على الظامي نهر دجله وعين السيح<br />,
من يلـوم الحـزين لـيا انتـثر دمعه من عـيونه<br />,
<br />,
أبا اشـبح دام ما يقبل ميـول الفكرة التصحيح<br />,
وابا ارقى للنجـوم اللي تبا موتي على هـونه<br />,
<br />,
ترى طعـن الظهر غادر ولا يحتاج له تصريح<br />,
ولدغات الحنش تقتل وخص ان جات مدفونه<br />,
<br />,
يقـال ان الأسـاطـيـر القـديـمه ما تـبي تـنقـيح<br />,
وسـنونٍ سمّـمت تقـتـل ولـو ماهي بـمـسـنونه<br />,
<br />,
أنا ما خفت من برد الضلوع وقـسوة التبريح<br />,
أنـا الفـظ كـل زفـرات الغـلا واللـي تـعـرفـونه<br />,
<br />,
أنا اخاف انثر بيوت القصايد في مهب الريح<br />,
واجـرّح مهـجة الإحـساس والقـيفان ملعـونه<br />,
<br />,
,
الله يسامـحـك عـلى كـل مـا جــاني<br />,ديــرة الغربـــه
القـلب لعـيونـك الثـنـتين أعـذّر به<br />,
<br />,
والا طموحي في راسي واسأل امتاني<br />,
أكبر من اللي على شرواك اجاهر به<br />,
<br />,
تـذكـرني ايّـام سـعدي وتـنــاسـاني<br />,
في الضيق والـهم واللوعات والـكربه<br />,
<br />,
تدري وش الغربه ؟ انّي داخل اوطاني<br />,
واعيش مثل الغريب بديـرة الغربه<br />,
<br />,
لا تعـتذر عـذر ما يقـنع عـلى شـاني<br />,
وان كان به عـذر تـكـفى لا تـعذّر به<br />,
<br />,
شخـصي ومـبدع ومـجـنون وآنــاني<br />,
وشفايفك جمر يحرق والـهدب حربه<br />,
<br />,
خـصرٍ يهـز القـلـوب وعـود ريّــاني<br />,
يـحـقق اكـبر طموحات النظر وربه<br />,
<br />,
لكـن تـذكـّـر بـأن ابـن آدمٍ ثــــاني<br />,
والـكـبر صـاحـبه له يـومٍ يـحدّر به<br />,
<br />,
في الحب ساير تعيش الحب وحداني<br />,
وتـحارب الناس عقـلك ما تفكـّر به<br />,
<br />,
لا عـاد تـسأل من الأوّل من الـثـاني<br />,
والا من اللي خـفـوقي يـفرح بقربه<br />,
<br />,
الأوّل اللي يـعـاني مـثل ما اعـاني<br />,
وليا شعرت بلذيذ الشوق يشعربه<br />,
<br />,
واللي خفوقي على شوفته طـرباني<br />,
كل الدروب العفـيفه تـطمح لدربه<br />,
<br />,
والا انت مالك حـبيبٍ مثل حـمداني<br />,
لو درت في الكون من شرقه إلى غربه<br />,
<br />,
ليه آتـحـدّاك .. لا قـمـت  تـحــدّاني<br />,
وانا مقامي على النجمات افاخربه<br />,
<br />,
,
تصـدّق مابقى له شيّ في باله من ألافـكار<br />,ديمقـراطـي
عجز يخفـيه في صدره كلام الحق ويلمّه<br />,
<br />,
عجز يقطف ورود الفل ويظلم وردة النوّار<br />,
لاجل ما يكسب الآذان يطري له ولد عمّه<br />,
<br />,
إذا ما عاش لـيله ليل ولاعاش النهار نهـار<br />,
ليا صبحه غـدى ليله ونور الصبح مظلمّه<br />,
<br />,
واذا ماعاش مستـقبل يعيش اليوم بالتـذكار<br />,
يعـيش الحاضر الماضي يهمّه بس مايهمّه<br />,
<br />,
ديمقراطي يعبّر عن كلامه عاش باستقـرار<br />,
يـومّ الـقـلب لافـكـاره واذا ومّ الـفـكر ومـّه<br />,
<br />,
وانا ما جبتها لك سحب إلا في سما الأمطار<br />,
سـحابٍ لا بغى يمطر دمـوعه إندفـق دمّـه<br />,
<br />,
سحابٍ من دموع الموت هالك يروي الأنهار<br />,
روى نهره ونبت وردٍ عجز يقطف ولايشمّه<br />,
<br />,
جبل صامد قوي عزمه كبر حتى بدى ينهار<br />,
عقب ما كان في العالي تهاوى من على القمّه<br />,
<br />,
بدى يصغر يالين أصبح حجر يلعب بيدين صغار<br />,
تبعـثر والطـفـل ينثـر حصاه ويرجـع يلـمّه<br />,
<br />,
نصـيحه قـلتها إحذر تعـاكـس جارف التـيّار<br />,
صعب تامّن في بحر الوقت لاموجه ولا يمّه<br />,
<br />,
ونصيحه لاتذيكا لك على ناس اذكيا شـطّار<br />,
ترى بعض البشر تحسب بلا روح وبلا ذمّه<br />,
<br />,
وانا لا ماعـليّ الاّ أقـول الحـق مهـما صـار<br />,
تريـد الحق خـذ قولي ولا تاخـذ ولـد عـمّه<br />,
<br />,
أنا قلت النصيحه لك واعـيد الدار غير الدار<br />,
وافـاعـيها تـريـّا بـس لحظة غـدر وتسـمّه<br />,
<br />,
أنا ماجـيتها لك سحـب إلاّ في سـما الامطار<br />,
واذا زمّ البحـر مـوجـه لك الله ردّها زمّـه<br />,
<br />,
,
البـارحـة غـنـيـت انـا بـنـشوده<br />,ذيب عوى
وعبرت في حدودي وجيت حدوده<br />,
<br />,
عـز اللـه ان الـدار هـذي  داري<br />,
وعـز اللـه ان النـود نفـحة نـوده<br />,
<br />,
أسلـوبها فـكـري وهـي فـكـريـّه<br />,
إيعـرفهـا الـنـقــّاد مـن مـنـقــوده<br />,
<br />,
وطريقـها على الجهـات الاربـع<br />,
اللـي فـي وجهي ماهي بمسدوده<br />,
<br />,
أذا قـراهـا الـشـاعـر المتـمـكـّن<br />,
تنـاسـب احـساسه وتدخـل مـوده<br />,
<br />,
مـن كـل بـسـتـان اتـنـقـّى ورده<br />,
بستـاني الشعـري يا  كثر وروده<br />,
<br />,
الارض يمـكـن ثـمـرهـا باينـبّـت<br />,
وهـي الاراضــي كلـّها مسـمـوده<br />,
<br />,
بغـيتـها بـرحـي باتـطلـع بـرحي<br />,
وبغيتها ( عجوا )  ثـمر عـنقوده<br />,
<br />,
اشـب ضوّي فـوق ضلـع المعنى<br />,
وجـزايلي مثـل الغـضا مـرمـوده<br />,
<br />,
أسبـح بحور الشعـر واحد واحد<br />,
معـاي طــاقـه ماهـي بْـمـحـدوده<br />,
<br />,
تـلمع بروق افـكاري الشعـريــّه<br />,
وخـيـالي الجـامـح تـدن رعــوده<br />,
<br />,
بين المـراكـز الاوّله لي مـركـز<br />,
أنا لهـا فـي اللـيــله المـشـهــوده<br />,
<br />,
اكـسّـر التـيـمات لو هـي ريـخا<br />,
وانـته ولا تـكـسر وهي مشـدوده<br />,
<br />,
لاني مضمّر شعر عندي خبره<br />,
ما افـحّـم الحـايـل مع الـمـفـروده<br />,
<br />,
وهذي القصيده لو بتطلع بَكره<br />,
إمّـا عـلى شـاهـيـن أو سـلـهـوده<br />,
<br />,
أدخل براس المال واعرف ربحي<br />,
قــدّام مـا يـدخـل عـلـي مــردوده<br />,
<br />,
يوم اصهـلت خـيل المعاني قالـت<br />,
ســلام لك يـا (مـحـمـد النابـوده)<br />,
<br />,
اللي غيابك عن حضـورك يكـفي<br />,
وذكـرك ذعـاذيـع النسـيم تقـوده<br />,
<br />,
إطلع معي فوق السحاب نسولف<br />,
وكلـمات من مثـلي تجي معدوده<br />,
<br />,
ويـعـدّها الـروّاي كـلـمـه كـلـمه<br />,
مابـه ولا كـلمه ما هي مقـصوده<br />,
<br />,
كلُّ ذوي نعـمه بنـعـمه يُـحـسـد<br />,
وانا زعـيـم الـعـالم الـمـحـسـوده<br />,
<br />,
عسى فعـولي في عيون امثالك<br />,
مقـبوله وْمـشكـوره وْمحـمـوده<br />,
<br />,
الى هنا والوقـت يجـري يجري<br />,
مـعـدود وايـّام البـشـر مـعـدوده<br />,
<br />,
ذكرت عـاد وقـلت سـبحان الله<br />,
وش صار في عاده وفي ثـموده<br />,
<br />,
الكبر يهـدم والتـواضـع يـبـني<br />,
والوصل يحيي والهجر وش فوده<br />,
<br />,
مضـيّـع الثـروه محـب الثـروه<br />,
كـنـّـه يــدوّر حـاجـةٍ مـفـقـــوده<br />,
<br />,
ولا خـذا منه البخـيل الممـسك<br />,
رغـم عـقـاراتـه وكـثـر نـقــوده<br />,
<br />,
واللي ما ياخذ عمره مْن أيّامه<br />,
والا بتـاخـذ من جـسـده الـدوده<br />,
<br />,
اللي كـفوفـه جـايـده من خيره<br />,
تجود و تجود العـرب من جوده<br />,
<br />,
اللي جيوبه من كـفوفه تـشكي<br />,
دايم ملا كـفوفه وهي مضهوده<br />,
<br />,
من كثر ما كفـّه تجي م المـدّه<br />,
وينام وكـفوف الـسعـد ممدوده<br />,
<br />,
ما قاله الله في الكتاب المنـزل<br />,
ما يـنـكـره إنجـيـله و تـلـمـوده<br />,
<br />,
وما نقـصنا لامرئ ٍ متـصـدّق<br />,
قـل للزهـيد ونفـسه المزهـوده<br />,
<br />,
عزمه على الظلع الكبير يرزّه<br />,
ما بيـن أسـباعـه وبين فهـوده<br />,
<br />,
لو تـربـط الاجـسـام بالأفـعـالي<br />,
لقـيـت أفـكـار العـرب معـقـوده<br />,
<br />,
العـقل منهج مخـتلف في ذاتـه<br />,
عن منهـج الـواقـع وكل بـنوده<br />,
<br />,
قد يكبر ف عينك كبير بحجـمه<br />,
أو يصغر فـْ عينك صغير بعوده<br />,
<br />,
وفي قصّة النمرود من وحي الله<br />,
اللي تـمـادى في كـبـر معـبـوده<br />,
<br />,
مْن البعوض أرسل عليه بعـوضه<br />,
أذلـّـت الـنـمــرود بيـن جـنــوده<br />,
<br />,
ومن قـال ما يقـدر يـكـوده وقـته<br />,
قولوا لي البـعـوض كيف يكوده<br />,
<br />,
أكبر مافي عـين الفـقـير الدرهـم<br />,
اللي رضـا بحظوظه الـمـقـروده<br />,
<br />,
وأصغر مافي عين الغني الحاجه<br />,
لو انها كـبـر الجـبـل مـشهــوده<br />,
<br />,
أراءهـم وافـكـارهـم مـخـتـلـفـه<br />,
كل ٍ حسـب تـفـكـيره ومجـهـوده<br />,
<br />,
والانسان يولـد طـفل ماله حيله<br />,
مـولـود وايـامـه مـعـه مـولـوده<br />,
<br />,
يصـارع ايّـام الـزمـان الـبـايـــد<br />,
واليـوم لا من راح مـالـه عـوده<br />,
<br />,
يهـز بـزنــوده ركـــون الـدنـيـا<br />,
عايش على ذكرى فعول جدوده<br />,
<br />,
وهو عن جدوده مـقـصّر فعلـه<br />,
لو طلـّع بـوجـه الزمـان زنوده<br />,
<br />,
من راح من عمره ثلاث ارباعه<br />,
قـعـد يـفـكّر في القـبر ولحـوده<br />,
<br />,
ولا جلس تصعـب عليه القومه<br />,
وان قام كـفـّه بالعصا مسـنوده<br />,
<br />,
المـوت واقـع والمـقـدّر واقــع<br />,
والناس لو طال العمر موعوده<br />,
<br />,
والعالمي نـظـرتـه حـول العـالم<br />,
ماهـيب في جـو البلـد وحـدوده<br />,
<br />,
مقدام .. من خلا الرجال اخلافه<br />,
وينقاد .. لي خلا الرجال تـقوده<br />,
<br />,
قــدّام لا بـو الخـطـوه الخـوّافـه<br />,
ولا ابوه قلبٍ ما يحـث عْـضوده<br />,
<br />,
كم رجل باروده حـما من دونـه<br />,
وآخـر حـيـاتـه يـذبـحـه بـاروده<br />,
<br />,
والناس عن شوف الصحيح الجارح<br />,
مـصــدّده وعـيـونهـا مـرمــوده<br />,
<br />,
عسى عيوني عن حقايق غيري<br />,
ماهي بمـرمـوده ولا مـصـدوده<br />,
<br />,
هي هـكذا الدنيا ، وذي لعـبـتـها<br />,
فـ ايّـامهـا واحـداثهـا المعـيـوده<br />,
<br />,
تحـدّنا .. وتـردّنـا .. يـاسـاتـــــر<br />,
على المـسـدّد لا يـبـيـح سدوده<br />,
<br />,
ضلع الشـموخ متعـّب الـرقــّايه<br />,
نزوله اهـون وايـد مْن صعوده<br />,
<br />,
اسـتقرئ  المسـتـقـبل بأمـعـاني<br />,
في حـاضـر ٍ دلايـلـه مـوجـوده<br />,
<br />,
لو ان ذا الدنـيـا مافـيها ناقـص<br />,
ما كان راعي الزود شفنا زوده<br />,
<br />,
هذا شـعـور الشـاعر اللي غـنى<br />,
بعيد عن عين الغضي وخدوده<br />,
<br />,
ذيبٍ عوى من فوق ضلع ٍعالي<br />,
صداه ياصل في الجبل ببـروده<br />,
<br />,
عسى عواه إذا عوى من ضيقه<br />,
ياصل سـموع محـمّـد النابـوده<br />,
<br />,
,
عـلى الله ما تغـيّـبـني اللـيـالي<br />,رَجُـل مـثـالـي
لو ان صدوف صكّات الليالي<br />,
<br />,
تـنـصّـاني وانـا رجـلٍ عـزومه<br />,
يصـد بها النـوايـب ما يـبـالي<br />,
<br />,
أفـل حـجايـه بـوجـه الكـبـيـره<br />,
وتصغـر من فضل ربّي قبالي<br />,
<br />,
واحب الطـيب واللّي يفـعـلونه<br />,
ويرخص من غلاهم كل غالي<br />,
<br />,
ولـولا حـكـمـة الله ما خـلـقـنـا<br />,
وأمـرٌ قـد كـتــب أوّل وتــالي<br />,
<br />,
سألت الله كوكـب في المجـرّه<br />,
جعـلت الطيّـبين من الرجالي<br />,
<br />,
يحـكـمـونه بحـكـمٍ يهــتـني به<br />,
عـزيزٍ من عـليه الوقت مالي<br />,
<br />,
واذا قـالـوا مـدوّرة السـوالـف<br />,
ترى بعض النظم نظمٍ خيالي<br />,
<br />,
باقـول الله يجـمّــل من تجـمّـل<br />,
وانا قـبل الشعـر رجلٍ مثالي<br />,
<br />,
وانا شاعـر قصـيدي فـيه منّي<br />,
طموحي واعتزازي واتكالي<br />,
<br />,
لكـن ياللي تـعـذربـني تـمهّـــل<br />,
أنا خـوّة رفـيقي راس مـالي<br />,
<br />,
تـنافـسـني بـطـول الـظـل لكـن<br />,
ستر ظل الشجر ظل الجبالي<br />,
<br />,
وانا لو اعـتزلت الشعـر لحظه<br />,
يموت الشعـر في يوم اعتـزالي<br />,
<br />,
مقامي أشرف مْن ايّة قـصيده<br />,
أسـوّيها على الـدرب ارتـجـالي<br />,
<br />,
معي ذكـرٍ عليه ابني حـضاره<br />,
وانومس به عمامي مع خوالي<br />,
<br />,
ومعي ذِكـرٍ إلى منـّه سـمع به<br />,
من الحـكّـام واصـحاب المعـالي<br />,
<br />,
كـريمٍ طـيب راسـه يقـتـدي به<br />,
ولا يـلحـقـه شـك ولا احـتـمالي<br />,
<br />,
تـنـافـسـني عـليه ويحـتـزم له<br />,
يـدوس المسـتحـيله والمـحالي<br />,
<br />,
تـقـزّمتُ في عين اقـزم مجـرّد<br />,
كـبرتُ في عـين كـبار الرجـالي<br />,
<br />,
ومتى شدّوا الرحال آشد عزمي<br />,
ومتى ما عزّموا .. شدّت رحالي<br />,
<br />,
قدم رجلي على الطرقه ما تتعب<br />,
أعـرّضـها على وعــر الجـبالي<br />,
<br />,
معـوّدها على دوس المـخاطـر<br />,
وحـمـلي ما تـحـمّــله الجـمالي<br />,
<br />,
وردت البيـر وعـزومـي قـويّه<br />,
تـورّدنـي طــويـــلات الحـبـالي<br />,
<br />,
سليل المجد راع الطيب جـدّي<br />,
وابوي اللي بنى صرح المعالي<br />,
<br />,
نعــز اللـي تــذرّى فـي ذرانــا<br />,
يعـيـش بوسـطـنا آمـن وسـالي<br />,
<br />,
عـرين الأسـد يـبقى له مهـابه<br />,
نـزفّ الروح دونه والغـوالي<br />,
<br />,
صغـيـر القـوم مـنـّا لا نخـيـتـه<br />,
تـنهّـض مثل ابو زيد الهلالي<br />,
<br />,
زمـان الخـف والحـافـر ثـبتـنا<br />,
وشيّدنا العلم في راس عالي<br />,
<br />,
بفـضل الله في هـالـكون سدنا<br />,
نصرنا الله بعد عسر الليالي<br />,
<br />,
سفـينتـنا رغم الاهوال ترسي<br />,
بفـضـل الله وقـروم العـيـالي<br />,
<br />,
عـطانا الله من خـيـره وجـدنا<br />,
عطانا عـمّ الاقصى والموالي<br />,
<br />,
تبالي من صروف الدهر قومٍ<br />,
ولكـنـّا .. رجـــــــالٌ لا نـبالي<br />,
<br />,
لكـن نظـرات أفـكـاري بعـيده<br />,
أبـي ذكـرٍ يـسـمّى لي لحـالي<br />,
<br />,
طـمــوحـاتي كــذا والاّ بـلاها<br />,
عــزومٍ ما تـوصّـلـني مـثـالي<br />,
<br />,
ترى الناس العزيزه يوم تسأل<br />,
عن الرجّال مضمون السؤالي<br />,
<br />,
تقول الرجـل هذا ويش فعـله<br />,
ماهي بتـقـول هذا ويش قالي<br />,
<br />,
لو ان القوم بالهرج اغـلبونا<br />,
يابو وجهـين رعيان الحلالي<br />,
<br />,
لكن لا تنـفعـل يا قـلبي ياللي<br />,
طـمـوحـك أكبر مْن الإنفعالي<br />,
<br />,
,
وش خانـة دبــي وبحـرها<br />,رسالة إلى أمّي
مادام شـمــس دبــي ما حَـــد<br />,
<br />,
تـبـكي فـيافـيها وشجــرها<br />,
والطـيـــر عَـيّـا مـا يـغـــرّد<br />,
<br />,
وزعبيل لي مظلم قصرها<br />,
مابه سوى صوت الصدى يرد<br />,
<br />,
ونجـوم تـسأل عن بـدرها<br />,
لي ينير داجي اللـيل الاسـود<br />,
<br />,
ياشـمـعـة الـدار وسـفـرها<br />,
يا امّـي مـن الـشـوق آتـوقـّد<br />,
<br />,
إن كان شعري ماحَصَرها<br />,
الاشواق تـظهـر في الـتـنهّـد<br />,
<br />,
تجيب لي النَسمه عـطرها<br />,
لي يغـار منـّه فـايــح الــورد<br />,
<br />,
القـلـب يـنبـض به ذكـرها<br />,
وطـيـوفـها في العـين تـرقــد<br />,
<br />,
الله يـطــوّل في عـمـــرها<br />,
وتبـقى لـنا وبعـمـرهـا يـمــد<br />,
<br />,
وعـساه ما يطـوّل سفـرها<br />,
ولـنا بخـيـر انـشـا الـله تــرد<br />,
<br />,
,
تشوفون الشتا والصيف تشوفون السحب وامطار<br />,زايــد
تشوفون الشجر والطير وأمْن وخيرنا سايد<br />,
<br />,
تـشوفـون الفـرح ياللي يـداعـب وردة الـنــوّار<br />,
وفجـرٍ يا حلا صـبحه نسيمه عطر متزايد<br />,
<br />,
تشوفون البحـر والبـر ، جـبال وتحـتها أنهـار<br />,
تشوفون الأراضي كلها تزهر لاجل واحد<br />,
<br />,
لاجـل من وحّـد الـدولـه زعـيـم وقايـدٍ مغـوار<br />,
أبـونا وشيـخـنا زايــد ومن مثـله لـنا قـايـد<br />,
<br />,
بنى مجد وبنى عِزّ وبنى صرح الوطن باصرار<br />,
بنى شعبٍ تحت ظلّه فدى لهذا الوطن صامد<br />,
<br />,
في عيده غنّت الفرحه طرب واستبشرت به دار<br />,
وداره دام هـو فـيها ، نعـيم و خـيرها وايد<br />,
<br />,
تهلـّي بعـيـده الـسامي وتسمـو باسـمه المخـتار<br />,
وزايـد بالـفعـل زايـد وزايـد حـبّـنا الخالـد<br />,
<br />,
أنا اشهـد بان ذا العـالـم إذا بيـومٍ نـوى يخـتـار<br />,
حكـيمٍ يفخـر بأسمه ، نعم ماله سوى زايـد<br />,
<br />,
,
سرى فكري وانا فـزّاع والدنيا بها ضجّـه<br />,سريـة فـكـر
واظن ان الشعر هاليوم يبا يقضي على حاجه<br />,
<br />,
سـرى بليلٍ وفي بحـرٍ يعانـد غـزره ولجّـه<br />,
يقـاوم جـرّة الـتـيـّار ولو تـطـمي به امـواجه<br />,
<br />,
بحور غـزار يبغـيها لأصعب درب متوجّـه<br />,
يبا روس العلا ويقدر على صعـبات لمواجه<br />,
<br />,
يطول الدرب كم بايطول وحرف القافيه غلجه<br />,
ولكن يقـدر ان يـبـني بيـوته تصبح ابـراجـه<br />,
<br />,
على وصف الجميل الفاتن الساحر لنا حجّه<br />,
ما دام الحب هو لـيل المتـيّـم أو هو سـراجه<br />,
<br />,
عـنودٍ رمشها سلهـم وعـينٍ ناعـسه دعـجه<br />,
و خـدّ مورّد ومنـور طبـيـعي دون مكـياجه<br />,
<br />,
ووجهٍ من سنا نوره على البهجه ضفا بهجه<br />,
مزونٍ غـيثها البسـمه ليا من تضحك حجاجه<br />,
<br />,
وميـدولٍ على متـنه كما داج الدجـا هـجّــه<br />,
على عـودٍ كما قـزّ الحـريـر الناعـم انـتـاجـه<br />,
<br />,
جميل وكل ما فيه الجمال سكوته وهرجه<br />,
واذا للـزيـن مـنهـاجٍ حـبيـبي الـزيـن منهاجـه<br />,
<br />,
أهو تـاج الجمال .. الا مداه اللي تبع نهجه<br />,
وانا اشهـد بأن حسن الفاتنات الصاحبي تاجه<br />,
<br />,
تصدّق من كثر حسنك تصيب بعالمك رجّه<br />,
ولي تـبغي له احراجٍ بحـسـنك تـملك احراجه<br />,
<br />,
حبيبي لا تلوم القلب ، لوم عيونك الدعجه<br />,
بها حاجـه ولا ادري وش بها لكـن بها حاجه<br />,
<br />,
دخيلك يا هوى بالي حبيبك في الهوى نجّه<br />,
ترى حبـّك سبب هـمّه وصدّك سبّـة ازعاجه<br />,
<br />,
واذا المطلوب م الخفّاق مني يطلب الرفجه<br />,
ورفـجـه ما أردّه دام هـذا الـقـلـب محـتـاجـه<br />,
<br />,
,
الله يـِغـَمْـرك بَالـهـنا والـسـَّــعـاده<br />,سكـّر زيــاده
ياللي جعـلت أيـّامي افــراح ويّــاك<br />,
<br />,
في نظـرتك هـيبة شـمـوخ وإراده<br />,
و في وقـفـتك تكـثر بعـيني مزاياك<br />,
<br />,
واشوف ليلي في شعرك وسـواده<br />,
واشوف شمسي مشرقه في محيّاك<br />,
<br />,
واشوف في رمشك جيوش الإباده<br />,
واشـوف في عينك مدارات وافـلاك<br />,
<br />,
سـماع صـوتـك حـزّة الـنوم عـاده<br />,
صار السهـر .. شيّ ٍأسـاسي بليّـاك<br />,
<br />,
طلع معي سـكـّر عـلى غـير عـاده<br />,
وهـذي سـبايب كثر وصلك ولامـاك<br />,
<br />,
في شـفاتـك الثـنتـين سـكـّر زيـاده<br />,
حاول تقـلـّل نـسـبـته فـي شـفـايـاك<br />,
<br />,
يمشي على شورك ويترك مـراده<br />,
قـلـبٍ يحـبّـك لان ..ما عـنـده ادراك<br />,
<br />,
وان غبت قـلبي معـلن ٍ لك حداده<br />,
وان جيتـني .. متعـة حياتي بلقـياك<br />,
<br />,
خـلاص انـا قـررت.. وبلا هـواده<br />,
أفارقـك واشـبع خـفـوقـي بـفـرقـاك<br />,
<br />,
تعـبت من كـثر الفـرح والـسـعاده<br />,
أبغـي أجـرّب طـعـم الاحـزان ويّـاك<br />,
<br />,
,
سـلام تسلـيـمٍ حـلاته مثـل شهـد المـنـحـله<br />,سلام تسليم
أحلى من انفاس الربيع اللي يذعذع ندّها<br />,
نوره إلى سلـّمت به يشبه من الصبح اوّلـه<br />,
وعفويّته تصعب على مزح الرجال وجدّها<br />,
مآخذ من الطيب احسنه وْماخذ من الحب الوله<br />,
وماخذ من الثـنتين طيّبها .. وخلاّ ضدّها<br />,
مْـطـرّزٍ بالطـيـّبات وبالـفـكـر والـبَـسـمَـلـه<br />,
صَلاة خـلاّق البـشر على الـنبي لا بـدّها<br />,
ماهو يقال مْن الضمـير الا لمن يـسـتاهـلـه<br />,
ولا عشق غير النفوس الصافيات وْودّها<br />,
عليك يا ريـف النفـوس الخاويات الممـحله<br />,
اللّي زمـنها لاعــبٍ فـيها وبـيّــح سـدّها<br />,
يا صانعٍ قول المثل ( الطيب يوجد في هله )<br />,
يا جابـرٍ دورات بقـعا تـلـتـزم في حـدّها<br />,
الطيب من طيبـك يغار يغار وانت تـمـوّلـه<br />,
يالين صاحت كفـّك اللي طيبها من جدّها<br />,
يابو المراجل لا اوضحت حقيقة المسترجله<br />,
اللي حـداهـم لا تمـرجـل مرّتـيـن يعِـدّها<br />,
يابو اليتامى والفـقارى والضعيف والأرمله<br />,
يا مْعـلـّـمٍ كـفـّك ثـقـيلات الحمول يشدّها<br />,
قالوا هذا من هو ؟ وقلت شوي يالين آصـله<br />,
ماهي توصّـفه القصيده لو توصّـل حدّها<br />,
هذا الذي لامن زعل تهتز الارض مْن ازعله<br />,
واذا رضا تمطر وتزهـر بالنفل مجردّها<br />,
هذا الذي حلمه يجلـّي ف المواقـيـف اجهـله<br />,
هذا الذي لا كبـرت الـصكـّات بيده ردّها<br />,
هذا الذي لا كبرت القـصّه وحجم المعـضله<br />,
ثقل الحمل فوق الزمول اللي تطاير بدّها<br />,
تـثـني له الركـبه ويـسكت شاربٍ لم يفـتـله<br />,
تأتي على ما يشـتهي يـوم الجـذور يقـدّها<br />,
مابه فـقـير ولا غـنيّ الاّ من الجـيـد اشـمله<br />,
يمـناه تـعـمر ف الديـار الخالـيه لا مـدّها<br />,
الله وهـبـه من الفـراجـات العلا والمنـزلـه<br />,
والله خـبيـرٍ ف الـعـباد ويـدري انـّه قـدّها<br />,
هذا ولد راشـد ولد مكـتـوم راعـي الاوّلـه<br />,
لـولاه .. ما قـامت بـلاد ولا تـرسّـم حـدّها<br />,
مسلـسله عـزّ وْفخر ياطيب بحر مْسـلسله<br />,
نعم وْنعـم .. نعـم وْنعم .. نعـمٍ واعد آردّها<br />,
وآنا يابـوي اذا تغـنـّيت الـبـيـوت مـهـوّله<br />,
لاترتقي غصباً على لساني لا جيت آعدّها<br />,
كنها على حـضرة جنابك تـنحفظ ومقوّله<br />,
كـنها تـقـول آنـا رسـاله .. والرساله ودّها<br />,
&nbsp;,
,
الشعر في راسي تجارب شايب و ثورة شباب<br />,سـمح الـجـنــاب
وافـكار شاعـر يحـسب الكـلمه لا منـّه قالها<br />,
إلى برق هاجوسي وهـلـّت مثـل وبل السحاب<br />,
تحيـي قـلوب أكثر جماهيري وتشغـل بالها<br />,
يا خوي يا (راشد بن محمد ) ويا سمح الجناب<br />,
يا مجـد دولـه سـطـّر التاريخ فـعـل ابطالها<br />,
نويت مدحك وانفتح لي في المـدح مليـون باب<br />,
وعـرفـت بان الطيّـبين المـدح ما يـرقـا لها<br />,
لا ضاقـت الدنيـا عـليّ أقـول مالك يالصـعـاب<br />,
إلا عـضـيـدٍ كـل ما ضـاقـت يقـول : أنا لها<br />,
يامحـزمي أصغـر صـفاتك بس تحـتاج لكتاب<br />,
والاّ القـصـيده مسـتحيل تـوصّـفـك بـلحالها<br />,
الـمـرجـلـه إمّـا وراثــة جــد والاّ بـاكـتـســاب<br />,
وانت الوريث المكـتـسب ونقـول فالك فالها<br />,
تعزف عن الأضواء لين النور أرسل لك عتاب<br />,
الأرض وش تـسـوى بلـيّا شمـسها وهلالها<br />,
والناس تسألني عن احوالي وانا اقول الجواب<br />,
روحوا لراشـد واسألوا عن نفسه وعن حالها<br />,
واذا فـرح أفـرح معـه واذا شـعـر بالإكـتـئاب<br />,
أشعـر معـه بالإكتـئاب .. بحـلـّها وترحالها<br />,
إخـوان فـيـنا عـزّه وْ هـيـبـه وْ وقـفـاتٍ قـراب<br />,
والأوسـمه تـسعى لنا لو كان ما نسعى لها<br />,
ننافس بْشوط الركاب ، ونسبق بشوط الركاب<br />,
والا اعتلينا ع ظهور الخـيل .. حن خيّالها<br />,
ألله خـلـقــنـا للـتـقــدّم والـتـطـوّر والـصــواب<br />,
وتعـقـد عـليـنا دارنا .. طـموحـها وآمـالها<br />,
صـغـيـرنا يـحـشـم قـدر كـبـيـرنا ولا نهـاب<br />,
مْن الـسـنـين .. وكـل ما قـامت لـنا قـمـنا لها<br />,
فينا الأدب فطره ولا نخرج عن حدود الآداب<br />,
وقــلـوبـنا بـيـض وْعـزايـمـنا تـهـدّ جْـبـالها<br />,
أفـعـالـنا تـلـفـت لـنا الأنـظـار قــدّام الـرقـاب<br />,
واهل الفعـول تموت لكن ما تموت افـعالها<br />,
حِنـّا عيال اللي صنع من بعد عصر الإنتداب<br />,
المعـجـزات الكـايـده بـانـواعـهـا واشـكالها<br />,
عجيب والحكـّام تـنظر في سـموّه بانعـجاب<br />,
حَسْنـَتـْه عـند الله مِـجْـزيـّـه بعَـشـْر امـثالها<br />,
واعداه ما تطمع بفـنجاله وتحـسب له حساب<br />,
وهـو إلى مـنـّـه تـحـدّاهـا شـرب فـنـجـالها<br />,
من غرب الارض اللي يغطي شمسها كثر الضباب<br />,
لشرق الارض اللي توهّج شمسها أضفى لها<br />,
ومْن الجنوب اللي هبوبه يوم هبّت بانسياب<br />,
تـردّد اسـمـه وتـتـغــنـّى باحـرفـه شـمـالها<br />,
من حكـمة الله يـوم تمـشي مثـلـنا فـوق التـراب<br />,
لجل تـكـون انت السـنـد للأرمـله واطـفالها<br />,
والاّ مكانك فـوق فـوق العـاليات مْـن الهـضاب<br />,
ماهوب فوق الأرض يا اغلى من وطا برمالها<br />,
هذي أحاسيسي بعد ما اسرفت في طول الغياب<br />,
من شاعـر ٍ جاته جـماهـيره وجـا إرضا لها<br />,
تـقـبـّلوها قـبـل مـا أعـلـن بـدايـة الانــســحــاب<br />,
طـوّلتها بس اعذروا ( حمدان ) يوم ٍ طالها<br />,
تجارب الشيـبان لا اخـتلطت بثـورات الشـباب<br />,
تصنع قصيده مبدعه وتسلب عقل من قالها<br />,
&nbsp;,
,
الأمر هايـل لكن ماني بْمتهـوّل<br />,سؤال
ولاني بْـمتصاعب وْلاني بْـمتساهل<br />,
<br />,
أنـا أعـوّل عـلى الإدراك وآعـَــوّل<br />,
على هجـوسٍ من بْـحور الشعر ناهل<br />,
<br />,
ياللي تسوّل ، ترى ماني بـْمتسوّل<br />,
لو للشعر مرتبه .. قـصيدي العاهل<br />,
<br />,
يا مطوّل البال .. لكن الصبر طوّل<br />,
يا هل ترى وش نهايات الصبر يا هل<br />,
<br />,
عندي سؤالٍ على لساني يبا يحوّل<br />,
ساعات أردّه ، وساعات أقول يستاهل<br />,
<br />,
شهرين له في ضلوع الصدر يتجوّل<br />,
أذهل ويصحى وْيـصحّيني وانا ذاهِل<br />,
<br />,
وشلون الآخر ولو جاهـل يصير اوّل<br />,
والأوّل شلـون يرضـا يتـبع الجـاهِـل<br />,
<br />,
لو يبدي الراي شخصٍ ماهو مْخوّل<br />,
آراءه الـمستـطيشه تـثقـل الكـاهل<br />,
<br />,
الناس متغيّره ، والوقت متحـوّل<br />,
وسنيننا تنتهي .. وهـلالنا ما هَـل<br />,
&nbsp;,
,
من يجيب (الهَاْتْرِكْ) بْـ (سَيح السَّلَمْ)<br />,سيـّــــدي
ومن لعزمه تنحني روس الرجال<br />,
<br />,
غـير ذاك اللي رقــى روس الـقـمـم<br />,
نـال مطـلـوبـه .. ولو حتـّى محال<br />,
<br />,
به قـلـيـلـه يا مــلا كـلـمـة ( نِـعِـمْ )<br />,
دام فعـله صار من ضَرْب الخيال<br />,
<br />,
الشـّهـم ولـد الـشـهـم ولـد الشـهـــم<br />,
زاكـي الجَــدّيـن مـن عَــمٍّ وخــال<br />,
<br />,
سـيـّـدي سِـيْـد الـشـجاعه والكـَـرَمْ<br />,
والـشـهـامـه ما بهـا قـِـيـْـلٍ وقــال<br />,
<br />,
نــادرٍ ما لـه شـبـيــهٍ فـي الأمــــم<br />,
والـنــداره ما تـجـي إلاَّ بـْـقــــلال<br />,
<br />,
العـدو من هـيـبـتـه يوقـف صَـنـَمْ<br />,
وما تـمـاري قـوّتـه صُــمّ الجـبـال<br />,
<br />,
والله انـّه للـنـصـر أصْـعـَبْ رقـم<br />,
والـشـهـاده عـنـد هـذيـك الـتـــلال<br />,
<br />,
الـمهــم الـفـوز والـشـيّ الأهـَـــمّ<br />,
إنـّه بـفـوزه غـدا مـضـرب مـثـال<br />,
<br />,
طالـبـنـّـك سـيـّـدي وتـقـول .. تَمّ<br />,
كـافيٍ .. وافـْـتَح لغـيـرك هَالمجال<br />,
<br />,
,
يا مرحبا يا مغـلـّط في تـليفـوني<br />,شاعـــر إرتـجــــالي
مسموح مسموح والغلطات عفويّه<br />,
<br />,
صفرين تسعه وسته سـته تموني<br />,
الرقـم هـذا فـتح خـط السـعـوديّـه<br />,
<br />,
ثم قـلت لبّـيك آمر هـذي عـيوني<br />,
فتحت ذا القـلب والنيّـه على النيّه<br />,
<br />,
خلّيت لك في الحنايا بصمه وْلوني<br />,
تفرق على لون دمّي في مجاريّه<br />,
<br />,
وخلّيت لك يا حبيبي بيت فرعوني<br />,
يخربط الناس في الروحات والجيّه<br />,
<br />,
وخلّيت لك في عيوني ركب وضعوني<br />,
تزعل وتنزل تحت جفـني وفوقيّه<br />,
<br />,
يا صاحبي وان نشدني طيفك شلوني<br />,
أقـول طيّـب وطـيفـك فـيه ماريّه<br />,
<br />,
ماريّـةٍ يوم تـقـبل تجـذب لحـوني<br />,
وآجـر له من لحون الشوق قافـيّه<br />,
<br />,
بيّحت يا قاصد الغلطات مكنوني<br />,
وانا رومانسي أحب اهل الرومانسيّه<br />,
<br />,
من دونك آعيش وانت تعيش من دوني<br />,
يالين أوحيت صوتك لعنبو حيّه<br />,
<br />,
ضجّـت زوايا خفوقي وانـشد ركوني<br />,
وانا ولد شيخ لي هيبه وشخصيّه<br />,
<br />,
الأرض أرضي وكون المرجله كوني<br />,
لكـنـّـه الحـب والعاشـق وطاريّه<br />,
<br />,
تـكـفـون يا نـاس بالله لا تـلـومـونـي<br />,
الصـدفه اللي بلا مـيـعاد جـبريّه<br />,
<br />,
سمـّـوني العاشـق المغـرم وسمّوني<br />,
الشاعـر اللي قـصايـده ارتجالـيّه<br />,
<br />,
قـنابلٍ من فكـر راسـي ومضـموني<br />,
لكن قـنـابـل غـلا ما هـيب ذريّـه<br />,
<br />,
وآغنـّي البيت متراكـب ومـوزوني<br />,
مبـدع ومجـنون وافـكاري خياليّه<br />,
<br />,
يا نجـد ودّي أغنـّي بك على هـوني<br />,
حوريّة الأرض فوق الأرض نجديّه<br />,
<br />,
,
خلّ يوصل الخفوقك حب أو انـّك تجيه<br />,شـاعـر مشـاعـر
كل ما اشوفك فلانه واتـردّد كيف اجيك<br />,
<br />,
ردّدت نظرات عيني إعشقه أوموت فيه<br />,
وكل ما اطالع عيونك وارمي النظره إليك<br />,
<br />,
سمّني النظره وقالت آه إسم الله عليه<br />,
من عنيه القلب يرسل نبضه لنظرة عنيك<br />,
<br />,
من عنيك ارسال واضح تجبره بغمضة عنيه<br />,
وانت لو قصدك تذيكا في سكوتك أو حكيك<br />,
<br />,
إبتسم لك وابتسم لي وبس هذا اللي أبيه<br />,
لا تخلّي الحب يذبح شاعرك ويموت فيك<br />,
<br />,
خذ عيونه أو خفوقه والا اقولّك خذ يديه<br />,
يعني خذ شاعر مشاعر قصده الاّ يحتويك<br />,
<br />,
لا تخلـّي القلب يهوى وتجبره بمدّة يديك<br />,
لا تغـزّل في عيونك عينك اللي تحتويه<br />,
<br />,
ابتليتك حب واضح واضح انّي لا ابتليك<br />,
واعشقك يا شوق بلوى وبلوى انّي لا ابتليه<br />,
<br />,
أعشقك يعني عشقتك من غلاوة والديك<br />,
واحضنك طفلٍ تدلّـع .. في خميلة والديه<br />,
<br />,
أعجبك أو ما اعجبك كل واحد هيك وهيك<br />,
بس ردّك لي بسرعه قول لا أو قول هيه<br />,
<br />,
وش عليك اللي يحبّك ياحبيبي وش عليك<br />,
وانت تبغي بس عامل نفسك انك ما تبيه<br />,
<br />,
,
حِنّا تـحت أمرك وظلـّك ويمناك<br />,سيّـدي لا عدمنـاك
وحِـنّا إذا منـّا وعـــدنـا وفـيــنا<br />,
<br />,
شجعان ما ظنّي إذا قلت نعصاك<br />,
منك الـمراجـل والتحمّل خذينا<br />,
<br />,
سوّاك رب العرش ماحدّ شرواك<br />,
واكبر فخر باسمك يابوي استمينا<br />,
<br />,
والقصد كلـّه سيّدي نطلب رضاك<br />,
للعـز نرقـى والـمعـالي اعتـلينا<br />,
<br />,
حِـنـّا إذا منّـا بـيـومٍ وعـدنــاك<br />,
لا تظـنّ وعد الحـر يـصعب عـلينا<br />,
<br />,
ما دامنا ننهل مناهل سجـاياك<br />,
أنا اشهد انـّا ع الـمصاعب قـوينا<br />,
<br />,
يـحماك ربّي سيّدي لا عدمناك<br />,
وتعـيش أزمــان ودهـور وسنينا<br />,
<br />,
,
جـيتـك بقـلبٍ صـدوقه معـانـيه<br />,شـرق و غـرب
وانتـه بقـلبـك ما تحـرّك مشاعر<br />,
<br />,
الحـر قالـوا بالاشـارات تكـفـيه<br />,
وانته بعد ذا القول يا كيف حاير<br />,
<br />,
قـلبٍ يحـبك والله اليـوم بارميه<br />,
ما اريد قـلبٍ في غـرامك يكـابر<br />,
<br />,
لاوّل خفوقي عن هوى الكل تغنيه<br />,
واليوم حـبك صار ع الكل عابر<br />,
<br />,
خلك بدربٍ عكس ما احب تمشيه<br />,
أسير شرق وانت بالغرب ساير<br />,
<br />,
,
كنتي بْعـيوني شَيّ واليوم لا شيّ<br />,شيّ ولا شيّ
وكنتي بخفوقي نبض واليوم حَتفه<br />,
<br />,
الحي من موتك وهو الموت بك حيّ<br />,
كَـلمه وهي كَـلمه لـها ألـف حَذفـه<br />,
<br />,
كَـمٍ طـويت الحب عَ خَـافـقي طَـيّ<br />,
وْكَمٍ ملَـكـت القلب نصـفه و نصـفه<br />,
<br />,
لك بحر متمَادي ولك مـوج يَطمي<br />,
واليوم يا خِلـّي لك الـشرب رَشـفه<br />,
<br />,
اليوم لك مَـدّه على كـفّ يَـدمـي<br />,
مـدّي كـفوفـك خلـّي كَـفـّك بكَـفـّه<br />,
<br />,
واليوم كَم نَاسٍ عَلى الشوق تَسْري<br />,
والحب له ميـزه يـبا شْـوي خِـفـّه<br />,
<br />,
عيشي الفرح دامك سكنتي بها دبي<br />,
ذوقي الـمَحَـبّه كيف تَـاتي بلطـفه<br />,
<br />,
كيف الظما يَاتي على وارد الـمَيّ<br />,
تشرب وتـظما وترتـوي له بنطـفه<br />,
<br />,
لي راح هـو رَوّح ولي يَـاتي يْـجي<br />,
و  لي لَـفـّني لَـفـّه له الفـين لَـفـّـه<br />,
<br />,
,
إن رحت عنـّي مت وان جيتني مت<br />,شـفـّة الصمت
هذا غـريب الحـب لي عـشته وياك<br />,
<br />,
أغرب من الكلمه على شفـّة الصمت<br />,
يوم افـصحت عن حال قـلبٍ تفدّاك<br />,
<br />,
قـلـبٍ تـملـّكـته وعـشـّمـته و شـمـت<br />,
وشلون يصدر والظما ما ورد ماك<br />,
<br />,
أخطـيت لكـن للأسـف ما تعـلـّمـت<br />,
إن الـملا تـشــره على مــد يمــناك<br />,
<br />,
مـدّيـت كـفـّـك يا حبـيـبي وسلـّمت<br />,
لعـلـّـني فـدوة يمـيـنك و يـســـراك<br />,
<br />,
أنا اشهد اني في وصوفك تلعـثمت<br />,
شفـت الغـدير هناك وهناك وهناك<br />,
<br />,
,
يا شيخة الغـيد .. قال الشاعر من الشعـر<br />,شيخـة الغـيد
قـصـيـدةٍ .. تـذهـل النـقـّـاد باوزانـها<br />,
<br />,
شعـاع شمس الضحا يغري غصون الشجر<br />,
ما الومه البلبل ان غرّد على اغصانها<br />,
<br />,
يا مـدّعـيـن الفـخــر .. هـذا سـنـام الفـخـر<br />,
غـرام أبـوها الكريم وعـزوة اخوانها<br />,
<br />,
خـلّوني اعـزف على وصف العـزيزه وتـر<br />,
اللي كن العشق يستوطن ف فستانها<br />,
<br />,
هل تعرفون الخبر ؟! أو تجهلون الخبر ؟<br />,
السـحـب ترسـل تهانـيها مع امـزانها<br />,
<br />,
الـبنـت هـذي عـروس البـر والاّ البـحــر<br />,
الشـمس تـشرق أشعـتها على شـانها<br />,
<br />,
بنـتٍ سـحـرني غـلاها لين قـلـت السحـر<br />,
في نـظـرة عـيـونها أو لـثغـة لسـانها<br />,
<br />,
فيها يطيب الغـلا والوصف حتى الشعِـر<br />,
تطـرب بـيـوته على لحـنٍ من الحانها<br />,
<br />,
,
با جيك يا ناعس الأهداب وانت ادرى<br />,شياطينك
لو الـمـسـافـه كـبيـره بيـني وبيـنك<br />,
<br />,
إجرح عسى كل جرحٍ منك ما يبرى<br />,
وتـشـيطن الله يحـفظ لي شـياطـينك<br />,
<br />,
أبغـيك مستـقـبل الخـفـّاق والـذكـر<br />,
وابغي عيوني تنام وتصبح فـْ عينك<br />,
<br />,
يا غـاليه لو يطـول الليـل والمـسرى<br />,
أبا اسـأل اللـيـل عن آخـر عـناوينك<br />,
<br />,
تمخطري مثل وصف المهره الشقرا<br />,
إلى تـمـثــّـلـت بالأشـعـار في زينـك<br />,
<br />,
وتمايلي مثل غصن الشجره الخضرا<br />,
لا حسّت إيدي برقــّة لمـسة يدينـك<br />,
<br />,
ولهـان يا فاتـنه .. يا بنـت .. يا عـذرا<br />,
ولو إن عندي صبر ما قلت لك وينك<br />,
<br />,
إن القيـم والأدب والصـدق والأحرى<br />,
يطغى على قسوتك يوم الهجر لينك<br />,
<br />,
الهجر بين الحـبايب عـيب ما يطرى<br />,
وانتـي من الهـجـر ذابـلـةٍ بـسـاتيـنك<br />,
<br />,
يكتب فراقي في عـينك شيّ ما يقـرا<br />,
وتنسخ دموعك حروفه فوق خدّينك<br />,
<br />,
يالله عـسى كل جـرحٍ منـك ما يبـرا<br />,
وعـساني آخـر حبيـبٍ من محبّـينك<br />,
<br />,
,
لـمّـني في محـجر عيـونك حبيبي وخلـّني<br />,صبـري ملـّني
خلـّني آشـوف نفـسي في عـيونـك واطـمئن<br />,
<br />,
دامك ان سلهمت بالرمش الظليل تفلـّني<br />,
لعنبو ذا الرمش كيف انّي من اسـبابه أجن<br />,
<br />,
حبّـك اللـّي تـلّ قـلـبي من بعـد ما تـلـّـني<br />,
صـدق انا ميّـت بحبّـك كانها عـيـونـك كفن<br />,
<br />,
إجـمع اللـّي باقـيٍ مـنـّي شـتـات ودلـّـني<br />,
شوفـني ذاك الغـريب اللي يـدوّر عن وطـن<br />,
<br />,
صـدّك اللي هـدّ حـيلي والجفا لي علـّني<br />,
ليه قـلبـيـن الـمـحبّـه بالـمـحبّـه ما التـقـن<br />,
<br />,
قلت اباصبر والصبر من زود صبري ملني<br />,
وقلت ابانسى واثر طيفك صار له عقلي سجن<br />,
<br />,
ضـاعت دروب الـمحبّه والحزن ما ضلـّني<br />,
ياحسافه ذي الليالي ، ذي الليالي ما انصفن<br />,
<br />,
لا تهـلّ دمـوع من عـينـك أخـاف تهلـّني<br />,
خايف اطـلع من عـيونك لا من فـْ يـومٍ بكن<br />,
<br />,
,
إن بغـيت العـناد اجـزيك صد وبعاد<br />,صــد و بعاد
وان بغيت التـلاقي لك عيـوني جزا<br />,
<br />,
كان قصدك تـحدّي عيش وقت الحداد<br />,
من يـحـاول عـنـــادي مـالـه الا عـزا<br />,
<br />,
الـمحـبّه اجتهاد وْ في الـمحـبّه جهاد<br />,
ليش تـبغي ودادي معـك هـمّ وْوزا<br />,
<br />,
ياقـليل الـتـصافي .. يا كـثـير العـناد<br />,
إن كرهـتـك كرهـتك ما يفـيد البزا<br />,
<br />,
لي بـحـب العـذارى خِـطـّةٍ واعـتماد<br />,
ولي خـفـوقٍ قبل ما ينغزي هو غـزا<br />,
<br />,
كن صـدوقٍ بحبّـك واغـتنمني وكـاد<br />,
سعد من كنت جنبه أو بمثلي اعتزا<br />,
<br />,
,
روّح وروح ابـعـد بـدنيـــاك<br />,صـراحـة
يامـتعـبٍ قـلـبـي بـصـدّك<br />,
<br />,
الـدرب لي ضـحـكـك بـكـّـاك<br />,
موت وتكوّى بنار حقدك<br />,
<br />,
كم في العذارى ناس شرواك<br />,
بحر الجـمال يفـوق مـدّك<br />,
<br />,
واليـوم لي بايـصـيـر ويّـاك<br />,
بـاكـر مع الأيـّـام ضــدّك<br />,
<br />,
تـذكـر زمـانٍ كـنت أهــواك<br />,
إنت الوحـيـد وميـن قـدّك<br />,
<br />,
ودّك أدوّر غـيـر لـقـيــــاك<br />,
وْ ودّك أدوّر غـيــر ودّك<br />,
<br />,
أنا نسـيتـك قـبل لا انـسـاك<br />,
حتى خفـوقي اليوم هـدّك<br />,
<br />,
بكـل صـراحـة وآتـحــدّاك<br />,
أوقـف مكانـك عند حـدّك<br />,
<br />,
لقـياك أصـبح مثـل فـرقاك<br />,
والـبحـر مـدّه غـير مـدّك<br />,
<br />,
والدرب لي ضحـكك بـكـّّاك<br />,
موت وتكوّى بنار حقدك<br />,
<br />,
,
باديٍ هضبٍ ماهو عالي واغنـّي بالسليقه<br />,ضـرس و نــاب
تـوّنـي في ذمّــة الـدنـيـا وباكــورة شــبابي<br />,
<br />,
ما حـدٍ منـكم محلـّفني لكـن احـلى دقـيـقه<br />,
والله انها وقـفة الرجّال في روس الهضابي<br />,
<br />,
كل ما بلّ السـحاب بوبـله لـسـاني وريـقه<br />,
ألعـن الأيـّـام واسـتـثـنى هـمالـيل السـحابي<br />,
<br />,
إن طريت ابكي واهلّ الدمع وآسوّي حريقه<br />,
وآحلف محدٍ يسوق الروح وانهى من حسابي<br />,
<br />,
والحزن يمـتد له شـريان الامـعاء الدقـيقه<br />,
والدهر هو عِلـّة الرجّال ، ثوري ياعصابي<br />,
<br />,
ما بغيت آقول يا الاجواد شوفوا لي طريقه<br />,
لين حـدّتني مطانـيخ العـلوم وجـبت مـابي<br />,
<br />,
لين شفت ان الصحيح اوّل ملفّات الحقيقه<br />,
مرّني هاجوسي اللي ما توقعت وسرى بي<br />,
<br />,
ان شهدت ان البشير اكثر طموحاته تعيقه<br />,
فارس الخرطوم واستنكرني الشيخ الترابي<br />,
<br />,
آعثر واقوم والشرهه على الوقت ورفيقه<br />,
آتصبّر وان غدت كانك علابيك ف علابي<br />,
<br />,
كل حـمـلٍ كايـدٍ تكـفي من النـشوه يطـيقه<br />,
ماني اللي ياتي الحلـّه ولا هـو يـنـدرى بي<br />,
<br />,
شاعرٍ بلحالي آطـول القمر واطفي بـريقه<br />,
واعجـب القـرّاء والنـقـّاد سمحـين الجنابي<br />,
<br />,
إن تماديت افتخر نفسي في الاعذار اللبيقه<br />,
ما على شبه الجزيره زود ياخور الروابي<br />,
<br />,
يالله انـّك جابر العـثرات فارج كل ضـيقه<br />,
طالبك يا سافـط الجنـّه لابو بكـر الصحابي<br />,
<br />,
ما تـورّدني على دلـّة ردي والاّ ابـريـقـه<br />,
لو غدت من قسوة لحاله حطب ضوّي ثيابي<br />,
<br />,
والهوى لو يعـقد حجاجيني السمح الطلـيقه<br />,
ما ثنى رجلي عن الممشى على خد الترابي<br />,
<br />,
والغـلا ياللي سكـبـته في فـوادي لا تـريقه<br />,
كـلما هـلـّيـت بي قـالـت لي الفـرقى هـلابي<br />,
<br />,
الكلام الزين ياللي جـيت بالسـمع استريقه<br />,
لو غرامك سوسةٍ في ضرسي وتطمح لنابي<br />,
<br />,
المـوادع جـرح لقـلوب المحـبّـين الرقـيـقه<br />,
وانت يا تختار في جرحي وتختار الصوابي<br />,
<br />,
وف كذا الحالات لك قلبي يا ساعته ومضيقه<br />,
لين اضمّ القبر وتركـّز علي روس النصابي<br />,
<br />,
أعشقك عاد البدو ما هم يعرفون الموسيقه<br />,
عـادها إلاّ خلـف هـذال والمـطـرب حـجابي<br />,
<br />,
ما يجـيك الشـك لو ترحل كذا وبلا وثـيقه<br />,
ويعـداك اللوم لو ترجع عليّ روس الركابي<br />,
<br />,
والله انها صنعة الخلاّق في بعض الخليقه<br />,
واعـذابي لو تـشوف جروح قلبي وا عذابي<br />,
<br />,
إنت لو ترفع ستار القلب لحـظات وتويقه<br />,
شفت نكـبة تونـس الخضراء من شلفا ثيابي<br />,
<br />,
بس هذا ماهـو بمعـناه يالشـمس الشـريـقه<br />,
إنت طـاريّـك مجـرّد هـم واحـزان وعـتابي<br />,
<br />,
ما بغـيت احلـف لأنـّي هـذه أحلى دقـيـقه<br />,
وقـفة الرجّال يا أحمد على روس الهـضابي<br />,
<br />,
يوم شفت ان الصحيح اوّل ملفّات الحقيقه<br />,
لو غدت من قسوة لحاله حطب ضوّي ثيابي<br />,
<br />,
,
هلا باللي سبى قـلـبي وأخـذني حسنه بقـوّه<br />,طاحت الحِـيـّـه
سلـب روحي وأخذ صبري وأنفاسي من يديّـه<br />,
<br />,
أحسّ انـّه لعـب بالقـلب لعـبة شاطر وْ مـَوّه<br />,
يبعـثـرني .. ويجـمعـني رجـا واحـلام ورديـّه<br />,
<br />,
إذا نوّر ظلام اللـيل عرفت ان الفجـر ضوّه<br />,
تبسّـم من جبيـنه مبسم الصـبح وضحـك ضيّه<br />,
<br />,
إذا سلهـم برمشه طرت من جَـوّي إلى جوّه<br />,
ورحّـب به خفوقي غصب عنـّي قال يا حَـيّـه<br />,
<br />,
أثاريني بحسنه طحت وانا آظن الهوى تـوّه<br />,
فكـيف ان الهـوى تـوّه وانا غـرقـان في طيّـه<br />,
<br />,
تعـلـّـقـته وصار الـيـوم نـوّ القـلـب من نــوّه<br />,
مع انـّي قـبل هـذا الـيـوم كانـت نـيـّـــتـي نيـّه<br />,
<br />,
قبل يطري الحسن حسنه لفظ قبل اسمه سموّه<br />,
تسامت به سـنا الحسن وسرت له سحب وسميّه<br />,
<br />,
تقول ارفق بمن حبّـك وعقب اللي تبي سـوّه<br />,
تـرى مـيـتـك إذا شـافـك تـرد الـروح به حَـيّـه<br />,
<br />,
حبيـبي خاطـري عن ما بـداله عـبـّر وْ نـوّه<br />,
ومن شرواك يفطن وانت شمس الخاطر وفيّه<br />,
<br />,
إذا كان الحـيا يمنعـك .. ما تمنـعـك لمـروّه<br />,
واذا خايف من الحسـّاد قـلـّي .. طاحت الحِيّه<br />,
<br />,
,
على باب الأمل أبكي وانا أنثر ورود الشوق<br />,طـوية زمـن
ويجـمعـها رجى الأحـلام والله يـحـلـّها ليـّا<br />,
<br />,
أسوق بعزمي احساسي إلى مالا تروم تسوق<br />,
يعاندني رجى عمري وكل من جيت له عيّا<br />,
<br />,
يا دنيا ما عرفت الليل من طلعة ظيا لشروق<br />,
تفارق روحي بروحي قبل لا آقـوم واتهـيّـا<br />,
<br />,
يا دنيا بـسّ يا دنيا تـراني ع الحـزن ملحـوق<br />,
تـراني عايـش الحزن العميق وقلت له حيّا<br />,
<br />,
يجيني من يمين ومن شمال ومن تحت أو فوق<br />,
يجـيني كـيف ما يهـوى المهمّ انـّه يبا هـنيّا<br />,
<br />,
هـنيّـا بين ضـلعي وبين روحي ساكنٍ بخـفـوق<br />,
وبعـد حبّـك أنا والله زاهـد ما ارتجـي شـيّا<br />,
<br />,
عشقتك كيف انا ما ادري من العاشق من المعشوق<br />,
من الظالم من المظلوم من الميّت من الحيّا<br />,
<br />,
وفي غمضة بصر غبت وتوارى حبّنا المرموق<br />,
حسافه يازمن كيف انطوى ذاك الزمن طيّا<br />,
<br />,
تحـنّ عـيوني لشوفـك وصـوتي خافـتٍ مخنوق<br />,
ينـادي وين ذاك اللي جـمـع قـلبيـنـنا سـويّا<br />,
<br />,
ينادي والعـشـق صـمت العروق ودمّها مدفوق<br />,
عشق صمت الحروف ولا نطق إلاّ وداعيّا<br />,
<br />,
يا أجمل حب انا عشته أبارك لك ولو بي عوق<br />,
أبارك لك ولو بي همّ ، أبارك وانكوي كيّا<br />,
<br />,
تهانـيـنا يا حـبٍ من قـبل ما يـنـولد مـســروق<br />,
تهاني قالها قبلي ( إبن لعبون ) إلـ ( ميّا )<br />,
<br />,
تجـمّـعـنا ياليت اللي جمعـنا خافـقـين وشـوق<br />,
جمعـنا خافقـين وشوق جمع غالي ومغـليّا<br />,
<br />,
إذا هـيّـا تـعـلـّـمـني تـفــارقـنـي بـأحـلا ذوق<br />,
تـفارقـني وانا أبـكي .. يامحـلا ذوقها هـيـّا<br />,
<br />,
,
يا طيّـب القـلب حكـّم قـلـبك الطيّـب<br />,طيّـب القلـب
أخـّـرت غـيــرك وبعّــدتـه وقـرّبـتــك<br />,
<br />,
ليه الـتـباعـد مع انـّـك دايــم قـريّـب<br />,
من وين ما آصد في عـيوني تخيّـلتك<br />,
<br />,
ليه انت ناسي وذكري عندك مغيّب<br />,
تنسى وانا اذكرك وانسى اني تذكّرتك<br />,
<br />,
صارحتك بما يكـن القـلب يا حبيّب<br />,
الظاهـر اخـطيت في ظنّي وصارحتك<br />,
<br />,
لو باعزي الصبر دونك قال ما آثـيّب<br />,
المشكـله ياطويـل العـمـر .. مشكلـتك<br />,
<br />,
الصبر شيّب وشوق القلب ما شـيّب<br />,
لا زال يـلعـب بقـلـبي كل ما شـفـتــك<br />,
<br />,
كم احسن الظن فيك وترجع تخيـّـب<br />,
كــدّرت بالـي وانـا ما يـوم كــدّرتــك<br />,
<br />,
الـيوم حتى شعـوري منـك متـريّـب<br />,
هـذا خـفـوقي يحــذرنـي وحـــذّرتــك<br />,
<br />,
,
يابوي رمز الـمجد والعز والديـن<br />,عاتق الـمجد
والـمرجله والـمقدره والشهامه<br />,
<br />,
اللي طغى ذكرك في كل الـميادين<br />,
زعيـم كنـّك منـخـلق للزعـامه<br />,
<br />,
لو قلت كفـّك غيث كل الـمساكين<br />,
إخـضرّ غـصن وغرّدت لي حمامه<br />,
<br />,
وسمعت أصوات العرب بالـملايين<br />,
تـقول عـز الله صـدق في كــلامه<br />,
<br />,
مْن ألف وتسعميه وواحد وسبعين<br />,
وللعـام هذا وانت رمـز الكرامه<br />,
<br />,
من الخليـج العربي لآخـر الصيـن<br />,
والـمجد في صدرك معلـّق وسامه<br />,
<br />,
لو قلت يا ( فزّاع ) رايح على وين<br />,
باقول مدري غير فكري ما دامه<br />,
<br />,
متوجّـهٍ لك يا حـفيد السلاطـين<br />,
بـحاول انـّه يرتـقي فـي مـقامه<br />,
<br />,
أنا مسوّي لي قـصيده في عشرين<br />,
بيـتٍ و لك في كـل بيتٍ عـلامه<br />,
<br />,
أيّامنا يا طـيّب الـراس يومـيـن<br />,
يـومٍ ولـدنا بـه و يـوم القـيامه<br />,
<br />,
والفهم يطغى في عقول الفهيمين<br />,
على التعنـّت والجهل والغشامه<br />,
<br />,
الناس منقـسمين يابوي قسمين<br />,
والكل منهم مختـلف في نظـامه<br />,
<br />,
والإستقـامه درب ماهو بدربيـن<br />,
والـمـستقـيم يقـدّر الإستـقامـه<br />,
<br />,
والشين كل الزين في محجره شيـن<br />,
ومن التشاؤم يبتلش في منامه<br />,
<br />,
وما كل دمعة عين تنزل من العين<br />,
فـراق أو هـجــــران والا نـدامـه<br />,
<br />,
ترى دمـوع العاشقـين الـمحبّيـن<br />,
سمّـيتها نسخـه من الابتـسامه<br />,
<br />,
إخترت لك باقة شعر من بسـاتين<br />,
فـكرٍ تـحت ظـّلك رقى للغـمامه<br />,
<br />,
والشعر ماهو ينحصر ف الدواوين<br />,
الشعر يبقى في القـلوب احترامه<br />,
<br />,
إلا انت وين وين من نافسك وين<br />,
يا عاتـق الـمجد الأصيل وسـنامه<br />,
<br />,
لو قالوا الأهـرام ورث الفـراعـين<br />,
تـراك ورث الـمرجـله والشـهامه<br />,
<br />,
,
ما قمت اشوف الشمس ولاقمت اشوف النور<br />,عـالم ثـاني
حتى في هـذا الـيوم ما اشـوف خـلاّني<br />,
<br />,
ما ادري مكاني وين لو هي السـنين تـدور<br />,
ما ادري أنا في عـالـمي أو عـالمٍ ثـاني<br />,
<br />,
يا هو غريب احساس ياهو غريب شعـور<br />,
أعـيش بيـن الـناس .. لكـنـّـي وحـداني<br />,
<br />,
عشت اغرب الإحساس في مظلمات بحور<br />,
واسمع صدى الأصوات إن ياك وان ياني<br />,
<br />,
نـاسٍ تـفــارق نـاس وكـلّ ٍ لـعـب في دور<br />,
والـدرب لـي ودّاه  ،، روّح ولا جـاني<br />,
<br />,
قام هذا ينـسى ذاك وذاك عايـشٍ مغـرور<br />,
واخاف حتى الـروح .. الروح تـنساني<br />,
<br />,
من يومه العشرين خمسه وخمسه عـشور<br />,
حـتى ظلام اللـيـل من جــوره يـعـانـي<br />,
<br />,
طافـت عـليّ ايّـام وطافـت عـليّ شـهـور<br />,
واحـتـارت الأيـّـام واحـتـار مـيــزانـي<br />,
<br />,
الـنـظره لي م العـين تـنظر غـياب النور<br />,
أبطـت وهي تـبـكي وتـفـارق اعـيـاني<br />,
<br />,
,
طلـّت وجوّي بالفرح والسعد هَل<br />,عـذروبها
واستانـست عيني بشوف المحابـيب<br />,
<br />,
طلّت وقلت البدر في أرضنا حل<br />,
الله .. كيف الطيّـب يجـيـك بالطـيب<br />,
<br />,
بدر البـدور وعَـمّة الـزين والدل<br />,
آيـة جـمال وحـسن مابْها عــذاريب<br />,
<br />,
عذروبها بس ان حكت تسحر الكل<br />,
والرمش لا سلهم غدى طفـلنا شيب<br />,
<br />,
فيها شموخ ابطال وبها دلع طفل<br />,
وبها من اللي ما بكـل الـرعــابـيـب<br />,
<br />,
وبها حلاوة قـد وبها خصر نحل<br />,
وبها عـيـونٍ تخـلط الحـق والـريـب<br />,
<br />,
وبها صفاوة نفس وبها عطر فل<br />,
وبها ردوفٍ مثـلما مـهــرة كـلـيـــب<br />,
<br />,
وبها نعـومة جـسم تحت الميـدّل<br />,
وبها اقول اسكت ترى يستوي عيب<br />,
<br />,
,
لا عاد تعـنيني ولا اعـنيك<br />,على الخـطا
كـلٍ بـدربــــه وانـتـهـينـا<br />,
<br />,
ما دام هي هـذي معانـيـك<br />,
يا ليـت حـنـّا ما التـقـيـنا<br />,
<br />,
على الخطا دايم خـطاويك<br />,
وعنه الخطا حنـّا اعـتلينا<br />,
<br />,
يشهد على حاضرك ماضيك<br />,
لـو بانـتـنـاسـا ما نـسـيـنا<br />,
<br />,
سـودا من افـعـالك ليالـيك<br />,
ضعت فْ بحورٍ دون مينا<br />,
<br />,
صدّيـتنا وسمعـت واشيـك<br />,
خـطـّيـتـنا لـو ما خـطــيـنا<br />,
<br />,
هـدّيت قصـر الحب بيـديك<br />,
ش اللّي بـقى باقـي عليـنا<br />,
<br />,
ما ابيك والله صرت ما ابيك<br />,
لالا نـجـيــك وْ لا تـجـيـنـا<br />,
<br />,
,
المدح بعض احيان يا صاحب علوم الطيّـبين<br />,علـيّ رفـقـــــه
وانته رجل مسـلم ونفـسك عارفـين اسـلامها<br />,
<br />,
جاهد بهاجوسك ترى الشاعر جهاده فرض عين<br />,
يا امّا نصـر .. والاّ مـمات ومسـكها بختامها<br />,
<br />,
والقافـيه تكـريت والهاجـوس صـدّام الحـسين<br />,
وتكـريت ما تاخذ الاوامر غـير من صـدّامها<br />,
<br />,
إلى عظم حجم الحسد فاعظم في عين الحاسدين<br />,
العـظـمـاء .. القـبـر نفـسـه يفـتـخـر بعـظامها<br />,
<br />,
أتعـمـلق  وْمـالك ومـال العـالـم المـتـقـزّمـين<br />,
مـقـامـك العـمـلاق ما تـقـدر عـليـه اقـزامها<br />,
<br />,
جاني من الأجـواد واحد قال أبي بكره تعـين<br />,
على التحـدي قـلت هالحمـرا معاك خـطامها<br />,
<br />,
لكن وش يملا عـيون اهل القلوب الطامعـين<br />,
رفـع يـديـنـه للسـما .. و أشـّـرت بابـهـامـهـا<br />,
<br />,
والبكـره الصَّـفرا هذيك اللي يراعـيها اثـنين<br />,
إللي لو انها تـنعـرض للسـوم محـد ٍ سـامـها<br />,
<br />,
ماهي رخيصة سعر لكن من يسومك يالثمين<br />,
تكـفى يابو ( راشد ) أبـيها .. لو عـلا مقامها<br />,
<br />,
وصوفها بين الهجـن تـملا محاجـر كل عـين<br />,
شـيخة عـرب واللي حوالـيها فـقـط خـدّامـها<br />,
<br />,
إلى بدا شـوط التحـدّي والعـرب مـتجهّـزيـن<br />,
وقامـت هل الاعـلام تـرفـع للّـزوم اعـلامها<br />,
<br />,
تمرّهـم مرور سـبع الغاب في الليـل الـدفـين<br />,
الأوّلـــه لـو خـشــمـها ماهـو يـجـي قـدّامهـا<br />,
<br />,
تكـسّر اتـيام الهجـن في كل وقـت وكل حين<br />,
واتـيـامـها محـد ٍ يـكـسّـرها ما غـير اتيامها<br />,
<br />,
الله عطاها يوف من كبره تحـسب انها سـمين<br />,
والينب واسع وْوجهها ضافي يازين وسامها<br />,
<br />,
وشـعـورها من تحت اذان ٍ كنه إلاّ حربتـيـن<br />,
يـديـل بـنـتٍ هـايـمه والـشـوق زاد هـيـامـها<br />,
<br />,
ومْن السـنام لوركها يا صاحبي مقـعـد جنين<br />,
ركـّابهـا .. مـن دون آلامـه يــذوق آلامــــها<br />,
<br />,
لان السـنام يْـزين يوم فـقارهـا له نـكـسـتـين<br />,
وفـقارها مـسـتور مثـل المحـرمه باحـرامها<br />,
<br />,
والـزور من تحت النحر متـقـلـّطٍ يالفاهـمين<br />,
في طبوع هجن الركض والاّ في وصوف اجسامها<br />,
<br />,
ولها كـراسـيـع ٍ وسـاع وبـاطـها مـنـّه يـبيـن<br />,
متـقـلــّطة غـارب .. وهذا اللي فهـق سـنامها<br />,
<br />,
وكن خف يدها يـد ظبيّ مْصغـّره صغـر اليدين<br />,
دقـيـقـه مْن ذراعـها مـلـمـومـه مْن عـظامها<br />,
<br />,
وكن ذيـلها ميـدول شاميـّه مع عـرضه متين<br />,
ينوش الارض ويرفعه م الارض طول اقدامها<br />,
<br />,
صفرا مثل لون الذهب في عنق فتـّان ٍ حسين<br />,
والاّ مثل شـمـس الصباح إلى انجلى ظـلامها<br />,
<br />,
لو مخرجين أفلام أصحاب الهجن لمضـمّرين<br />,
كان اعرضوا في شاشـة التـلفاز كل افـلامها<br />,
<br />,
قلت استعـذ بالله من الشيطان وابليس اللعـين<br />,
النـاس تحـلم بـس ما تـقـدر تـطـول احـلامها<br />,
<br />,
دامك تعـرف اوصافها خير الرجال العـارفـين<br />,
من لـوّم العـالـم على نـفـسـه هـو اللي لامـها<br />,
<br />,
شف روح للعزبه وخذ ما تشتهي من كل زين<br />,
أمّا هـذي .. عـلي رفـقـه ما تـقـود خـطـامها<br />,
<br />,
,
عوّضوك بغيابي لا تقول انّي وحشتك<br />,عوّضـوك بغـيابي
لا تـجامل دخـيـلك في شعـور يْعـنيني<br />,
<br />,
بس يكـفي كـفـايـه لا تـمادى عرفـتك<br />,
خايـن الـحب مالـه في فـوادي حـنيني<br />,
<br />,
إنت ياللي بعيني حلم عمري رسمتك<br />,
وكيف تجرح خفوقٍ يعشقك من سنيني<br />,
<br />,
أحسبه زاد حبّي في غـيابي وحسبتك<br />,
ما تـجــاهـل ودادٍ كان بينـك و بـيـني<br />,
<br />,
كم سهرت الليالي وكم ليله سهرتك<br />,
وكم ليـله خـيالك نـام في وسـط عيني<br />,
<br />,
وكم قل لي دخيلك كم ليل انتظرتك<br />,
كم قـل لي تفـضّـل ، كم صدّك يجيني<br />,
<br />,
كنت تـجري بدمّي لا نـزفـته نزفـتك<br />,
كنت ساكن خيالي ، داخلي محتويني<br />,
<br />,
من كـتبت الحروف الأبـجديّه كـتبتك<br />,
لامه ان كان تبغي أوّل الـحـرف سيني<br />,
<br />,
,
مثل جـميلي معك كمّـل جميلك معي<br />,عين الرضا
وانظر بعين الغضب والا بعين الرضى<br />,
<br />,
تسمع عن الأخطل وتسمَع عن الاصمعي<br />,
لكـن أبا آسـمّـعـك شعـرٍ يهِـز الفـضا<br />,
<br />,
لا تـدّعـي ظـلـم ..والله فـوق الـمـدّعـي<br />,
ياليـن تعـدل وتستوفي شْروط القـضا<br />,
<br />,
ولا تـشتـكي قِـلـّة الإدراك قـبل الـوعـي<br />,
وخلـّيك واعـي وتدرك كل شيٍ مضى<br />,
<br />,
حظيت بي وانت تدري ويش هو موقعي<br />,
لو كان غيرك حِمَد ربّه على انّه حظى<br />,
<br />,
حرمتني صوتك اللي لا وصـل مسمعي<br />,
كـنّي أغنّي هجيني فوق عـوص النضا<br />,
<br />,
وفـارقـتني والـمـفارق ما يـزيـد اوْجعي<br />,
لكن يـولـّع في جـوفـي نـار كـنها لضى<br />,
<br />,
ويا صاحبي والشعر ماهو براس اصبعي<br />,
الشِعر احـاسيس قـلب لغـرامـك رضـا<br />,
<br />,
وآنا مصحصح مَعَك خلـّك مصحصح معي<br />,
واعـشق بعين الغَـضَب والا بعين الرضا<br />,
<br />,
,
الله الله يا قصيدي قول ما عندي خـلاف<br />,غصــون قـاف
قول من حـبر المشـاعر لين ما حبرك يجف<br />,
<br />,
قلت يا طابور ثابت خـذ يمينك إنصراف<br />,
قال حاضر سيّـدي .. أدى التحيّه وانصرف<br />,
<br />,
اختيار البحر هذا والبحور غصون قاف<br />,
والسواقي يرتون بس ما اكملن وصلن نصف<br />,
<br />,
هذي بداية مطافك وش نهاية هالـمطاف<br />,
من يعرف نهايته وهو في البدايه ما انعرف<br />,
<br />,
لي يقول انـّه من انصاف الليالي ما يخاف<br />,
طِـب قوله وانظـر عـيونه إذا الليل انتـصف<br />,
<br />,
من يبي يفهم يحاول يقرا خطـّي باختلاف<br />,
أمـلك انـواع الـمـعانـي والـمـعـاني تخـتـلف<br />,
<br />,
خذ من اللي مقبلات وخل ياللي طاف طاف<br />,
والشجاع اللي صِـدق قـولـه ولو هو ما حـلف<br />,
<br />,
كم تمنـّيت الزمان يعود لي من يوم شاف<br />,
الـولـــد أمّـه ولـكـن ما رجـع .. يـا للآســف<br />,
<br />,
العلوم المثـقلات اليوم صارت لي خفاف<br />,
حـشـمـةٍ لانـسان واحـد والـبقـايا في طـرف<br />,
<br />,
,
يفـوح بـركـان الغـلا والـصـدر فـاح<br />,غــــلا
ويـضيـق من ليل الجفا كـونٍ فـسـيح<br />,
<br />,
يا مْعــــوّدٍ عـيني على قــل المـراح<br />,
ويميل غـصنك .. ويتعلـّق به جـريح<br />,
<br />,
وش فيك تاخذني على ريش وجناح<br />,
وشلون اطـيـح فراق وآنـا ما أطـيح<br />,
<br />,
طـاح الظـيا على جبـينـك واسـتراح<br />,
والليـل من بين الجـدايـل مـسـتـريـح<br />,
<br />,
يعني جمعـت الليل وانفاس الصباح<br />,
حـتى تجـسّــد فـيـك مـعـنـاه المـلـيـح<br />,
<br />,
الـفـرحـه اللي كـنـّها طـعـم الـنجـاح<br />,
يالـمـدّه اللي تجـرح الـكـف الشحـيح<br />,
<br />,
مفاتـنك سـحـرٌ .. لكِن سـحــرٌ مُـباح<br />,
عليـك اسمّـي من هـل الـوجه القـبيح<br />,
<br />,
يااعذب من الما في مصبّه يوم ساح<br />,
يوم استـبحت القلب وش له تسـتبيح<br />,
<br />,
إجتحتـنـي .. واتقـنت فـن الاجتيـاح<br />,
واتعـبـتـني .. وآنا سدودي ما تـبـيح<br />,
<br />,
متـعــوّدٍ تـتـرك عـلى قـلـبي جـراح<br />,
ذبّـاح روح وْتـمـشي بْـدم الـجــريح<br />,
<br />,
أشــوفـك بعـيـن الـغـلا والإرتـيــاح<br />,
أنـسى الطعـون اللي أنا فيني فحـيح<br />,
<br />,
أستوعب اخطائك واطالبك السماح<br />,
ويـطـغى على كيل الهجا كيل المديح<br />,
<br />,
لا لاح بـرّاقــك وبرق الـشـعـر لاح<br />,
أصـرخ من الاعماق وآقول الصحيح<br />,
<br />,
إنـّك ملـيح .. وْتعـتبر سيد المـلاح<br />,
تـسـتـقـبلك أفـواه ويـفـيض المـديح<br />,
<br />,
,
شـف للغـلا شيّ قبل تطول غربتنا<br />,غـيـــاب
أخاف كثر الغـياب وتصعب الجيّه<br />,
<br />,
بالله في البعـد قل لي ويش حاجتنا<br />,
مادام خـذنا الزعـل حاجه طفوليّه<br />,
<br />,
نبغي نموت فـْ بعـضـنا دام ما متـنا<br />,
يازين خـلّ الأمور تصير عـفـويّه<br />,
<br />,
لا تـفـرّح الحاسـدين بْطـول صـدّتنا<br />,
لا تـنزع القـلب وتـقـطّـع مجـاريّه<br />,
<br />,
الأرض .. سـكّـه تـعـدّتها مساحـتنا<br />,
جـيشٍ من الحـب خيّـاله ورجـليّه<br />,
<br />,
إعشوشب القلب وامطر من صراحتنا<br />,
وحبال الاشواق معـقوده ومطويّه<br />,
<br />,
لو افـترقـنا ياعمري ويش حجّـتنا<br />,
وحنا نشوف الجـفا بانـت مواريّه<br />,
<br />,
الله يـوم الـنجــوم تـنـام .. ما بتـنا<br />,
الطـرف شاقي وطـرفٍ زايـدٍ غيّه<br />,
<br />,
عـلى بعـضــنا إذا اقـفـينا تـلـفـّـتنا<br />,
و كـلّ ٍ يغـيّـر من اللهـفه طـواريّه<br />,
<br />,
وان كان نيّتـك تقـطع في علاقـتـنا<br />,
ما عاد عـندك ياشيخ الغـيد حنـّيّه<br />,
<br />,
مرخوص بس خلّنا نحفظ كرامتنا<br />,
قـدّامهـم نـتـرك الأوضـاع عـاديّه<br />,
<br />,
لانـشـوف بعـيـونهـم منـّا اهـانتـنا<br />,
ونـزوّد الكـيّـه اللي بالحـشا كـيّـه<br />,
<br />,
لكن فـديتـك .. لا نـبطي ما تلـفـّتنا<br />,
أخـاف من دمعـتي لا تهـل عفويّه<br />,
<br />,
,
قد سمعتوا بفارسٍ سامي يخاطب له حصان<br />,فـــــــــــارس
لا حـكى نفـس الكلام اللي يـقـوله ويحـكـيه<br />,
<br />,
قد سمعـتوا بفـارسٍ سابق سـنينه من زمان<br />,
غير ابن راشـد محـمـّد قلت ما شا الله عليه<br />,
<br />,
كلما يـبغـي بايـوصـل باحـتـرام لأيّ مـكـان<br />,
من شهـرته حتى نجم سهـيل ناوٍ لـه يجـيه<br />,
<br />,
الصحف واللي تخربط والا انا شاهد عيان<br />,
بان هذا الشخص نادر واحلف ان ماله شبيه<br />,
<br />,
كيف وليه المجـد يفخـر باسـم هـذا يافلان<br />,
بالغصب هالمجد يفخر لا تقل لي كيف وليه<br />,
<br />,
لا تحسب انّي أنا مشرف جـواهر والبـيان<br />,
آنا أكـتب لى في بـالي يعـني أكـتب لى أبـيه<br />,
<br />,
يعني إنتوا قد سمعتوا بفارس يكلّم حصان<br />,
يعـني انتوا قـد سمعـتوا سهيل ناوٍ له يجيه<br />,
<br />,
,
على وصف الرجال اللي تسمّى بالفعال رجال<br />,فخر الاجيال
لفـت بيض العـلوم وبيّـض الله وجه راعيها<br />,
<br />,
لفت ما كنـّها الاّ سبّـق الخـيل ان بـدت تخـتال<br />,
نواصـيها النعـوت و في مـناكبها .. قـوافيها<br />,
<br />,
قصـايـد والقـصايد ما نـسـاومها بـجـاه وْمـال<br />,
نعـبّ بحـورها وان هـاج مـزمـلها نـرسّـيها<br />,
<br />,
إذا امتـدّ الفـكر وامتـدّ ليـلي والقـصيـد وطال<br />,
توشـّحت الشـوارد ولبـست الاشـعار غاليها<br />,
<br />,
كذب من قال ساعـفـني عليها الجن يوم تقال<br />,
أنا الـبـس جنـّها واصـدر مـواردها واروّيها<br />,
<br />,
أنا وْلا فخر نجـل الشامخ المتـمرّس الريـبال<br />,
على وصـفه تجاريني القـصايـد قـبل اجاريها<br />,
<br />,
على (محمد إبن راشد إبن مكتوم ) طاب الفال<br />,
وطابـت لي قـبل لا الـزم قـوافـيها .. مـعانيها<br />,
<br />,
متى قالوا صواريها المعاني.. ماهناك اشكال<br />,
حـرام انـّي لمـدّ شـراعـها لأكـبـر صـواريها<br />,
<br />,
على اكبر منبر ارميها ثنا وْعز وْ فخر واجلال<br />,
ما دام ان الثنا لأهله .. على اكبر منبر ارميها<br />,
<br />,
لاجل قرمٍ غرس حلمه لشعبه واثمرت الآمال<br />,
حـقـايـق نـبـصر اوّلـها .. و نتـباشـر بـتالـيها<br />,
<br />,
حقايق واضحه من دون ابو راشد صعب تنطال<br />,
تـباركها الـقـلـوب وتـبهـر الـناظـر مغـانـيـها<br />,
<br />,
مغانـيها تـراود كل عـطرٍ ما خـطر ع الـبـال<br />,
واراضـيها يـراود كـل عـاشـق فـوع نـاديـها<br />,
<br />,
أراضـيها الخـزامى والنفل والبختري والهال<br />,
وما يخطر على بال العطر يزخر باراضيها<br />,
<br />,
ولي فيها محب أسرف على قلبي وحط وشال<br />,
طلـب روحي وروحي منه فيها اللي يكـفيها<br />,
<br />,
من اوّل ما عرفـته والضـلوع تجـرّ له مـوّال<br />,
ولا ادري نيّته بضلوع صدري وش تواليها<br />,
<br />,
أنا محـتار ما بيـنه وبيـن ( دبـي ) بالمـثـقال<br />,
يا أمّا ( دبـي ) لـه تحـلا أو انـّه لـي محلـّيها<br />,
<br />,
أو انّ ( دبي ) تحلا لان أبو راشد لها خيّـال<br />,
نعـم والله وتسـبـق خـيـلها من سـبـق والـيـها<br />,
<br />,
( دبي ) العِز من طيب النسايم عودها ميّـال<br />,
تمـسّي صاحب القـدر ونحـن باسـمه نمـسّيها<br />,
<br />,
صدى داره بشرق وغرب وجنوب التقى وشمال<br />,
قـبض الاربع جـهات يلـين داره ذاع طـاريها<br />,
<br />,
طغى عزمه على وعر الدروب وله غدت مسيال<br />,
تـسيل الأرض لاقـدامه وتـفخر من مواطـيها<br />,
<br />,
غريبه كيف جادت به سنـينه والسنين بخال ؟<br />,
والاغرب كيف تضما له وهو بالجود يسقيها ؟<br />,
<br />,
لو ان المجـد سهـل ان كان كلٍ طال منه وْنـال<br />,
دروب المـجد ودروب العلا صعبه مراقيها<br />,
<br />,
طويل العمر ما جيت اعتزي في وصفك الأمثال<br />,
ولكـن المـثـايـل تـعـتـزيـني بـك  .. والـبّـيها<br />,
<br />,
يابوي ابشر ترى شبلك توارت عن مداه اشبال<br />,
وثـب فوق الدروب وسابقت رجله خطاويها<br />,
<br />,
ورث عزمك وحزمك والخصال تجرّ طيب خصال<br />,
مواثـيـقـه على طـرق المـكـارم بـك يـجـدّيها<br />,
<br />,
إذا شـدّ الفخـر لاجـلك رحاله قمـت اشـدّ رحـال<br />,
على نهجك .. عشان افرد رحاله وارجع اطويها<br />,
<br />,
واذا قالوا : من ادرى بالحصابي والوزون ثقال<br />,
عرفت ان الوزون ثقال وانت ادرى بْحصابيها<br />,
<br />,
على الدنـيا جـدال الاّ انت والله ما عـليك جـدال<br />,
مع ان إيـدك يجـادل كل وادي سـيـل واديـها<br />,
<br />,
لو ان السحب تنشا من كفوف امست عليك ظلال<br />,
وخرّت ساجده لاهل الثرى من جود منشيها<br />,
<br />,
مكارمك المـكارم والعـطايا من بحـرك جـزال<br />,
لو ان السفن تجري في يمينك ضاع شاطيها<br />,
<br />,
يمينك كم لاحـت وابرقـت وابطت وهي تنهال<br />,
ولا والله تـدري عـن يـسـارك كـم مـعاطـيها<br />,
<br />,
وكم رجلٍ بصدره حاجه وجاك وقـبل لا يسال<br />,
عطيته .. كنـّك ادرى بالصدور وْ سرّ خافيها<br />,
<br />,
و كم حلمٍ سبقته .. كان في عين الزمان محال<br />,
تقـول المقـبلات افضت عليك اسرار باريها<br />,
<br />,
يقولون اختصرت اجيال واقول انته فخر الاجيال<br />,
إذا الأجيال بك ما تفتخر .. من يفتخر فيها ؟!<br />,
<br />,
,
من اسبوع إلى اسبوع وْمن شهور إلى سنين<br />,فـَرض وْ نـفـل
والـصـبر ما عـاد يـقـوى بانـتـظار القـافـله<br />,
<br />,
كان يتصبّـر على مـسـتـلـزمـات المـسلمـين<br />,
كـاد أن يـأتي بـضـيـفـه والجـواري غـافـله<br />,
<br />,
وكلـما غـنـّى المـغـنـّـي والقـمـر تـوّه يـبـين<br />,
ثـورة الأفـكـار صـارت كالخـيـول الجافـله<br />,
<br />,
ويـن والاّ ويـن والاّ ويـن والاّ ويـن ويــــن<br />,
ويـن اروح وْبـاب حَـظـّي يا زمـاني قـافـله<br />,
<br />,
كلما قلت افـتحه قلت المـشاكل فـرض عين<br />,
وان قضيت الفرض قلت الفرض بعده نافله<br />,
<br />,
كـافـلٍ جـرحـي مثـل كافـل يتـيـم الـوالـديـن<br />,
وانـت ما قــدّرت دمـعـات الـيـتـيـم وْكـافـله<br />,
<br />,
والجروح انواع ، جرحٍ واضح وجرحٍ دفين<br />,
لكن اغـزر جـرح جـرحك يالسنين السافـله<br />,
<br />,
يا مـقـوّي الاقـويا .. رحمتك للمـستضعـفـين<br />,
ولا تـخـلـّـي نـجـمـتـي بيـن النـجـوم الآفـله<br />,
<br />,
ولا تـخـلـّـيـني مـن الأيــام والـدنـيـا حـزيـن<br />,
واعـطني طموح شيخ الحق له وانـضاف له<br />,
<br />,
والدروب طوال وان طالت عسى ربّك يعين<br />,
واللـيـالي من خـلـقـنا بالـمـصـايـب حـافـله<br />,
<br />,
من عـصور الخـيل والـناقـه وسيـفٍ ما يلين<br />,
ليـن عـصـر القـنـبـله والطـايـره والحـافـله<br />,
<br />,
الله اللي حـطـّـنا ســاده عـلى المـتـسـيـّـديـن<br />,
والـرجـولـه والعـدل والحـق والانصاف له<br />,
<br />,
,
فزّالشبل من صكّت الحلقه على الأبطان<br />,فـزّ الـشــــبـل
يوم الشجاعة تنهـزم وتـزلـزل الأبطال<br />,
<br />,
يـومٍ تخـربط ياعـرب تـتـغـيّـر الأوزان<br />,
رد الشـبل في زمجره متحدّي الزلزال<br />,
<br />,
فـزّ الشـبل أحمد بقـوّه تـرعـب الميـدان<br />,
وذاك الأسـد قايـد يحـرّك بيـده الأشــبال<br />,
<br />,
وقام التحـدّي في جـبالٍ خوّفـت فـرسان<br />,
واحمد بعـزمه إنفرد وابعد شرات اللال<br />,
<br />,
لا مايهمّه صعـب كل الصعـب تحته هان<br />,
والنصر ما جابه صدف جابه بطولة بال<br />,
<br />,
يخضع له الفوز بفخر من سالف الأزمان<br />,
ماخذ طبايع من غدى لهذا الوطن خيّال<br />,
<br />,
شيخي وابـوي محمّد اللي للنصر عنوان<br />,
تاجي وعزّي ومنهجي ، ياغيثي الهمّال<br />,
<br />,
واحمد تعلـّى واعـتلى هو فارس الشـبّان<br />,
في عـيونه يبان الـتحدّي والصبر وآمال<br />,
<br />,
أنا اشهد انّه عاش ع صهوة فرس وعنان<br />,
ولا يْبـيـّن الرجّـال إلاّ ان كان إبن رجّال<br />,
<br />,
ولا اظن بأنّ السـيل يجـري دونـه الوديـان<br />,
وحنـّا إذا قـلــنا تــراه أقــوالـنـا أفـعــــال<br />,
<br />,
مازان هو بالفوز والله الفوز باسمه زان<br />,
يخـتال هو بالفـوز لا ..إلفـوز به يخـتال<br />,
<br />,
المجد كل المجـد من أحمـد بنى له شان<br />,
والعـزّ كل العـز من أحمد خـصاله نال<br />,
<br />,
ماخاب ظنـّي فيه يوم الصبـح نوره بان<br />,
الصبح يفرح يوم شاف احمد بخيله صال<br />,
<br />,
له غنّت حروف القصيده باعذب الألحان<br />,
والـنعـم باحـمـد قلـتها والحـق به ينـقـال<br />,
<br />,
فـارس إبن فـارس إذا قالـوا فـلان فلان<br />,
أحمد بن محـمد إبـن راشـد ياحـيّ الفال<br />,
<br />,
يـومٍ عـزيته فـزّ قال انّي أخو حمـــدان<br />,
أنا اشهد ان الفوز بهدي لك على كل حال<br />,
<br />,
,
ودّي أشرح لك عن اللي بي واقول<br />,فصول عـمـري
إنّك اغـلا من نـصخ روحي عليّ<br />,
<br />,
وانّك اغلا .. وانك اغلا .. يا خجول<br />,
يـمكـن اغلا م الغلا نفـسه شويّ<br />,
<br />,
ودّي أشرح عن تفاصيل الدخـول<br />,
عن متى عن كيف سقته مقتلي<br />,
<br />,
صرت لي خامس جهه لاربع فصول<br />,
ما تموت فصول عمري وانت حيّ<br />,
<br />,
ما طـلـبـت الا الـثـريـّـا بالـنـزول<br />,
وما تـكـون الا لذاك الـضيّ ضيّ<br />,
<br />,
وما حويت الا من الصعب الحلول<br />,
كـلك انته حـب والإحـساس لي<br />,
<br />,
صابني من بارد احساسك خـمول<br />,
والبلا ضاقت من احساسي دبي<br />,
<br />,
كل ما جـيتـك أدوّر لي قـبــــول<br />,
إكـتشـفت انّي أنا ما اطلع بشيّ<br />,
<br />,
كل ما قـالوا غـرامـك ما يـطــول<br />,
قلت بس لحظه عليّ صبروا شويّ<br />,
<br />,
عيد لي خامس جهه لاربع فصول<br />,
وما تموت فصول عمري وانت حيّ<br />,
<br />,
,
فـمـان الله يا دربٍ عـلى الهـجـر يتـحـرّاني<br />,فمـان الله
خذاه الوقـت من جـنبي ولا جاني ولا جـيته<br />,
<br />,
قصيدي يا قصيدي إسكن فـ قلبي طرف ثاني<br />,
قبل يسـكن بيـوتي جـنـّه و تمـسي عـفاريته<br />,
<br />,
تعـال اسأل نجـوم اللـيل يا هاجـر من الهاني<br />,
وانا اعـلّمك بالوقـت الطـويل وْكيف قضـّيته<br />,
<br />,
بغيت اقوى على بعدك وراح الصبر ما امداني<br />,
أهز الشوق وان طاح الوله بالحضن ضمّيته<br />,
<br />,
ربيعـي ياخـريـفي ياشـتاي وصيـفي الهـاني<br />,
تراك انت الفصول وهجرة الشاعر وتشتيته<br />,
<br />,
فـضـت كل الشـوارع ما لقـيت اللي تـريّـاني<br />,
مثـل طـفـلٍ طـلع يـلعـب و ردّ وما لـقى بيـته<br />,
<br />,
تحـدّاني .. تحـدّاني .. حبـيـبي لا تحــــدّاني<br />,
أنـا لـولاك لحـن الهـجـر والفـرقا ما غـنـّيته<br />,
<br />,
تمـنـّيـتـك وقـلت فـْ خـاطـري ليـته تمـنـّاني<br />,
وانـا ما كـل واحـد شـافـتـه عـيـني تـمـنـّيته<br />,
<br />,
على كيفك تـذكّـرني .. على كيفـك تناساني<br />,
وانـا طـاريـك ولا يـوم في قـلـبي تـناسـيـته<br />,
<br />,
زرعـتك وردةٍ حـمـرا تـزيّـن كـل بسـتـاني<br />,
ودفـنت القـلب في تـربة مـشاعرنا وخـلّيته<br />,
<br />,
أنا المجـني عليه اللي يقـدّر طعـنة الجاني<br />,
لأن جـرحـه يـذكّـرني بـطـاريّـه لا حـسّـيته<br />,
<br />,
,
لا تتصـل لي ولا ترسـل لي حـروفـك<br />,فنـون الغـدر
ما ابا سوى تمـسح ارقامي من اللسـته<br />,
<br />,
عجزت اداريك وامشـي رغبة كفوفك<br />,
ما فيه درب ٍ لكسب رضاك ما دسـته<br />,
<br />,
عـقب الخـيانه تجـيني تـشرح ظروفك<br />,
إنـت الـذي حـبّـنا تحـت الـقـدم دسـتـه<br />,
<br />,
جَـمّـلت كـرّاسـة التعـبـير بـوصـوفـك<br />,
لا واحـسـافـه قـصـيـد ٍ فـيك كـرّسـتـه<br />,
<br />,
أبعد بـطـيفك .. عـيوني ماتبي شوفـك<br />,
تـراك جـرح الخـفـوق بْـجـِد لامـسـته<br />,
<br />,
لو كان بعـض الخـيانه سـاكن بجوفـك<br />,
عـذرت قـلبي وعاطـفـته و وسـوسـته<br />,
<br />,
صحيح انا كنت احبّك واعشق طيوفك<br />,
وان جيت قلبي بغـربة هـَم .. ونـّسـته<br />,
<br />,
وان رحت يا صاحبي كمّلت معروفك<br />,
شجّعـت قـلبي على بُعـدك و حمّـسته<br />,
<br />,
لا يازمن ماني بناقـص من صـدوفـك<br />,
وش عاد باقي معي يا وقت ما حسته<br />,
<br />,
يا قـلب لاتـنحني لاحـد ٍ وانا اشـوفـك<br />,
وش لك في بنتٍ فنـون الغدر دارسته<br />,
<br />,
عدلك وميلك تساوت.. والسبب خوفك<br />,
من واقع ٍ يكـشـف اللي فـيه مـارسـته<br />,
<br />,
والله لخلّـيك عـقـبي تصـفـق كـفـوفـك<br />,
واشرّب اللي تغطرس كاس غطرسته<br />,
<br />,
با وقـّفـك في طـريـق الغـدر وآطوفك<br />,
دام الـغـدر هـو هـواك اللي تـنـفـّسته<br />,
<br />,
بس انتـظر لاتـناظـر لحـظة وقـوفـك<br />,
أخاف أضعف وارد اسمك على اللسته<br />,
<br />,
,
فهمت العـشق لي يطلب من الإنسان ذرف دموع<br />,فهـمت وما فهـمت
فهمت العـشق لي يطلب من الإحساس كل اوجاع<br />,
<br />,
فهمت العشق لي يفرض على الإنسان يعيش بجوع<br />,
فهمت وما فهمت اللي سكن في داخله (فزّاع )<br />,
<br />,
فهمت العشق بحر احلام غـزير غـزير بليّـا قوع<br />,
فهـمته بـحـر أحـلامـي بحـر عـشـقي بليّـا قـاع<br />,
<br />,
فهمته نبض فهمته لمس فهمته روح ولا مسموع<br />,
فهـمت ان العـشـق فـرصة عمر متخـبّيٍ بقناع<br />,
<br />,
قريته درس فهمته علم أعيشه روح بنور شموع<br />,
بكيته دمّ جرحته لا عرفت انّ الصراع صراع<br />,
<br />,
فهـمـتـه .. لـه قـوانـيــنٍ ولـكـنـّـه بـلا مـمـنــوع<br />,
فهـمته أصـعـب دروبٍ مـشـيـنـاها بلا مرجاع<br />,
<br />,
فهمت ان العـشق غصن الوعد في خافقي مزروع<br />,
فهـمته مـلجأ الإحـساس ولـكـنـّـه بعـد ضــيـّاع<br />,
<br />,
فهمت ان العشق أحيان يشبه ف النزول طـلوع<br />,
أعيشه في اختلاف الوقت مثل ماتختلف الاصباع<br />,
<br />,
فهـمته جامـع ويجـمـع وجـمّـعــنا بـلا مجـمـوع<br />,
بلا مـرسى بلا مـيـنا بلا شـاطي وبـلا مـربـاع<br />,
<br />,
فهـمـته عـالـم الوحـده شـعـارٍ رايـع و مـرفــوع<br />,
فهـمته كـوكـبٍ ثـانـي .. يـبـيع الـكـلّ مـا يـنـباع<br />,
<br />,
فهمت العـشق لي يطـلب من الإنـسان ذرف دموع<br />,
فهمت العـشق لي يطلب من الإحساس كل اوجاع<br />,
<br />,
فهمت العـشق له أنواع وعـشقي من فـريد  النـوع<br />,
فهمت وما فهمت اصلاً وش اللي داخله (فزّاع )<br />,
<br />,
,
وش فيه بالك بعـيد وجالـس تـفكـّر<br />,في خاطـرك حاجـه
بدري على الحزن ، توّك في بداياتك<br />,
<br />,
لا تحسب الوقت لي فاتك وتتـذكـّر<br />,
عـمر الـزمن ما يرد الوقت لي فاتـك<br />,
<br />,
لا تـترك الـدمع فـوق الخـد يتحـدّر<br />,
حاسب ترى كل عمري فوق وجناتـك<br />,
<br />,
يا نور عيني مدام العـين بك تـنظر<br />,
حـرام تـبخـل على خـلـّك بنـظـراتـك<br />,
<br />,
ما شفت كيف القمر عقب الظلام انور<br />,
بالضبط نفس الشعور ان شفت بسماتك<br />,
<br />,
إن كان في خاطرك حاجه عليّ ابشر<br />,
والله لا اسـوق العمر كلـّه لمرضاتـك<br />,
<br />,
ما تدري انـّك إذا تكـدّرت انا اتكـدّر<br />,
وافرح لاجل فرحتك واشره لشرهاتك<br />,
<br />,
عوّدتني ع السهر وامسيت ما تسهر<br />,
ما غير طيفـك يعـوّضني بسهـراتـك<br />,
<br />,
أحـلى سنيـن العـمر بلـقاك تـتعـطـّر<br />,
يا دنيـتي وابـرك الـساعات ساعاتـك<br />,
<br />,
يمر طيفك واضمّك وارجع استغـفر<br />,
وارد اشوفـك واقـول الله ما احـلاتـك<br />,
<br />,
,
خلـّي الدلع وخلـّي التغـلـّي بعـيدين<br />,قال الـمثـل
وخلـنا حـبايـب مثـل ما كنـّا أوّل<br />,
<br />,
وخلـّي الـتـلاقي حيّ مابين الاثـنين<br />,
إسكن خـفوقي وبعروقي تجوّل<br />,
<br />,
شوف المسافه لي من دبي للصـين<br />,
أقـرب من آهـاتي إذا البعد طوّل<br />,
<br />,
حبّـك يمـوّل فـرحتي سنـين وسنين<br />,
مثل الخفوق لباقي الجسم موّل<br />,
<br />,
كنت بعـيـوني حلـم .. لكـنـّه الحـين<br />,
أنا اشهـد ان الحـلـم واقـع تحوّل<br />,
<br />,
قال المثل راعي الهوى دوم مسكين<br />,
به من كـثير الـشوق هـمّ ٍ يهـوّل<br />,
<br />,
جيت اكتبك شعرٍعلى الطرس يازين<br />,
حيث ان شعري من جمالك تنوّل<br />,
<br />,
أطلـب وآمـر قـبل هالعـيـن هالعـيـن<br />,
ونرجع حـبايب مثـل ما كنـّا أوّل<br />,
<br />,
,
صدق من قال يا محمد بأنك سيف ما تـنصد<br />,قــدّها و قـدود
مروّاتك علم خفـّاق وفيك المرجـله والجـود<br />,
<br />,
يا بن راشـد وابو راشد بنيت امجاد لك تشهد<br />,
تجفّ اقلامي بمدحك ، يحير العـد بالمـعـدود<br />,
<br />,
إذا منـّك بغـيـت الـشـيّ فـلا عـنـّه مـردّ و بـد<br />,
تطـول اللي تقـوله عـزّ وانتـه قـدّها و قـدود<br />,
<br />,
أشـوف النجم ذاك بعـيد ، وانت من النجم أبعـد<br />,
ألا يا حظ ابو من هو تكون انته معه موجود<br />,
<br />,
إذا اسـمك يجـي في الشـعر يزيد البحر مـدّه مـد<br />,
يزيد الشعر في الشاعر تجـيه ابيات دون حدود<br />,
<br />,
مروّض جامحات الخيل ، مهـدّي الموقف المشتد<br />,
مفرّج كربة المظـلوم ، وشوق الفاتنات الخـود<br />,
<br />,
أحـد مثـلك أنا ما الـقى رجـل مثـلك أبـد ما حـد<br />,
على شـعبه سطع نـوره مثل بـدر الليالي السود<br />,
<br />,
أنا لاجلك كـتبت الشـعـر و فضلك سـيّدي ممتـد<br />,
على طول المدى نبقـى لشـورك طايعين جـنود<br />,
<br />,
,
دنـيا ودانـي مـواطـيها تـرفـّـعـها<br />,قـراءة مـدى
والقرم يرقى بعـزمه عن مواطيها<br />,
<br />,
القـرم يفـرض عليها أمر واقـعها<br />,
يجرح دروبه لاجل يرجع يداويها<br />,
<br />,
يرقى واذا ضاقت دْروبه يوسّعها<br />,
ويعـب فـيها مع انـّه ما طـمع فيها<br />,
<br />,
لان المـطامع يثـير الشـك دافـعها<br />,
مثل الفعى يوم تسمع ناي حاويها<br />,
<br />,
لاهو سمعها ولا قـصده يسـمّـعها<br />,
ولا قـصده إلاَّ تـناظـر ميل راعيها<br />,
<br />,
يطـلع بطـلعه ولكـن ما يـطـلـّعها<br />,
بعض المظاهر تزخرف لك مراميها<br />,
<br />,
وشلون ألوم المظاهر والعذر معها<br />,
والعـقـربي ما قـدر يكـشف ليالـيها<br />,
<br />,
أهل المطامع تغطّي لك مطامعها<br />,
والوقـت يقـدر يبـيّـن لك مغـازيها<br />,
<br />,
من حكّم الظن في الدنيا يضـيّعها<br />,
ومن حكّم العقل يكسب في تواليها<br />,
<br />,
ومن أشعل النار لا يامِنْ مواضعها<br />,
(النار ما تحرق إلاَّ رجل واطيها )<br />,
<br />,
والنار أطفت وانا ما اريد أوَلـّعها<br />,
واذا ارجعت ولّعت أرجع واطَفّيها<br />,
<br />,
والبسـمه اللي لـذيذ الزيـف وزّعـها<br />,
أقـرا مـداها واتـرجـمها وامـشـّيـها<br />,
<br />,
وحروف ما بين الاسطر سهل تجمعها<br />,
لكن من الصعب تستوعب معانيها<br />,
<br />,
قـليل من يدرك الفـرصه ويصـنعها<br />,
يـجـري بـمـبـداه والـدنـيا يـجاريها<br />,
<br />,
بعض الفرص تغتنمني لاجل أضيّعها<br />,
واصنع فرص تغتنم من طيب راعيها<br />,
<br />,
هذا وانا اعـزّ نفـسي في تواضـعها<br />,
واقــدّر الـنـاس قـاصــيـها و دانـيها<br />,
<br />,
والناس ما تحـفـل اللي ما يصانعها<br />,
وتعـيب في بعـضها لو كان غـاليها<br />,
<br />,
تـنسى وتـذكر علوم اللي يطابـعها<br />,
واذا اختفى يختفي عن ذكر طاريها<br />,
<br />,
تـتبع خطا من هو يْحَاوِلْ يمتــّعها<br />,
وتـقـول مالا تـكـنـّـه في خـوافـيـها<br />,
<br />,
والناس تـشـكي لحاميها مواجعها<br />,
وشلون لو صار حاميها حراميها.!<br />,
<br />,
,
لك حـروفي قصـيد وْلك قصـيدي شعور<br />,قصيدة ساجـدة
ولك شعـوري خـفوقٍ نبـضه الحَيّ إنتي<br />,
<br />,
وْلك غلا في صَميم الروح حَاضر حضور<br />,
واشهد انك بقـلبي وْلا عن العـين غـبتي<br />,
<br />,
يا سَـنا الكـون كلـّه والعـواطـف بحُــور<br />,
يا ظيا العـين ياللّي في وَسَـطها سكـنتي<br />,
<br />,
يا بَعَـد كل من لي يـا أريــج الـزهـــور<br />,
يا اعذب حروف تظهر في كلامي وصَمتي<br />,
<br />,
يا شـعاعٍ تجلـّى وْلا على الـنـور نــور<br />,
بَسّ ما غـير نـورك يـظهـر ليا ظهـرتـي<br />,
<br />,
وْيا مـلاكٍ خـلـقه الله لعـمـري ســرور<br />,
وش تـفـيـد الحـياه بْيـوم لامـن زعَـلـتي<br />,
<br />,
أعتذر لك ياعمري ولو بعذري قصور<br />,
وانتي قدرك عَ راسي وْلاحشا بيوم هنتي<br />,
<br />,
إبسـمي يعـل ربّي يحفـظك م الشـرور<br />,
تـبتـسم لي حَـياتي وقـت فـيه ابتـسـمتي<br />,
<br />,
إن زَعَـلـتي عَليـّه كن كـوني مْهـجـور<br />,
وان رضـيتي تـسابق ابتـسامي فـرحـتي<br />,
<br />,
إنحَـنَت لك قصـيده ساجـده عَ السطور<br />,
كثر ما انتي بمَكّه يا اطهر الناس طفـتي<br />,
<br />,
,
لا تـقول الحب في القـلبين مات<br />,قـلب صـادق
هذا تـوّ الـحب كيف انّـه يـمـوت<br />,
<br />,
ولا تقول ان الشعر ليل امنيات<br />,
وانت تـوزن بيت وتكـسّـر بيوت<br />,
<br />,
الشعر نبض القـلوب الصادقات<br />,
كم رفـعـنا به على طاريك صوت<br />,
<br />,
لا تـخـلـّينا على بـحـر الـسكات<br />,
الكـلام احيان أفـضل م السكـوت<br />,
<br />,
خـل ما بينـك وما بين الـوشاة<br />,
مثل ما بين ( الرباط وحضرموت )<br />,
<br />,
دامني لاجلك نذرت الـمقبلات<br />,
لا تـخـيّب لي ظـنـون ولا نعـوت<br />,
<br />,
خذ مشاعر قلبي العذري وهات<br />,
وِدّ صادق واحذر اقـوال الشموت<br />,
<br />,
إحذر احذر والدهـر له نايـبـات<br />,
واحذر انت تطيح شبك العنكبوت<br />,
<br />,
,
خذ حبيـبي قـلبي وعيني<br />,قلبي وعينـي
واعطني لحظه من اوقاتك<br />,
<br />,
لو ثـواني بس تـكـفـينـي<br />,
يا بعـد روحي مناجـاتـك<br />,
<br />,
ياسراجي وشمعة سنيني<br />,
يا ضيا عمري ابتساماتك<br />,
<br />,
لك غـلا داخـل شرايـيـني<br />,
ما حمـلته لحـدّ شـرواتـك<br />,
<br />,
مطمع انّـك تنعجـب فيني<br />,
أو أكـون من اولـويّـاتــك<br />,
<br />,
يكـفي اللي بينـك وبيــني<br />,
أكثر من اعـجابك بذاتــك<br />,
<br />,
إنت أوّل من سكـن عـيني<br />,
وانت فكـري من خيالاتك<br />,
<br />,
من هو عقبك في المزاييني<br />,
غـيـركم ما احبّ وحيات<br />,
<br />,
,
الحـزن طـعـمه مـر .. والـفـرقى أمَر<br />,قلوبنا قبـرك
وايّـامـنـا تـقــسـى عـليـنا ظـروفـها<br />,
<br />,
إللي عـليـك دمـوع شـعــبـك تـنهـمر<br />,
مْـواطـنـيــن بــلادنــا و ضـيــوفـها<br />,
<br />,
لو نمنحك الاعـمار وانت اغلى عمر<br />,
مـعـروفـك مغـطـّي عـلى معـروفـها<br />,
<br />,
مـن يـقـنـع القـبـّـار ما يـحـفـر قـبــر<br />,
قـلـوبـنـا قـبــرك يـالـيـت تـشـوفـها<br />,
<br />,
الأرض لو تـمـلك أحـاسـيـس ونـظـر<br />,
كان اسـتحـت ما تدفـنك في جـوفها<br />,
<br />,
والشمس لو تكسف على موت البشـر<br />,
في يوم موتـك صـار يـوم كـسوفها<br />,
<br />,
لكـنّ نـؤمـن بـالـقـضــــاء وبـالـقـدر<br />,
وما جـابـت الـدنـيـا لـنا بـصـدوفـها<br />,
<br />,
يكـفي يـديـك مـن المـكـارم والفـخـر<br />,
إن الـفـقـارى عـاشـت مْن كـفـوفـها<br />,
<br />,
فيك السحاب يعـزّي غصون الشجر<br />,
اللّي ذعـاذيــع الـهـــــــوى تـلـوفـها<br />,
<br />,
حتى القصيده لو بغـيت اكتب شطر<br />,
ما طـاوعـتـني فـي رثـــاك حـروفـها<br />,
<br />,
ليتك مـسـافـر ننتـظـره من السـفـر<br />,
كان الأمـل هـدّا النـفـوس وْ خـوفـها<br />,
<br />,
لكـن أنـا بـسـأل ســؤالٍ مـخـتـصـر<br />,
عن المـواطـن فـي البـلـد وضـيـوفها<br />,
<br />,
أهـل الكتـوف اللّي تـشـلّك للـقـبــر<br />,
وش هو شعـور قـلوبها لكـتـوفـها ؟!<br />,
<br />,
<br />,
<br />,
,
<br />,
,
دنيتي ويا موج شعري ويا بحر عذّالي<br />,قنبلة ذريّه
القصيده بنفسها تحكي عن اللي بيّه<br />,
<br />,
يوم شفت القلب حب وصار له غربالي<br />,
في مدرسة ( برايمري ) متخصصّه علميّه<br />,
<br />,
مشكله ما شفت إلا غـترتي وعقالي<br />,
سبّته يلعـن أبوه و ضاعت الطاقيّه<br />,
<br />,
لو خلقك الله حبيبي مثل رجلٍ آلي<br />,
إلا في نفس الثواني صرت لك آليّه<br />,
<br />,
ضمّني بحالك الحالك واموت إلحالي<br />,
واعـتبرها يا حبيبي منحه آميريّه<br />,
<br />,
ما أصدّق لو أشوفك مشكله يالغالي<br />,
كنّي قاعد وآتخيّل صورة تمثيليّه<br />,
<br />,
الكلام اللي في بالك إنـّسخ في بالي<br />,
لك في قلب اللي يحبّك ترجمه فوريّه<br />,
<br />,
سولفي بالأوردو بالهندي وبالبنغالي<br />,
تـدري أتكـلّم أنا كل اللغـات الحـيّه<br />,
<br />,
كنّك الا لاعبة كورة قدم إيطالي<br />,
خـلـنا نلـعـب مـعـاج إمـبارةٍ ودّيـّه<br />,
<br />,
المدرّب قال لّي أمسك ظهير شمالي<br />,
وانتي عادي تمسكيني يالدفاع الحَيّه<br />,
<br />,
لانّي كـنتـو سابقاً ألعـب لبُـرتـغالي<br />,
أسمه (ارنالدو) وانا ويّاه مانا شويّه<br />,
<br />,
بس عندي شرط واحد ما نجيب اقوالي<br />,
أو تكون اقـوالي لمؤسسة خـيريّه<br />,
<br />,
لان غير الشيّ هذا أبتعد وآخالي<br />,
المهـم ما نطـلع إبنتـيـجةٍ سلـبيّـه<br />,
<br />,
تخطي بحقّي وتخطي والخطا يحلا لي<br />,
وإتعمّد غلطتك وآقول هي عفويّه<br />,
<br />,
الخطا لاوّل يشـوّقـني لخـطاك التالي<br />,
والغريب ان النتيجة دايماً عكسيّه<br />,
<br />,
لا تقارنـّي بجـمـالك والهـلال هـلالي<br />,
ما يصحّ الرجل يتقارن مع البنـيـّه<br />,
<br />,
وانت لو تبغي الصراحه وقلتها طوّالي<br />,
شفت نفسي في عيونك أحلى عنك شويّه<br />,
<br />,
يا حبيبي لا تعصّب وانت ضغطك عالي<br />,
خايـفٍ بكـره تصيـبك حالةٍ نفـسيّه<br />,
<br />,
لا تـهـدّدنـي ببـعــدك يالـذيـذ الـحالي<br />,
حاول تهـدّي معي فالفـتره الحاليّه<br />,
<br />,
لا تهبّل بي ترى ما انته تعرف هبالي<br />,
لاعـبٍ بك لـعـبة الـدولار بالـربـيّه<br />,
<br />,
ما يهز اشباك خفـّاقك ياكـود اقـوالي<br />,
يوم ادخّلها ( دبل كيك ) وتجي ناريّه<br />,
<br />,
إنت زينك محـرقٍ حتى بـنات الـوالي<br />,
يا بشر يا حلو يا جذّاب يا شخصيّه<br />,
<br />,
من كثر ما اخاف عيني تنعمي يالغالي<br />,
قمت ادوّر لي على نظارةٍ شمسيّه<br />,
<br />,
لجل ادقـق بالنظر لامن وقـفت قبالي<br />,
واقنعك بان المفارق ( قنبله ذرّيّه )<br />,
<br />,
,
إسـتـمـد الشـوق حـيـله وانـتـحـابي<br />,قـوس الربـابـة
لين صادفـني طـريـقٍ كـنت اهـابه<br />,
لي شهر وآنا ما غير اكتم مـصابي<br />,
وأتـجـمّـل في الوجـيـه امّ الـذرابـه<br />,
ليـن حـدّتـني مخـايـيـل الـسـحـابي<br />,
والـسـنـين اشــباح والأيـّـام غـابـه<br />,
شـفـت ما منـها مصـدّه واجـتـنابي<br />,
لكن الله رحـمــته تـســبق عــذابه<br />,
يا وجـودي من عـناي ويا ذهـابي<br />,
وجــد من خــلـّوه ربـعـه للـذيــابه<br />,
&nbsp;فـــــي نهــارٍ هـيّـب اللـــي مــــا يهابــي<br />,
يعــتـنـق عـج الـمـنايـا بالـسـحابه<br />,
منـك ياللّـي فـاقــدٍ مـنـّـك صوابي<br />,
قمت اعـشقـك مثل عشقي للكتابه<br />,
شـف غـيابـك وين ودّاني وجـابي<br />,
بـس مع الأيـّـــام زوّدنـي صـلابـه<br />,
حـس فـيني يا مـعـوّدني غـيــابي<br />,
في وجودي وش مدى فرق التشابه<br />,
ليـه ادق الـبـاب دام البـاب بـابـي<br />,
يا مـعـيّـشـني تـفـاصـيـل الـغـرابه<br />,
يا معـوّدني على صبر احـتـسابي<br />,
يا معـرّضني شقا القيض وسرابه<br />,
الــدروب طــوال لـكـنـّـك زهــابي<br />,
شـوف حالي كـنـّها قـوس الربـابه<br />,
واعتـقدت انـّك تعاني من عـذابي<br />,
يكـسـرك صوت الأحـبّه والغـرابه<br />,
واثـرك اللي مسـتـريح ولا درابي<br />,
ما تعـرف الاّ .. تـمـاديه وغــيـابه,
,
أنا قوس القزح في الشعر والوانه<br />,قــوس قـــزح
واشكـّل قافـية شعـري بلا تـشكـيل<br />,
<br />,
واعاتـب كل مجـدٍ ضاع عـنوانـه<br />,
واجيب لكل وادي سيل وادي سيل<br />,
<br />,
أنا ذاك الشعر لي هاجـت اوزانـه<br />,
وانا فارس شعر وامسك عنان الخيل<br />,
<br />,
ومتى قالت مشت في ليل عميانه<br />,
أنوّر شعـري بدربه وعـميت الليل<br />,
<br />,
تقول لي (ألو) انت سهيل غلطانه<br />,
ترد تـقول لي يا مـرحـبا يا سهيـل<br />,
<br />,
أنا جيت استـفزّ رضاك يا فـلانه<br />,
واغايض نهرك الدجله بنهر النيل<br />,
<br />,
واجاذب كل وردة شوق نعـسانه<br />,
إذا هـب الهـوى والعـود قام يميـل<br />,
<br />,
أحبّـه لو عـليه الـروح شـرهانه<br />,
واموت ف بسمته لو نصّها تمثيل<br />,
<br />,
إذا الصوره شعر والحس قيفانه<br />,
وفـرشاة القـصيد تفصّـله تـفصيل<br />,
<br />,
أبا ارسم وردتين وْعـين شيهانه<br />,
وقـلبٍ كل ما يـذوّبـه قـلب يـسيـل<br />,
<br />,
وابا ارسم عالمي من دون سكّانه<br />,
وانا وضـوّي ودلـّه مبهّره بالهيل<br />,
<br />,
واذا قصدك عن الدمع وعن احزانه<br />,
حفـظت الدمعه اللي بلـّلت منديل<br />,
<br />,
,
جيت اسأل الليـل  لمّـا طـوّل غـيابك<br />,كحل الظــلام
وهلـّت دمـوع السـحاب وبلـّت احـداقي<br />,
<br />,
واخذت كحل الظلام وجيت لاهـدابك<br />,
أشوف هي حنـّة اغصانك على اوراقي<br />,
<br />,
ملـّيت وانا انتـظر طـاريـك وعـتـابك<br />,
حتى غـلا شـارع الأشـواق باعـمـاقي<br />,
<br />,
يـقـول.. كل الجـفا هـذا مـن اسـبـابـك<br />,
ما يـدري اني بـري من طعـم خفـّاقي<br />,
<br />,
ما يدري انـّك قـفـلت مْن الزعـل بابـك<br />,
ورقـّصت نار الغلا في نوتة احراقي<br />,
<br />,
وعـزمت حـزن القـصيد ونـام بكـتابك<br />,
واخـذت للبرد منـّي بـشـت مـشراقـي<br />,
<br />,
والخيمه اللي بنت لي من على هضابك<br />,
عـرّضتها للهـبـوب .. ومزّع ارواقي<br />,
<br />,
وعقدت لي حجاجك وكشــّرت لي نابك<br />,
وجرّدتني من غلاك وضاقت اخلاقي<br />,
<br />,
جـيت آتـشـفـّـع بـمعـسـولك وعـنـّابـك<br />,
وبغـصنك اللي تركت القلب له ساقي<br />,
<br />,
يكـفي ترى ما تحمّـل طـولـة غـيـابـك<br />,
يكـفي زعل كان لك في خافـقي باقي<br />,
<br />,
,
من باب تـثبـيت الوعـي يا كـحـيـلان<br />,كـحـيـــلان
لعـيـون دولـــه مجـتـمـعها ريـادي<br />,
<br />,
زرعت في صحراء الاحساس بستان<br />,
يمكـن ألامـس فـكرة اهـل المـبادي<br />,
<br />,
أمثـّـل ( المكـتوم ) والاّ ( النهـيـّـّان )<br />,
والاّ الشـيوخ الشـامخـه في بــلادي<br />,
<br />,
حـصان عـزّي يسـبق ف كل مـيدان<br />,
وسهيل مجدي في سما العـز بادي<br />,
<br />,
والا انـتـقـدني واحـدٍ ما لـه لـســــان<br />,
والاّ مـعـاه لـسـان .. ولـسان عادي<br />,
<br />,
أحاول اوصـل غـايـتي قـدر الامكان<br />,
أصـنع نجـاحـي من كثـير انتـقادي<br />,
<br />,
والمرجـله في عـيون اهلها لها شـان<br />,
مع اعـتـقـاد الـناس قـبل اعـتـقادي<br />,
<br />,
والسر في قـلوب الرجاجيـل ينصان<br />,
والجاهـل بجـهـله يـزيـد الـتـمـادي<br />,
<br />,
ولو صحت في قلوب المقفّين يافلان<br />,
ما فـيـهـم اللي يـسـتـمـع للمـنـادي<br />,
<br />,
وهـدايـة الله ما تحـصّــل بالاثـمــان<br />,
والله يـهـــديـنـا وهـو خـيـر هـادي<br />,
<br />,
والصبر كـنز الروح والذل حـقران<br />,
واللي ماعـنـده راي تـلـقاه غــادي<br />,
<br />,
وانا يابو عسـكـور إحـساس فـنـّـان<br />,
أحـاول اشـرح فـكــرتي للعـبـادي<br />,
<br />,
تدري وش احلى بيت سوّاه حمـدان<br />,
لعـيـون دولـــه مجـتمعـها ريـادي<br />,
<br />,
ما دام كثر الحرب من يد الانـسـان<br />,
أفضل خيار نعيش من دون ايادي<br />,
<br />,
,
صاحبي اللي إذا غبت احـتـــــريك<br />,كـش مـلك
أعشق ارضائك واخاف مْن ازعلك<br />,
<br />,
الخـلل ما كان في الأيّـام .. فـيك<br />,
ليه طـيّـحـت فْ عـيـوني منـزلك<br />,
<br />,
التـواضـع نعـمــه .. ألله يْهـديـك<br />,
وانت مغـرور وْ غـرورك يقـتلك<br />,
<br />,
إنت تدعس بنص وانا ادعس بريك<br />,
شف هداوة بالي وْشف ما أعجلك<br />,
<br />,
كل ليـل تغـيب به وانا احـتـريـك<br />,
وْكـل لـيـل تـردّنــي واسـتـقـبـلك<br />,
<br />,
وْكل دربٍ أعـشـقه دامـه يجـيك<br />,
وانـت دربـي ما تـدانـيـه ارجـلك<br />,
<br />,
يعـتريـني حـزن ليتـه يـعـتــريك<br />,
يبـدع ف حاضـرك لى مستـقبلك<br />,
<br />,
ساكـنٍ في خافـقي مـالك شـريك<br />,
غـير حـبٍ لو تـضـحّـي به هَـلَـك<br />,
<br />,
لا تـساويـني بغـيـري واشتـكـيك<br />,
للطـمـوح اللـي رقـى بي للـفـَـلك<br />,
<br />,
والله ان الحـر عـن ملـيـون ديـك<br />,
كان شـكـل الديـك غـرّك واذهـلك<br />,
<br />,
كش ملك راحت على الحب وْعليك<br />,
يعني وش عقب الوزير الاّ الملك<br />,
<br />,
في هَـلك إنتـه وحـيد أمّـك وابيـك<br />,
بـس انا مانـي بْـواحـد من هَــلك<br />,
<br />,
,
كيف اجيك وكيف انا ابدى في غرامك<br />,كـلمة سـلام
كيـف قـل لي أبتـدي لـك بالـكــــــلام<br />,
<br />,
لك أسـلـّم .. بسّ ما جـاني ســلامـك<br />,
يعـني مسـتكـثر عليّ كلـمة ســــــلام<br />,
<br />,
وش أسوّي حتى أستـدعي اهـتمامك<br />,
وافـتـح المـوضـوع يا بـدر التمـــام<br />,
<br />,
أبتــسـم لك أو أقـاطـع في كـلامـــك<br />,
أو أجـيك بكـلمةٍ فـيها احـتــــــــــرام<br />,
<br />,
ما قــدرت ابـعـد مادام اني أمـامـك<br />,
ولا قـدرت اذكر مفاهـيم الغــــــرام<br />,
<br />,
حرت بك واحترت بك خلي مـدامك<br />,
ما يهـمّـك من غـدى بحبّك حطــــام<br />,
<br />,
أبتـدي بك حـب ياعـمـري عـلامـك<br />,
ما تحـسّ احـساس من صابه هـيـام<br />,
<br />,
كان عن كل الهوى صار اعتصامك<br />,
ما طلـبتـك غـير .. وعليك الـسـلام<br />,
<br />,
,
تفرّقنا السنين وْنجتمع والجَرح نفس الجَرح<br />,لا جمـع و لا طـرح
على درب الفراق دموعنا تسبق خطاوينا<br />,
<br />,
شرحت ظروفنا للوقت لكن ما فهم للشرح<br />,
صبرنا والصبر جَـمره ورا الاضـلاع كاوينا<br />,
<br />,
ترى وجه الـمتيّـم لو تبسّم لا تحسبه مرح<br />,
أمانيه تـْهاوى من عيونه مثل امانيـنا<br />,
<br />,
بنى من ذكرياته في محيط العاطفه كم صرح<br />,
لكن هاج المحيط وما لقى له ساحل وْمينا<br />,
<br />,
يا ناس العيد ماله لون وْلا له طعم وْلا له فرح<br />,
واذا قلتوا وش الأسباب قلت الله يعافينا<br />,
<br />,
نلوم الوقت والقِصّه ما تبغي جمع والا ّطَرح<br />,
لأن العيب .. من ربّي خلقنا ساكنٍ فينا<br />,
<br />,
,
لا تـدوّرهـا وهـي الـدنـيا تــدور<br />,لا تــدوّرها
لا تـضـيّـعـني وانا ضـايـع مـعـاه<br />,
<br />,
دامـني أمـشـي أنا بـلـيّـا شـعــور<br />,
من بـلاه اقـول مـيّــت مـن بـــلاه<br />,
<br />,
مـرّت الأيــام وسـنـيـن وشـهــور<br />,
وكنت انا طايـر وطاير في هـواه<br />,
<br />,
لا اطلعـت قالـوا طلع بـدر البدور<br />,
ولا اختفت تشتاقها الأرض وسماه<br />,
<br />,
الله اللـي زاد هـذا الـنـور .. نــور<br />,
الله اللـي مـيـّـزه بـطـبـعـه وحـلاه<br />,
<br />,
قالوا من حسنه ضاعوا في بحور<br />,
وقـلت هـو أصلاً أنا ضايـع وراه<br />,
<br />,
للمحـبّـه درب وفي دربـه كـسور<br />,
واللي هو غـالي يعـرف مسـتـواه<br />,
<br />,
واللي ما يـلـعـب با يـلـعـبها بدور<br />,
يعـطش بحبّه وانا اظـن جـفّ ماه<br />,
<br />,
خـلـّك بـسـيـحٍ ورا ظـبـي النفور<br />,
وشوف قلبي كيف من زينه طواه<br />,
<br />,
لا حـكـى يعـني تغـرّد له طـيـور<br />,
لعـنـبـوها كـيف تـلـفـت الانـتـبـاه<br />,
<br />,
,
ما فـكـّر الـريح يوم يـحـطـّم اغـصاني<br />,لا تسمع ولا توحي
إن عمري اوراق وجروحي هي جروحي<br />,
<br />,
وان الـندى يرتمي مشـتاق لاحـضاني<br />,
يـبـوح لـي بـالـغــــلا .. وابـادلــه بـوحـي<br />,
<br />,
وآسـمـّعـه ليـن يـدفـا الـبـرد بـالـحـاني<br />,
والا انت يـاريـــح لا تـسـمـع ولا تـوحـي<br />,
<br />,
عكـّرت صفـو الحـياه ونـومي الهـاني<br />,
وخلّـيت سـرّي مابيـن النـاس مـفـضوحي<br />,
<br />,
ياللي ذبحني ضماك ، وزدت بجـناني<br />,
يا مـعـتـلي عـرش قـلـبـي حـاكـمٍ روحـي<br />,
<br />,
وشلون هانت عليك تسهّـر اجـفـاني ؟<br />,
وتـقـفـل على الوصل بابٍ كان مـفـتـوحي<br />,
<br />,
وانا ترى تـوّني في الحـب ما امـداني<br />,
ما كـان هـذا مـعـك يـا خـلـّي طـمـــوحـي<br />,
<br />,
سـافـرت والهم عـقـبـك جا و مـسّـاني<br />,
طـيـفـك يـدل الخـفـوق ويـهـدم صـروحي<br />,
<br />,
بالله انا بانـشـدك قـل لي من الجـاني ؟<br />,
هو غـموضك .. أو ان ذنبي من وضوحي<br />,
<br />,
خلاّك تـنسى الغـلا وتحطـّـم اغصاني<br />,
وتجي وترحل وانا جروحي هي جروحي<br />,
<br />,
,
لا تـغـرِّك ضـحْـكـتي .. والاّ اسْـلــوْبـي<br />,لا تغـرّك ضحـكتـي
أعْرف عْـزاز النفـوس مْن الـرديِّـه<br />,
<br />,
كَمْ وفوا لي ناس وكَمْ ناس اغدروا بي<br />,
وْكَمْ كسَـبْت بْـطيب نـيَّه سـوء نـيَّـه<br />,
<br />,
نـاس .. مِن كـثر المـخـَادَع ما تـْتـوْبي<br />,
وْنـَاس بـيْـضان وْصـدَاقـَتـْها نـديَّـه<br />,
<br />,
وْناس ٍاغلتـني ، وناس اغـلت جيوْبي<br />,
وْنـاس ٍ تـْطـالـع ، ولـكـنـْها عـمـيَّـه<br />,
<br />,
كل هـذا .. والـجــروح تـْزيـد صـوْبـي<br />,
والمـجَـامَـل والتـَّمَـلـُّـق والـخَـطـيَّـه<br />,
<br />,
ما يغَـيـِّـر ضحْـكة الـوجْـه الشـحــوْبي<br />,
مَـد يـمـنى دوم ماهي مـوسـمـيَّـه<br />,
<br />,
ودِّي انـِّي أعْـطـي الـمـحْـتــَاج ثــوْبـي<br />,
واعـطـي وَلا انـْتـظِــر رَدِّ العـطـيَّــه<br />,
<br />,
ما اجْمَع العَـالَم وَلا اقـول اسْمَعـوا بي<br />,
نفـْسي مْن اطـْرَاء خـلق الله غـنيَّـه<br />,
<br />,
في بـَعَـض الاشـيـاء أتـْقـَـدَّم وانـوْبـي<br />,
عَن بـني آدم جـمـيـع وْعـن بـنـيَّــه<br />,
<br />,
سَـجْـــــدةٍ تـَغـْـفِـر بَـها كـلّ الـذنـوبـي<br />,
خـيـر مِن عـيْش الحـيَاه القـاحـليَّـه<br />,
<br />,
وْيَا مْسولفْ بي على الطرْق الكذوْبي<br />,
عاقـَب الله من ظـلـَمْ نـَفـْس ٍ بريَّــه<br />,
<br />,
وْيَا صحـيب الخيـر يامثـبِّـت طـنـوْبي<br />,
النصـيْـحَه روح الايـْمَـان الـقـويَّــه<br />,
<br />,
الصَّحـيْح مْن العـيـوب اللي تـشــوْبي<br />,
قـوْلـَها في الـوَجْـه ، والنـيَّه مطيَّـه<br />,
<br />,
بَـارك الله في مـن اهْــدَاني عـيــوْبـي<br />,
واشـْكرَه جـِداً على هـذي الهـَـــديَّه<br />,
<br />,
,
لا تلعَـن الفـقـر يالشَّاعِر وَلا تـشْـرَه<br />,لا تلعن الفـقــر
رَسـول الامَّه فـقـير وْمَنْهجه سَامي<br />,
<br />,
لو كل وَاحـد حـزيـن تـْحـدَّه العَـبْـرَه<br />,
لقـيْتـني أبْكي ظنوني على اوْهَامي<br />,
<br />,
لكنـِّي اصْبر على الشوق وْعلى أمْرَه<br />,
وَاصد عَـنـَّه حـبيـبي لو أنـا ظـامي<br />,
<br />,
أسَـابق اليوم مِن فجْـرَه إلى عَـصْرَه<br />,
واحَلـف والله ما تـَسْـبـقـني ايَّـامي<br />,
<br />,
أسْتـثمر اخـْطاء هذا اليـوم إلى بكرَه<br />,
عشان ما تتعَب من احلامي اقدامي<br />,
<br />,
والحب جَمْرَه على جَمْرَه على جَمْرَه<br />,
والبُعْد عَن من تحب الميْسَم الحَامي<br />,
<br />,
والزين ماهـو بْـزين الخَـد والبَشْـرَه<br />,
الزين زيْن الخُلق والعَاتـِق السَّامي<br />,
<br />,
مْـدَاعـبات القـصـيد المَـرْنَه الخـَطرَه<br />,
تـْنَـشـِّـط الـدَّم بي وتـزيـد بالهـامي<br />,
<br />,
قِد قال شيخ الشيوخ اللي سبَق عَصْرَه<br />,
(يا مَرحـبا يا معـنـِّي خَط الاقـلامي)<br />,
<br />,
,
لا تـندفـع وتـقـول كـلمـة أحـبّــك<br />,لا تنـدفع
وانتـه تـظـن انّي أنـا وانته اغـراب<br />,
<br />,
إدرس دراســه بين قـلبي و قـلبــك<br />,
عـقب الدراسه ينولد بيننا اعـجاب<br />,
<br />,
خـلّ القـلوب تعـيش قـربي وقربـك<br />,
وْخلّ الشهد من وجنة العمر ينساب<br />,
<br />,
خـّلي التلاقـي بيـن دربـي ودربــك<br />,
أو باخـتـصــار آقـول خـليـنا أقـراب<br />,
<br />,
ياشمس شوف القلب كيف انعجب بك<br />,
شوفـه حبيبي كيف في محبّتك ذاب<br />,
<br />,
شـوف الـقـصايـد كـلهـا تنـكـتب بك<br />,
وانته لقـلبـي غـالـقٍ بعـض الابواب<br />,
<br />,
سهـم الغـرام اليـوم قـام ارتـفع بك<br />,
وانته تأيّـس في العشق دونه اسباب<br />,
<br />,
معـنى أحبـّك .. يعنـي معنى أحبّك<br />,
أحـلى دلـع ياسيّـدي بين الاحـباب<br />,
<br />,
,
مافيه ( فوق اللي ) ولا ( يا نديبي )<br />,لـبّـيـه
هـذا كـلامٍ ما يـجـي مـنه مـصــلوح<br />,
<br />,
إخـتـار يـا .. لبـّيه والاّ .. حـسـيـبـي<br />,
عـليـك يا شـف الـمعـاليـق والـروح<br />,
<br />,
وش فيك لامن جيت قلت ش تبي بي<br />,
والصدر يطبخ شوق ويحن ويفـوح<br />,
<br />,
أجـيـك لـو غـيـرك يـبـي يهـتـني بي<br />,
غـلاك طير وْخافـقي شـبك مطـروح<br />,
<br />,
والـظـنّ في مثـلك لو انـّه يـخـيـبـي<br />,
ما قـمت أنافـس لايع الورق وآنوح<br />,
<br />,
وما شفتـني صابر وجرحك عطيبي<br />,
وماشفت قلبي لا ظهر رقمك يشوح<br />,
<br />,
أرخـصت لك دمعـي وحالي وطيـبي<br />,
كـنك قـدر مكـتوب لي داخـل اللـوح<br />,
<br />,
أقـدر أحـبّـك .. من شـبابـي لشيـبي<br />,
ودامك سكـنت القلب لاتقول باروح<br />,
<br />,
لـبّـيك لـك يـم الـوصـل يـا حـبـيـبي<br />,
خـلّيت لك قـلبي على طـول مفـتوح<br />,
<br />,
يمكن بعـد فـتره تـجي من نصيـبي<br />,
ومواصـلك بين المخـاليـق مسموح<br />,
<br />,
,
بنـتٍ تمـر الضـلوع وبـيـتها بيـتها<br />,لحن الـمفارق
ما غـيّـرتها السـنين وما تـغـيّـرت انـا<br />,
<br />,
يوم اكشفت عن مفاتنها وضمّيـتها<br />,
قالت لي الحب وش هو قلت بيت الهنا<br />,
<br />,
ياليت ما لي خـفـوقٍ ينبض ولـيتها<br />,
ولا انعست رمشها ما عاد تـسرف بنا<br />,
<br />,
يغـار قـمـيصها من لمـس جاكـيـتها<br />,
لا هـزّت كـتـوفها كـبر ودلـع وانثـنى<br />,
<br />,
غصنٍ من الشوق إلى مال وتماديتها<br />,
إن اقـبـل الله لـنا .. وان ادبــر الله لـنا<br />,
<br />,
أغلى المزايين واحلاهم شهر صيتها<br />,
فـقـيرة الخصر والأرداف طفـرة غنا<br />,
<br />,
قالت يازين المطر قال المطـر جـيتها<br />,
لين السحب حاصرتها من هناك وهنا<br />,
<br />,
قلت لسنا الشمس علّمني لا مرّيتها<br />,
أبغي أشـوف السَـنا لا منه عانـق سنا<br />,
<br />,
خلـّـتني الـبارحـه وانا ما خـلـّـيتها<br />,
وغنـّيت لحن المفارق والهجر والعنا<br />,
<br />,
وللحـين وانا ضـلوعي بيتها بيتها<br />,
ما غـيّـرته السـنيـن وما تغـيّـرت انـا<br />,
<br />,
,
لعـب الزمن ماهو مثـل باقـي العـاب<br />,لعـبة زمـن
إلعب على كـيفـك واذا تـروم لا تـّـوب<br />,
<br />,
بَيْـجـيك يـوم وْتـنـدفـن تحـت لـتــراب<br />,
عقـب الدفن بَتْعَـرف وش يعني لعوب<br />,
<br />,
لو نك فَـتحـت ابـواب لك غَـالـق ابوَاب<br />,
ولو نك تعـرف العـيب العـيب عَـذروب<br />,
<br />,
بديـت أكـتب واجـلـب كْـتـاب بكْـتـاب<br />,
وآخذ معَـانـيـهـن واخـلـّيـهـن بْـصـوب<br />,
<br />,
إذا الـشـعـر يا نـاس قـد جاب ما جاب<br />,
وان جاك شِعري بالفعِـل جَاك مكتوب<br />,
<br />,
هـذا وانـا أرقـى عـلى كـل مـرقــاب<br />,
أسري بـليل الضدّ من فـوق عَـرقـوب<br />,
<br />,
هذا وانا أشـّر وهي تـْطـيـر أســراب<br />,
بيـض الحَـمام تـْطـيـر ما تحمل ذنوب<br />,
<br />,
هذا وانـا تـايــب وإبـلـيــــس ما تــاب<br />,
هـذا وانـا أنـعَــت وهـو ضَـــيـّـع دروب<br />,
<br />,
هذا وانـا أضـحَـك وهو يـضـحـك بْنـاب<br />,
ثوبي ستـيـر وْصاحـبي عَـاري الثـوب<br />,
<br />,
هذا وانـا اعـدّ الـخَـــطا عـَـد لـتــــراب<br />,
ينعد كيـف انعــد وهـو كان محـسوب<br />,
<br />,
بعض البشر تحسب على كيف الاسباب<br />,
وبعض البشر من دون سِـبّه ومطلوب<br />,
<br />,
كلّ يحسب احساب وآنا احسب حساب<br />,
وْكلّ يجـي باسلـوب وآنا لي اسـلوب<br />,
<br />,
بَــابٍ فـتـح من بَـاب والـبـــاب كَــذّاب<br />,
بَـابٍ إذا يـفـتـح تـرى الـباب مَـكْـذوب<br />,
<br />,
هـذا وانا اغـنـّي وانـا اقـول سَـحّـــاب<br />,
سَحّاب يَـمطر صوب وانا أمطر بْـصوب<br />,
<br />,
مثل العـروق تـْجيـس وتدق الاعـصَاب<br />,
أو مثـل سَاحِـر طـار في الجو مجلـوب<br />,
<br />,
من هو يأمـِّن يـمشي بْـليل في غَاب<br />,
بعض العَسَل يا صاحبي سَمّ مـشروب<br />,
<br />,
هذا هَـدفـيه صـبتـه وْصَـاب بصـواب<br />,
صـوب الذي صَـوَّب وَلا صـاب مَصـيـوب<br />,
<br />,
بـحـرٍ غـزيـر وْطـامي الـبـحـر عَـبّـاب<br />,
ونَــارٍ تـطَــفـّـي نـَـار من حَــرّ لاهــوب<br />,
<br />,
حَـدّ عـليه عـيــون والـنـاس رقـّـــاب<br />,
وْحَـدّ اختـفى لو كان بالحـيل مَـرقـوب<br />,
<br />,
حَـدّ يشـلّ سـلاح وْحَـد شايـل حـراب<br />,
وحَدٍّ يِعَشْق شْروق وْحَد يعشق غروب<br />,
<br />,
حَدّ يشيل الـهَم في ضَـرب الاصـحاب<br />,
كل من ضَرب في يوم له يـوم مَـضروب<br />,
<br />,
وآنا مـعَــادِل آخـذ الحُـب لاحـبــــاب<br />,
وْكـلّ يحب الطـيـب .. الطـيب محبوب<br />,
<br />,
قـالـوا سَهَـل إنـّي أنـا أفـتـح الـبـاب<br />,
وانا هـويت الـصـعـب لو دارت حـــروب<br />,
<br />,
لعـبَه وانا ألعَـب عـلى كـل الالـعـاب<br />,
طبـعي أنـا غَـالـب ولا آكـون مَـغـلـوب<br />,
<br />,
,
سألت عنـّك وانت تـسأل عـنـّي<br />,للـّه دَرّك
لان الغـلا في قـلوبـنا متـحـرّك<br />,
<br />,
أصفر خضر أحمر سماوي بنّي<br />,
لى غـرّني إليـوم ما قـد غـَرّك<br />,
<br />,
لكـنّ بالـبـّس قـصـيــدي جـنـّي<br />,
يالين يـسـمعها كـفا الله شــرّك<br />,
<br />,
هي غـلطةٍ منـّك و غلطه منـّي<br />,
لكـن أنا يا صـاحـبي ما اضرّك<br />,
<br />,
عـنـّك كـلام النـاس والاّ عَـنـّي<br />,
الشوق بارد وانت ويش يْحرّك<br />,
<br />,
كنـّك تدوّر ف الرحـيل و كنـّي<br />,
أريد أمـرّك واسـتحي ما امـرّك<br />,
<br />,
يا مْجـنـّنٍ مـشـاعـري جنـّنـّي<br />,
أمــوت في جْـنـانـك و لله درّك<br />,
<br />,
صدك عـطل لكن ماهـو بفنـّي<br />,
لا عـاد تبعـد والبعــد ما سَـرّك<br />,
<br />,
جمال شوقي من غلاك تحنـّي<br />,
وشلـون تبغـيها لا رحت تبرِّك<br />,
<br />,
تبغى كلام الصدق انا لو انـّي<br />,
ماذقت حلوك مااشتكي من مُرّك<br />,
<br />,
أمانـتـك زدنـي غــلا وأمّـنـّي<br />,
واواعدك واصدق معك وآبرّك<br />,
<br />,
,
للحين يا اغلى من سِعِر نفط العراق<br />,لـم تـــرى
سِعِر الذهب في سويسرا وانجلترا<br />,
<br />,
وانا عـليـك آحـن يا حـلـو الـمـــذاق<br />,
والنـاس ما تـدري لكـن قـلبك درى<br />,
<br />,
خـلـّيتني أخـسـر مـنافـسـة السـباق<br />,
آقــدّمــك قــدّام .. وتـعـــــــوّد ورا<br />,
<br />,
يا ميـر قـلب مْـتـيـّـمك ترى الفراق<br />,
في ذمّـتـي ما هـوب طـبـع الأمـرا<br />,
<br />,
صاحبك له سمعه على أوسع نطاق<br />,
ظـــلالـه لـحـالـه لخـلــق الله ذرى<br />,
<br />,
لكـنـّـك تحـمـّــله حـمـلٍ ما يـطــاق<br />,
ويـقـوم به مثـل الحـصان الأبجـرا<br />,
<br />,
سرّيت قـلبي في رجا لحظة عـناق<br />,
واخلفت وعـدك ليت قلبي ماسرى<br />,
<br />,
والجمله اللي ما تجي ضمن السياق<br />,
ما تـنـكـتـب أصـلاً ولا هي تـنـقرا<br />,
<br />,
وكان احترقت من الهجر موت احتراق<br />,
إلاّ بـعــد باقـول لـه إعـصــا ورى<br />,
<br />,
لأنـّي مْـحـذرك مـن يـوم الـفــراق<br />,
اللي يـذلّ اهـل المـدن واهل القرى<br />,
<br />,
مْحـذرنـّـك والـعـروق اللي دِقــاق<br />,
ما ينـفـعـن وجـروح قـلبي ما بَرى<br />,
<br />,
ولكن خـيلي يشـبهـه ذاك الـبـراق<br />,
ما كـنـّه الاّ يـوم أقـبل ( لم تـرى )<br />,
<br />,
وخلـّيتني أخـسر منافـسة السـباق<br />,
وآقــدّمــك قـــدّام .. وتـعـــوّد ورا<br />,
<br />,
,
ماقد عصاني بعيـشتي عـمر دنياي<br />,ليـل وراه ليـل
و لوني أبا احـكي كـيف أقـدر أحاكـيه<br />,
<br />,
مدري وش اللي جاب هالحظ ويّاي<br />,
كل من شكـيت لـشخـصٍ لقـيـتها فــيه<br />,
<br />,
بلـواي أصـلاً كـلـّه العـمـر بـلـواي<br />,
ما ابـيـه و يالـيت اقـدر آقـول ما ابـيه<br />,
<br />,
لاني بعـطـشـانٍ ولا شـارب الـماي<br />,
و لانـي أنا مـاخـذ و لانـي بـمعــطـيـه<br />,
<br />,
لاني أنا المـذكور و لاني بـمنـساي<br />,
مـدري أنا اللي غـالي أو إنـّي اغـلـيه<br />,
<br />,
أحسب خطاي وكل خطوه بممشاي<br />,
أمشي برمش رضاه لو رمش بامشيه<br />,
<br />,
عشت بغرام الموت باحساس منفاي<br />,
مـدري لأيـّـة غــربـه الـيـوم أنـفــيــه<br />,
<br />,
ذوّبت لك عـمري مثل سكـّر بـشاي<br />,
عـمـر الحـيا يا سـكـّـر العـمـر أمـلـيه<br />,
<br />,
كل الحواس تقول وش جاي وش جاي<br />,
خايـف تضـيع آصابعـي بصـبع إيديه<br />,
<br />,
أبغي أشـبّـه نظـرتي تـرسـم خـطاي<br />,
حـتى القـصـيـده ما لقـت أيّ تـشـبـيـه<br />,
<br />,
مدري يا عازف عوده بحزن والناي<br />,
ما اقـدر ألـمـّه ولا بعـد أقــدر اطـريـه<br />,
<br />,
قالوا لي هذا حزنك وقلت ش الراي<br />,
أيّـة حـزن ، أيّـة كـآبـه .. شَ اسـمـّـيه<br />,
<br />,
يـومي أنا هـذا .. أنا عـشت دنـيـاي<br />,
لـيـلٍ وراه اللـيــل وش عـقـبـه يجـيـه<br />,
<br />,
عـشـت بـزمانٍ قـلـت للطـير مـولاي<br />,
كـل مـن رفـع جـنـحـان فـزّيـت لـبّـيـه<br />,
<br />,
,
يا هجوسي للزمن حكمه وللمهموم والي<br />,ليه .. وْ كيف .. وْ عن .. وْ من
والبنادم راس مالـه عـزّتـه والله وكـيله<br />,
<br />,
إعتـزالي للحياه المغـريه غير اعتـزالي<br />,
والدروب الدائريّه والدروب المسـتطيله<br />,
<br />,
وْمستحيلات الدروب آحبّها والإستحالي<br />,
ما تخوّفـني الدروب الكايده والمستحيله<br />,
<br />,
هيبتي فعلاً تسولف به رجال وْراس مالي<br />,
ذكر شيخٍ لا وقف وقفته تغني عن جزيله<br />,
<br />,
والقصيد يْقاسم الإحساس والبيت ارتجالي<br />,
عنـّي الساري لا منـِّك ضقت والطرقه طويله<br />,
<br />,
لا تهاب الكوس والاّ ترهبك ريح الشمالي<br />,
دامك تعـرف النصر ماهي تشابهه الفشيله<br />,
<br />,
لين تلقى لك وطن كنّه من الفكر الخـيالي<br />,
ينتمي لك وانت من زود المحبّه تنتمي له<br />,
<br />,
وان سألت اجاوبك لكنّ بطرح لك سؤالي<br />,
والسـؤال اللي أنا بطـرحه لا تطلب بديله<br />,
<br />,
من يعـلـّم الاغـنيا اللي يحـبّـون الـريـالي<br />,
عن كرم حاتـم وفـلسـفـته ووقـفـته النبـيله<br />,
<br />,
وْمن يفهّم الاغبيا إن البحر ماهوب حالي<br />,
لا تلاطم موجه وحوّل على التربه مسيله<br />,
<br />,
وْمن يترجم لي رموز الوقت وظروف الليالي<br />,
كل رمزٍ له حـروف وْكل حـرفٍ فـيه ميـله<br />,
<br />,
وْمن يسولف لي عن دْموع الغلا من عين غالي<br />,
وْعن أحاسيس الشجر لا غرّقه مزن المخيله<br />,
<br />,
وْعن تـفاصيل الكلام اللي أبيه وْما طرى لي<br />,
وْعن تخـبّاط المضـيّع يوم ما حصّـل دليـله<br />,
<br />,
وْعن حنين النوق لا منها رَعَت خضر المفالي<br />,
وْعن غرام الوادي اللي له سنه ما مَر سيله<br />,
<br />,
وْعن صقورٍ ما تطيح الاّ على روس الجبالي<br />,
ليه قامت كل عـصفـورٍ تجي له تـنثـني له<br />,
<br />,
وْعن نهارٍ أشرقت شمسه ولا شفت الظلالي<br />,
وعن طمـوحٍ يمتـلك غايه لكن ماله وسيله<br />,
<br />,
وْعن عـلومٍ ما تـقـال وْعن عـلومٍ لو تـقـالي<br />,
كان ميّزنا مابين اهل التقى واهل الرذيله<br />,
<br />,
وْكيف كل انسان يطمح بانَّه الشخص المثالي<br />,
وْكيف انا قلبي سعـيد وْنفـسي ألقاها عليله<br />,
<br />,
وْكيف تعبر فرحة البنت اليتيمه من خلالي<br />,
وْكيف أزرع حزنها فرحه وضحكتها حصيله<br />,
<br />,
وْكيف اكوِّن دولةٍ في القدس من دون احتلالي<br />,
وْكيف انصّب حاكمٍ واعي وطلاّته جميله<br />,
<br />,
وْكيف اخلـّي إسمي مْقدّر إذا ذكروا مجالي<br />,
وْكيف اداوي بالكرم تـفاهـة النفـس البخـيله<br />,
<br />,
وْكيف اوضّف جهدي لتحقيق صعبات الامالي<br />,
وْكيف يجيني ما تمنـّيته وانا وشلون أجي له<br />,
<br />,
وْليه حـظّي ما يساعـدني إذا قـلّ احـتمالي<br />,
وْليه غـلطات الزميل المحترم يجرح زميله<br />,
<br />,
وْليه ليـلي ما يقـدّرني وانا سـاهـر لحـالي<br />,
وْليه صبـحي ما يفـرّحـني كثـيره أو قـليـله<br />,
<br />,
وْليه ظهري بيّح لصبحي سبب قلّة وصالي<br />,
وْليه عصري يشتكي ظهره وظلمه عند ليله<br />,
<br />,
وْليه ما تخلى قلوب المسلمين مْن التعالي<br />,
وْليه جـفـني ما تـبكـّيه الحـمام ولا هـديـله<br />,
<br />,
ليه والاّ كيف والاّ عَن ومـن هذا سـؤالي<br />,
جاوبه بالطرقي اللي طرقتك طرقه طويله<br />,
<br />,
ولا تضايق للزمن حكمه وللمهموم والي<br />,
والـبنادم راس مـالـه عِـزّتـه والله وكـيـله<br />,
<br />,
,
جَرَحْت قلب الغـرام وْ زدت في عْنَادك<br />,ما كـان له داعـي
تبغي الصَّراحَه.. ترى ما كان له داعي<br />,
<br />,
من ارْبَع شهـور كثر الصد وش فادك ؟<br />,
ما غير حرّضت طول الليل لاخضاعي<br />,
<br />,
طـيَّرت الاشْـواق من مَرْفـاك وبْـلادك<br />,
وذبْلت رسَايـلك ، ما جاني بها ساعي<br />,
<br />,
يا زيـن تـتوقـَّع ان اللي حـصَل زادك<br />,
بالعـكـس ما زادك الاّ زاد فـ اوجاعي<br />,
<br />,
إللي محيِّـرني انـِّك في الزَّعـَل عادك<br />,
للشـَّك ولهَـرْجَة الواشـين تـنصـاعي<br />,
<br />,
لا يْكـون شَيّ ٍ في بالك صاير مْرَادك<br />,
أخـاف قـاعِــد تـفـكـِّـر تـلـوي ذراعي<br />,
<br />,
هَذي وَلا الحِلم سـولفها على رْقادك<br />,
وشـلون تـبغـي تسـوِّيْها وانـا وَاعـي<br />,
<br />,
لو دَمْعـتك سـولفـت لكـبود حـسَّـادك<br />,
كـان الرعـيِّـه تـقـيِّـم قـيْـمَـة الـراعي<br />,
<br />,
من ارْبَع شهور وانت مْطوِّل عْنادك<br />,
اسْمَع ترى صِدْق ما للي حَصَل داعي<br />,
<br />,
,
صارت الدنيا غريـبه وصـرت انا متولـّه<br />,ما يشـلّ الـراس
عـشـتها حـلـمٍ خـيالي والـغـريـب لـحـالي<br />,
<br />,
عـشتها إبكـل راحه واصبحت لي مْملـّه<br />,
عـشـتها في إبـتـسامـه وعـشـتها غـربالي<br />,
<br />,
ذاك دربٍ إلحـبـيـبي قـلت ذاك اسهـل له<br />,
وهذا دربي لو طـويل اسهل لي وأسوى لي<br />,
<br />,
لو طـريقي في عـنا أودرب انا ما ادلـّه<br />,
أحـسن آضـيّع طـريـقي لـو بـربع الخالي<br />,
<br />,
آنا ظاري ع الصعايب ، الصعب أوصل له<br />,
الصعـب سهـلٍ علـيـّه ، الصعـب يحلالي<br />,
<br />,
الصعـب لو هو صـعـب والله انا لا آذلـّه<br />,
لا أذل عـيـنه لاجـلها في قـولي وأفــعالي<br />,
<br />,
ما يـشـل الـراس إلاّ لي يـحـطـه يْشَـلــّـه<br />,
وما يوطـّي راس دايـم في العلا أو عالي<br />,
<br />,
كان طـبعـه مختـلف أو كلمـته في محلـّه<br />,
هو رزيــن ولا حـكى يعـني تـقوم جبالي<br />,
<br />,
مـيـزتـه حـسـنه طبـيعي صار كلـّه كلـّه<br />,
هو على بعـضه حـلو من حـسـنه القـتالي<br />,
<br />,
لكـن اللي إسـتـوى .. الطيـن زاده بـلـّه<br />,
ورحـت انا في درب ثـاني مالها أو مالي<br />,
<br />,
باخـتـصـار آقـول هـذا خـلّ فـارق خلّه<br />,
خِـلٍّ يحلــّي حـياته بشـخـص ثـاني بْدالي<br />,
<br />,
وبصـراحه .. كل كلـمه قـلـتـها مـتولـّه<br />,
إلـ (دبي) وإلـ (دبي) وهي (دبي) ف بالي<br />,
<br />,
,
القلب شال الحب والحب شاله<br />,مدخـل غـرامي
مدخـل غـرامي والأحاسيس حوله<br />,
<br />,
وضاع الفكر مابين حاله وحاله<br />,
واسهل حلوله صارت اصعب حلوله<br />,
<br />,
الحسن لي يفرض علينا سؤاله<br />,
كيـف الربيع امتـد لاربع فـصـوله<br />,
<br />,
كيف ابتداه الحسن ثم انتهى له<br />,
يا لين حتى الحـسن منـّه خذوا له<br />,
<br />,
وانا اتخـيـّـل في خـيالي خـياله<br />,
فرصة عمر تحت إبتسامة طفوله<br />,
<br />,
غرّ ٍ صفا حسنه وقلبي صفا له<br />,
سهل التمنـّي بس صعبٍ وصوله<br />,
<br />,
يحـتار فيه اللي يوصّـف دلالـه<br />,
ويهين به لي عن جماله حكوا له<br />,
<br />,
يخجل جماله من صفاوة جماله<br />,
ويغـيض ربـّات العيون الخجوله<br />,
<br />,
يمـشي معاهـم بس كنـّه لحـاله<br />,
معهم ولكن كن هـم لي مشـوا له<br />,
<br />,
واللي تعرّض في مرامي نباله<br />,
والله ما يـكـسـب ولا ربـع جـوله<br />,
<br />,
عادل ولكـن ما بـرمـشه عـداله<br />,
يظـلم محبـّيـنه بـرمـشـه وطـوله<br />,
<br />,
أصلاً جنوني بس في حب خاله<br />,
وشلون لا باوصف تفاصيل زوله<br />,
<br />,
إن قال صـدّي .. قـلت : لله قاله<br />,
وان قال وصلي قلت : بالله قـوله<br />,
<br />,
هذا الذي قـلبي من الشوق شاله<br />,
مدخل غـرامي والأحاسيس حوله<br />,
<br />,
,
تـقـزّمي في عـين حـسّـادي وانا عـمــلاق فــرض<br />,مـراجــــــــل
لأن عـلـوّي عـن وطـاهـم شـيّ ربـّـي ملـزمه<br />,
<br />,
ماتشوف حَجم الشمس متقزّم على أصحاب الارض<br />,
مـتـقـزّميـن ويحـسبون الشـمس جات مْـقزّمه<br />,
<br />,
يارب .. وآنا عـبـدك اللي ما بعـد هـتـكـت عـرض<br />,
واذا لقـيت الضايـق المحـتاج وقـّـفت اعـزمه<br />,
<br />,
ما عـليّ آشـبّـهــك .. واذا غــضـبــت آقـول إرض<br />,
رزنـامـة افـضـالك مـداها ما تـشابه الارزمه<br />,
<br />,
زد مشبري في الطول طول ومن قويّ العرض عرض<br />,
ومد لي النصر المبين اللي ماغيرك يهزمه<br />,
<br />,
لو المـراجـل تـنـشـرى سحـبـت لي مـلـيـون قـرض<br />,
حتى أثـبـّـت محـزمي يوم تـراخـى الاحـزمه<br />,
<br />,
شـفـت الحـياه بدنـيتـي سنـّه وشـفت المـوت فـرض<br />,
يـوم آتـقـزّم في عـيـــون العـالـم المـتـقــزّمه<br />,
<br />,
,
العـذر يا بـوي لو ماشـلـّـني ســاقي<br />,مرثية زايد
الحــزن ما طاقـني والقـلب ما طـاقـه<br />,
<br />,
ياعـيني ابـكي وساعـدها يا خـفـّـاقي<br />,
ماهوب عيبٍ يفيض الدمع ف احداقه<br />,
<br />,
يامْـوحّـد الدار .. يا المـتـفـرّد الراقي<br />,
والغـيم حـزنٍ جـذب الاحسـاس برّاقه<br />,
<br />,
أشـوف كـن الـنهـار يـحـدّر احـداقـي<br />,
واشـراقــتـه ما تـشـابـه أيـّـة اشـراقـه<br />,
<br />,
وْمن يعذل القلب عن ضيقته لا ضاقي<br />,
إنـسان مشـكـوك في مذهَـبْه واخـلاقه<br />,
<br />,
يا حاكم الأرض واوّل وآخر اشواقي<br />,
يـفـداك قـلــبٍ حـزن فـرقـاك ما ذاقـه<br />,
<br />,
في غيابك الناس ماتـت وانتـه الباقي<br />,
لانـّـك الـغـــــالي اللـي يـذبــح فـراقـه<br />,
<br />,
يبكيك من يغرس النخله على الساقي<br />,
يبكـيـك راعـي الشـداد وْراعي الـناقه<br />,
<br />,
والطيب والجـود والعِـزّه والاخلاقي<br />,
والأرض وتـرابـها والبـحـر واعـماقه<br />,
<br />,
شيخٍ مـقامه سكـن ما بيـن الاعـماقي<br />,
حـتى الـزمـن من محـبّـيـنه وعـشـّـاقه<br />,
<br />,
مرثيّة في فقيد الأمّة ووالد الجميــع المغـفورله بإذن اللـه تعالى الشيــخ زايــد بـن سلـطـــان آل نهـيـــــــــان<br />,
<br />,
,
الــــحــــلا يـــحــــتـــويــــهــــــــــــــــا<br />,مريم
والـــغــــلا يـــرتــــجــــيــهـــــــــــــــــا<br />,
<br />,
شــــيخــــة الــــحــــســــن مــــريــــم<br />,
اللـــــــــــه هاللــــــــه عـــــليــــــهــــا<br />,
<br />,
عــــــيــــدهـــا عَـــــــاد ثــــانــــــــــي<br />,
بـــيـــن قـــلــــــب وْمـــحـــانــــــــــــي<br />,
<br />,
قــــــلــــــت ازفّ الـــتـــهــــانـــــــــي<br />,
وآتـــعــــنـّـــى وآجـــيــــهــــــــــــــــــا<br />,
<br />,
يـــالـــبــــنـــــــات الــــصــــبـــايــــــا<br />,
عـــنــــدي إلـــهــــــا هــــدايـــــــــــــا<br />,
<br />,
مـــا طــــرتــــه الــــروايــــــــــــــــا<br />,
واســـتحـــيـــت آهـــديـــهـــــــــــــــا<br />,
<br />,
لان مـــــــريـــــــم هـــــــديّــــــــــه<br />,
مـــن إلــــه الــــبــــريـّــــــــــــــــه<br />,
<br />,
القــــلــــوب الـــنــــديّـــــــــــــــــه<br />,
لـــو ضـــمـــت تـــرتــــويـــــــــها<br />,
<br />,
نــــور شـــمــــــسٍ تـــعلـّـــــــــى<br />,
فــــوق بـــــــدرٍ تــــجــــلـّـــــــــى<br />,
<br />,
دونـــــــه الــــــوصــــــــــف ولا<br />,
غــــايـــة الـــحــــســـن فـــيهــــــا<br />,
<br />,
بـــنـــت قـــرمٍ ســـنـــافـــــــــــــي<br />,
وارف الـــظــــــــــل وافـــــــــــــي<br />,
<br />,
تـــبـــتــــديـــه القــــوافـــــــــــــي <br />,
قـــبــــل لا يـــبــــتــــديـــــــــــــها<br />,
<br />,
الــــصـــبـــا مــــال بـــانــــــــــه<br />,
وانـــثــــنـــى خــــيــــزرانـــــــــه<br />,
<br />,
ســـمّـــــــوا دبــــــي دانـــــــــــــه<br />,
لان مـــريـــــــــم عـــلـــيـــهـــــــــا<br />,
<br />,
,
مسـتحـيل أنسـاك هـذا مسـتحـيل<br />,مستحيل أنساك
مسـتحـيل أنـســــاك والله للأبـــد<br />,
<br />,
من يعاشـر شخص مثلك ما يميل<br />,
لا ولا ينـوي على غـيــرك أحــد<br />,
<br />,
يا جمــيلٍ في جمــيـلٍ في جمــيـل<br />,
يا فـريـــد اللـون في جـيـدٍ و خــد<br />,
<br />,
ترتسـم في وجنتك شمس الأصيل<br />,
وجمـرتينٍ بيـنهن صَـفّ الـبَـــرد<br />,
<br />,
والعـيون الدعـج والرمش الظـليل<br />,
ونور وجهـك منـّهن نـور اسـتـمد<br />,
<br />,
تهـت في حبـّك مثـل تـوه الضـليل<br />,
وزادت جروح الحشا جْروحٍ جدد<br />,
<br />,
لا ولا عن حبّـك أرضـى بالـبديـل<br />,
وكـن باقـي الخـود تـكـمـالة عــدد<br />,
<br />,
لي يسير الدرب يوصل لو طويل<br />,
أو مثل ما قـيل من ( جـدّ وجــد )<br />,
<br />,
,
يا نـقـّاد الشِـعِـر صَـلّوا على مْحمّـد وْيا سـبـحان<br />,معلّقة الاتحاد
من آجال البـشر بـيْـده واذا ماتـت يـحاسـبـها<br />,
يارب المغـفره والناس ما ترجي سوى الغـفـران<br />,
وَلا غـيـرك يـغـَفـْـر ذنـوبها &hellip; وَلا يـعَـذبـهـا<br />,
عـزيز وْ جَـلّ شانـك واعـتلت قـدرتك يارحـمان<br />,
أقـولـه والـقـلـوب بْـقـدرتـك تـقــدر تـقـلـّـبـهـا<br />,
عسى الله ما يحاسـبني على غـلطة فـِكِـر بلْـسان<br />,
ويـمـنعـني من اسـباب الـذنوب اللي تـسـبّـبها<br />,
وانا شـاعِـر يحَلـّق في الفـضا لو ما معـه جـنحان<br />,
وصَـل حَـدّ الـنجـوم اللي تـراقـبْـه وْيـراقـبْـهـا<br />,
تهـيّضْـه الـقـريـحـه ويْـتهَـيّـض باعـذب الألـحـان<br />,
أصوغ مْن اغزر بْحور القصيد الأجمل الأبهى<br />,
أبا انحت من صخر واغرف بحر واقطف من البستان<br />,
على شـان القـريـحـه تـنـتهـض ويـتـمّ واجـبها<br />,
على شان اشبع جْـيَاع الفِكِر واروي بها عـطشان<br />,
كما تـروي هـشـيم الأرض وَدْقٍ من سحايـبها<br />,
أحـب مْن القـصيـد اللّي يـشَـرّف مَـسْـمَـع الآذان<br />,
تـصـوّر ما تـكـنّ الـنـفـس وتـْحَـقـّـق مآربـها<br />,
واحب مْن القـصـيد اللي تحير بوصـفها الاذهـان<br />,
تحـير بْوصـفها الاذهـان والشاعـر يحِـير بْها<br />,
واحب مْن القـصيد اللي مايفـنى لو فـَنت الابدان<br />,
وتـنـْحَـتـْه الـجـبـال لكـل وادي يـسْـتِـظِـل بْهـا<br />,
على صَهوة بنات الفـكر هاجـوسي بدون عْـنان<br />,
تِـتـعّــب غـيـري الـقـيـفـان .. لكـنـّي أتـعّــبْـها<br />,
من يْـقـول القـصـايد مالها غـارب ترى غـلـطان<br />,
جـزيـلات القـصـايـد كل بـيـتٍ جَـزل غاربها<br />,
ومن داعَـبْ جـزيـلات البـيـوت بْـغـالي الأثـمـان<br />,
تراوده الوصوف الـنــادرات اللّـي يـلـيــق بْـهـا<br />,
وانا وان قيل من يفدا الوطن ما رحت اردّ الشان<br />,
أســوم الـروح لـبــلادي .. إذا دارت نـوايــبـهـا<br />,
على قول المثل .. وان صكـّت الحلقه على الابطان<br />,
تـعـزوى بالـقــروم اللي يهــاب الـضـدّ جـانـبـها<br />,
تعـزوى من ( بني ياس) برجال ٍ تعـسف الميدان<br />,
تـقـول الله عـلى طــرق الـبـلا والـمـــوت حبّـبها<br />,
رجـال ٍ كـلمـا الـعـادي غــزا ردّوا لـه الـعـــدوان<br />,
ومن عـادى الحـرار لـزوم يـشـكي من مخالبـها<br />,
ومن جـانا يــمدّ أيـمـان .. جـينا له بطـيب ايمـان<br />,
ومن جـانا بغـيـر الطـيـب .. لا يحـمـد عـواقـبها<br />,
إذا الطـامـع غـزانا ما نـشـذّب له خـشـوم سـنان<br />,
خـشـوم سـيـوفـنا في هـامـة الـطــامـع نـشـذّبها<br />,
رفـعــنا رايـة الحـق وتـركـنا رايـة الـشـيـــطـان<br />,
يـشـرّقـها و يغـرّبها .. و يـشـرّقـها و يـغـرّبها<br />,
تلاقـت فيك ( يالظـفره ) دروب القلب والشريان<br />,
لو ان ذكـراك تـكـتـب في الحـنـايـا كان نكـتـبها<br />,
ويا ( ليوا ) كل ما هبّ النسـيم ومالت الأغصـان<br />,
يـناسـبـك الفـخـر واللي تـربّـوا فـيـك نـاسـبـها<br />,
تسـولف مجـدك الركـبان لا مـرّوا على الركـبان<br />,
ولا تسـتـوعـبه حجـم الكتـب و اكـبر مكـاتبـها<br />,
زمـان ٍ كان فـيه الفـعـل غـالـب والـكـلام اوزان<br />,
و حـن بالفـعـل نـوزن كلـمـة الضـدّ و نـغالبـها<br />,
مراميـنا المـدى ولنا على روس الجـميم مكـان<br />,
ولنا المجـد انتـصر وان ضاقـت الأرض بكتايبها<br />,
خلطـنا اوراق من وضـّب كتـايبه و لفى طمـعـان<br />,
لعـلـّه عـقـب ما نخـلط لـه اوراقـه يـوضـّـبها<br />,
لعـلـّه يـفـطــن ان بـلادنا .. هـي درّة الـبــلــدان<br />,
هي أكـرم أرض في الـدنـيا وهي ثـامـن عجايبها<br />,
رملها من ذهـب وحدودها عـقـدٍ مـن الـمـرجـان<br />,
حـضـنها بَـرّها من عـزّها والبحـر شـاربـها<br />,
على ( سـيح الشـعـيب ) وما صفا دونه من النقيان<br />,
صـفت بيـض القـلوب و سـاقت الوحـدة ركـايبـها<br />,
بـدَت فـكـرة تـوحّـدنا عـلى العِـز وْعـلى الإيـمـان<br />,
حـقـيـقـه ثـابـتـه مـا يـقـدر الـعـالـم يـكـذّبـهـا<br />,
سـنة واحـد وسـبعـيـن بْـشَـهَـر ديـسـمـبـر وْ للآن<br />,
وْرَايـة الاتـحــاد تـعـانق الشـمـس و تجـاذبـها<br />,
وَلا تـرحَـل مَـعَ الغـايـب ولا يـجـتـاحـها النـسـيـان<br />,
مديـر المدرسـه يكـشـف وقـايـعـها لطـالـبها<br />,
في ظِلّ المجـلس الأعلى عـمود الدوله المـنصان<br />,
ثـقـتـنا فـي شـيـوخ بْـلادنـا ماحْـدٍ يـعَـذربهـا<br />,
نحن من عاصـمتنا ( بوظبي ) ياللي بدون اثـمان<br />,
أهـلهـا تـفـتـديـها بـالـنـفـوس وْلا تـحـسّ بهـا<br />,
إلى ديـرة ( دبي ) اللّي من النهـضـه كأنّ الجـان<br />,
نـبيّ الله ( سـلـيمان ) ارسـلـه حـتى يرتــّـبها<br />,
ومن (أم قـيْوين) نبع الطيب واهل الجود في (عجمان )<br />,
تِـزفّ ( الشارقه ) نور المـعارف من جوانبها<br />,
إلى حْدود (الفجيره) لي تخطب حزومها الشطآن<br />,
لـ ( راس الخيمه ) اللي كل يوم العـز يخـطبها<br />,
شـيوخٍ كل شـيخٍ له من اهـل الـشان قدر وْشان<br />,
مثـل وَصْـف الحَـرَار اللّي على العـليا مراقـبها<br />,
نـثـمّـن قـدرهـم بارواحـنا في كـفـّة الـمـيـزان<br />,
ويـرجـح وزنـهم فـوق الكـفوف و فـوق مطلبها<br />,
وترى ما كل من يصهل صهيل حصان صار حصان<br />,
واصـيـلات الخـيـول فـعــولها تـشـهر مـدرّبها<br />,
واذا قالت الارامل يرحـم الله ( زايد ) كحـيلان<br />,
وقـف تاريـخنا يـروي حِـكَـم ( زايـد ) و ينـسـبها<br />,
زعـيم المـرجـله .. شـيخ المـكارم .. حاكم الأزمان<br />,
زعـيم التوعـيه .. أسـطورة الأرض وتجاربها<br />,
خذا من شَجْرة اصحاب النسب أعلى نسب عدنان<br />,
تـعـرّبـه المـنـاسـب .. وان تـحـدّاها .. يعـرّبها<br />,
كأنّ الأرض بَـعْـده خـالـيـه .. إلا مـن الإحـســان<br />,
زَرَع في رَمْـلهـا ليـن اعْـشـبـت منـّه مَـناكـبها<br />,
لو ان عْـقارب الساعه توقــّف بعـد مـوت انسان<br />,
قـسـم بالله ما دارت عقـب ( زايـد ) عـقـاربـها<br />,
ياكم سالت دمـوعه يوم (راشد) ضمّـته الاكـفان<br />,
و(راشـد) كل ما ثـقـلت حـمول الناس قـام بها<br />,
هَذا (راشد بن سْعـيد ) وْهَذا (زايد إبن سلطان)<br />,
رجـال افـعـال من قـبل تـنـَصَّب في مـناصـبها<br />,
وانا نصّي من المكـتوم.. ونصّي الـثاني نهـيّـان<br />,
سـميّ اكـرام قـوم ٍ يفـخـر المـجـد بـمـراتـبها<br />,
سمي عمّي وْسمي بن زايـد الأوّل واسم حمدان<br />,
أخو عمّي رئـيـس الـدولـه اللي ابـوي نـايـبـها<br />,
رجال ٍ أبصـروا بالعـقل ما لا تـبصـره الاعـيـان<br />,
هم عـْيون البـلاد و جـفـنها الـواعـي وحاجـبها<br />,
هم عْـيال (الفـلاحي) و(الفـلاسي) قِـبلة الضيفان<br />,
أيـاديـهـم تـمـدّ الـكــايــده &hellip; وَلا تـشـحّ بـهـا<br />,
هَـذا مثـل الـقـمـر في لـيـلة الـظـلما إلى مـن بـان<br />,
وذا شمْـس ٍ يسولف شـَرْقها عن طيب مغـربها<br />,
بنـوا للـدار سـاس ٍ مـا يـلـيـن وْثــبّـتـوا الاركـان<br />,
شـيـوخ ٍ من بـَعَـدْه شـْيـوخ للعَـلـيا مـطـالـبهـا<br />,
لهـم في النايـفـات مْن المـكارم والـفـخـر تيـجـان<br />,
تـعـدّى صـيـتـهـم فـوق المـجـرّات و كـواكـبـها<br />,
تـقـول الله خـلـقـهـم رحـمـةٍ للأرض والعــربـان<br />,
إذا مرّوا على الارض الـخلا تـعـشـب سـباسـبها<br />,
خليفة العارض الهتـّان، نجل العارض الهتـّان<br />,
نجـل العـارض الهـتـّان .. لي محـيي جـدايـبـها<br />,
خليفه ريّـس الدوله .. زعيم الشعـب بوسلطان<br />,
تـَحَـت ظـلـّه بـــلاده آمـنـه والـخـيـر عــمّ بـهـا<br />,
نـفـاخـر به على الدنيا واهـلها والزمـن لي كـان<br />,
وما يـقـبـل مـن الأيـّـام .. حـاضـرها وغـايـبها<br />,
واذا كـان الفـخــر للـّي كـلامـه والـفـعـل سـيّــان<br />,
أبوسـلطان قـول و فـعـل ذلـّت لـه صـعايـبها<br />,
نما من كفـّه الجـود و نمـت من جـوده الاوطـان<br />,
لـو انـّه ما مـعـاه الاّ حـيــاتـه .. كـان جـاد بهـا<br />,
يهـاب يمـينه السـيف السـليل وتحـسده الامزان<br />,
ومـدّاتـه يـهـاب الـبحـر من لـجّــة غـبـايـبـهـا<br />,
يـهـيـج الـبحـر لـكـنّ السـفـيـنـه فـي يَـد الـربّــان<br />,
سـياسي يعـرف قلوب العرب وشلون يكسبها<br />,
على يمنـاه رجـل ٍ لو تحـط الشـمس له نـيـشـان<br />,
وتـنـشد لو يصـوّبـها .. من عـزومه يـصـوّبها<br />,
هو نائب ريّـس الدوله وريّـس مجـلس الفـرسـان<br />,
أبو( راشـد ) ( مـحـمد ) رايـته بالعِـز ناصـبها<br />,
صَـنع من معـجـزات ( دبي ) لبلاده فـخـر ما هان<br />,
تـنافِـسْـه الـدول ويْـنافـس النهـضـه ويَـغـلـبها<br />,
تـواكـب غـيره سـنيـنه و يسـبـقهـا بـدون رهـان<br />,
أنـا آجـامـل سـنـيـنه لـو أقـول انـّه يــواكـبـهـا<br />,
عبر حدّ الزمن .. لين الزمن ردّ ونشـد حيران<br />,
متى عقـله لـَحَق يرسـم له الخطوه ويحسـبها ؟<br />,
رجل .. كن النهار اهداه من نور الفكر ضـيّان<br />,
إذا مَـرّ الـبـلاد المـظـلـمـه .. تـنـور غـيـاهـبـها<br />,
واذا مر البلاد الضاميه .. تـثـمر بها العـيـدان<br />,
كـفـوفـه مـوجـها البحـر و هـل الدنـيـا مراكـبها<br />,
وابو (خالد ) وَليّ العَهْد .. عهد الخير به يزدان<br />,
له الفـضـل وْكـفـوفـه بـالـوفـا والطـيـب طـيّـبها<br />,
( محمد إبن زايد ) لي بشوفه تـنجلي الاحزان<br />,
تـباشـيـر الفـرح من شـوفـته الارواح تـرقـبـها<br />,
يـمـينه من مكارمها تـغار السـحـب والـوديـان<br />,
ويـسـاره لو درت عن مـدّة يـمـيـنه .. يعاتـبها<br />,
واذا ضاقت صـدور الناس .. لضـيوفه فتح بيبان<br />,
يوسّـع صـدر من ضـاقـت على صـدره رحـايبـها<br />,
أغـنـّي فـيه وآحِـسّ بْـفخـر طـاغي وانا (حمدان)<br />,
له عْـيـون العـباد بْـيـوت لو يَـبْـغي يـحِـلّ بْها<br />,
وصفـت شـيوخـنا والحـق واضـح ما يـبا برهـان<br />,
على لسـان الشـعوب أروي لهـم الابـيات وانـدبها<br />,
حـرام ان كـل واحـد منـّهـم يـحـتـاج لـه ديــــوان<br />,
شموس ٍ في سـمانا مسـتحـيل الـوقـت يـحـجـبها<br />,
شـموس ٍ نـورها أبـعد من الوصـف وْمن القـيفان<br />,
ولـكـنّ الـقـوافـي مـن مـداركـنـا .. تـقـــرّبـها<br />,
حنا اللي.. ثم حنا اللي.. ثم حنا اللي.. ثم حنا اللي حان<br />,
لـنا فـرصَـه تجـنـّبْـنا المـصـايـب أو نجـنـّبْها<br />,
ولكـنـّا .. وقـفـنا وقـفـة الـشـجـعـان للـشـجــعـان<br />,
وعلـّمنا الـرجال تـوقــّف وتهـزم مـصـايـبها<br />,
ثرانا الطاهر مْن (السلع) لين آخر حدود (عْمان)<br />,
قـبـور جْـدودنـا .. والـرايـه العـلـيا نـصايـبها<br />,
حـضـارة جـيل مسـيرة بـطـل دوله لها عـنوان<br />,
لهـا يـسـتـرسـل الـتـاريـخ ويْـعَــدّد مـنـاقـبهـا,
,
الحب ذلّ .. الوصل عار.. لا صار تاليها هوان<br />,مطار
ياللّي تـقول اخبارك .. اخباري بـدون مْجاملــه<br />,
<br />,
زعلان منّك.. إي نعم زعلان من شهر رْمضان<br />,
ما تـشوف جرحي لي ثـمان شهور وانا حاملــه<br />,
<br />,
رغـم قـساوة جرحـك بْقـلبي لكـن قلـبي ما خان<br />,
يصحى إلى منّه صحى وان نام جرحك نام لـــه<br />,
<br />,
فتـنتـني لين اكتـشـفـت ان اكـثر الحـب افـتـتان<br />,
واتعبت من مَـسْك الـقـَلم كفٍ تجـيد أنامـلـــــــه<br />,
<br />,
صـياغـة الـتعبيـر في جـملـه يخـلـّده الزمـــــان<br />,
تصـويرها يـثـبت بـأنّ الـنـّاس ماهـي كـاملــــه<br />,
<br />,
خلاص بطـّـلنا غـلا .. أحسن لنا نبقى اخـوان<br />,
ويعاملك قلبي طبيعي مثل ما انت تـْعامـلـــــــه<br />,
<br />,
صدّيت منـّك مثل ما صد الشجاع مْن الجبـــان<br />,
واحرمت من وصلك أحاسيس الخفوق الشامله<br />,
<br />,
لا صرت دون احساس ما تقدر تقدّم لي حنــان<br />,
لان القـلوب بحـسّها .. و بعـطفها .. متـكاملـه<br />,
<br />,
إنتـه على طيّـارة الهجـران حاجـز لك مكـــان<br />,
وانا فْ مطار مْواصلك ناطرك ساعه كاملـــه<br />,
<br />,
,
مطـر .. مطـر.. وتـرد للـتـربـه الـروح<br />,مطر .. مطر
ويخـضـرّ ويذعـذع نـسـيم البـرادي<br />,
والعـشب فوق العـشب يبني له صروح<br />,
فـي وادي ٍ رابـي على ظهـر وادي<br />,
لكـن حـمـام الـدوح ما لـه مـن الـنــوح<br />,
صـدّه .. لو ان العـيـد شـارقه بـادي<br />,
حـمامة الـوادي ترى الصـوت مبحـوح<br />,
نوحي لكن نوحي بشكـل اعـتـيادي<br />,
الـحـزن بـرقـه كـل لـيـلــه لـي يْـلـــوح<br />,
أحب أحـزن .. بس في جـوّ هـادي<br />,
ضايـق ما أدري ويـن انا أبـغـي اروح<br />,
رغـم النجاح اللي صنعـه انفـرادي<br />,
لـو ان لاعــداء الـنجـاحـات مـصـلوح<br />,
يـتــّمـتهـا .. لـكـن .. لا يا أعـــادي<br />,
وكفوف أصحاب الكرم ماهي شحـوح<br />,
وطموحهـم دايـم وهو في ازديـادي<br />,
تشـرق مكارمهـم على الأرض وتفوح<br />,
أذكـارهـم فـوحـة بَخَـتـْري وكـادي<br />,
وفكري وَحَش في روض الابداع مطروح<br />,
نادر ولا يُعرض في سوق المزادي<br />,
لانـسـان حـفـنـة طيـن نـُفـخ بهـا روح<br />,
تـكـوّنـت عـلى شـعـور و مـبـــادي<br />,
فـــــزّاع حـزنـه سِـر ماهو بْمـفـضوح<br />,
لو ينـفـضـح يمـكن يـثـور الزنـادي<br />,
ضيقة شعوب الأرض يا عاشق البوح<br />,
ماهي مثل ضـيـقة شـيـوخ البـلادي<br />,
عـنيـد لو قـلـبي مـن الحـزن مجـروح<br />,
ولا اعرف وش هو سبب هالعنادي<br />,
يمـكـن لأن العـمر مجـموعـة جْـروح<br />,
والاّ لأنـّي شـخــص ماهـو بْـعــادي,
,
يا مصـبّـحٍ بالخـيـر مسّـيـت بالخـيـر<br />,ملاذ عمر
أنـا بــدار و إنـت عـنـّـي بـديـــــره<br />,
<br />,
أيخفـق لك قـلبي كما خـفـقـة الطـيـر<br />,
عَ  كـف غـمـريٍّ سبـوقـه قصـيـره<br />,
<br />,
يـفـرّنـي التـفـكـيـر فـرّ الأعـاصـيـر<br />,
وشوق مسبّـب في الضماير حشيره<br />,
<br />,
يجـيـبـك التـفـكـير صـوتٍ وتصـوير<br />,
واهـيـم في نـور الخـدود النضـيـره<br />,
<br />,
أمشي على حـكـم الـزمـن والمـقاديـر<br />,
أنـا بـغـرب وصـاحـبـي بالجـزيـره<br />,
<br />,
أمري خطير ان صار في الوقت تقصير<br />,
لانـّك طـبـيـبٍ للجـروح الخـطـيـره<br />,
<br />,
آخـر قـراري فـيك من دون تفـكـيـر<br />,
تـقـريـر من يـبـغي يـبـرّي ضميره<br />,
<br />,
إنك عن الأقصى والادنى وعن الغـير<br />,
مـلاذ عـمـرٍ فـي الحـياه اسـتـخـيره<br />,
<br />,
الأوّلـه أنـتـه بالـغـلا وإنـت الأخــيــر<br />,
وانت الوطن والأهل وانت العشيره<br />,
<br />,
,
تبـسّـــــم يا قـمـر للّي عـنـالك<br />,من الف ليله وليله
بسحـبٍ تمطـر ويطـرب رعـدها<br />,
<br />,
سرت لك نجمةٍ من طيب فالك<br />,
وراحـت من بلــدها ليا .. بلـدها<br />,
<br />,
بـليـلة حـلم ما تخـطر ع بـالك<br />,
بـليـله وألـف ليـله مـن وعــدها<br />,
<br />,
صــباح الـورد ياليـلي لحـالك<br />,
ومـسـاك النـور ياصـبح بوردها<br />,
<br />,
إذا غـرّبـت والمجـد بوصـالك<br />,
خطر ع الشمس تشرق من سعدها<br />,
<br />,
هـنيّـالك ومـن وصـلـه هـنالك<br />,
هـنـيّـالـه مـن الـدنـيــا سـهــدها<br />,
<br />,
سعى بطيب وبدابك وانتهى لك<br />,
و بـن الـعـطـر من يـدها لـيـدها<br />,
<br />,
وتنشد يا قمر من هو سعى لك<br />,
وانا آقول النجوم ومن صعـدها<br />,
<br />,
هذاك اللي قبل لاسـمع سـؤالك<br />,
سـما العـليا على مجـده سـندها<br />,
<br />,
مادامه من صـور قلبـك مـنالك<br />,
عـسى دنـيا الفـرح دايم سعـدها<br />,
<br />,
سرت لك نجـمةٍ من طيب فالك<br />,
وراحـت من بلــدها ليا بـلـــدها<br />,
<br />,
,
من حَاء ميم إلى سَعادة حضرتك يا نون الف<br />,من حاء ميم إلى نون ألف
وشلون تبغـيني أخـون العَهـد وآنا حَـالـفه<br />,
<br />,
ياصاحبي كانك من اصحاب الضميرالمختلف<br />,
لا عاد تطريني على باب الأمل في سَالفه<br />,
<br />,
شاعر ومبدع قبل ما أنـشر بوسـط المُختـلف<br />,
وآرى بخلق الله في طيبي ماهي مِـتخالفه<br />,
<br />,
وكانه تِلف قـلبك ترى قـلبي من الفرقا تـلف<br />,
دروبـنـا مـتخـالـفـه .. و قـلـوبـنا مـتوالفه<br />,
<br />,
أتعـب من الفرقا وتتعـبني ويلحقـني صَـلف<br />,
لكن قلبي صَلف ويحب الدروب الصَّالفه<br />,
<br />,
إن كان حبّك لي مجرّد حب تقصد به سَلف<br />,
إذلف من العوج السنين الماضيات الذالفه<br />,
<br />,
قضيّتك في المحكمه والجرم مكتوب بْمَـلف<br />,
والمـدّعي ياخـذ بـرايـك والمحـامي خالفه<br />,
<br />,
كلـّفت نفـسك فوق طاقـتها وتعـّـبها الكـَلف<br />,
والحين تبغي تموت نفسك من عناها كالفه<br />,
<br />,
لا تفـتـكر إنـّي معاك افـكـّر آسـوّي حِـلِف<br />,
ما نيب مجـبور ايّ شخـص آقـابله أوالـفه<br />,
<br />,
لا عاد تحلف زور لانّي كاشفك قبل تحَلف<br />,
الحـب تالـف وانت تالـف والعـلاقـه تالـفه<br />,
<br />,
,
من صغر سِنـّي وانا انظر للغلا نظره رفيعه<br />,من عرفته ما ذرفته
واعرف ان العِشره اسمى من غلاك وْمن حَناني<br />,
<br />,
يوم شفتك من ضياع وشفتني مثل الوديعه<br />,
انته اللي ضعـت فيني وانت بس اللي لقـاني<br />,
<br />,
والله انّ الضيعه اللي جابتك ما هي بْضيعه<br />,
ضيعة العـشـّاق شيّ وْضيعـتي بك شيّ ثاني<br />,
<br />,
يا غرامٍ ما استطيع انساه لو قلت استطيعه<br />,
يا كــلامٍ مـن عـرفـته ما ذرفـتـه من لـساني<br />,
<br />,
إشتر اللي تـشتري فيني وبيع اللي تبـيعه<br />,
ما التـفت لوجـه غـيرك باعـني والاّ شراني<br />,
<br />,
خل طعـناتك قـويّه وْ خل نظراتك سـريعه<br />,
يعني اضرب اهرب اضرب اضرب اهرب في ثواني<br />,
<br />,
ماانت باوّل من شرب صيفي وعطـّشني ربيعه<br />,
ولا انت بآخر من خذاني من يديّ وْلا خذاني<br />,
<br />,
إنت ما وسّعت صدري لين ضيّـقت الوسيعه<br />,
كنـّك تحـطب الجروح مْن المحاني للمحاني<br />,
<br />,
كل ساعه لك بصدري رمح أقسى من تبيعه<br />,
وكل جرحٍ له بوجهـي حـزن غـير الأوّلاني<br />,
<br />,
وكل ليـل يْهـون لكن ليـلة البارح فـظـيـعه<br />,
يعـلـم الله كانـت اوّل لـيله تـزلـزل كـيـاني<br />,
<br />,
كن رمحك ما يبات الا ورى الحدب المنيعه<br />,
وكن جرحي ما يعرف ينام ورماحك تعاني<br />,
<br />,
ولّ يا كيد الظبا ما شفـت من يصنع صنيعه<br />,
لو زرعته في حشاك سنين يمحيك بثواني<br />,
<br />,
في زمنـّا قالوا ان ما طاوعك هالوقت طيعه<br />,
وانت مثل الوقت قاسي طاعني والاّ عصاني<br />,
<br />,
بس ابيك ليا عسفت البُعد واسرجت القطيعه<br />,
إلتـفت مَرّه عليّ وْ حـط نفـسك في مـكاني<br />,
<br />,
إنت لو إنّي خدعتك راح ترضى بالخديعه ؟!<br />,
بعـتني مليـون مَرّه .. حبّـني مَرّه عشاني<br />,
<br />,
خايف تحمّل خـفـوقي فوق ما لا يستـطيعه<br />,
ويبتـليك الله بغـيري مثل ما فيك ابتـلاني<br />,
<br />,
خلـّني مثـل الضـياع وشلـّني مثـل الوديـعه<br />,
إنت من ضيّعتني ، مافي أحد غيرك لقاني<br />,
<br />,
واشهد ان الضيعه اللي جابتك ماهي بْضيعه<br />,
ضيعة العشـّاق شيّ وْضيعتي بك شيّ ثاني<br />,
<br />,
,
أنا عنــــواني اشعــاري وأسمـي في معانيهـا<br />,من هو فزّاع
وأوّل بيـــت أنا قـلتــه غــدى تـاريخ ميـلادي<br />,
<br />,
إذا تـنـــشد عن اخـباري من اوّلهــا لتـاليهــا<br />,
أنا أشـعاري هي اخباري على ما ريد تنقادي<br />,
<br />,
وانا أمّـي إماراتــي ولدت وْعشــت أنا فيهــا<br />,
وابوي امجاد عرباني وطاري ماضي اجدادي<br />,
<br />,
وأخـوانـي أنا الملـيــار مسلـم في أراضـيهـا<br />,
وانا الـقــرآن والـسـنـّه غـدوا زادي وزوّادي<br />,
<br />,
أعيـش هـمومــي وفرحــي ولا لـي نيّه أخفيها<br />,
وأكـبر هـمّـي الـمقــدس وطفــلٍ جـنـبه ينادي<br />,
<br />,
يهـزّ بصرختــه أرضٍ نوى الصهيـون يمحيها<br />,
مـن التاريخ ، والعـالم وقـف مكـتوف الآيادي<br />,
<br />,
وانـا ايّــامي هي اسـتاذي تعـلـّمنـي ليالـيهــا<br />,
فـلا خـيـــرٍ بإنـســــانٍ يـفــاد ولا بعــد فـادي<br />,
<br />,
وزايـــد قـدوتي زايــــد ، وزايـد من يزهـّـيها<br />,
بـلاده شـانهـا عـالـي بـإسـمــه دايـم تـشـادي<br />,
<br />,
وروحي محـمّــد المغـوار إبـن راشــد يغـذّيها<br />,
من اشعاره من افكاره بنـيت بْـمجده امـجادي<br />,
<br />,
مربنـّي على الجـود وْعلى المعروف واحميهـا<br />,
بـــلادي حـبي الأوّل ولا لـي غـيـرها بـــلادي<br />,
<br />,
,
من يحـبّـك كـثـر ما احـبّـك أنـا<br />,من يحبك
ومن بحـبك حاول وياما اجتهـد<br />,
<br />,
ومن فـ عينه شوفتـك كل المنى<br />,
لا ورب العـرش ما غـيـرك أبـد<br />,
<br />,
انت شـوفي وانت عمري والهنا<br />,
ياجسـد بي روح ولروحي جسـد<br />,
<br />,
وانت عيني وانت نوري والسنا<br />,
وانـتـه اسـبـابـي إذا حـبي خـمـد<br />,
<br />,
وانت ميـعـادي وسهـدي والعـنا<br />,
وانت تعـذيـبي وصـبري والجلد<br />,
<br />,
وانت راحـاتي وروحي والظـنا<br />,
وانت الاوّل ..مابها قبـل و بعـد<br />,
<br />,
لـمّـنا جـو الـمـحـبـّـه و ضـمـّـنا<br />,
ومن بعـد قـربك أنا كيف ابتعـد<br />,
<br />,
شـوف ما اكبر ياحبيبي عـشقـنا<br />,
فـاق كل العـشق وحـده وانفـرد<br />,
لـو يـوزّع عالـبـسـيـطـه حـبّـنا<br />,
ما بـقـى حــدٍّ بها يـكــره أحَـــد<br />,
<br />,
,
اليوم عيد .. اليوم أغلى من العـيد<br />,ميلاد مجد
اليـوم هـذا غـير عـن كـل الاعـيـاد<br />,
<br />,
واللـيله احلى مـوعـدٍ فالـمـواعـيـد<br />,
تاريـخها يحـمل معـه عـيـد ميـلاد<br />,
<br />,
ميـلاد كل الحـسن والـمجد والغـيد<br />,
الـزيــن فـيـها كـامــلٍ والـغـلا زاد<br />,
<br />,
ميـلادها سـمّـوه شـيـخ الـموالـيد<br />,
الـمجـتمع يـفرح به جمـوع وافـراد<br />,
<br />,
كـنـها غــزالٍ جـافـلٍ قـادة الصـيـد<br />,
كل الضـبا من خـلـفها جـات تـنقاد<br />,
<br />,
البحر يـحسدها على السير في البيد<br />,
شوف البحر من حسنها صار حسّاد<br />,
<br />,
هي أغلى عـنقودٍ ما بين العـناقيد<br />,
بنت الشـيوخ اللي من امجاد لامجاد<br />,
<br />,
الشـوق يحـضـنها مـن الأيـد للإيـد<br />,
مـتـسـيّـده ..لان الـسيـاده للاسـياد<br />,
<br />,
جـمالها يطغى على فـرحـة العـيد<br />,
ويـالـيـتـها بصـحّه لها دوم يـنـعـاد<br />,
<br />,
,
يا كامـلٍ زينـك على كل مـزيـــون<br />,نبع المحبّه
أهـــواك والله يـا غـــزالٍ فـتـنـّي<br />,
<br />,
منـزلك داخـل في وسط لبّ لعـيون<br />,
وما كنت لحظه يالغلا بعيد عنـّي<br />,
<br />,
إن قـلت أحبّـك لا حـشا فيك مجنون<br />,
وان قلت بانسى خيّب الفكر ظنّي<br />,
<br />,
يا كـيف بانسى والعـقل فيك مفـتـون<br />,
وكـن المحـبّـه نـبـع منـّـك ومـنـّي<br />,
<br />,
يضج قلبي شوق في الصدر مكنون<br />,
ورياح حبّـك يا حبـيبي عْصـفنـّي<br />,
<br />,
ما اريـد بك حـدٍ ولو كان ما يكــون<br />,
إنتـه وبس انتـه ..حـيـاتـي وفـنـّي<br />,
<br />,
ان جيـتني أفـرح ولو كنت محـزون<br />,
وآشوف كوني بالفـرح لي يغـنـّي<br />,
<br />,
وان رحت عنّي ضاق بي واسع الكون<br />,
وتكـثـر هـمـومٍ فـالحـشا عـذبـنـّي<br />,
<br />,
,
يا مسا السكـّر على الغصن الرطيب<br />,نخوة قوافي
يعِـل تـسـقي ديـرتـه وبـل الـسحـب<br />,
<br />,
زارني والفـكر ساري سري ذيـب<br />,
قـلـت سـبـحان الـذي سـاق ووهـب<br />,
<br />,
قـلت يالـيل اللـقا والـشـوق طـيـب<br />,
طيب لاصحاب الحسب واهل النسب<br />,
<br />,
الـقـوافـي تـنـتخـيني قـبـل اثـيــب<br />,
وما على سنـّي من اشـعاري عـتب<br />,
<br />,
إن بدعـت الشعر سنـّي ما يعـيب<br />,
من صغـر سنـّي وانا قـافـي عجـب<br />,
<br />,
الـقـوافـي بـدعـها حـظ ونـصـيب<br />,
بس انا حظـّي على الـقاف انـتصب<br />,
<br />,
إن صعب قافي ترى فالي يطيب<br />,
مطـلب افكاري هو الـقاف الصعـب<br />,
<br />,
دامني في صغر سنّي قبل اشيب<br />,
أمـلـي الـدنـيـا زغـاريـد و طـــرب<br />,
<br />,
ما علـيّـه لو غـدى شـكٍ وريــب<br />,
وش على الصادق إذا الحاسد كذب<br />,
<br />,
دام فعـله دون قولي ما يصـيـب<br />,
كـيـف لو فـعـلي عـلى قـوله وثـب<br />,
<br />,
ظنّ بي ظنّ الحسود المستغـيب<br />,
وابتـلـيـتـه بـلـوة الـسـيـف الحَــدَب<br />,
<br />,
قمت اجيب اللي عجز عنّه يجيب<br />,
ما قدر يكشف عن عروق الذهب<br />,
<br />,
كيف الوم اللي نظر عينه عطيب<br />,
ما يـمـيـّــز بيـن زرفــال وخـبـب<br />,
<br />,
الـمعاني بـدع فـكـري واللـبيـب<br />,
يـدري ان الـراس ما يتـبـع ذنـَب<br />,
<br />,
الشعـر ماهـوب لامـثالي غريب<br />,
لانـي بحـاجـة من احـتـاج وكـتب<br />,
<br />,
وارثـنـّه هـوب في حاجة نسيب<br />,
الضعـيف اللي إذا احـتاج انتـسب<br />,
<br />,
وانت يابو نصّ ظن ونصّ عيب<br />,
لا تـسال الـكـرْم عن لـون العـنـب<br />,
<br />,
لا تسال الشط عن موج الغـبيب<br />,
البحـر مايـرحـم صـغار الخـشـب<br />,
<br />,
والعـرب ما تـفخـر الاّ بالنجـيب<br />,
واشهـد انـّي عـندهـم عِـزّ الـطـلب<br />,
<br />,
وانت يالمحـبوب لك ربّ ٍ حسيب<br />,
لا يـغــرّك مـن تـبـاعـد واقـتــرب<br />,
<br />,
وانت لو تخطي على قلبي مصيب<br />,
صـابـني من بيّـة عـيـونـك هــدب<br />,
<br />,
إن رماني رمش عينك يالحـبيب<br />,
جـرحـك علاجـي وانا ادوّر سـبب<br />,
<br />,
إسأل مْجـرّب ولا تسأل طـبـيـب<br />,
العـرب ما تـفـخـر الاّ بالـعـَــــرب<br />,
<br />,
,
يوم اقبلت تخطب ندى الريحان لطف وخفـّه<br />,ندى الريحان
ما كنـّها الاّ الصبح يوم اقبل يجرّ اقـدامه<br />,
<br />,
تحـفة حسن من حولها غـيمة غلا ملـتـفـّـه<br />,
كل الحلا محبوس بين اقدامها والهامه<br />,
<br />,
كن الـثغـر منها نهـر والا الشـفايف ضفـّه<br />,
ما شفت في عمري نهر له ضفّةٍ بسّامه<br />,
<br />,
يحتار فيها من نظر لو هو صدق في وصفه<br />,
ويكذّبه لي ما نظر واللي نظر ما لامه<br />,
<br />,
تحفة حسن لاقت بعـين اللي يعرف التحفه<br />,
ويسوم عمره لاجلها لولا  الغلا ما سامه<br />,
<br />,
بعض الصدف فيها حلا  يا ما حلا هالصدفه<br />,
وشلون ما يرتاح لي صادف فتاة احلامه<br />,
<br />,
ويـزفـّـها بايـقــاع هــادي للـحـنايـا زفـّـه<br />,
ويعيش معها ما بقى له من جميل ايّامه<br />,
<br />,
ويعـاتـب اوّل سـينها لانـّه تـصدّر حرفه<br />,
مع ان اوّل إسـمها سـينـه تصـدّر لامه<br />,
<br />,
,
طـيّـبت فـال الفـوز يا طيّـب الفـال<br />,هذا الشبل من ذاك الأسد
يا ( راشد المكـتوم ) ما فـيك حـيله<br />,
<br />,
الفـوز بـك ياعـالي الـشـان يخـتال<br />,
والفـوز يرغـب كل راعي طويـله<br />,
<br />,
مبروك ما دنّت لك مزون الاقـوال<br />,
ومبروك ما غِظْت بْمزونك مخيله<br />,
<br />,
يا زاكـي الجَـدّيـن من عَـمّ وْ خَـال<br />,
يا بـدرنا اللي في الدجى نستخـيله<br />,
<br />,
يـفـداك عَـزم اللي تـمـنـّى ولا نـال<br />,
يا شـوق ربّـات العـيـون الكحـيله<br />,
<br />,
لك مجد قبل .. وْمجد حاضر ولازال<br />,
وامجاد لك في المقـبلات الجزيله<br />,
<br />,
يا(راشد) اتْعَبْت المدى والمدى طال<br />,
واللي تِبَعْـك أتْعَـبْت عَزمه وخيله<br />,
<br />,
كم سقـت خيلك بين رمله وْمِـْسـيَال<br />,
وشَــيَّـلـتها بالحـزم ما لا تـشـيـله<br />,
<br />,
يا شبـل من تـفـخر بطاريه الاشـبال<br />,
شـبل الأسـد لي ما يِحَفْل الهزيله<br />,
<br />,
هذاك لي تضرب به الناس الامثال<br />,
سهـل الـتمثـِّـل به ويصعب مثـيله<br />,
<br />,
فـارس يِهـزّ بْهـيـبـته ألـف خَـيّـال<br />,
ظاري على حمل الحمول الثقـيله<br />,
<br />,
يـدهـل بغـايـاتـه على كـل مـدهـال<br />,
دون المـعـالي ما تــردّه عضيلـه<br />,
<br />,
وانته على درب العـلا قايـد أبطال<br />,
والشبل من ذاك الأسد له حصيله<br />,
<br />,
أشْهَـد شهـادة حَـق والحـق ينـقال<br />,
إنـّك على الطـولات ما فـيك حيله<br />,
<br />,
,
لابـد بالـكامـل يجي فـيه نـقـصان<br />,هذي طبوعي
يالـيـتها بالـجـوع .. باسـدّ جـوعـي<br />,
<br />,
لكـنـّها كـضـّه و فــرّه و مـيـــدان<br />,
وانا لـيا قـدّمـت يـصعـب رجـوعي<br />,
<br />,
والكـلمه اللي من قـناعات وايـمان<br />,
يصبح بها لساني وتصغي سموعي<br />,
<br />,
قولوا لمن سوّت على القلب بيـبان<br />,
إتـفـتـّحـن م السـبت ليـن الربـوعي<br />,
<br />,
إللي حزنها غير عن كل الاحزان<br />,
خلاّ ابتـسـاماتي مثـل حـب كـوعي<br />,
<br />,
لـو انـّها تـسـهــر ليـا بـعـد الآذان<br />,
باتشوفني لا رحت باطفي شموعي<br />,
<br />,
حزيـن متـشـائـم ونـادم وحـيـران<br />,
بس ماظلم .. وهذي أرقى طبوعي<br />,
<br />,
أبـوي سـمّاني على ابوي حمـدان<br />,
وخلاّني آخذ عـزّتي من خضوعي<br />,
<br />,
وعلـّمني آبـادل الاسـاءه بإحـسان<br />,
من قــوّ وقــفـاتي أثـبـّـت وقـوعي<br />,
<br />,
يمكن عيوني قاسيه بعض الاحيان<br />,
لكن يعـرفـني اصـدقـاي وربـوعي<br />,
<br />,
والله لو ان في ايدي أفـرّح انسان<br />,
بافـرّحـه .. لو ان ثـمـنها دمـوعي<br />,
<br />,
,
يا ناعـم العـود مزحـك يذبح وجـِدّك<br />,هنيّالي
يـذبـح وانا كـل ما جا منـك يـحـلالي<br />,
<br />,
ألله .. ألله  يـا فـتــّــــان مـن قـــــدّك<br />,
حـتى عـيوني لوصـلك مـوقـها سـالي<br />,
<br />,
باحت دموعي غـرام وْقلت وش حدّك<br />,
يا دمعـتي تـنـزليـن وْ مرقـبـك عـالي<br />,
<br />,
قالـت مكـاني خلقـه الله عـلى خــدّك<br />,
والاّ عـيونـك مكـان الصـاحب الغالي<br />,
<br />,
محـلاك .. محلاك قـالت للشهـد نِدّك<br />,
حتى الشهـد ما ينافـس ريقـك الحالي<br />,
<br />,
أهواك ، واغـليك ، وآقـدّرك وآودّك<br />,
وآلـحـّـنـك شـوق ويـغـنـّـيـك مــوّالي<br />,
<br />,
آهـد بـفـراقـك الـدنـيـا .. ولا اهــدّك<br />,
و افـني بوصـلك طـموحـاتي وآمالي<br />,
<br />,
برودة الشـوق تـدفا في حـضن يـدّك<br />,
وحـرارة الوصـل تـبـرد لا تـهـيّـالي<br />,
<br />,
أحـط راسـي على مـنحـرك واسـدّك<br />,
عن حـب هالـناس لانـّك حبي لحالي<br />,
<br />,
قلبي يموت ف غلاك ووصلي يشدّك<br />,
وغلاك في خافقي و صورتك في بالي<br />,
<br />,
ولا انثنى رمش عينك وانتصب قـدّك<br />,
أشوف لون القهـر في عيون عذّالي<br />,
<br />,
ويـقـول قـلـبي هـنـيّـالك ومـن قــدّك<br />,
وانـا أردّد مَـعَ قـلـبــي .. هـنـيـّــالي<br />,
<br />,
,
الشـوق في خافـقي يا زيـن حـرّكـته<br />,هوا الحريّه
واحرجتني فالغلا واقفيت سكـّاتي<br />,
<br />,
لين اكتشفت انّك الخاسر في معركته<br />,
من يوم زعّلت ( فــزّاع ) الإماراتي<br />,
<br />,
القلب متـشربكٍ بك وانت شربكته<br />,
لكـنّ باروح وانـته خـلـّك تـحـاتي<br />,
<br />,
يامهـلك القلب تدري يوم هلـّـكته<br />,
ما طاع عزمي وعيّـا ينكـسر ذاتي<br />,
<br />,
إن شفتك تفبرك احساسي ما فبركته<br />,
أعيش إنسان .. حتى في معاناتي<br />,
<br />,
مؤمن بربّـي ولا في يـوم أشـركـتـه<br />,
وآهذب النفس باسمه في صلواتي<br />,
<br />,
طموح واحد عشقت النفس وادركته<br />,
إنّي أحـقـِّق نـجاحي بانكـساراتي<br />,
<br />,
واليوم حَقـّك على الصقـّار وشبكته<br />,
يا طير ياللي تهاوت فيك هقواتي<br />,
<br />,
سلطان قلبي قطع سبقك في مملكته<br />,
ناطـح بصدرك هوا الحريَّه العاتي<br />,
<br />,
,
الشـعـر فـن الـريـــاح ومزّتـه وابـل<br />,وسمي
والمزمل ان جاك راكب ما يبا وسمي<br />,
<br />,
والا انت خل الطيور و خل الـمعابل<br />,
هذي نصـيحه قبل تتـعرّف بأسـمي<br />,
<br />,
الـدار هذي تـراها غيـر عن ( كـابل )<br />,
والأمبـراطـــور فيها دايـماً رسـمي<br />,
<br />,
والاّ مـقابـل قـصـيدي شـاعـرٍ قابـل<br />,
يـوسّـم بيـوتـه النـدّر على وسـمي<br />,
<br />,
وان هز كتفك سيوف الحرب والنابل<br />,
تراي من زود عزمي ما ارتخى جسمي<br />,
<br />,
والا انت قسمك بيديني وانته بـْ( بابل )<br />,
لكن من الصعب تتسيطر على قسمي<br />,
<br />,
وان جيت في آخر العنقـود لي ذابل<br />,
أنـا لك مـزون ماقـد جـابته وسـمي<br />,
<br />,
,
على اللي صار وش باقي تزيد الهمّ فوق الهم<br />,وضوح الما
على اللي صار ياخلـّي أرد آقـول وش بـاقي<br />,
<br />,
أنا عـشـتــك حـلم كـذاب ألا يا الله يا ذا الحـلم<br />,
تعيش انته برود الجوّ وتضحك لي على احراقي<br />,
<br />,
إذا ما تدري إن السـمّ إذا صابـك يـبي له سم<br />,
وانا سَـمّي وضـوح الـما تـشـوفه دايـمٍ راقـي<br />,
<br />,
واذا شفـته حـبيبي لونـه الأحـمر ترى هو دم<br />,
وانا الظـمـيان إرويـني أدوّر فـزعـة الـساقي<br />,
<br />,
لا تغلط قبل ما ترمي باتضرب يمكن ابن العم<br />,
ولا تأمّـن في واحـد بين هـذي الناس سرّاقي<br />,
<br />,
على الصوره أنا اصوّر وانا الوّن وانا أرسم<br />,
ولكـن ياحـبيب القـلب أنا ما أكـشف اوراقـي<br />,
<br />,
,
يمين الله يمين الله عقب ما ضجّت الوديان<br />,ولا يقدَر يلمّ الشمْل غير القايد الربّان
بامدّ غصون عذري قبل تـثمِر بالذنوب غـْصون<br />,
<br />,
انا باستغفر الله وارجع اتعوّذ من الشـيطان<br />,
قـبل لا ابـدا الكــلام وقـبل ترجـح بالكـلام وْزون<br />,
<br />,
قبل أعزا العرب واعزف سنين اللي خبرها كان<br />,
اقول اش حال نخوَتْنا وحال اللي رضوا بالهون<br />,
<br />,
علام قـْـلوبنا شـتـّى وبيـن افـعـالـنا شـتـّــان<br />,
تـخـالَف فكـرنا حتى ضحَـك من حالنا شارون<br />,
<br />,
تسنـّمنا الخـلاف بْـداجْ ليل وصـبحـنا ما بان<br />,
عن ايّة صبح نتـكـلـّم ماْ دام ان الطـريق ظـنون<br />,
<br />,
سراب الظنّ يغري بس يا بعده عن الظميان<br />,
ومن يتبع سراب اللال ظنّه وش عساه يكون؟<br />,
<br />,
ومن يـتـبع سـراب اللال ظـنـّه يورد الغـدران<br />,
مثِل من يطلب مْن الموج في عزّ العـواصف عون<br />,
<br />,
غريبه كيف حاضرنا غدا من حاضره حيران<br />,
واذا مـنّا ذكَـرْنا لي مضى صـار الـكـلام شْجـون<br />,
<br />,
ذكرنا عـزّ ماضيـنا وضـاق بدمّـنا الشـريـان<br />,
وضاق البحْر بـدمـانـا وضـاق بْنا وسـيع الكون<br />,
<br />,
جرى دمّ العرب من مغرب (المغرب) الين (عْمَان)<br />,
من (المغرب) الين(عْمَان) ضاقت بالعتاب حْضون<br />,
<br />,
غـدى صنع الدهـر فينا صنـيع السـيل بالعيدان<br />,
بلــَغ حـدّ الزبى وارّث بـنا من كل صوب طـْعـون<br />,
<br />,
تقـلـّب يا دهـر ما بيـن زيـف القـول والكـتمان<br />,
كما الافـعى تـقـلّب بالـْف معنى والْف لون ولون<br />,
<br />,
عراق المجد ما تطوي مشارقها سما النسيان<br />,
ولا والله نـنـسـاهـا ولـو بـعــْض العـرب يـنسون<br />,
<br />,
نحبّ ارض العراق ولاجل اهلها يرجح الميزان<br />,
ويهتف باسـمها ركْب الشعوب اللي غـدوا يـسعـون<br />,
<br />,
سعـوا من شرْقها للغرب يرثون العرب ركبان<br />,
غريبه كيف حتى الغرب لاحـوال العـرب يـرثـون<br />,
<br />,
شعـارات الوفا طاحـت بيارقها على الشـطآن<br />,
على شـطّ الفـرات ودِجـله انهارت كـبار حـصون<br />,
<br />,
على نـاريـن نار الحـرب والفـتـنه لها نيـران<br />,
جرْت بين القلوب ونوّخت في حاضـرة (هارون)<br />,
<br />,
تشتّت شمْل من كانوا على درْب الرخا خلاّن<br />,
يجـدّم بـعـضهـم قـولـه وردّ الـبـعـض مـنهم دُون<br />,
<br />,
ولا يقـدَر يلـمّ الشـمْـل غيـر القـايـد الـربّـــان<br />,
حكـيم الـراي له نـرضى وبه كل العـرب يرضون<br />,
<br />,
قدَر يجمع شمِل هذا الوطن من سالف الأزمان<br />,
ولا زالـت بــلاده بـالمـكـارم قــَـدْرها مـصـيـــون<br />,
<br />,
بعـزمه وحّـد بْـلاده  ورَدّ بْحـزمه الطـمـعان<br />,
وثـبـّـت منهـجـه بالحقّ والـدسـتـور والـقـانون<br />,
<br />,
تسامَـت به قـوافـينا ومالـَت بالقصيـد الحان<br />,
بذكر اسمه تسامَت وافصحَت عن درّه المكنون<br />,
<br />,
سمـوّ الوالـد القـايـد نعـم زايـد إبـن سلطان<br />,
نعـم زايـد نعـم زايــد بـذكـر اسـمـه تـقـرّ عْيون<br />,
<br />,
نعـم زايـد نعـم زايـد اهو اللي شـيّـد البـنـيان<br />,
وعـلاّ للـسـما صرح ٍ تـضـمّـه راسـخات رْكون<br />,
<br />,
مواثيقه على العدْل اشهدت باسم الله الرحمان<br />,
وراياتـه على مـتـْن الـسـحاب وجانـبه مامـون<br />,
<br />,
على مـدّ النظـر مـدّة يمـيـنه ما يـردّ انـسان<br />,
ولا ضـيـفه يـردّ الاّ وعـنـقــه بالـثـنـا مـديـــون<br />,
<br />,
وَلا قلت الجديـد ان قلت جوده ورّد العـربان<br />,
صـفات الجود لـه تـشهـد وبه كل الملا يـدرون<br />,
<br />,
مزونه ما تميّـز من كـرمها ظامي ورويـان<br />,
واذا هـلـّت تـسوق بـطـيـبها مالا تسـوق مْزون<br />,
<br />,
واذا للفخْر داعي نحن نفخر به رفيع الشان<br />,
واذا للـدار داعـي كـل منـّا حـاضــر ومـمـنــون<br />,
<br />,
يمين الله يمين الله متى ما ضمّـنا المـيـدان<br />,
لَـتـلـقى فعـلـنا مع قـولـنا باسم الـوطـن مقرون<br />,
<br />,
,
وين انت ياللي كل ما قلت وين انت<br />,وين انت ؟
حتى السـؤال يقـول ويـن الإجابه<br />,
<br />,
عامين ضايـق وانت للـيوم ما بنـت<br />,
هي حـالـتي بيـن الحـزن والكـأبه<br />,
<br />,
لو شِنت بعـيون المخاليـق ما شـنت<br />,
في عـين من حبّـك سرابه سرابه<br />,
<br />,
لـولا الغـلا يا صـاحـبـي ما تمكـنت<br />,
صدرٍ من الهـجران صاير خرابه<br />,
<br />,
عــوّد عـليّ وآنـا اتـريّــاك لا هـنـت<br />,
الحال واحـد ، والظـروف تـشابه<br />,
<br />,
إذا سـألـت تحـبّـني ؟ قـلت لي كـنت<br />,
وانا ابتـسم من باب حـبّ الدعابه<br />,
<br />,
وان خنتـني إعـلم ترى مابعـد خـنت<br />,
إلا معــك .. لـكـن خـونـة ذرابـه<br />,
<br />,
خـنتـك مـعَ طـيـفـك بـعـد ما تيـقـّـنت<br />,
إنـّك على بعـد الثـرى والسحابه<br />,
<br />,
أكـبر خـطا محـبّـتـك وانـت ما صـنت<br />,
حـبٍ يـخـلـّده المـشـيب لـشـبابه<br />,
<br />,
تدري وش يغيض الرجل في هوى البنت<br />,
إنـه يعـيـش بْـواقـعٍ مـا درى به<br />,
<br />,
لكن انا وش هو أنا وانت ويـش انـت<br />,
هـذا السـؤال اللي يبي له إجـابه<br />,
<br />,
,
تعال يا وجه السعد واشطب على الوجه البغيض<br />,يا أيُّها
يا حيّـك و طلـّـتك في وجهـي بعـد يا حَـيّها<br />,
<br />,
تنعـشني انعاش الشفاء العاجل لقـلب المريض<br />,
يا أيّها .. تـدري يالبـّيك انت وش يا أيّـها ؟<br />,
<br />,
ما انته بـزيّ الناس واكـتبها لك بخـطٍ عريض<br />,
تبغيني احلف ؟ لا ورب البيت ما انت بزيّها<br />,
<br />,
ياللي غرامك في خفوقي من كثر قـدره يفيض<br />,
النفـس تـنـدب حَـظـّها والعـين تـبكي حيـّها<br />,
<br />,
من عوضك ليا فقدتك؟وان وجد كيف استعيض<br />,
وانت النهار وشمسه وشجْرة غلاي وفيّها<br />,
<br />,
هاجرت واصبح زولك فْ عيني يهاجرني وميض<br />,
يـا أوّل جـروحـي دخـيــل الـله من تـالـيـّها<br />,
<br />,
أحيا على وصـلك وامـوت بكل بـرد وكل قيض<br />,
تضـما مشاعر خافقي لك وانت سبّـة ريّها<br />,
<br />,
لبّيك ياللي من عشقـتك قمت احس اني حظيظ<br />,
يامغـويٍ نفـسي ونفـسي ذايـبه من غـيّها<br />,
<br />,
أنا اعـرف انْ كل اللـيالي سـود والأيـّام بيض<br />,
دامـك معي ما هـمّـني في كـثرها وشويّها<br />,
<br />,
,
يا احمد خفوقي غدى في يدينها لعـبه<br />,يا أحمد
لعب الـهوا في غـصون الراك لا مالت<br />,
<br />,
وهي في قـلبي تـمركز في طـرف شعبه<br />,
وذكـرى غــلاها ليا ذا الحـين ما زالـت<br />,
<br />,
قـولوا لـمحـبوبتي نفـس العـنا تعــبه<br />,
وان قلتوا إلها .. أبا اعرف إيش هي قالت<br />,
<br />,
إلى متى هالخـفـوق يـعـيـش في رعـبـه<br />,
وشـلون يركـد شـعـوري والغـلا فـالت<br />,
<br />,
الحـب حاكـم طـغى ظـلمه على شعـبه<br />,
والنفس تشكي على ظلمه ولا احتالت<br />,
<br />,
يا بنت انا صعب ودموعي بعد صعبه<br />,
من قـوّ عـزمي ليا ذا الـحين ما سالت<br />,
<br />,
إن كـنتي الزيـن من راسـه إلى كعـبه<br />,
نـفسـي لحـب الـمـكارم والعــلا نالت<br />,
<br />,
الله يَـحرمْ عَـذولي شوفـة ( الكعـبه )<br />,
ياللـي يـديـنـه إذا طـال الـقـفـا طـالت<br />,
<br />,
لو كـل من شافـت عـيوني تولـّع به<br />,
ما صرت كنـّي غـصـون الـراك لامالت<br />,
&nbsp;,
,
يا بــن آدم كل ما كنــت انظر الجرح العظيم<br />,يابن آدم
ما لقيت اعظم من جروح الندم بين الجروح<br />,
<br />,
ويا بـن آدم كل ما قلت الـزعامــــه للـزعـيم<br />,
ينتشي بي كبريائـي فــوق شاهقــة الصروح<br />,
<br />,
والدروب يقودها درب الصــراط المستقيـــم<br />,
واستقامات البشر بيــن الصراحه والوضوح<br />,
<br />,
والغصون اللي فرحها غير لا هب النسيـــم<br />,
ما تـساءل عن معـاناة الحـمام اللــي يـنوح<br />,
<br />,
يا هل الزور ان حلفتوا زور وبوجه الكـــريم<br />,
فاح ريح مْن الكذب .. والكذب له ريحٍ يفوح<br />,
<br />,
يا رحيم الصدر ضايق حيل ستـــرك يا رحيم<br />,
والدروب طوال واقدامي من اللهفة جمــوح<br />,
<br />,
أعطني من لدنك التوفيق والعـقل الحكـيــــم<br />,
والعزيمه ، والمعزّه ، والمراجل ، والطموح<br />,
<br />,
والقمر يغريني آغنـّي على اللحـن القـديــــم<br />,
ويجـذب البـرّاق عـيني كل ما شفـته يلـــوح<br />,
<br />,
والقـساوه للرجـوله .. والنعـومه للحـريــم<br />,
يا كـثر ناسٍ تجي في عـيني وناسٍ تـروح<br />,
<br />,
أكثر اهل الأرض خـلاّني وانا مالي نـديـم<br />,
يشـتكون جروحهم عندي وانا كلّي جروح<br />,
<br />,
,
زفـّة رياض بفرحها واعـلن القلب برحيله<br />,يا حبّني له
أعـلن القـلب برحـيله قـلب نـاسٍ طـيـّـبـين<br />,
<br />,
كنـّني للحب فـارس للمـدى طـوّل صهيله<br />,
ولا زمـان ولا مكـان ولا حـنان ولا حنين<br />,
<br />,
قمت اعاني حبّها واسري الدروب المستحيله<br />,
لاهو يوم ولا اْسبوع ولا شهور ولا سنين<br />,
<br />,
أثـرها درب المحـبّه كلـّها صعـبه طـويـله<br />,
وان حسبت حسابها يطلع حسابي خطوتين<br />,
<br />,
خطوه من روحي لـ (جدّه) أو قبل (جدّه) بليله<br />,
وخطوه لقـلبه قصاد .. ولا يسار ولا يمين<br />,
<br />,
واطعم العشق بغرامه من هواها لسلسبيله<br />,
إلـ عـنيها إلـ كحـلها إلـ هـدبـها الـريّـضـين<br />,
<br />,
شجرة الحسن الوحيده في جذوعٍ تنتمي له<br />,
أعشبت في قلب شاعر بامر ربّ العالمين<br />,
<br />,
ما بقـي له إلاّ ياخـذ كل عـين وما بـقي له<br />,
إلا ياخـذ كل روح و كل قـلب و كل عين<br />,
<br />,
أعـشقه ليلٍ تـلوّى ينـثـر ويطـوي جـديـله<br />,
أو أنا اعـشق أشقـرانه نازلات بخصلتـين<br />,
<br />,
حتى في تحليل دمّي صار من نفس الفصيله<br />,
لان دمّه صار موجب صرت انا له موجبين<br />,
<br />,
لا يحـرّك صبعه الاّ حـرّك العـالم تجي له<br />,
من يهـود ومن مسيح وكل ابو هالمسلمين<br />,
<br />,
يا قصـيدي انثـني له واوقفي له وانثني له<br />,
واذكـريـه فْ كـل بيـتٍ أو كـلامٍ تـكـتـبـيـن<br />,
<br />,
أكتبي بيتٍ في (لميا) واوقفي له وصفّقي له<br />,
سمّعـيها ألف مرّه الـبيـت وانتي تصفـّـقـين<br />,
<br />,
وانزلي له واطلعي له وانزلي له واطلعي له<br />,
خزّني صورة ملاكٍ لو هو من مايٍ وطين<br />,
<br />,
هاتي ازهار المحـبّه وبطريـقه إنثـري له<br />,
واقطفي زهره لـ (لميا) توصل الها باليدين<br />,
<br />,
خلـّك تخاطب هواها وانته تـخالط ظلـيله<br />,
وحـذريها من دروبٍ ضـيّـعـت هالعـاشقين<br />,
<br />,
لا كثير الحب يرضي في هوانا ولا قليله<br />,
ولا جنون الحب ينفع في غرامه ولا رزين<br />,
<br />,
وين حبّه انتهى بي ..؟ انتهى بيـومٍ وليله<br />,
لا زمـان ولا مكـان و لا حـنان ولا حـنيـن<br />,
<br />,
وانا انادي وين وين القلب ضايع في رحيله<br />,
وما سمعت الا صدى صوتي يردّد وين وين<br />,
<br />,
قبل لا افارق وانا اسمع مرّتين ياحبّني له<br />,
الله يا ما اصعـب مفـارق حـبّـني له مرّتـين<br />,
<br />,
,
يا سـلام الله عـليها يا سـلام<br />,يا سلام الله
وياسـلامي ع العـيون وخـدّها<br />,
<br />,
كن نور يشع من خلف اللثام<br />,
سيّده في الحسن من هو قدّها<br />,
<br />,
دونها الساعة تمرّ الفين عام<br />,
ودامـني معـها تـسـرّع عـدّها<br />,
<br />,
ما يوصّـف مابها زود الكـلام<br />,
والجـمال اللي بهـا ما ســدّها<br />,
<br />,
نابية ردفـين وخصورٍ هـضام<br />,
آه ويـلي مـن حــــلاتـه ردّهـا<br />,
<br />,
الجـسم ما عاد باتشيله عـظام<br />,
كـنني ما بيـن جــزر و مـدّها<br />,
<br />,
جارف الأشواق واسرار الغرام<br />,
كل مافي خاطـري هو بيـدّها<br />,
<br />,
لك خـفـوقي ثم عـقـلٍ مسـتهـام<br />,
بس روحي سـيـّدي لي ردّها<br />,
<br />,
,
قبل لا ابدى قبل لا اعرف قبل يوم الهموم هموم<br />,يا عيب الشوم
قبل يوم الحزن يلوي ذراعه يجمع الأحـباب<br />,
<br />,
قبل لا ينولد ( فـزّاع ) وقام وقـلت صـح النوم<br />,
بديت اقرا عيون الحب في عيني واحسب حساب<br />,
<br />,
بديت اسري لياليها واصـدّق كل طيف حـلوم<br />,
واصـدّق كل شعـرٍ فيه ولو هو أصـدقه كـذّاب<br />,
<br />,
أجيب الياسمين وفـلّ والنرجـس مع اليشـموم<br />,
مع النوّار والنسرين واحطّه ع الخدود اطياب<br />,
<br />,
وتخدعني وانا راضي وتخدعـني بلا أيّ لوم<br />,
وارد ارضى وتخدعني واراضيها بليّا اسباب<br />,
<br />,
أجيها بطيب نتـفاهـم ولكن عقب حَبّ خـشوم<br />,
عقب ثـلج الصبر لي في خفـوقي يبتدي ينذاب<br />,
<br />,
بديت اتعـلـّم اخـطائي وأصنع للسهـوم سهـوم<br />,
واصنّع للسيوف سيوف واصنّع للحراب حراب<br />,
<br />,
إذا جتـني بحـوم آحـوم والله ألـف مـرّه آحـوم<br />,
واذا جـتـني بلعـب العاب ألاعـبها بلعـب العاب<br />,
<br />,
تعال اعلـّمك من قبل فصل الصيف كيف العـوم<br />,
واذا تعلّمت كيف العوم أعلّمك البحر وش جاب<br />,
<br />,
واذا جاب البحر موجه وطحت ارفعك لجل تقوم<br />,
واذا قمت وفرحت ارميك في موجه قبل ينساب<br />,
<br />,
ألمّك وانثرك واشريك وارخص في غلاك السوم<br />,
واسومك واشتري من باع قدرك واتركه يرتاب<br />,
<br />,
أسوّي في السـما دروبٍ و اعلـّي للنجوم نجوم<br />,
واعاند لو تبي تعاند واصاحب لابغت الاصحاب<br />,
<br />,
أسـوّي مثـل ما تسـوّي تـبادل للـعـلـوم عـلـوم<br />,
أبـيها تـفهـم المعـنى ش يعـني .. للذياب ذيـاب<br />,
<br />,
بنـاءً عـ الـذي عـدّى عـذرتـك والعـذر مفهـوم<br />,
مجـرّد ردّ فعـل ولا عـقـب عـذر الكرام عتاب<br />,
<br />,
أنا ما قـصـدي إلاّ رد فـعـل ولا عـلـيـكـم لــوم<br />,
نحن مهما حصل نهوى هواكم والهوى غلاّب<br />,
<br />,
حبيبي كيف انا اتجرأ على هجرك يا عيب الشوم<br />,
تصدّق بانّي أسمع بك كلام اللي هذرك وعاب<br />,
<br />,
فـديتـك كل هاللي مَـرّ كـلـّه كان طيف حـلـوم<br />,
غـفـت عيني ولكنـّي لجل عينك فتحـت الـبــاب<br />,
<br />,
تبسّم قايـلٍ ( فـزّاع ) يا ( حمدان ) صحّ النوم<br />,
ترى توّك بديت تعرف وش يعني غرام احباب<br />,
<br />,
,
يا مشعـل القلب تكفى خفـّف شويّه<br />,يا مشعل القلب
القـلـب من كـثـر صـدّك ويلي لحـاله<br />,
<br />,
دامه يحبـّـك ولا له غـيرك بغـيّـه<br />,
وش له تحـطـّه بـدنـيـا الهـمّ وتـنـاله<br />,
<br />,
انته حبـيبـي لقـلـبي نـوره وظـيّـه<br />,
تحلا بعـيني وقـلبي صـرت تـحــلاله<br />,
<br />,
وانته ربيع الخـفوق وشمسه وفـيّه<br />,
وان حبّ غيرك خفـوقي باقطع وصاله<br />,
<br />,
ما اريد بك حدٍ ولو هو كان حوريّه<br />,
إنتـه مهـدّي الـغــرام وانـت زلــزالـه<br />,
<br />,
للمـوت انا لك حبيـبي صـورةٍ حيّه<br />,
ميّت بحبك وحبّك صرت انا اسعى له<br />,
<br />,
يا بوعـيـونٍ مثـل عـيـن الـدمانـيّـه<br />,
حـورى هـدبها مظـلّ ودعـج قـتـّـــاله<br />,
<br />,
كاسنـّك الحـسن واوصافك خيالـيّه<br />,
ومن راد يـوصـف جـمالك أيـتهـيّـالـه<br />,
<br />,
,
ما عاد لك في قـلب خلـّك مكانه<br />,يحسب حساب
لو كـنت امامـه يجهـلنـّك عـيـونه<br />,
<br />,
ما انت الذي تتـملـّكه في زمـانه<br />,
صعبه حبيبي عن رماتك حصونه<br />,
<br />,
يا من تعـوّد ع الغـدر و الخـيانه<br />,
الحـب غالي لو انـّكم ترخـصونه<br />,
<br />,
أرخصت قدرك يوم خنت الأمانه<br />,
ويـن الـوفـا لي عـندكم تـدّعـونه<br />,
<br />,
لقيت عقبك م الغـراشـيب دانـه<br />,
حصباه من نقـو اللآلي مخزونه<br />,
<br />,
جمال حسـنك ما يسـاوي بنـانه<br />,
فتـون زينـك ما يحـرّك غصونه<br />,
<br />,
عـودٍ يـشـابه لادن الخـيـزرانـه<br />,
عازل هضيمه بين حيب ومتونه<br />,
<br />,
أبغي وصوفه لكن الوصف خانه<br />,
حـرت بجماله وتوّهــتني عيونه<br />,
<br />,
لانّي صويبٍ مرهف من سنانه<br />,
وعـزاه قـلـبٍ نازفـاتٍ طعــونه<br />,
<br />,
يقـولهـا لـي قـالـها مـن كـيـانـه<br />,
يحسب حسابه قبل لا يحاسبونه<br />,
<br />,
,
ياللي ذبحـك الغلا والشوق حـرّاقي<br />,يراودك .. و يراودني
لا تكـتم الشوق فضفض به وعلّمني<br />,
<br />,
مْن الطبيعي تتلعثم لحظة فـّراقي<br />,
لان الهجر قبل ما يلعثمك لعثمني<br />,
<br />,
بعـطيك قلبي ودوّر داخـل اشواقي<br />,
يمكن تـشوف الغـلا وشلون ذابحني<br />,
<br />,
أموت في ضحكتك واسلوبك الراقي<br />,
وجمالك اللي مجنـّنك .. وْمجنـّنـّي<br />,
<br />,
ما كـل إنسـان يقدر يسكـن اعماقي<br />,
إلا انت من يوم شفتك وانت تسكنـّي<br />,
<br />,
أعـطيتك الحب والإحـساس والباقي<br />,
اللهـفه اللي على لقـياك تـسبقـني<br />,
<br />,
باذوّقـك من حـلاي وْطـعم تريـاقي<br />,
وبعـلّمك كيف تـكرهني وتعـشقني<br />,
<br />,
يا جامع الليل في وجهك والاشراقي<br />,
تناقـضاتك هي اللي فيك تعجـبني<br />,
<br />,
ذوقك في عيني يساوي كل الاذواقي<br />,
وغلاك عن وصل غيرك صار يمنعني<br />,
<br />,
والحـب في عـيون عشـّاقك وعشـّاقي<br />,
شعور اشوفـه يـراودك .. ويراودني<br />,
<br />,
,
لا شـفتـني ضايـق واهِل الدمـع وابكي باقـتـناع<br />,يوم الوداع
لاتحـزنك عـيني ولا تـشـره على دمعاتها<br />,
<br />,
أنـا فـقـط .. حَـبّـيـت ادرّبهـا عـلى يـوم الــوداع<br />,
أحـبـابنـا قـاسـيـن والأيّـام هـي عـاداتـها<br />,
<br />,
مهـما جلـسـنا نضـحـك وناخـذ من الحب المتاع<br />,
لابـد لحـظات المـفارَق نرتـشـف كاساتها<br />,
<br />,
حـتى لـو اكـذب واتـوهّـم حـبّـنا وَهـْـم وْ خـداع<br />,
والدمعـه اللي في عيوني تعـكس مْعاناتها<br />,
<br />,
حتى خـفوقـي لو يـقـول انـّه على بُعـدك شـجاع<br />,
ساعة فراقك مستحيل ان يحتمل لحظاتها<br />,
<br />,
كلما نظرت لرمـش عينك جيت لامرك بانصياع<br />,
تـقـول كـن الجـاذبـيّـه في هـدبـك اثـباتـها<br />,
<br />,
باشبع عيوني من عيونك شوف قدر المستطاع<br />,
عـلّ وْعـساها تكـتـفي بالشـوف من لـذاتها<br />,
<br />,
من قبل اعرفك كان شعري من ضياع إلى ضياع<br />,
والحين يمشي بس لعـيونك على مرضاتها<br />,
<br />,
لو ماذكرتك في قصيدي صار شعري في صراع<br />,
ودفاتـري تبغـيك تـتواجـد على صفـحاتها<br />,
<br />,
,
يَاللّي قريْبِك ظَالمك وتْقول شوفوا لي حلول<br />,إجلس مع نفسك
إجْلِس مَعَ نَفْسِك وفَكّر لَجْل تَعرف وِش تَبي<br />,
<br />,
جَرّب تِحِلّ الأمْر من بيْنِك وبيِْنِه بِالأصول<br />,
وْخَاطبْه باسْلُوب الْمُحَنّك لا بِإسْلوب الْغبي<br />,
<br />,
عَدَاوتِه في ذَاتَها حسَبْ كَلام أهْل العقول<br />,
تَأثيرَها أشَدّ وَاخْطَر مِن عِدَاء الأجْنبي<br />,
<br />,
لا تَزْعِلِك هَرْجَة قريْبِك وِان تِشَمَّت بِك عِذول<br />,
قِلّه تَرى كّثْر الشّمَاته مِن صفَات اهْل العِبي<br />,
<br />,
وِان كَذّبوك اقْرِابِك اصْبِر وِالصّبِر مَهْمَا يِطول<br />,
لابُد تِكْسَب بِه فَخِر وِتْقول هَذا مكْسَبي<br />,
<br />,
وِان كان نَاسِي وِدّي اذَكّرك في حَاجَه وَاقول<br />,
"إلْنا في تَاريخ النّبي عِبْرَه , فِدَاه امّي وَابي<br />",
<br />,
سَلمان مِن فَارس وصَدّق بالّذي قَال الرّسُول<br />,
وَابو لَهَبْ عَمّ النَّبي .. كَذَّب بِما قَال النَّبي<br />,
<br />,
إحْفَظ نِصَائِح كل عَاقِل لِه مَعَ العَالَم قُبول<br />,
الشَّايِب يْرَدّد مَعَانِيْهَا عَلى سَمْع الصّبي<br />,
<br />,
بِالْعَزم يِقْدَر مَنْكِبِك يحمِل ثِقيْلات الْحُمول<br />,
إتْعَب وِقِل يَارَب يَا وَهَّاب بَارك في تْعَبي<br />,
<br />,
وْلوْلا قوِيّ العَزم وِالإصْرَار مَا شِفْت الذُّهول<br />,
يوَزّعه بين الجِهَات الأربَعَه (حَــاكِم دبـــي)<br />,
,
سيداتي .. انساتي .. سادتي<br />,سيداتي .. انساتي .. سادتي
انصفوني في تغطرس غادتي<br />,
<br />,
واعذروني لاسكبت الدمع يا<br />,
سيداتي انساتـي سادتـي<br />,
<br />,
حذروها من جنون اهل الهوى<br />,
واجبروها عن حكي نقادتـي<br />,
<br />,
عن سعادة خافقي قولو لها<br />,
انها كانت سبـب سعادتـي<br />,
<br />,
صارت الفرحة لها عادة وانا<br />,
الحزن والهم صارت عادتي<br />,
<br />,
المدينه من بعد هجرانها<br />,
"اضلمت , والشوق هز إرادتي<br />",
<br />,
ذكريات الحزن في جدرانها<br />,
دمعه الحرمان فوق وسادتي<br />,
<br />,
آه من ظلم المحبة وأهلها<br />,
سجلوا يا أهل الغرام إفادتي<br />,
<br />,
وآه من حسادتي من بعدها<br />,
كيف عذري كيف عن حسادتي<br />,
<br />,
,
هذا قـــــدر كل النفــــــــــوس العظيمه<br />,الوطن كله... أبوك
لأحلامها مـــــــا تمشي إلا على الشـــوك<br />,
<br />,
هذا الوطــــــــــن عــزّ وشموخ وعزيمه<br />,
ويا موطني عــــــــــزّك من اللي يعزّوك<br />,
<br />,
كفــــــــــــوفنا اللي للمواطـــن رحيمه<br />,
على العـــــدا مدمايه وســم مضكوك<br />,
<br />,
تبسمي بنت الكــــــــــــــريم الكريمه<br />,
اهتزو الانذال لكــــــــــــن ماهزّوك<br />,
<br />,
وانا فعزاكم والـمشــــــــــــاعر حميمه<br />,
ماراح اقـــــــول آســــف ابا اقول مبروك<br />,
<br />,
غلطــــــــان منهو قال عنّـك يتيمه<br />,
ما انتي يتيمه والوطــــن كله .. أبــــــــوك<br />,
<br />,
,
مراحـــــــل العمر تجــــــري والزمن جـــــاري<br />,مراحل العمر..
والنـــــــــــــــــاس تفنى ويبقى وجـــــــه خالقها<br />,
<br />,
أرســـــــــــــــــم ملامح طموحاتي في أشعاري<br />,
واحـــــــاول اني قبــــل ما امـــــــــوت احقـقـها<br />,
<br />,
واعــــــرف مقـــــــــــدار غيري قبــل مقداري<br />,
واخطــــــــــاء نفسي على غيري مــــــا اعلقها<br />,
<br />,
لكـــــــــن مشــــــوار عمري لى متى ســـاري<br />,
أرهقــــــــت نفسي ومــــــــا ادري ليه مرهقها<br />,
<br />,
قـــــدام تتعب قــــــــدم رجلي يا مشــــــواري<br />,
الايـــــــــــــام ساعاتها تشــــــــــــرح دقايقها<br />,
<br />,
وانـــــــــــــــا طمـــوحي تخلّد فعلي اخبـاري<br />,
ف ارشيـــــــف تاريــــــــخ الافعال ووثايقها<br />,
<br />,
نجــــــاحي لشخصي اعــــــداءه يا أنصاري<br />,
أكيـــــــد منطقه مــــــــــا يشــــــبه لمنطقها<br />,
<br />,
مــــــــــــن يامر بستر خلق الله وهو عاري<br />,
نصيحته مــــــــــــــــــــن على نفسه يطبّقها<br />,
<br />,
صحـيح انــــــــــــــا ما معي جنه ولا ناري<br />,
لكــــــــن ربّي خلــــــــق خلقه وفـــــــرّقها<br />,
<br />,
والطيــــــــب قصّه وفيها معظم اســــراري<br />,
والذل نــــــار ونفــــــــــــوس الذل يحرقها<br />,
<br />,
,
يوم تسألني على حب المطيّه<br />,حب المطيّه
كيف اعشق ركضها واعرف ضمرها<br />,
<br />,
السبوق ، النادره ، العدمليّه<br />,
اشتري ثرها لو ان يبتاع ثرها&nbsp;<br />,
<br />,
لو ثمنها فوق ، ماتغلا عليّه<br />,
المهم آضع شعاري في ظهرها&nbsp;<br />,
<br />,
أقنص الحقّـه وعيني للقـيّه<br />,
أسبق القانص قبل يسمع خبرها&nbsp;<br />,
<br />,
وان لقيت أم الوصوف العالميّه<br />,
اطلب الله ياعساني ما اخسرها&nbsp;<br />,
<br />,
سبقها غبّة بحر واكثر شويّه<br />,
والمضمّر ماقـدر يوصل غـزرها&nbsp;<br />,
<br />,
هكذا و( العاصفه ) دايم غنيّه<br />,
بالجيوش اللي مايحتاج اختبرها&nbsp;<br />,
<br />,
ماتغيب من الرموز الموسميّه<br />,
تاخـذ اكثرها إذا ماتحتكـرها,
,
يا شعَّار النبَط في شَرق وِالاَّ غَرب انَا مَلْزوم<br />,ثلاثية نصر
أنَا مَلْزوْم اشَنّـف سَمْع جُمْهوري مِنَ اشْعَاري<br />,
<br />,
قِصـيْدٍ يَـجْلي الضِّيْقَه عَن الوَلْهان والـمَهْمُوم<br />,
لِه الحُسَّـاد تِـشْـهَد قَبْل مَا تِـشْهَد لِه انْـصَـــاري<br />,
<br />,
وْيَا لايِمْ شَاعِرٍ يِسْتَـشْهِد بْشِـعرَهْ حَـرَام اللّوم<br />,
أحَاسيْسَ الشِّعِر مَا هي مِثِل نَشْرَات الاخْبَاري<br />,
<br />,
أمَا قَال النبي حَدِّث بِنِعْـمَة رَبِّـك الْقَـيّـوم<br />,
وَانَا حَـدَّثْـت خَلْـقَ اللهْ بِنِعـمَةْ رَبّـي الْـبَــاري<br />,
<br />,
وْمِنْ يَحْسِبْ مَرَاكِز الاوَّلَهْ تُمْلَك بِحَبِّ خْشُوم<br />,
أنَا وِشْلـون اسَـاوي بِيْن مِـقْـدَارَهْ وِ مِقْــدَاري<br />,
<br />,
مَرَاكِـزْنا بِفَـضْـل الله نِـحَـقّـقها بِقــوّ عْـــزوم<br />,
مِظَـرّيْـنا عَلى العَلْـيَا زعـيْــــــمٍ لَلْـعُـلا ظَــاري<br />,
<br />,
يِطيْح الرَّجْل لَكنَّ الشُجَاع اللِّي لا طَاح يْقُوم<br />,
وْمِنْ يَـدري يِـعَـلّـم كُل وَاحِـد مَاهـو بْــدَاري<br />,
<br />,
مكَارِمْنا عَلى حَد الـمكَـارِمْ وَالْكِـرَام تْـحُـوم<br />,
وحِنّ نْـحُوم في عَالي سِـمَانا حـوم سِنْـجَـاري<br />,
<br />,
بِدُوْن نْجوم نَسري لِيْلنَا الاسْوَد بِدُون نْجُوم<br />,
( أبُو رَاشِد محـمَّد ) نور مَـجْدَه يَهْدِي السَّاري<br />,
<br />,
بِلادي جَارَها مَا هو يِهُون وْضيْفَها مَـحزوم<br />,
نِبـيَّ الله وَصَّـى في الضِّـيـوْف وْسَـابع الـجَاري<br />,
بِلادي شَـعبَها يصبح عَلى إنْـجَازَه الـمَرسـوم<br />,
بِدَقَّـه مَعْ عِـنَـايَـه تِـجْـعَل الأذْهَـــان تِـحتَـاري<br />,
<br />,
يِـحَيّـي دوْلِـتِـهْ بِالْفُـل ، وتْـحَيِّـيْه بِالْيَشْـمــوم<br />,
وْيَقْـضـي لِيْلِـةٍ مِن فَـرحَـة الإنْـجَـاز سَـمَّــاري<br />,
<br />,
ثَرَانا عشْـبِه اخْضَر والسِّمَـا صَافي بِدُون غْيوم<br />,
حرَثْـنَاه بْسُـوَاعِدْنـا وْروَى مِن دَمَّــنا الـجَاري<br />,
<br />,
وْعَلامَات النَّصِر لاحَتْ في كَفِّ مْـحمَّد المكتوم<br />,
وهُو رَمْز الطمُوح اللِّي رِسَمْ لي دَرب مِشْوَاري<br />,
<br />,
بِروْح العَاشِـق اللِّي عيْنَه تْحَارِب لِذيْـذ النُّوم<br />,
إلى مَرِّ بْـمُحبِّـيْنَه بَعَد طـوْل الـهَجِــــر طَـاري<br />,
<br />,
وبِقَلْب الـمُؤْمِن اللِّي طَايِـع الخَالِق عَلى الـمَقْسُوم<br />,
ويِـخْشَى وَقْفِـتِه يُوم الـحَشِر بيْنَ البِشَـر عَاري<br />,
<br />,
وبِعَقْل الـمُدْرِك اللِّي يِدْرِك انْ خَصْم الزِّمَن مَهْزوم<br />,
لَو انْ عَـزْمَه يِـهِدّ اكْبَـر جِبَل وِيْطَـفّي النَّـاري<br />,
<br />,
وهَذي هي عَلامَات النَّصِر في كَفِّك الْـمَحْشُوم<br />,
(نَصِر فـوز وْمَـحَبَّه ) مِن خِلالَه أصْـنَع افْكَـاري<br />,
<br />,
وَانا طَبَّـقْتَـها في سَـاحَة الـمَرمــوْم مِنْ كَمْ يُـوم<br />,
ثلاثِـيَّــةْ نَصِـر وِاسْأل (صِـبَا ومْـخِيْفَه وْظَـاري )<br />,
<br />,
زَرَعت النَّصِر خَارِج دوْلِتِك وِفْـ سَاحَة (الـمَرْمُوم)<br />,
وهَذي عَادِتِك يَاللي زِرَعت الْـمَجْدِ في دَاري<br />,
<br />,
,
يا مفكرين الهـجن اخلّيها<br />,سلام من فزاع لأهل الهجن
وشلون اخلّيها وانا أغليها<br />,
<br />,
أهيم فيها من صغر سني<br />,
واحبّـها واحـب طـاريها<br />,
<br />,
وإلي لقيت السابق العابر<br />,
اسـابق الشـرّاي وأشريها<br />,
<br />,
اسوق قيمتها وأحس انها<br />,
هدية(ن) من عند راعيها<br />,
<br />,
أفــرح بـجيّـتـها وادلّلــها<br />,
واستحدث اسما لاجل اسمّيها<br />,
<br />,
حب الهجن يجري مَعَ دمّي<br />,
ريـاضـةٍ ما اروم اخلّيـها<br />,
<br />,
ريـاضـةٍ من حَبّها يتعب<br />,
لـكن تَعَبـها إللي مـحلّيها<br />,
<br />,
لانها التراث الماضي الحاضر<br />,
مشهود حاضرها وماضيها<br />,
<br />,
أجـدادنا من قبل وصّونا<br />,
واحـفادنا فيـها نـوصيـها<br />,
<br />,
ذكر الإبل جا في كتاب الله<br />,
ومْـحصّنه عن بكـرة ابيها<br />,
<br />,
لا تصدّقون إللي ظلم حظه<br />,
له غـايـةٍ يـبغى يـسـوّيـها<br />,
<br />,
دكتور طب تْـهمّه الصحه<br />,
لـكن على راسـه يضوّيها<br />,
<br />,
لويكتب كرونا سببها البل<br />,
البـل من كْـرونا مبرّيــها<br />,
<br />,
على كثر من مات بكرونا<br />,
ما مات عامل يشتغل فيها<br />,
<br />,
وعلاقة الرجّال مع هجنه<br />,
علاقـة الـدوله باهـاليـها<br />,
<br />,
لو تمرض اصغرهن أو اكبرهن<br />,
ما جـاه نـوم الاّ يـداويـها<br />,
<br />,
يالايـمي ما لومك فـ لومك<br />,
ماقست لاعمار وْحراويها<br />,
<br />,
اللي الي غارت مع الدوره<br />,
ما بيّـنت بصـمة مواطيها<br />,
<br />,
تزها الشعار اللي على الركبي<br />,
وشـعارها بالـفـعل زاهيها<br />,
<br />,
تسبق ما تطلب من مسايرها<br />,
ما تـجبره يسـتخدم آلـيها<br />,
<br />,
عاداتها تسبق على يدها<br />,
وتـفرحني وتـفرح محبّيها<br />,
<br />,
كم شاعرٍ فيها نحت شعره<br />,
وكم أغنيه ميـحد مغنّيها<br />,
<br />,
سلام لاهل الهجن من تالي<br />,
وسلام لأي إنسان يغليها<br />,
<br />,
يقـوله اللي ما غـفل عـنها<br />,
حتى على نفـسه يـبدّيها<br />,
<br />,
يحضر غداها ويتفقدها<br />,
وْلا يقبل ان غيره يعشّيها<br />,
<br />,
وان روّحت تدريبها العادي<br />,
من حبّـها رَوّح يــباريها<br />,
<br />,
من حبّه لشعبه بسط كفّه<br />,
تعطي ما ترضى حَد يعطيها<br />,
,
العذر يا بوي لو ماشلّني ساقي<br />,يا موحد الدار
الحزن ما طاقني والقلب ما طاقه<br />,
<br />,
ياعيني ابكي وساعدها يا خفّاقي<br />,
ماهوب عيبٍ يفيض الدمع ف احداقه<br />,
<br />,
يا مْوحّد الدار .. يا المتفرّد الراقي<br />,
والغيم حزنٍ جذب الاحساس برّاقه<br />,
<br />,
أشوف كن النهار يحدّر احداقي<br />,
واشراقته ما تشابه أيّة اشراقه<br />,
<br />,
وْمن يعذل القلب عن ضيقته لا ضاقي<br />,
إنسان مشكوك في مذهَبْه واخلاقه<br />,
<br />,
يا حاكم الأرض و اوّل وآخر اشواقي<br />,
يفداك قلبٍ حزن فرقاك ما ذاقه<br />,
<br />,
في غيابك الناس ماتت و انته الباقي<br />,
لانّك الغالي اللي يذبح فراقه<br />,
<br />,
يبكيك من يغرس النخله على الساقي<br />,
يبكيك راعي الشداد وْراعي الناقه<br />,
<br />,
والطيب و الجود و العِزّه و الاخلاقي<br />,
والأرض و ترابها و البحر و اعماقه<br />,
<br />,
شيخٍ مقامه سكن ما بين الاعماقي<br />,
حتى الزمن من محبّينه وعشّاقه<br />,
<br />,
,
تْـسافر الروح لكن بالجـسد باقي<br />,ذوق
والعـقل ثلثـين راح وبـاقيٍ رُبْـعَه<br />,
مَعَ حبيبٍ نزع روحي من اعماقي<br />,
وماني بمجبور بس أجبرني بْطبعه<br />,
نتيـجة العـمر لـذَّتـها مع السـاقي<br />,
لو ارتشف قطرتين تسد من نبعه<br />,
في مْحبتك مدري الخفَّاق وش لاقي<br />,
حتى اصبح يتابعك قدّام تـتَّبْـعه<br />,
عطني ولو ذوق يامستأسر اذواقي<br />,
الذوق منّك يكفّيني عن الشَبْعَه<br />,
أكْرمني بْيـوم في الإسـبوع يا راقي<br />,
وحَدّد ما يحلا لك من ايّامَه السَّبْعَه,
,
ياليـمامـه ، ياليـمامـه ، ياليـمامـه<br />,اليمامــه
انـتي اللـي تسـتحـقين الـزعــامه<br />,
<br />,
ووانتي اللي من غلاك ومن دلالك<br />,
حتى ابـوراشـد سلبتـيه اهـتمامه<br />,
<br />,
والدليـل انك من الـنــوع الـنـوادر<br />,
مايسـوّى لك نـظـــام الاّ نـظـامـه<br />,
<br />,
وكل مركـز ثـانـيٍ جا من خــلالك<br />,
فالـنهـايـه يـفـتـخـر إنّـك أمـامــه<br />,
<br />,
قلتي لـخـط الـنهـايه مـرحــبا بك<br />,
وترجمـتها لـغـيرنـا مَـعَ السـلامه<br />,
,
الايام شي يوم تسعاله ويـومٍ ممر<br />,موطن الفخر
وايام .. الايام مخلوقه على شانها<br />,
<br />,
تـدور الايـام بس اليـوم هـذا الامر<br />,
الايـام توقـف .. ويتوقّــف دورانها<br />,
<br />,
من يبذر البذر لابـدّه يحصِّـل ثـمر<br />,
والعـالم الواعـيه ياطـيب بسـتانها<br />,
<br />,
يامهبط الوحي عيدك عيد زيد وعمر<br />,
وتكاتـف الـمسـلمين بقـوّة إيـمانها<br />,
<br />,
في ظل بومتعب اللي جوده الي انهمر<br />,
اتربّع ارض الـمحل وتفيض وديانها<br />,
<br />,
نقدم لعيناك لو فالدرب شوك وْجـمر<br />,
والـمعـركه حِن نهار الحـر فرسانها<br />,
<br />,
لكل حاجه عـمُر وانتـه طويـل العُـمر<br />,
مجدك ماهو بس في أرضك وسكانها<br />,
<br />,
يا موطن الفخر مجدك فوق سطح القمر<br />,
في يوم عيدك تعـز الأرض انسانها<br />,
<br />,
تـراك ياخـادم البيـتيـن حـبّـك غـمر<br />,
قـلـوب شعـب السعــوديه وجـيرانها<br />,
<br />,
منها لك الطاعه العميا ومنك الأمر<br />,
ومعاهدات الوفا لاعاش من خانها<br />,
<br />,
,
إسمح لنا (دنلوب) في أسم (دنلوب)<br />,في السما دروب
واخوك الاصغر لي نسمّيه (مكـلين)<br />,
<br />,
إنت الـمَلك وجـنودك طيور لقـروب<br />,
واختـر فالجـيرات وِالاّ الشـواهين<br />,
<br />,
كم طير قانِـص لـكن يْكون مطـلوب<br />,
خَـرّب وِنــحن نْطـالبـه يَوفـي الدين<br />,
<br />,
إلاّ انت ياللي مايجي منك عَذروب<br />,
استغـفر الله مابغيت احلـــف يمين<br />,
<br />,
صوايدك تلمع من شْـحوم لخروب<br />,
تلـمـع لكن ما هو بْلـمع الـمـزايـين<br />,
<br />,
أركد من الـما لاغدى مبطي بْكوب<br />,
وبْكَفـخة جناحـك تِـرَكّـد شياطـين<br />,
<br />,
خَبّر هَل الجيبات عن قوم هارتوب<br />,
الاستيـشنات استنجدوا بالنياسين<br />,
<br />,
يبغــون مثلك لانّه الزيـن مرغـوب<br />,
لكـن انتـه ويـن ، وافكــارهـم ويـن<br />,
<br />,
الناس يوم تْـهِـد يـمشـون بالدوب<br />,
وانا أهـدّك سـرعتـي فـوق تسعيـن<br />,
<br />,
وتطير في صوب وْنواياك في صوب<br />,
وترقـى السما كنّـك تسـوّي تـمارين<br />,
<br />,
ايلين سوّيت بسمـا صـيدك دروب<br />,
دروب ترسـم فالسمـا من جـناحين<br />,
<br />,
زورك خذوه الفكتري صَب مصبوب<br />,
ومنكَبك نـاسٍ يدرســونه لذا الحين<br />,
<br />,
عزّيت ناسك وانت بالفعل محبوب<br />,
على ضـيوف اهل البلد والـمقيمين<br />,
<br />,
أسمك غدا غيّاث والاسم محسوب<br />,
(غيّـــاث) يوم تـغيثـنا فـ الـميـادين<br />,
<br />,
هاذيك مضروبه وهاذاك مضروب<br />,
من فعلك تـخلّي الحـباري كـراوين<br />,
<br />,
وطيـورنا أنــــواع غالـب ومغـلـوب<br />,
ومثـلك يجي مرّه بعد عشـرة سنين<br />,
<br />,
واسمح لنا غيّاث في اسم (دنلوب)<br />,
واخـوك الاصـغر لي نسـمّيه مكـلين<br />,
<br />,
انت الـملك وجـنودك طيور لقـروب<br />,
إختـار فالـجيـرات قبل الشّـواهـين,
,
لاحـت نجوم السـما بعـيون ساهرها<br />,فلم الطهاره
<br />,
عاشق يحب السكون ويعشق الظلمه<br />,
<br />,
ياللي بحسـنك عـيون الـناس باهرها<br />,
<br />,
سلّـم على خافـقـك ويكون فـي عِـلمه<br />,
<br />,
الإنكــســـارات .. بـاذن الله قاهـرها<br />,
<br />,
لا تعـتـذر ما أبي أسـمـع ولا كـلـمـه<br />,
<br />,
ودّعـتـك الله .. كـلـمـة حـق جـاهـرها<br />,
<br />,
أغضبت قلب الحليم اللي نـفذ حلمه<br />,
<br />,
وفـاء الأحـبـاب بيـن الناس شاهرها<br />,
<br />,
هذي سـلوم الهـوى للي جَـهل سلمه<br />,
<br />,
يكـشف لنا باطـن العـشّاق ظـاهرها<br />,
<br />,
يا الظالم اللي على قلبي طغى ظلمه<br />,
<br />,
عن وصلك النفـس من عامين ناهرها<br />,
<br />,
لا عاد طيـفك يجي للقـلب فـي حلمه<br />,
<br />,
ويـعـيد فـلـم الـطـهاره عـند طـاهرها<br />,
<br />,
حتى تـذوّبــه و اللى ذاب تـسـتـلـمـه<br />,
<br />,
أهل الـمظاهـر ما تنـفعها مظـاهرها<br />,
<br />,
خلاص طيفك من الهجر احترق فلمه,
,
يوم التطـم مـوج بحر القاف واحنيـت<br />,كبريت واحد .. وألف غابـة
راس الـقـلم من كـبـر قـدر الكــتابـه<br />,
<br />,
من جمرة الفكـر والاحـساس شبّـيت<br />,
نـار الـشـعـــر ، والـقـصـــايد ما تشــابه<br />,
<br />,
ما يتـعـب الـشـاعـر الاّ فـكـرة البـيـت<br />,
اللي تسـجّــل حـضـــوره فـي غـيـابـه<br />,
<br />,
يا قلـب .. ياقلب ياللي لك تناهـيت<br />,
صـبرك على الوقـت لو يعظـم مصـابه<br />,
<br />,
صاحبك لو ما تحسب حسابه اخطيت<br />,
صاحبك حتى الزمـن يحسب حسابه<br />,
<br />,
سمّـيت حـمدان من صـغري ، وسمّـيت<br />,
فـــــزّاع .. والإســــم هـذا بالـنـيـابـه<br />,
<br />,
وبأي إســــم مـن الأســـماء نـاديـت<br />,
والله يا قـلـب مـا فـيـها غـــرابـه<br />,
<br />,
فـــــزاع) من فـوق ظـنّك يوم ظـنّيت)<br />,
والـفـذ ( حــمــدان ) سـمـحٍ لك جـنــابه<br />,
<br />,
من يحـسب انّي من الدنـيا ما عانـيت<br />,
عانيـت .. لكـن عـانيت بـصــــلابه<br />,
<br />,
عطشان وان شفت ماء الأرض عفّيت<br />,
متعـوّد اشـرب من مـزون السـحـــابه<br />,
<br />,
وان كـانـها بالتـحــدّي مـا تـحــدّيت<br />,
غـير الذي يكـسب الـمـجد بشـبابه<br />,
<br />,
والحكـمه اللي تـراودنـي لا حـسّـيت<br />,
إن الأمـل خـيّـمـت فـوقـه كــآبه<br />,
<br />,
من شـجره اقدر أسـوّي ألـف كـبريت<br />,
واحـرق بكــبريـت واحــد ألـف غــابه,
<br />,
,
قالوا نَبي شِعر الوطَن قلت من وين<br />,الجار للجـار ..
أبدا وَانا كلّي مِشَاعر لـ هالدار<br />,
<br />,
قـالوا نبي وَصْف الهِـجِن قلت غالين<br />,
لكنّ يَكفي ما سِمَعتوه في (اعمار)<br />,
<br />,
قـالوا نـَبي شِـعْر الـغَزَل قلت بـَعْدين<br />,
بَعَد ما اسمّعكم تِفَاصيل الاخبار<br />,
<br />,
لـو الشِّعِر يـكتب بِليَّا مـضاميـن<br />,
بحرٍ وقافيَّه فقط دون الافكار<br />,
<br />,
فـي اسْبوع واحـد أنشر اربع دواوين<br />,
لكنَّ انا شَاعِـر وتَـنْقِـده شـعَّار<br />,
<br />,
وِتْـرَدِّد بْيـوتَه قْـلــوب الـمُحبّـيـن<br />,
اللي عَلى قـمرى قوافـيه سمَّـار<br />,
<br />,
تـَطْرِب بـِدون أوْتـار لا قَـال بـِيْتين<br />,
وِتْزيْدَها طَرْبَة تِقَاسيم الاوْتَار<br />,
<br />,
لو كَان جُمهوري فَقَط وَاحِد اثْنين<br />,
مَا كُنت ألْفِت كُل مَا جيت الأنْظَار<br />,
<br />,
مْن ( الفجيره ) ناس غالين غالين<br />,
لكن لاهل الشعر قيمه ومعيار<br />,
<br />,
أعشق جمَاهِيري مِن (الشَّارقة) لين<br />,
حْدود (راس الخيمه) دْيار الاخيَار<br />,
<br />,
وْمَا بين (أم القيـوين) ألْقاهـم وْبين<br />,
(عجمان) وِان رَدّيت لـ (دبي) تِحْتار<br />,
<br />,
تِلْقَاهمْ مْن (دبي) لين آخر (العـين)<br />,
لـ (ابوظبي) دَار المكَارِمْ والاحْرَار<br />,
<br />,
ومْن ( الامـارات ) الوفا للملايين<br />,
أهْل الخَليج الَلّي لهمْ سِتَّة اقْطَار<br />,
<br />,
للمَملكه دَار الحَــرَم قِبْـلة الدِّيـن<br />,
اللِّي يِصَلِّي صوبها فوق مِليار<br />,
<br />,
وْفِي حُكْم (ابومتعب) حَفيد العزيزين<br />,
اللِّي طَغَى شوْرَه عَلى كُل الاشْوَار<br />,
<br />,
و(عمان) يا اهْل الخير مَا حِنْ بِنَاسين<br />,
وِشْلون نِنْسَى دُوْلَة طْوَال الاشْبَار<br />,
<br />,
الشَّعْب وِالسُّلْطَان (قابوس) بَاقين<br />,
عَلَى مَحَبَّة بَعضهم سِرِّ وِاجْهَار<br />,
<br />,
إلى (قطر) دَار الشِّيوخ الكريميـن<br />,
إللِّي لَهَا شَعْبٍ عَظيْمٍ وِ مِغْوَار<br />,
<br />,
أرْسِـل تَحّــياتي بْوَرد وْ رَيَاحيـن<br />,
عَلى (تميم) أميرها سُقْم الأشْرَار<br />,
<br />,
وْيا مملكة (بحرين) في القلب بَحرين<br />,
بَحرين وِدُّ وْ شوق والشَّعب يِخْتَار<br />,
<br />,
عَاش المَلك و الشَّعب لَجْلَه موَالين<br />,
لِعْيون (ابوسلمان) شَعْب الوفَا ثار<br />,
<br />,
ويْعيش جُمْهور (الكويت) المسَمِّين<br />,
فِي ظِل شيْخٍ ما على مَجْدَه غْبَار<br />,
<br />,
دار (الصباح) اللِّي يِرِدِّ المُعَادين<br />,
والشَّعْب يَهْتِفْ بَاسْمَه كْبار وِ صْغَار<br />,
<br />,
شعري لجمهوري .. لِذَلك أنا حين<br />,
أكْتـب أمَتِّعـكم بـدون ايِّ تِكـرار<br />,
<br />,
عُموماً .. أبغـيْكُم فَقَط مِسْتِعِـدِّين<br />,
مَا دَام حَنَّ الرَّعْد وِالغيم مِدْرَار<br />,
<br />,
وْبَخلّي المَعـنَى لكُمْ بين قوسين<br />,
وْلن اُصَرِّح بها رغم كل ما صار<br />,
<br />,
ركِّز مَعي يَا ايُّها المُسْتَمِع زين<br />,
لَا تْحَاوِل تْدَوِّر مَعَ نَفْسِك اعْذَار<br />,
<br />,
اللّي مَا بيْن الجَار وِالْجَار سَاعين<br />,
بِالعَار مَكْسَبْهُم مِن اعْمَالهم عَار<br />,
<br />,
حِنَّا عَـرَب ، وِلْنا سْـلوم وْ قُـوَانيـن<br />,
نْموت مَا نِرْضَى مَهونه على الجار<br />,
<br />,
الحِقْـد لو يَنمو ما بين البِسَـــاتين<br />,
يْجَـفِّف الأنهار وْ تموت الاْزهَار<br />,
<br />,
والحُب لو يُسْكَب على صَبْخة الطين<br />,
لابُـدْ مَا يَنبت خُـزَامى و نَـوَّار<br />,
<br />,
تبقى سـلاطين المعـالي سـلاطين<br />,
اسـماؤهـم وامجادهـم دائم كبار<br />,
<br />,
ما تَحْقِر العَالَم لو بْنَظْرَة العـين<br />,
وَلَا يِزَعْـزِع عَرْشَها كُل ثرثـار<br />,
<br />,
مِنْ يِقْـدر يْحَلِّل كَلام المجَـانين<br />,
أبغيه يِشْرَح لي خفيَّات الاسرار<br />,
<br />,
والَبحر مَصْدر ما وَلَا هُمْ بِدَارين<br />,
يِتْبَّـخر وْ يَنْزل على هَيْـئَة امْطـار<br />,
<br />,
النَّار مِنْها نُور بَسِّ المِسَاكين<br />,
مَا يَدركون النُّور جُزْءٍ مِنَ النَّار<br />,
<br />,
وِالْعَالَم اللِّي يَعْبدون الشِّياطين<br />,
عَلَى مُحَارَبْهُم أنا عِنْدي اصْرَار<br />,
<br />,
السَّـن فيه السَّن ، وِالْعـين بِالْعـين<br />,
وِالبَادي أظْـلَم وِالْكَفو يَاخِذ الثَّار<br />,
<br />,
نَمْشي عَلى هَدي النَّبي مُسْتَقيمين<br />,
وَالله سُبْحَانه هُوَ النَّافِـع الضَّار<br />,
<br />,
واللِّي يِسَوِّي له سُوالف عَلى مين<br />,
النَّاس تَدْري فِيْه وِالْوَقْت دوَّار<br />,
<br />,
يْطيح مِقْدَارَه مِن الْقَلب وِيشين<br />,
لوْ كَان لِهْ مَنْصِب وهيْبَه وِمِقْدَار<br />,
<br />,
واللي يود الصلح ويحارب البين<br />,
هـذاك لي قلبه على بـلاده يغــار<br />,
<br />,
حب الوطن نقرن عليه البراهـين<br />,
بافعـالنا من قبل ما نقرن اشعار<br />,
<br />,
نحن اتحدنا قبل واحـد وسبعـين<br />,
بقـلوبنا وتوحّــدت عـقـبه الـدار<br />,
<br />,
تتـوحّـد بْـفـكـرة رجـــالٍ عريبـين<br />,
بانساب تبقى ماهي انساب تنهار<br />,
<br />,
في ظل وحدتنا على الحق راسين<br />,
زعيمنا ( بن زايــد ) الوالـد البـار<br />,
<br />,
أقصد (خليفه) وِالشِّيوخ العظيمين<br />,
اللِّي لهم سيـفٍ على الظُّلم بَتَّار<br />,
<br />,
الله يِعّــزِ شْعـوبنا ، قُولـوا آمين<br />,
وَلَا يِفَرِّق وِحْدَة طْوَال الاعْمَار,
,
صاحِبْك لامِن حَاد عن دَرب الصوَاب<br />,واجب الصحبه
مِن وَاجِـب الصُّحْبَـه عليـك تْصَـارحـه<br />,
<br />,
لا يِـدْفَعِـكْ لمجَامـلــهْ طيْــش الشبــاب<br />,
وِتْقـول لـي بَعْـض الصرَاحَـه جَارحَـه<br />,
<br />,
يفْتَح عليـك مْـن المِشَـاكِــل ألـف بَـاب<br />,
وِتْحِـــس بالضيْقَـــه وِنَفْســـه فَارحَـــه<br />,
<br />,
خِيْل المِجَامَل تَركض فْـ سِرب الخَرَاب<br />,
الضَّــاويـه تطْلَـع فـي وَجْـه السَّارحَـه<br />,
<br />,
وِان ذِقْت باكر مِـن صِدَاقَتْـه العَـذاب<br />,
تَــراك تَحْصِـــد مـا زِرَعْـــت البَارحَـه<br />,
<br />,
شِرَحْت لِك شَــرح المُدَرِّس من كِتَــاب<br />,
وِالـدَّرس يُفْهَــم مِــن طِريْقَـة شَارحَـه<br />,
<br />,
لا تِسْرَح بْفِكرِك وِتِجْهَل فـي الجُـواب<br />,
الجَهْـــــل دَاءَه لِلْقـلـــوب السَّـارحَـــه<br />,
<br />,
طِرَحْـــت رَأيــي مِــن مَحَبّـهْ لا عِتَاب<br />,
يَـا تِقْبَلَـــه ، يَا يِـعْـتِــذِر لِك طَـارحَــه<br />,
<br />,
لَـو الوفَــا عَـن مَسْـرَح الأنْـذال غَـاب<br />,
تِبْقـــى قلــوْب اهْـل الْوفَا مسَـارحَــه<br />,
<br />,
,
يا بـلادي ، بـلاد الصـارم الـمقــدام<br />,مهبط الأحلام
من ثـراك الـعـزيز الـعـالي ابـراجـه<br />,
<br />,
رفـرفـت فـي سـماها رايـة الإسـلام<br />,
والفـضـل للـذي ترجـيه حـجّـاجه<br />,
<br />,
إنتي الـمستحـيل ومهـبـط الأحـلام<br />,
فـي أهـلك الشـرف والـعـز متـواجه<br />,
<br />,
كـنّها لا ارسـمـتـها ريـشـة الـرسّــام<br />,
لـؤلـؤه فـارقه فـي حـضـن ديـباجه<br />,
<br />,
ويوم احطّك على راسي وفـا واكـرام<br />,
إلـمـــلك فـوق راسـه دايـمٍ تـاجـه<br />,
<br />,
وش كثر حبّك فـ قلبي غلا وهيام<br />,
كثر صـبرك على ضـيقته وازعاجه<br />,
<br />,
ويوم كـثر الحـكي يالـنـاقـد الـهــدّام<br />,
فاض صـبر الأديـب ، وصاغ منهـاجه<br />,
<br />,
طوية الصحـف والاّ جفّـت الأقلام<br />,
دفـتر الشـعر حدب ضـلوعي ادراجه<br />,
<br />,
دون سرج اعسف السابق ودون لجام<br />,
واسـبح البحــر لين تصـفّــق امـواجـه<br />,
<br />,
دربي الـمظـلـم اللي يتـعـب الأقـدام<br />,
بالـوعـي والـمعـرفـه أشـعِــل سـراجـه<br />,
<br />,
وكل ما جيت ابا اعلن لحظة استسلام<br />,
صاح حـب البقاء فـ داخلي : واجِـه<br />,
<br />,
نـظـرتي فـوق فـوق ومركـزي قــدّام<br />,
وعاذلي يعـقد مْن الضـيقه حـجـاجه<br />,
<br />,
لكن الـعـام هـذا غــير ذاك الـعـام<br />,
نجـمـتي فـي سـما الابــداع وهّـاجـه<br />,
<br />,
بـاب بيـت الكـريـم .. تـدلّـه الآنـام<br />,
فاتـحـنّـه ، ولا ينصـك مـزلاجــه<br />,
<br />,
وباب بيـت البخـيل تـضيّـعه الارحـام<br />,
دون بابـه يـرد الـســـائـل سـيـاجه<br />,
<br />,
إنـتـعـاطـف بنـظـرتـنا مَـعَ الايـتـام<br />,
نحسب انها هي اللي بس محتـاجه<br />,
<br />,
والحقيقه .. ببعض الوعي والإلـمام<br />,
ينجلي مدخـل الـمعـنى ومخـراجه<br />,
<br />,
كلّنا فـي احتياج .. الشعب والحكّـام<br />,
نختلف فـي اختلاف الـمرء والحـاجه<br />,
<br />,
وْكـل يـومٍ تحـقّـق حـلـم م الأحـلام<br />,
يعـتبر عمـر ، لان العـمر بانـتـاجه<br />,
<br />,
إنـت لو تحـسـب الفـارغ من الأيّـام<br />,
إكتشفت ان .. عمرك ذا ولا حـاجه<br />,
<br />,
,
يا هَاجس الشِّعر دَامِك حَاضِرٍ دَعْنا<br />,وجه الحياة الثاني
دَعْنا نعيش الْحياه بْمَنطق انْسَاني<br />,
<br />,
وَجْه الحيَاه السَّعيده فيه مَرْتَعْنا<br />,
لكنّ وَجْه الحيَاه الثَّاني الثَّاني<br />,
<br />,
حزين و الحُزْن عُمْرَه مَا يِرَوِّعْنا<br />,
لو كَان أبْكَى عِبَاد الله وَ ابْكَاني<br />,
<br />,
نْعَاني الْيوم لين يْسيل مَدْمَعْنا<br />,
وْ بَعدين نِفْرَح و نِرْجَع بُكْرَه نْعَاني<br />,
<br />,
وَ هَكَذا لين دنْــــــيانا تِودّعْـــنا<br />,
ما فيه إنسَان عاش فْـ دِنْيِتِه هَانِي<br />,
<br />,
يَامَا مع مِنْ تولّع حِــنْ تِولّعنا<br />,
وْيَاما عِسفْنا صِعيْب الْخيل بْعناني<br />,
<br />,
سوق الْغَلا كَم شَريْنَا به و كَم بِعْنا<br />,
وْ كَمْ ليلةٍ بات قَلْب الشّوق نَشْواني<br />,
<br />,
أرجوك مِنْ جَوُّهُم الوقت طَلّعنا<br />,
نَبْغي نِعيش الْحِيَاه بْحُب وَ امَاني<br />,
<br />,
جُمْهوري يْقول: يَا (حمدان) سَمّعنا<br />,
إِقْطُف لِنا وَرْدةٍ مِن كُل بُسْتَاني<br />,
<br />,
اللّي عَليك إنّك بْشعرك تمتّعنا<br />,
و اللّي عَلينا نِغنّيها بِالالْحَاني<br />,
<br />,
و أنا بِشِعْرٍ أحَاسِيْسَه تِجَمّعنا<br />,
بَهْدي على شان جُمْهوري يْتريِّاني<br />,
<br />,
آخِر قِصِيْده مِسوّيها عَلى مَعنى<br />,
ضَمَّنتها ما حوَى فِكْري وِ وِجْداني<br />,
<br />,
لِيْه نْتِزَاحَم و أَرض الله تَاسَعْنا<br />,
لَيه نْتِخَاصَم مَدَام انّ العُمر فَاني<br />,
<br />,
اللّي وقِفْ ضِدّنا و اللّي وقَفْ مَعْنا<br />,
نْظل مَهْما حِصَل رَبْعٍ و خِلاّني<br />,
<br />,
حِنّا اعْتِصَمنا بِحَبْل الله وَ لاَ طِعْنا<br />,
فـي دِيْننا و الوطن نَزْعَات شِيْطَاني<br />,
<br />,
بَاعَوا وطَنْهُم هَل الْفِتْنَه و لا بِعْنا<br />,
إلّا صِداقة مِن يْبيعون الاوطاني<br />,
<br />,
حِنّا رِجَالٍ مَعَ الْعَالَم تواضَـعْنا<br />,
يشْهَد لنا القاصي وِ يِشْهَد لنا الدَّاني<br />,
<br />,
وْ حِنّا رِجَالٍ بِفَضْل الله مَا جعنا<br />,
فـي دَارنا بَل ونَشْبِع كل جيْعَاني<br />,
<br />,
حِنّا رِجَالٍ على القِمَّه تِرَبّعْنا<br />,
وِ يْأكِّد انْجَازنا مَا قَاْلَه لْسَاني<br />,
<br />,
عَن التَّقدم لا يَمْكِن شَيّ يردَعْنا<br />,
هَذي قَنَاعَات (زَايِد) بِن نهيَّاني<br />,
<br />,
,
يْحِــن خَـفّـاقــي لا شـفــت البـواخــر<br />,انا والبواخر ..
تعَدَّت الشاطي وغابت في الامواج<br />,
<br />,
تبحــث علــى لؤلــؤ طبيـعـي وْفاخــر<br />,
يزهـى نَحَر مـن هو يحـب التغنّـاج<br />,
<br />,
والعود الازرق لا احترق في المباخر<br />,
مـا يشبـه الاّ ريحـه العَــذب لا فاج<br />,
<br />,
واليــوم ينـظـر لـي بْمنـظـور سـاخـر<br />,
كنّــه يريــد يْسـبِّـــب لْقلبـي احـراج<br />,
<br />,
يالـلـي بــدا وَصــلـك مَـعَـاي يْتباخَــر<br />,
لا ترتجي من صاحبك ضحكة حْجاج<br />,
<br />,
سوس الهجر في عَظم الاشواق ناخِر<br />,
والحـزن فــي روض المحبّيـن دَوَّاج<br />,
<br />,
مْـن التغطـرس ، والكبـر ، والتفاخـر<br />,
ما جبـت لجروحـي من فْراقـك عْلاج<br />,
<br />,
علــى كثـر مـا كنـت يـا زين ذاخر<br />,
فـي ممـلكـة قلبـي لـك العرش والتاج<br />,
<br />,
مـن قلـب بالشيمـه وبالعـزم زاخِـر<br />,
أقـفيـت و آنــا عـالـيٍ مـثــل الابــراج<br />,
<br />,
والله لو انّك أوَّل انسان ، وآخِر ..<br />,
انسان .. ما احتاجك ولو كنت محتاج,
,
يا ريّس الدوله يابوراشد يابو خالد وازيد ​<br />,قبـر الشهيـد
​​​يا شْيوخنا في كل شِبرٍ من ثَرى هذا الوطن<br />,
<br />,
يا شَعبنا ياللي عن دروب الكَرَامه ما يحيد​​<br />,
​​​بَقول كلـمه بالنِـيابه عَن مشَاعِركـم لِـمَن<br />,
<br />,
يْحَسّب انّا نَرهب مْن الموت وِنْخاف الوَعيد​​<br />,
​​​حِنّـا رِجال المعركه والسّيف والرِمح الأسَن<br />,
<br />,
نْـموت والرَّايه تِرَفرف والعَدو حَاله زهيد​​<br />,
​​​مثل شهداء الوطن والعِزّه اللي لا وَ لَن<br />,
<br />,
نِنْسى موَاقفْـهم وما خَطّوه من دَمّ الوريد​<br />,
​​​من مجد في يومٍ له الحاسد رَغَم أنْفَه ذَعَن<br />,
<br />,
حِنّـا نجيد نْـحقّق الإنْجاز بالفكر وْنجيد​<br />,
​​نِردَع هَل الفتْنه يالين تْحيد عن درب الفتَن<br />,
<br />,
الهِمّـه العَليا لنا والعَـزم والرأي الحميـد<br />,
​​​ونقـدّم الفَـزعه لِوَجه الله وَلا نَـرجـي ثِـمَن<br />,
<br />,
في كل يومٍ لو فـقدنا من أشَاوسْنا فـقيد ​​<br />,
​​​ما ننتـهي وَلو نـهايـة دربنا قَـبْـر وْ كـفَـن<br />,
<br />,
نرمي بِقلبٍ من حجر ، نَبْطش بسيفٍ من حديد ​<br />,
​​​​والنصر باذن الله وثم بِعيال (زايد) ينضمن<br />,
<br />,
والشِعر في حُب الوطن يضحك حجاجه كل عيد​​<br />,
​​​​وشلون ما يعقد حجاجه للوطن وقت الـمِحَن<br />,
<br />,
لو كان ما يقدر يلامس بِرّكم جَزل القصيد​<br />,
ياللي على فرقاكم قْلوب العَرب ضاقت حزن<br />,
<br />,
لكن مشاعرنا لكم ذابت كـما ذاب الجليد​​<br />,
​​​إعزف يا هاجوس الشعر هاليوم من فكري لحَن<br />,
<br />,
لكم جـموع الشعر ترفـع راية الـمَجد التليد​<br />,
​​​وافعالكم بالفخر تسمو في البوادي والـمُدن<br />,
<br />,
والشعب في (صنعاءْ) يعزّينا وهو ليس الوحيد​<br />,
​​​لكن بكت (مأرب) عليكم وانزلت دمعة (عَدن)<br />,
<br />,
على ما قدّمتوا من الإقدام والبأس الشديد<br />,
​​​حتى استطعتوا ترجعون البسمه لْشعب (اليمن)<br />,
<br />,
واصبح بعد فضل الله بْوقفاتكم شَعبٍ سعيد ​​<br />,
​​​واسقيتموا أهل الغدر كأس الـمذلّة والغبن<br />,
<br />,
ضفتوا على المجد القديم لداركم مجدٍ جديد ​<br />,
​​​​ولـم تلين عزومكـم وَلا شكيتـوا من وَهَـن<br />,
<br />,
هنيّـكم في جَنّة الفردوس بالعيـش الرغيد​​<br />,
​​​​كمـا يقول الله لنا ، وايضا كما قد صَـحّ عَن<br />,
<br />,
نبيّـنا نقـلاً عن اصحابه هل النهج الرشيد​​<br />,
وَهَذهِ خَيـرُ الأدلّـةِ في الكـتابِ وَ السُـنَن<br />,
<br />,
وآعزّي اهل المملكه واهل المنامه واستعيد​<br />,
ما قال (زايد) باننا واحد في حرب أوْ في أمن<br />,
<br />,
لبْلادكـم سَطّرتوا الأمـجاد بالفعل الـمجيد​​<br />,
​​تـفاخري يا أمّـة الاسـلام واشـهد يا زمَـن<br />,
<br />,
أشرف قبر بعد الرسل والأنبيا قبر الشهيد​<br />,
​​​واعزّ وانبل تَضْحِيَه ما قُدّمت لاجل الوَطن<br />,
<br />,
,
سـالـت دمـوع احـمـد حفـيد اللي لهم طيبٍ وجاه<br />,كـلـمـة أخـي
قـلـت الـدمـوع تـتـرجـم اللـي مـسـتحـيـل يترجمه<br />,
<br />,
هـاجـوس شـاعـر لـو تـنـاقـل شـعـره كبار الرواه<br />,
بـعـض الـمـواقف يستحي عن وصفها حبر قلمه<br />,
<br />,
والله يــا احمـد لـو تعـرف الصـدر هـذا وش وراه<br />,
ورآه حـــزنٍ لــو بـغـيـت أكـتـمه وشـلـون أكـتـمـه<br />,
<br />,
حزني عـلى راشـد هـو أغـلـى حزن وآنا من نباه<br />,
الطـيـب أوصـيـت الـعـيـون انـهـا بـدمـعـي تكرمه<br />,
<br />,
لـو الـحـزن يـقـدر يـردّه مـا ذخـر جـفـنـي بـكـاه<br />,
حزنت لين الشمس تصبـح في عـيـونـي مظـلـمـه<br />,
<br />,
لـو آتـمـنّـى شي مـن دنـيا الـفـنـا كـان الــمـنـاه<br />,
إن الـعـمر يـقـسـم مـا بـيـن اثـنـين حتى أقـسمه<br />,
<br />,
واعـطـيــه نـصـف العمر واشوفه على قيد الحياه<br />,
واعـلّـمــه وش كـبـر قـدره فـي الـصـدر واعـلّـمــه<br />,
<br />,
إنّـه هـنـا فـي الـقـلـب لـيـن الـعمر ياصل منتهاه<br />,
وانّـي أحــارب حــزنـي بـذكـره وطـيـبـه واهـزمـه<br />,
<br />,
أهـزمه قـدّام الـعرب واتـحسّب ان قلبـي حـصـاه<br />,
وان صـرت بـلـحـالي كـوى كبدي بحامي ميسمه<br />,
<br />,
وأحـس بـالـكـيّـه فـي وسط الـقـلـب من كل اتجاه<br />,
أكـابــر بـعــزّه ونـفــسـي لـلـحــزن مـسـتــسـلـمه<br />,
<br />,
فـي كـل دارٍ زرتـهـا لـي أطـيـب الـذكـرى مـعـاه<br />,
لـكـنّـهـا صــارت بــعــد فـرقــاه ذكــرى مـؤلــمــه<br />,
<br />,
واللي يـفـاخــر بـيـن خـلـق الله بـكـثـرة أصـدقـاه<br />,
إن كان مـا يـفـهــم مـصـيـر الـنـايـبـات تـفـهّـمــه<br />,
<br />,
والـنـعـم فـي الـصـاحـب لـكـن الأخ يفرق مستواه<br />,
عـن مـسـتـوى صـديـقـك اللي يحشمك أو تحشمه<br />,
<br />,
الصـاحـب فـ لحـظـة غـضبه يضيع طيبه في رداه<br />,
يـبــيـع حـبّـه بـارخــص الأثـمـان مـهـمـا تـخـدمـه<br />,
<br />,
وأخـوك مـا يـقــدر يـبـيـعـه لأنّــه اصـلا ما شــراه<br />,
خُـلــق وحـبّـك وسـط خـفّـاقـه ويـجـري فـي دمـــه<br />,
<br />,
يـزعـل لـكـن لا قـلـت له يا اخوي يحتضنك رضاه<br />,
دائـم أحــاســيـس الأخــوّه بالـمحـبّـه تــلــهـــمــه<br />,
<br />,
كـلـمـة أخي من فم أخي أجمل ما تنطقه الشفاه<br />,
لأنّــه مـنـبــعـهـا خــفــوقـه قــبـل يـنـطــقـهـا فـمـه<br />,
<br />,
لـيـت الـقـبـر يـعـرف مـقـام اللـي دفـنّـا فـي ثـراه<br />,
يـا مـااعـظـمـه حـيٍّ وهـو مـيّـت بـعد يا مااعظمه<br />,
<br />,
ما عاد لك يا احمد ولا لي غير ندعي في الصلاه<br />,
ونـقـول يـا راحـم عـبـيـدك مـن عـذابــك تـعـصـمـه<br />,
<br />,
قـبـلـه جـنـود بـلادنـا ضـحـوا لـجـل تـذعـن عــداه<br />,
ألله يــصــبّـــرنـــا عــلــى فــرقــاه والله يــرحــمـــه<br />,
<br />,
,
سَكّــر وكلّـم بَعَـد خَـمْـسة دقـايق<br />,فكّــر شـوّي
<br />,
أنا مــزاجـي مــن زمـانـي تعكّـر<br />,
<br />,
مـا ودّي آكـلِّـمِـك والـبـال ضايـق<br />,
<br />,
والاّ تـرى مـا ودّي انّــك تـسـكّــر<br />,
<br />,
وارجـوك لا تزعل يا سيد الخلايق<br />,
<br />,
لا تــحـسـب انّي من غلاك آتنكّر<br />,
<br />,
يالفايـق بـحسنك على كل فـايــق<br />,
<br />,
يا مـجيّـرٍ بالـفكر وصـف المفكّــر<br />,
<br />,
غـلاك يـجذبنـي بـكـل الطـرايــق<br />,
<br />,
وصلك عسل ما خالطه أي سكّـر<br />,
<br />,
حديثك الطف من نسيم الحدايق<br />,
<br />,
يوم انبعث من بعد وسـمي مبـكّر<br />,
<br />,
قال الله يسامـحـك ما فيه عايــق<br />,
<br />,
بينــي وبيـنك فكر شــويّ ، فكّــر<br />,
<br />,
صــوتي يخلّي ضايق البال رايق<br />,
<br />,
نســيت ؟ والاّ ما تـريد إتــذكّر ؟,
,
أحلَى قصـيْدَه جذَبني فكِر كَاتبها<br />,حكمة الشامخ
فـي اسْلوبها فـي بَـحَرها فـي قُوَافيها<br />,
فـي صُـوغَها باقْـتدار وْ فـي مَآربها<br />,
و بْـهيبة الْقـاء شَـاعِر يوم يَلقيها<br />,
لٍهْ حِكْـمة الشَّامِخ اللّي ما يِجًنّبها<br />,
عَن العُـلا لانّ له نَفـسٍ معَلّيها<br />,
حْروف إسم سَيّدي قدّام ارتِّبها<br />,
اشْفاهكـم تَعرف اوّلها و تَـاليها<br />,
دايم (أبو راشد) الشَّارات يِكْسَبها<br />,
تَاتـيه من قُـوّ عَـزمه قَـبْل يَاتيها<br />,
أفكـاره العَالـميّـه يـوم يَـنْدِبـها<br />,
لابُد تَفْرش عَلى الغيْمَه جَنَاحيها<br />,
الْغربي افْكـارنا يَا شـيخ غَرّبها<br />,
خَلاَّ عَربنا تِـقَلِّده فْـ خَطاويها<br />,
لكن أرض العَرَب من يوم جَنَّبْها<br />,
زِرَعْت روح التَّحدِّي فـي فَيَافيها<br />,
حَتى هَل الغَرب بافْكارك تِعَرّبها<br />,
هذي سُواياك مِنْ يِقْدَر يسَوّيها<br />,
تْعيش يَا فَارس العرب وْ مَعزّبها<br />,
إللّي بِك الناس ما خَابت هَقَاويها<br />,
تَرى مَا ظل العيون الاّ حواجبها<br />,
وَ لاَ يعـزّ الرِّجَــال الاّ مبـاديها<br />,
وَ لا نصَدّق رِجَال وْ لا نكذّبها<br />,
الين تَكْشِـف لنا الايَّـام خَـافيها<br />,
أهْل العَذاريب حِنّا مَا نِعَذربها<br />,
لَوْ نَعْرف وْجيْهَها وْنَعْرف أسَاميها<br />,
و جْروح سُود اللّيالي ما يحسّبها<br />,
يا مْـجَرّبين اللـيالي ، غيْر رَاعـيها<br />,
و النّاس مَهْما تِعَلّت فـي منَاصِبْها<br />,
ضِـيْق الـحِيَاه الشقـيّه ما يخَلّيها<br />,
وِ الْفاتِنَه اللّي شِعر (حمدان) عَاجبْها<br />,
تَهديني الحُب و التَّقدير وَ اهْديها<br />,
قِصَـايـدٍ تَنْعش النَّفس وْ تهذّبها<br />,
كتَبْتها يوم جَاب الشّـوق طَاريها<br />,
تِزْعَل من الريح لا قَامَت تلاعِبْها<br />,
ما تَعْرف انّ الهَبَايب ذَايبه فيها<br />,
بْـودّي آقول أي ارضٍ تسير بْها<br />,
تَنْبـت زَهَـر كِنّها تِـزْرَع أيـاديها<br />,
لكن مَعنى مُكَـرّر ما يليق بْها<br />,
وَ انا بيوتي مَا اكرّر فـي مَعانيها<br />,
الـمُخلِصَه فـي غلَاها مَا يعَذّبها<br />,
إلاّ الى طَوَّلت صَدّات مِغْليها<br />,
الهَجْر يَبْعد بها و الوَصْل قرّبها<br />,
بين الهَجِر و الوَصل نَفْسي معنّيها<br />,
و النَّفس لا مِن شِكَت فَرقى حَبَايبها<br />,
مَافيه شَيٍّ فـي هَذا الكون يَرْضِيها,
,
قال‭ ‬شاعرنا‭ ‬ما‭ ‬سـمّعنا‭ ‬جديده‭ ‬<br />,ملهم القصيدة
قلت‭ ‬شاعركم‭ ‬من‭ ‬اللهفه‭ ‬يعاني<br />,
<br />,
كيف‭ ‬تسأله‭ ‬القصيد‭ ‬وتستزيده<br />,
وانت‭ ‬من‭ ‬يلهمه‭ ‬شوقه‭ ‬والحناني<br />,
<br />,
قال‭ ‬أبغي‭ ‬بيت‭ ‬ينشر‭ ‬فـي‭ ‬الجريده<br />,
وآتـحدى‭ ‬به‭ ‬شعـراء‭ ‬الزماني<br />,
<br />,
قلت‭ ‬من‭ ‬شعر‭ ‬الفريد‭ ‬اخذ‭ ‬الفريده<br />,
حكمه‭ ‬فـ‭ ‬بيتين‭ ‬يالغصن‭ ‬اللياني<br />,
<br />,
صاحبٍ‭ ‬يبخل‭ ‬عليك‭ ‬بلمسة‭ ‬ايده<br />,
وانت‭ ‬تحسب‭ ‬لجل‭ ‬لقياه‭ ‬الثواني<br />,
<br />,
نفس‭ ‬من‭ ‬يبخل‭ ‬عليك‭ ‬فـ‭ ‬يوم‭ ‬عيده<br />,
بالتحيّه‭ ‬وانت‭ ‬طامع‭ ‬بالتهاني<br />,
<br />,
قال‭ ‬عيده‭ ‬،‭ ‬قلت‭ ‬ما‭ ‬أقـدر‭ ‬أعيده<br />,
يا‭ ‬حبيبي‭ ‬لا‭ ‬تصير‭ ‬انسان‭ ‬اناني<br />,
<br />,
شاعرك‭ ‬لو‭ ‬يطلق‭ ‬من‭ ‬الفكر‭ ‬قيده<br />,
إنفجر‭ ‬هاجوس‭ ‬بركان‭ ‬المعاني<br />,
<br />,
قال‭ ‬بسأل‭ ‬،‭ ‬قلت‭ ‬قول‭ ‬اللي‭ ‬تريده‭ ‬<br />,
قال‭ ‬شعرك‭ ‬ليش‭ ‬لا‭ ‬قلته‭ ‬سباني<br />,
<br />,
قلت‭ ‬هذا‭ ‬فضل‭ ‬من‭ ‬سخّر‭ ‬عبيده<br />,
للمحبّه‭ ‬،‭ ‬والـمودّه‭ ‬،‭ ‬والتفاني<br />,
<br />,
رقق‭ ‬احساسك‭ ‬يابو‭ ‬نفسٍ‭ ‬عنيده<br />,
لين‭ ‬قمت‭ ‬تحب‭ ‬ما‭ ‬ينطق‭ ‬لساني<br />,
<br />,
وانت‭ ‬وصفك‭ ‬لو‭ ‬هل‭ ‬الشعر‭ ‬بتجيده<br />,
ما‭ ‬حدٍ‭ ‬منهم‭ ‬قِـدر‭ ‬ياخـذ‭ ‬مكاني<br />,
<br />,
لان‭ ‬عبد‭ ‬القاف‭ ‬ماهو‭ ‬مثل‭ ‬سيده<br />,
أوّلاً‭ ‬،‭ ‬وآهـم‭ ‬منّـه‭ ‬شـيّ‭ ‬ثــاني<br />,
<br />,
بيت‭ ‬واحد‭ ‬من‭ ‬حبيبٍ‭ ‬لك‭ ‬وريده<br />,
ضخ‭ ‬حبّه‭ ‬بين‭ ‬دمّه‭ ‬فـي‭ ‬المحاني<br />,
<br />,
عن‭ ‬مية‭ ‬شاعر‭ ‬وعن‭ ‬إمية‭ ‬قصيده<br />,
ينسجون‭ ‬بشعرهم‭ ‬فيك‭ ‬الأماني<br />,
<br />,
نام‭ ‬واحلامك‭ ‬يا‭ ‬ملهمني‭ ‬سعـيده<br />,
بعد‭ ‬ما‭ ‬حبّك‭ ‬ترعرع‭ ‬فـي‭ ‬كياني<br />,
<br />,
,
قـريــحـتـي ما يـخون الـشـعر تعـبيـرهـا<br />,فيها من الخيل
أصوغـها من ذكـى ما اصوغها من غبى<br />,
<br />,
وبـيـوت شـعري علـي لا جـات تـدبـيرهـا<br />,
لا يــمـكـن يـضـيع مـجهـودي عليها هَـبا<br />,
<br />,
والـهـجـن ، فـي كـل عـام يـزيد تـقديرها<br />,
رمـز الأصالـه لـنـا يــوم السـنين اشهبـا<br />,
<br />,
ومـضـمّـر الـنـادره يـعـجــبـه تـفكيـرهــا<br />,
تْعرف وش هو يبي ويعرف وش هي تبـا<br />,
<br />,
والـصـبـا لـهـا ميزةٍ ما توجد فـ غـيـرهـا<br />,
يـا عـاشـقـيــن التفــوّق والنصـر والـنبـا<br />,
<br />,
الشـايـب اللـي يـسـجّـل مـن جماهيرهـا<br />,
تـرجّـعـه كـل مـا فــازت لـعـصر الصــبـا<br />,
<br />,
فـيـهـا مـن الـخـيـل سرعتـها وتصويرهـا<br />,
ماهـي بـظـبـيٍ لـكنّ فيها وصوف الظبـا<br />,
<br />,
طـغى عـلى الهجن واهل الهجن تأثيرهـا<br />,
بالنصر ربّـي هـبـاهـا جـل مـن هـو هـبـا<br />,
<br />,
,
تـخـاف الـنـاس مـن لـيـلٍ هـذوبـه<br />,هدهد سليمان
&lrm;عـقـب مـاشـافـوا الـــعـالـم غـدوبه<br />,
&lrm;أنـا لـو مـالـقـيـت اللــي لـقـيــــتـه<br />,
&lrm;لا اسوّي فـي الزمان اكبر عجوبه<br />,
&lrm;أنـا دربـــي عـلى الـعـلـيــا صـنـعـتـه<br />,
&lrm;ومـن راد الـعـــلا يـصـنــع دروبــــه<br />,
&lrm;حكـى لي ( هدهد سليمان ) عنهـم<br />,
&lrm;و عـن سِـرّ وانـا غــايـب حـكــوا بـه<br />,
&lrm;ألا يا طـيـــــر خـبّـرنــي وانـا اللـي<br />,
&lrm;مثل ذاك الجـبل ياللي اتـقوا به<br />,
&lrm;خـويّ الـدرب مـا يـمـلك حـبـيـبـه<br />,
&lrm;يشــوف الـصـاحـبـه غـير مْحـبوبه<br />,
&lrm;قـصـيدي مـثـلـما الـعـــود الـمركـّز<br />,
&lrm;يـدشّ الــراس ويـغــيّـر اســلــــوبـه<br />,
&lrm;صـباح الـخـير يـا أحـمـد مـحـمـد<br />,
&lrm;صـبـاحٍ يـلـعـب بـغـصـنـه هـبـوبـه<br />,
&lrm;أنـا لـولا الـمــشــاعــر مـا اتـكـلـّــم<br />,
&lrm;عـن اللـي صــادقٍ أو صــدّقـوا به<br />,
&lrm;مـشـاعـر شـاعـرٍ يـبـغـي يْـتحـرّك<br />,
&lrm;عـقـب مـا كـان صـايـبـها رمــــوا به<br />,
&lrm;مـدى الأيـام لـو تـغـريك تـجـهــل<br />,
&lrm;مـثـل عَـالـِم ثـنـوا يوم اقـتـدوا بـه<br />,
&lrm;عـلى درب الـمـجــامـل والـمـنـافـق<br />,
&lrm;ألا يـا كـثــر نــاسٍ قــد مـشـــــوا بـه<br />,
&lrm;وانـا رجـلـي عـلـى الـطـيـب تخـطّى<br />,
&lrm;وهي ماهي على الطـيب مْـغـصـوبه<br />,
&lrm;لـكـنـّـه طــبـع ابــوي وطـبـع عـمّـي<br />,
&lrm;بنـوا لـي مــجـد حـسّــــــادي دروا بـه<br />,
وانـا اللـي تـصـنع الأمـجــــــاد كـفـّي<br />,
مكان أبـوي لا من غاب أنوبـه<br />,
مـجـرّد أبـسـط الـخـمـــس الأصـابع<br />,
على وجـه الـدهــر تـضـفي عـشوبه<br />,
أنا شـــــاعر ممـيّـــــز فـي حـيـــاتي<br />,
أسـهّــــل كـل دربٍ لـه صـعــــــــوبه<br />,
واذا تـبـغـي بـابـدّل الانـجـلـيـــزي<br />,
واتـرجـــم لـك بــدون ايّـة صـعـــوبه<br />,
لـمـا تروبه Many feeling apear<br />,
The night and darkness have many relations<br />,
والعالــــــــــــــــم نشوبه It goes and comes<br />,
إذا تـكـلـّــــمـت عـن يـوم الـقـيــــــامـه<br />,
أحـاسـيـسـي تـفـاجــأهـا بـرعـــوبـه<br />,
وبين اللـيـل والـظـلـما عـــلاقـه تـجـي<br />,
وتـــروح والـعـــالـم بـهــوبـه<br />,
وانا قلت البيـوت اللي اعجـبتني<br />,
ورحـت بـدرب مـا مـنكــم مـشــوا به<br />,
لـو ان وجـه الزمـن عـاقد حـجاجه<br />,
مـدار الأرض تـشـكـي مـن شـحـوبه<br />,
أحـسب ظـروف وقـتـي وآتـفـــادى<br />,
مـصادمـهـا لـو ان مـابـه صـعـــوبــه<br />,
واحـاول أمـتـلك عـقـــــلٍ مــفــكـّــر<br />,
عـبــاقـرة الـزمـــن مـا فــكّـــروا بــه<br />,
كـذا الإنـســان .. إحـسـاسٍ وعقـلٍ<br />,
قـبـل يـبدى خـطـاويـه مْـحـسـوبه<br />,
صـنعـت مـن الـوعي مبدا التـسامح<br />,
لأن ابــن آدم كــبـــــارٍ عـيـــــــوبـه<br />,
و قِـل الـفـهـم مـبـدا ما اعـتـنـقـته<br />,
ماهـو صـوبـي وانـا مانـي بـصـوبـه<br />,
لو ان قـلـب الـحقـيـقه غـير عــادل<br />,
لـتـلـقى الـمـجــــرم بْـلـيـّا عـقـــوبـه<br />,
بـشــوتٍ سـتـرها مـاهـو بـضـــافـي<br />,
يـحـضّـنهـا الـكـبيـر وْ كُــمّ ثــوبــه<br />,
جــزاك الله خـيـــرٍ يـاللــيــــــــالي<br />,
وذاك الـنـجـم قـولـي لــه يـادوبـه<br />,
يـا دوبـه يـقـدر يْـضـيء الـمــجـرّه<br />,
واشـعّـة شـمـسـنا تـعـلـن غــــروبـه<br />,
يـاليـت البـحر الاحمر ينشرب لي<br />,
شـربـته .. بس من يـقـدر شـروبـه<br />,
مـجـمّـعـت الـحـكي مانـي بـمنـهــم&nbsp;<br />,
ولا اسـولــف بـشــيّ سـولـفــــوا بـه<br />,
أعـبّـر من أحـاسـيـسـي مـا يصـعـب<br />,
على الـتـقـلـيـد واللـي قـلـّـــدوا بـه<br />,
أحـب الـغـيـم لان الـغـيـــم عــالـي<br />,
يـجــسّـد كـبـريــاءه فـي نـصـوبـه<br />,
واحـب الطـيـّبـيـن و لـي مــعــاهـم<br />,
مـثـل ما للـجـنـوبـي مـن جـنـوبــــه<br />,
لأن مـجـدي مثل قصـر الـخـلـيـفه<br />,
عـلى الـسَّـاس الـقـوي ثـبّـت أوبــه<br />,
ولا ينـقـص مـقــامـي عـند غـــالي<br />,
مـادام ان هـامـة الطـيب مـْعـصـوبه<br />,
تـرى كـثـر الـتـجــــارب نجّـحـتـني<br />,
وغـيــري كل يـــومٍ فـي رســـوبـــه<br />,
أغـنـّي مـن طــرب .. مــرّه ومــرّه<br />,
واغـنّـي حِسّـي الـنـفس الطـروبـه<br />,
وخطا الطيّب على الطيّب جريمه<br />,
لكـن مـا آعـذربـه لـو عـذربــــوا به<br />,
يـناظـرنـي بـعــيـبٍ لـيـس فــيـنـي<br />,
رحـمــك الله .. لـن تـلـقـى مـثــوبـه<br />,
ترى فـصـل الـشـتـا يـاتـيـك بـــارد<br />,
لكن فـي الصيف تذبحك الرطوبه<br />,
مـقـــــاديــر اللــيـــالي مــسـتـمــرّه&nbsp;<br />,
وسـيـع الـقـفر نـاسـه ضـيـّـقـوا بـه<br />,
أرى خيـل الـزمـــن غــارت عـلـينـا<br />,
ونـوقــــات الأحـاسـيـس مْـحـلـوبـه<br />,
أجــوب الأرض بـاقـدام الـمـعــزّه<br />,
ودربٍ مـا يـطـاوعـني مـا اجـوبـــه<br />,
لكـن يا اغلى الـحبايب وين دارك ؟<br />,
غـدى قـلـبـي مـن الـفـرقـى لـعـوبـه<br />,
حـصـان الشـوق لعـيونـك سرجـته<br />,
ولا يـصـعــب عـلى مـثـلي ركـوبــــه<br />,
تـبـسّـم كنـّك الـفـصـل الـربـيـعــي<br />,
تـمـخـطر كـنـّك امـجــاد الـعـروبـه<br />,
تـثـنـّى .. كـل غـصــــــنٍ لا تـثـنـّى<br />,
يـذوب بـه الـهـــــوى حـتى يـذوبه<br />,
يـا ريـح الـعـود يالـمـسـك اليـماني<br />,
قـطـور الـشـام لا مـن عـيـّـدوا بـه<br />,
تـشـبـّهــــنـي بـخـلــق الله ظــلـمـاً<br />,
وانـا قـلبي مـفـاتـنـك اكـفـروا بـه<br />,
ورب الـبـيــــــت إنّـي قـد شـعـــرت<br />,
بلـحـظات الـفـرح يـوم الـخـطـوبـه<br />,
وعـلى رمـشـك وخدّينك وعـينك<br />,
ســلام الله ســـلامٍ مـا يـشــــوا بـه<br />,
كــــلام الـشــك والـهــرج الـمـنـمّــق<br />,
من اللي نـاظـروه وما اشـعـروا بـه<br />,
أنـا مـؤمـــن بـربّــي والـتـجـي بـه<br />,
لـو ان أهـل الـكـفــر مـا آمـنـــوا بـه<br />,
آلـهـي قـد عـلـمـت بـأن عـبــــدك<br />,
كـسـيـر الـقـلـب تـقـلـقـه ذنــوبــــه<br />,
وكـم كـنــت عـلى الـســرّاء فـضـّــــاً<br />,
وقد أعـلـنـت فـي الـضـراء تـوبــه<br />,
لــقــد آن الآوان لـدمــــــع عـيــــنٍ<br />,
تـصــارع حـزنـهـا فـي كـل نـوبـــــه,
,
عن الشعب وعن الحُكَّام واهل الخير والأبطال<br />,أم الإمارات
وعـن رايـة جـنـودٍ فـي سـمـا صـنـعـاء مـرتزّه<br />,
<br />,
سـلام الله سـلامٍ صـادقٍ مـن خـاطــرٍ يـنـقـال<br />,
مـا ادزّه بالرسـايــل إنـمـا باحـسـاسـي آدزّه<br />,
<br />,
على امّ الأرض أخت الجود والتقدير والإجلال<br />,
سـميّـة بـنت خيـر الرُّسُـل ذات الـمجد والعِـزّه<br />,
<br />,
هـذي أُمِّـي ، وأمّ الأب ، وامّ العم ، وامّ الخال<br />,
نـبـاها فـوق هـامـات السحــاب وذكـرها نُــزّه<br />,
<br />,
مـن النسيـان ومْن العيب لانها أم خـيـر رجال<br />,
وأم اهــل الإمـــارات الـتـي بـالـعــز مـعــتــزّه<br />,
<br />,
قـوافـل خـيـرهـا مرّت على صنعاء والصومال<br />,
بـعـد ما فـرّحـت أهـل سوريا والنَّاس في غزّه<br />,
<br />,
لـعـيـد الله حَـزّه تـنـعرف مـع كــل نــور هْـــلال<br />,
وهـي فـي كـل حٓـزّه عـيـدها يـا ماابرك الحٓـزّه<br />,
<br />,
لـو يـقـولـون تـقـدر نـسـمـة الـغـربي تهزّ جبال<br />,
تـرى صـورتـك وسـط قـلـوبـنـا مـاهي بْمهتـزّه<br />,
<br />,
,
الغيمه‭ ‬اللي‭ ‬في‭ ‬السما‭ ‬قامت‭ ‬تلـوح‭ ‬بـروقـها‭‬<br />,إفتـرت
ياليتها‭ ‬تروي‭ ‬نخيل‭ ‬ديار‭ ‬خلّي‭ ‬لا‭ ‬امطرت<br />,
<br />,
واهم‭ ‬شيّ‭ ‬النخله‭ ‬اللي‭ ‬يابسات‭ ‬عروقها<br />,
لي‭ ‬تحتها‭ ‬ذكرى‭ ‬توسّع‭ ‬خاطري‭ ‬لامِن‭ ‬طرت<br />,
<br />,
ذكرى‭ ‬هنوفٍ‭ ‬كن‭ ‬صدري‭ ‬من‭ ‬غلاها‭ ‬سوقها<br />,
باعت‭ ‬علي‭ ‬الوجد‭ ‬والحزن‭ ‬الحقيقي‭ ‬واشترت<br />,
<br />,
مشاعري‭ ‬حتى‭ ‬تمكّن‭ ‬في‭ ‬خفوقي‭ ‬شوقها<br />,
ولا‭ ‬درت‭ ‬إنّي‭ ‬مولّع‭ ‬في‭ ‬هواها‭ ‬ولو‭ ‬درت<br />,
<br />,
إن‭ ‬الثرى‭ ‬من‭ ‬تحتها‭ ‬وان‭ ‬السما‭ ‬من‭ ‬فوقها<br />,
وان‭ ‬الغلا‭ ‬يكبر‭ ‬معاها‭ ‬كل‭ ‬يومٍ‭ ‬لا‭ ‬اكبرت<br />,
<br />,
همساتها‭ ‬نظراتها‭ ‬بسمة‭ ‬ثغرها‭ ‬ذوقها<br />,
والطلّـه‭ ‬اللي‭ ‬من‭ ‬بهاها‭ ‬كل‭ ‬ظلما‭ ‬نوّرت<br />,
<br />,
أسلوبها‭ ‬وأخلاقها‭ ‬تفكيرها‭ ‬منطوقها<br />,
صفات‭ ‬زادتها‭ ‬كبر‭ ‬على‭ ‬كبر‭ ‬لين‭ ‬افترت<br />,
<br />,
والفاتنه‭ ‬لا‭ ‬استكبرت‭ ‬لا‭ ‬تنكرون‭ ‬حقوقها<br />,
من‭ ‬حقّها‭ ‬من‭ ‬حقّها‭ ‬من‭ ‬حقّها‭ ‬لا‭ ‬استكبرت<br />,
<br />,
كم‭ ‬تظلم‭ ‬الدنيا‭ ‬إلى‭ ‬غابت‭ ‬على‭ ‬معشوقها<br />,
أشعر‭ ‬بفرحه‭ ‬لا‭ ‬اقبلت‭ ‬واشعر‭ ‬بضيقه‭ ‬لا‭ ‬ادبرت<br />,
<br />,
في‭ ‬ليلة‭ ‬الذكرى‭ ‬ونار‭ ‬فراقها‭ ‬وحروقها<br />,
سريت‭ ‬واحزاني‭ ‬هنا‭ ‬بين‭ ‬المحاني‭ ‬ما‭ ‬سرت<br />,
<br />,
وانا‭ ‬رجل‭ ‬تجري‭ ‬دموعي‭ ‬بس‭ ‬داخل‭ ‬موقها<br />,
من‭ ‬عزّتي‭ ‬من‭ ‬فوق‭ ‬خدي‭ ‬ما‭ ‬اذكر‭ ‬انها‭ ‬قد‭ ‬جرت<br />,
,
في‭ ‬رجا‭ ‬عفـوٍ‭ ‬من‭ ‬القـادر‭ .. ‬عبـيد‭ ‬القادر<br />,القـادر
صلّت‭ ‬وْصامت‭ ‬وجات‭ ‬البيت‭ ‬حج‭ ‬وْ‭ ‬عمره<br />,
رحـمة‭ ‬الله‭ ‬يا‭ ‬بشـر‭ ‬ماهو‭ ‬بشـيٍّ‭ ‬نــادر<br />,
ننـتهـي‭ ‬عـن‭ ‬ما‭ ‬نهـانـا‭ ‬ونتـقـيّــد‭ ‬بامـره<br />,
إطلـبـوا‭ ‬جـنّـته‭ ‬بالـتـوبــه‭ ‬ودمـعٍ‭ ‬صـادر<br />,
من‭ ‬عـيونٍ‭ ‬مكـتسـيها‭ ‬من‭ ‬بكاها‭ ‬حـمره<br />,
واستعيذو‭ ‬به‭ ‬من‭ ‬ابليس‭ ‬الخبيث‭ ‬الغادر<br />,
واتـقـوا‭ ‬نــاره‭ ‬ولو‭ ‬حتى‭ ‬بـشـق‭ ‬الـتمــره<br />,
يدري‭ ‬ابن‭ ‬ادم‭ ‬لو‭ ‬ان‭ ‬طال‭ ‬العمر‭ ‬بـيغـادر<br />,
وللهدى‭ ‬زمـره‭ ‬واكـيد‭ ‬ان‭ ‬لـضلاله‭ ‬زمـره<br />,
لو‭ ‬محبّـينه‭ ‬كـثر‭ ‬زبـد‭ ‬الـمحـيط‭ ‬الهـادر<br />,
لا‭ ‬انتهى‭ ‬عمره‭ ‬مازادو‭ ‬نص‭ ‬يوم‭ ‬فعمره<br />,
المهم‭ ‬اللي‭ ‬مسند‭ ‬فوق‭ ‬الارض‭ ‬وْحادر<br />,
أرض‭ ‬ربّـي‭ ‬بك‭ ‬ومن‭ ‬دونك‭ ‬ترى‭ ‬منعمره<br />,
ان‭ ‬قـدرت‭ ‬انّـك‭ ‬تبـادر‭ ‬بالـمكارم‭ ‬بــادر<br />,
ولا‭ ‬تـقـارن‭ ‬حـر‭ ‬نـار‭ ‬الله‭ ‬بحـر‭ ‬الجـمـره<br />,
&nbsp;,
,
يا اصْحابنا يا أهْلِ الوجوه السّفيرة<br />,إفهـم مكـانـك
نادوا على عزّام عندي أمرْ هام<br />,
<br />,
وعزّام لي فـ الوقت مِثل الذّخيره<br />,
احتاجها إلى كثروا في دربي أخصام<br />,
<br />,
عندي قِصيده قافِيتْها مثيره<br />,
وعزّام شاعرٍ عندَهْ بشعري إِلمام<br />,
<br />,
كتبتها قبْل أمسْ عندَ الظهيره<br />,
وبعد ما كمّلت قلت: نادوا العزّام<br />,
<br />,
نار الهجوسْ (اللندنّيه) سِعيره<br />,
لو غصنَها الاخْضر تداعِبْه الأنسام<br />,
<br />,
ياللـي تدوّر للنجاح ونظيره<br />,
إقربْ.. بعد إقربْ.. بعد إقربْ ودام<br />,
<br />,
إنّـك من اصحاب العـقول الـمنيـره<br />,
ركّز معي واكتبْ مقولهْ بالأقلام<br />,
<br />,
أبا أسألِك سؤال ما فيه غيره<br />,
إجابته بتوجّهك وبشكلْ تام<br />,
<br />,
عندك صـبر من هالحـياه الـمـريره<br />,
إذا نعمْ.. من دون وسواس وأوهام<br />,
<br />,
خلّـك كبـيـر، وأمنـيـــاتـك كـبيـره<br />,
مهما تحاولْ تحبطك سودَ الأيام<br />,
<br />,
وإن كان لا.. خلْ أمنياتِك صغيره<br />,
لا تلعب بعقلك كبيراتْ الأحلام<br />,
<br />,
الـدافـــــع بـداخــلك مايـستـثيـــره<br />,
سوى النجاح العذب من وحي وإلهام<br />,
<br />,
خلْ الأمل يصاحِبِك فـ الـمسيره<br />,
واطـمح طـموح يحـفّـزك للـتـقـــدّام<br />,
<br />,
تـرى الطـمـوحْ يحـكّـمك كل ديـــره<br />,
حتى لو أنك مَا أنْتْ مِنْ صِلْبْ حكام<br />,
<br />,
وقّـف بـفـكـرك للـزمــــان وتـديــره<br />,
ويسـولـف الـتـاريخ عنّـك للأعــوام<br />,
<br />,
واقدم إذا كان التقدّام خيره<br />,
الاقدام له وقـته وله وقـت الاحجـام<br />,
<br />,
ولا تـهــــوّر تـدخـل بـ كـل حِـيـــره<br />,
ولا تـراخى،  فـ التـراخي تـنــدّام<br />,
<br />,
إِنّكْ تكونَ الأول فـ كلْ سيره<br />,
أو الأخير.. المسألة حسبةَ أرقام<br />,
<br />,
ما كـلْ نــاسٍ بالـمـكــانـه جـديـــره<br />,
لو بالغ فـ تضخيمها صوت الإعلام<br />,
<br />,
إفـهـم مِكانِكْ في الصّفوفْ الأخيره<br />,
حتى تِعَرفْ الفرقْ لا صرت قدّام<br />,
<br />,
<br />,
<p>&nbsp;</p>,
,
من غـرائب هالحـياه ارجو من الله السكينه<br />,اعذروا رماح
فوق الارض ورحمته أكبر طموحاتي تحتها<br />,
<br />,
كل مولـودٍ يشـوف فـ جيله الحاضـر بعـينه<br />,
لا كبرْ غـــرايبٍ ماتـْت جـــــــدوده ما رأتـها<br />,
<br />,
وبين جيـل وجيل مازالـت مشـاعِرنا رهـينهْ<br />,
للجـروح، وللطـعون، وللـسـنين وعَجـرفـتها<br />,
<br />,
والحــياه اللي نثـمَّــنها تـرى ماهي ثمـينـه<br />,
لو خٓـلٓـت قـلـوبـنا من الـمشــاعـر وبْـركـتها<br />,
<br />,
والتـناقـض فـ الزمـان اللي تـتـعبنا سـنينه<br />,
لو يهـز اهـلِ الـمنـــازل مايزعــزع منـزلتـها<br />,
<br />,
يبكي البسـتاني ان قطفت أمامه ياسـمينه<br />,
إنِّـما تـفـرح بقـطـفـتها يـدينـن قـاطـفـتـــها<br />,
<br />,
والهجوس اللي تهِز اهل الشِعر حبكته وينه<br />,
ناوي اكتب لي قصِيده في عجـايب قافيتها<br />,
<br />,
تحزِن اهل الريـف وتبكّي جماهير الـمدينه<br />,
لين اخلّـد في تـواريـخ القـصايـد سـالفـتها<br />,
<br />,
الصبر يا قلـب وجـروحك ورا ضلعـك دفينه<br />,
للـيـالي فـلسـفه، والنـاس تجهـل فلـسفتها<br />,
<br />,
والحـزن لو لـه حـواجـز تـنبـني بينـك وبيـنه<br />,
كان شفت اللي شكت الاحزان من قبلك بنتها<br />,
<br />,
إعـذروا رمّـاح لو بان الحـزن في وسط عينه<br />,
يْـعرف من هي عجـايب ويعـرف شو منزلتها<br />,
<br />,
ويعـرف كم فـــارسٍ ذاق الـمــراره والغـبيـنه<br />,
يـوم نافـسها، ويعـرف كمْ بطـــولـه حقّـقتها<br />,
<br />,
ويعـرف شـيــخٍ تبـشّـر بالـفخر طـلّـة جـبينه<br />,
الجـبال الشامخه ربّـي وهـب له من صفتها<br />,
<br />,
عـبقـري عصـره وعـز بْــلاده وشعـبه وديـنـه<br />,
تـفـتخر فيه العـروبـه ليـن سُمّـي مفخـرتـها<br />,
<br />,
ياعجـايب فـارسـك ما تـلـوي الـدنـيا يمـينه<br />,
لكـن الفـرقى عـذاب وكل نفـس  ومقـدرتها<br />,
<br />,
العـيـون الحاسـده ووعـورة الأرض اللـعـينه<br />,
خسَّـرت عـشّـاقتـك شـوفك لكن لو خسَّـرتها<br />,
<br />,
ماخسر فارس لجـامك ماخَذْل قبضة يدينـه<br />,
لين نـافـس عالـمٍ ماحـدٍ  قـدر لـمنافـســتها<br />,
<br />,
معـنــويّـة فـارســك للـغـيـم وعـزومـه مـتينـه<br />,
والرجــال تبين في يـوم الشـدايد مرجـلـتها<br />,
<br />,
والقصـيد اللي يعـبّر عن مشـاعـرنا يازيـنه<br />,
والقـلوب اللي بدون احـساس ياقِـل بْـركتها<br />,
<br />,
كبريائي يجبر الخافق مايكشف عن حنينه<br />,
وفيه دمعهْ في عيوني بس عيني ما ادمعتها<br />,
<br />,
,
بدا للشـعر طاري والشعر تفخر به الاجواد<br />,مْيَدانُ التّفاخُر
لكن ما كل شـاعر يـبدع القـيفان يســعدها<br />,
تجهّـز يا هـجوسي ما بقى دون الوعد ميعاد<br />,
ترى لك صفحة الابـداع كفّ الشعر فاردها<br />,
يبي منّك قصـيده ذكرها يبقى مع الاحـفاد<br />,
مقاصـدها عظيمه والعظائـم من مقاصـدها<br />,
تهز احساس شاعرها وهي في مرحلة الاعداد<br />,
"واذا تمّت<span dir=""LTR"">..</span>تهز احساس سامعها ومنشدها<br />",
"كأن رقّـة قوافيـها مثل رقّـة هوا <span dir=""LTR"">( </span>بغـداد)<br />",
خليجيّة معاني لكن الرقّه تبغددها<br />,
ولا تامن على شِعرك من الناقد ترى النقّاد<br />,
على درب المعاني كل فكرة بيت تنقدها<br />,
وانا شوقي لداري كل يوم بـْخافقي يزداد<br />,
يا داري فكرتي لاجلك على الواقع أجسّدها<br />,
قديم بْيوتي بْمدحك لو انها دائـماً تنعاد<br />,
معَ عـشّاقي اللي من كبـر قدرك تردّدها<br />,
أنا والله ما اعيد اللي كتبته فيك لو يزداد<br />,
طلب جمهوري اللي من غلاك يقول لي عِدها<br />,
من امجاده مَعَ كل انبلاجة نور شمس جْداد<br />,
من بيـوت الشـعر ما يسـتحق الاّ جدائـدها<br />,
في الاستعداد يابلادي أنا دائم في الاستعداد<br />,
أجهّز لك من بيوت القصيد أجمل فرائدها<br />,
&nbsp;قرائـحنا على حبّك أنا واصحابي القصّـاد<br />,
نفسّرها ولا تجهل قصيدي من قصائدها<br />,
في ميدان التفاخر لجل وصفك يا أعز بْلاد<br />,
نسوق افكارنا والسابق اللي تطلع بْيدها<br />,
تبختر يا علمنا في السما عالي وكالـمعتاد<br />,
لك شعوبٍ وفيّه ما نست وقفات زايدها<br />,
هنا يوم الوطن والمفخره والنصر والأمجاد<br />,
لدارٍ (زايـد) الـخالد رحمه الله خلّـدها<br />,
وطنّا سولف التاريخ بالهجري وبالـميلاد<br />,
على أمجادٍ لك التاريخ نفسه كان يشهدها<br />,
وطنّا لك سلامٍ فيه من ريح النفل والكاد<br />,
ومن ود القلوب اللي ما تخفي لك تودّدها<br />,
وطنّا ما تعرف الظلم والذلّه والاستبداد<br />,
أمانك كل وحشه في قلوب الشعب بـدّدها<br />,
وطنّا غيمتك تبـرق فـخر واجلالٍ وْرعّـاد<br />,
يذكّرنا بصوت جْدودنا يومٍ سواعدها<br />,
تحرث الأرض وحدود البلد تحماه بالأجساد<br />,
ولا ترضى باقل من النصر لانّه عوايدها<br />,
واذامات الرجل دون الوطن في لحظة استشهاد<br />,
هَلَه ما حن نعزّيها في موته بل نعايدها<br />,
تـهنّي أختـه اخـوانه وكن موته من الأعـياد<br />,
تفاخر في مـماته والدتـها قبل والدها<br />,
يغنّـي باسـمه التــاريـخ والشجعان والأسـياد<br />,
وتدعوا له قلوب اهل التقى لحظة تشهّدها<br />,
نـحور اهل الضغينه روسـها لسـيوفنا تـنقاد<br />,
تفجِّ نحورها حتى يهاب الحرب سيّدها<br />,
نحن لاهل المكايد دون حَد الدار بالـمرصاد<br />,
نكيد وكيدنا باذن الولي يغلب مكايدها<br />,
نحن من ينصر الإسلام ونعاضد شعوب الضاد<br />,
والاعـدا ضدّها عهدٍ علينا ما نعاضدها<br />,
نحن بيض الوجوه اللي ما تغدر والرجال اشهاد<br />,
لا صار وْجيهكم يا اهل الغدر ربّي مسوّدها<br />,
نحن قومٍ ما تنكر عِشرة اهل الملح واهل الزاد<br />,
ولا تـخلف وعـوده للـوفا لا حَـل موعدها<br />,
نـحن من كلـمة التوحيد كلمتنا وحِـن عبّــاد<br />,
لرب الكائنات اللي من اللا شيّ أوجدها<br />,
نحن عند الشدائد ما نزعـزع والعزوم شداد<br />,
بـيارقـنا على هَـامَــــة معـادينا نـشـيّـدها<br />,
نحن من يعدل المائل عن الميله واذا ما فاد<br />,
تميّل هامته حدب السيوف اللي نجرّدها<br />,
نحن بكـفوفنا حل العقد رغـمٍ على العقّـاد<br />,
وهو ما يقدر يحل العقود اللي نعقّـدها<br />,
يا ريّـسنا لك البيعه من الشـيّاب والأولاد<br />,
مَعَ شمس الصباح قلوبنا لاجلك تجدّدها<br />,
يقلّدك الفخر شعبك ، فخر مالك عليه انداد<br />,
لأنّك يا طويل العمر بالعزّه مقلّـدها<br />,
"<span dir=""LTR"">(</span>خليفه) كلمته من حكمته يقنع بها الاضـداد<br />",
له قلوب البشر من طيبته كنّه مجنّـدها<br />,
وحنّا له جنود شيـوخ أو ضبّـاط أو أفراد<br />,
تحت أمره يالين تـموت ما تعلن تمرّدها<br />,
خصومه خيلها دائم على بحر الردى ورّاد<br />,
وهو خيله على بـحر الوفا دائم يورّدها<br />,
وابو راشد وابوخالد سيوفٍ في اللزوم حْداد<br />,
معَ حكّـام دولتنا تعاهدك وتعاهدها<br />,
رجال بْلادنا خير السند ياللي تريد سْناد<br />,
يا سنّدها على مثل الجبل أو لا تسنّدها<br />,
رجالٍ ما تعرف التفرقة والكفر والإلحاد<br />,
مَعَ خمس الفروض الله أكبر في مساجدها<br />,
"رجالٍ كثرة انـجازاتـها<span dir=""LTR""> .. </span>كثـرة لها حسّاد<br />",
لكن تبقى فعائلها ويفنـى قول حاسدها<br />,
رجالٍ في نـهار الحرب جـمر فعولها وقّـاد<br />,
شياطيـن العباد بْقـيد وحدتـنا نـقيّـدها<br />,
عرمرم سيلنا ياللي تعرّض سيلنا لا عاد<br />,
تعرّض سيلنا واخذ النصـيحه لا تعادوها<br />,
يزلزل عزمنا شم الجبال اللي في الارض اوتاد<br />,
يالين اهل العناد تتوب من كثرة معاهدها<br />,
ومن يْعد الـمكارم والـمكارم تتعب العدّاد<br />,
مكارمـنا ما تـقدر عـدّها ياللي تعـدّدها<br />,
سبت عبله برقّـتها عقل(عنتـر) إبن شدّاد<br />,
وداري شـرّف الله شعبها في ظل قائدها<br />,
سبت بالنهضه اللي أسّـسوها للعـلا روّاد<br />,
عقول شعوبها من قبل تسبي عقل وافدها<br />,
توحّد لك يا داري من وفا شعبك قلوب عباد<br />,
وشعبك من وفاك قلوبـهم تعلن توحّدها<br />,
عسى الله يحفظك يا شعبنا من صاحب الأحقاد<br />,
وحكّامك خطاويـها على العـزّه يسدّدها<br />,
هنا يوم الوطن والـمفخره والنصر والأمـجاد<br />,
لدارٍ (زايـد) الـخالد رحمه الله خلّـدها,
,
"<div style=""text-align: right;"">للــزعيــــم الـمُـلْـهِــم لشـعــبـه وللأمّــــه بــوادر<br />",الـزعيـم الـمُـلْـهِــم
وانـت يـا سـلـمـان فـيــك الأوّلــه واللـي يــليها<br />,
المليك اللي على صنع الحدث في الأرض بادر<br />,
والحـكـيـم اللـي إلـى جـات المصايب يحتويهـا<br />,
مـرحـبـا بك من لفيت ارض الوفا حتى تــغـادر<br />,
ولــو تـغــادر ذكريـاتــك خـلّــدت بالعــز فـيـهـا<br />,
نـادر وما تسـتـحـق مـن الـبـيـوت الا الـنــوادر<br />,
البـيـوت اللـي في مدحك تحترمها سامـعـيـهـا<br />,
أثـبـتـت كـل الوقــائـع واكّــدت كـل الـمصــادر<br />,
إن وحــدتــنــا وهــيـبتـنـا تتــعّــب حـاسـديـهـا<br />,
وان ولاء شـعـوبـنـا لشـيـوخـهـا هالوقــت نـادر<br />,
عـلّـم اللي ينتقص فأهـل الخــلـيـج ويـزدريـهـا<br />,
قـدرة الله غالـبـه عـلـى مـكــايــد كـــل غــــادر<br />,
"<span dir=""RTL"">والعـروبـه</span> <span dir=""RTL"">واهـلهـا</span> <span dir=""RTL"">علـى</span> <span dir=""RTL"">هــدي</span> <span dir=""RTL"">سـنّــة</span> <span dir=""RTL"">نـبــيـهـا​</span></div>",
,
مرحبا ياللي فهم قبل الإشاره<br/>,رد حمدان بن محمد على أبيات:ضاحي خلفان
ضاحي اللي مركزه فوق القمم<br/>,
دون حكّامه ودون حدود داره<br/>,
لو طلبته دم قلبه قال: تم<br/>,
صاحبٍ يصدق معك في الإستشاره<br/>,
وان طلبته يكتم أسرارك، كتم<br/>,
ليله بصدقه مثل واضح نهاره<br/>,
يستحق آقول ضاحي والنّعِم<br/>,
وفيه ناسٍ قربها يُحسب خساره<br/>,
لا عهودٍ وافيه.. وَلا ذمم<br/>,
فارقٍ عنهم مكانك فالصداره<br/>,
فرق أعلى الراس من واط القدم<br/>,
,
"<div style=""text-align: right;""><strong>ياللي تقول ان الصراحه شعارك</strong><br />",الحـزن راحـه
<strong>طبّق على نفسك نظام الصراحه&nbsp;</strong><br />,
<strong>الناس ما يمـشي عليها قـرارك</strong><br />,
<strong>بعض الصراحه تعتبرها وقاحه</strong><br />,
<strong>ومن دوّر لشورك عسى لا استشارك</strong><br />,
<strong>شـورك يكون اكبر سبب لارتياحه</strong><br />,
<strong>لا تنـتحر لا ضقت لان انتـحارك</strong><br />,
<strong>جريمه ف دين الهدى والسماحه</strong><br />,
<strong>فالضحك راحه بس احب آتدارك</strong><br />,
<strong>واعلّـمـك إن الحــزن فيه راحـــه</strong><br />,
<strong>لذا في قلبك هـ الثـنين تشـارك</strong><br />,
<strong>منهم ترى ما للخفوق استراحه</strong><br />,
<strong>من كثرة افراحه في عيدٍ مبارك</strong><br />,
<strong>يوم الحــزن لابد تكثـر جراحــه</strong><br />,
<strong>قبل يضيع العمر ، حدّد مسارك</strong><br />,
<strong>ما زالت الفـرصـه أمامك متـاحه</strong><br />,
<strong>لو ان هـمومك فالضـمير تْـعارك</strong><br />,
<strong>دع للتفاؤل في ضميرك مساحه</strong><br />,
<strong>شف سوريا بعد السياحه معارك</strong><br />,
"<strong><span dir=""RTL"">والبوسـنه بعد الـمعـارك سياحـه</span></strong></div>",
,
"<div style=""text-align: right;"">يا صاحب الهجر هجرك ويش سوّى بي<br />",صاحـب الهجـر
&rlm;ويلك من الله ترفّق في عباد الله<br />,
&rlm;نحلت عظامي من الهجران و ثيابي<br />,
&rlm;لو تستر الجسم ماهي تستر العلّه<br />,
&rlm;بكـره&nbsp; توقّف من اللهفه على بابي<br />,
&rlm;نفسك من الشوق والحرمان منتلّه<br />,
&rlm;لو تفقد أعصابك آنا ماسك أعصابي<br />,
&rlm;ذق ما يذوقه حبيبا كان متولّـه<br />,
&rlm;عتاب قلبي على الهجران وعتابي<br />,
&rlm;عليك يا بو رموش وقذلة حلّه<br />,
&rlm;لا تسأل الناس عنّي لأنك ادرابي<br />,
&rlm;ولا تذكر الشوق لا كثره ولا قلّـه<br />,
&rlm;أن كان قلبك الى من جيت هلاّبي<br />,
&rlm;بعد البطا فـ انت قلبي كنت محتلّه<br />,
&rlm;أعطيتـني بعـد ودّك لكن الغـابي<br />,
&rlm;أعطيته لشخص ما يستاهله والله<br />,
&rlm;با سامحك يالغلا والشوق غلاّبي<br />,
&rlm;غدرت بي بعد ما خذت الغلا كلّـه<br />,
&rlm;بعلّمك عن سبب واحد من اسبابي<br />,
&rlm;يدعو إلى الحزن واللي يسألك قله<br />,
&rlm;ما زوّد الحزن إلا غدر الأصحابي<br />,
&rlm;يا ليت قلبي حجـر أو ليتهـم قلّـه<br />,
&rlm;هاجر يا أوّل غرامي وآخر أحبابي<br />,
&rlm;أنا عـزيزٍ ما يرضـي حبّــه يْـذلّـه<br />,
&rlm;سيفي يقص الحجر من قو مضرابي<br />,
&rlm;لكن أنـا للضـعافى ماني آسلّـه</div>,
,
"<div style=""text-align: right;"">يوم ميـلاد أبوخـالد نصـيـر الديـن<br />",ميـلاد أبوخالـد
إنـولـد فيه نخـوه قبـل يـولـد شيــخ<br />,
أربـع اركـان فـي هاليوم محتـفلين<br />,
الفـخـر والـوفــا والـعـز والـتــاريخ<br />,
له صفاتٍ ماهي توجـد مع الحيّين<br />,
من يعـارض علي يستاهل التوبيخ<br />,
كن ابوخـالد ألله يحفظـه من عـيـن<br />,
حاسـده قـادمٍ من كوكـب الـمريـخ<br />,
&nbsp;</div>,
,
ياليل ياللي في سماك نجوم<br />,مفهـوم
ياصاحب الولهان والمهموم<br />,
عرفتني والاّ ما زلت مشبّه<br />,
نعم أنا حمدان ابن مكتوم<br />,
اللي فهم أكثر شعور العالم<br />,
وهو شعوره ماهو بمفهوم<br />,
يحب يكسب هيبته بذراعه<br />,
مايحب يكسبها بحب خشوم<br />,
صارت عيوني تستلذ السهره<br />,
وعيون غيري تستلذ النوم<br />,
فإن ظننت ان السبب من غالي<br />,
جذب فؤادي عوده الـمبروم<br />,
أقول ظنّـك غير ظنّـي .. لكن<br />,
تراك عندي غالي ومحشوم<br />,
لو كنت مسقومٍ من اللي حبه<br />,
بين الحنايا ، قلت لك مسقوم<br />,
أنا سهرتـك والسهـر يغـريني<br />,
عندي من احداث الزمان علوم<br />,
ترجمتها لك في قصيدة شاعر<br />,
حسب قـوانين الشعر محـكوم<br />,
وانا على نظم الشعر من صغري<br />,
غير البيـوت النــادره ما اروم<br />,
تغريني الأفكار واجمل فكـره<br />,
تْلامس اللي في الصدر مكتوم<br />,
أرسم طريق القافيه والـمعنى<br />,
رسم الطريق الواضح المعلوم<br />,
والشاعر اللي يدعمه جمهوره<br />,
تلقـاه دايم بالنصـر مدعـوم<br />,
دارت رَحى حربي مٓـعٓ أيامي<br />,
حاربتها وآنا معـاي سهـوم<br />,
الصبر والايمان ان الـمؤمن<br />,
لابـد لـه من يومـه الـمحتوم<br />,
عندي أمل بالنصر لو قلتوا لي<br />,
ترى النتيجه وضعها محسوم<br />,
ويا منافسيني في بقاع الدنيا<br />,
عن الحـسد والكبرياء آشـوم<br />,
روحي رياضيّه وقلبي صافي<br />,
أنا في كوم وحاسدي في كوم<br />,
أهنّي الـفـايـز علي وارفـع له<br />,
كفّي وارحّب فيه في الـمرموم<br />,
واللي ماهو ملزوم في تقديري<br />,
أنـا في تـقـديره تـرى ملـزوم<br />,
وان كانت النخوه معه معدومه<br />,
طيبي في راسي ماهو بْمعدوم<br />,
أعاملـه باخـلاقي اللي كانت<br />,
مشهورةٍ عن جـدّي الـمرحوم<br />,
لو كل طيرٍ في جناحه ريشـه<br />,
أهل الصقاره تعرف الصيروم<br />,
وتميّـزه عن غيره من اوصافه<br />,
لو كلهّا فـوق الجـبال تحـوم<br />,
ان شافته ماتلتـفت في غيره<br />,
وان سامته قامت تزيد السوم<br />,
ويازارعين الثوم في بستانٍ<br />,
عشبه خضر لاتزرعون الثوم<br />,
الناس تعشق نفحة الريحانه<br />,
والـفل والياسمين والـمشموم<br />,
وصيّـة القـايد لإبـن القـايد<br />,
اللي يكـرّرها زمـانـه دوم<br />,
ماهو مهم انّه يطيح الفارس<br />,
مليون مَـرّه من طعون القـوم<br />,
لو لم يكن فارس ماجاته طعنه<br />,
بس الـمهم انّـه يعـرف يقوم<br />,
وانا عزومي ماتعرف الطيحه<br />,
عندي من الصدمات قوّ عزوم<br />,
اللي يحسب ان دمعتي من عيني<br />,
باتطيح ، قولـوا له عليه اللـوم<br />,
لو نفرض انها طاحت مْن عيوني<br />,
تراي واقـف وقـفة الشغـموم<br />,
مْن الغيوم تطيح قطره قطره<br />,
لكن ماشفـنا تطـيح غـيوم<br />,
لله رحمه تكفي اهل الدنيا<br />,
من يوم آدم لين هذا اليوم<br />,
فاليرتجي رحمته من يرجوها<br />,
والـمنحرم منها هو الـمحروم<br />,
لا شفت لك انسان مُعطى نعمه<br />,
لاتحسده في رزقه المقسوم<br />,
ولا تسب الوقت ، وَلاَ حظّـك<br />,
وتزمّ خشمك مايفيد الزوم<br />,
يـومٍ عليك ويوم لك والدنيـا<br />,
ماترحم الخادم ولا الـمخدوم<br />,
لو تنصر الظالم على من يظلم<br />,
ياويلك مْن الواحــد الـقيّـوم<br />,
من دعوة الـمظلوم قل للظالم<br />,
يحذر ، لأن ربّي مع الـمظلوم<br />,
وَلا تعاتب كل شخص بزلّـه<br />,
الناس مافيهم حدٍ معصوم<br />,
الاّ نبي الأمّـــه اللي ديْـنَــه<br />,
هدم صنم كسرى وذل الروم<br />,
وأهل الخيانه والغدر والفتنه<br />,
اللي يجاملها ترى مأثـوم<br />,
لو انها بهـدوم بين العالم<br />,
كأنّها تمشي بدون هـدوم<br />,
وهذه رسـالتي لاصحـابي<br />,
وأعدائي اللي فكرهم مسموم<br />,
ارسلتها عبر البـريد العاجـل<br />,
يوم اكملت في ظرفها الـمختوم<br />,
وَلا كشفت اللي يدور فـ خلدي<br />,
لكن كشفت الواقع الـمشؤوم<br />,
هَل الكلام اللي أقوله واضح ؟<br />,
مفهوم .. والاّ ماهو بْمفهوم ؟,
,
"<div style=""text-align: justify;"">",عام زايد
"<p dir=""RTL"" style=""margin:0in;margin-bottom:.0001pt;text-align:right;direction:",
"rtl;unicode-bidi:embed"">شــهـريــن وانـا قافلٍ بـاب الالـهــام<br />",
اللــي بــنــات افـكـار شـعـري بناته<br />,
ايـلـيــن ريّــس دولـتـي عـبر الاعـلام<br />,
وصّـى ونـحـنــا مانـضـيّــع وصاتــه<br />,
خــبـــر مـهـم و أصـدره قايـــدٍ هـام<br />,
خـلّـى هـجـوسـي ينتشي من سباته<br />,
وان جـاتـه الفكره مثل عذب الانسام<br />,
لابــد يـفـتــح بــاب فــكــره لا جـاتــه<br />,
الصـحـف ماجـفّـت ويـاكـثر الاقـلام<br />,
اللـي حــبــرهــا تعـجــبــك مفـرداتـه<br />,
الـخـــالـــد بْـذكــره لو تْـمــر الايـــام<br />,
يحـصـد في موته مازرع في حياتـه<br />,
زايــد هـو التـاريخ واسأل مئـة عـام<br />,
وتعـلّـمــك عـن مـجـده و مـنجــزاتــه<br />,
شـعـب العرب من حنكـته صار قدّام<br />,
لــو حــي حـقّـق لـه جمـيـع أمـنـياته<br />,
فـي الشرق حكّامٍ وفي الغرب حكّام<br />,
ولا أحــــد منـهــم مـســـوّي ســواته<br />,
النـاس منقـسمـه إلـى عـدّة اقـسـام<br />,
لــون و لــغــه ولـكـل واحــد صـلاتـه<br />,
إلا عــلى زايــد ولـو كـانـوا خـصـام<br />,
قـد اجـمـعـوا انّـه فــريـد بْـصـفـاتـه<br />,
وانّـه رقـم صـعـبٍ رغـم كـثـر الارقام<br />,
ومـن الـصـفـات الله فـرد لـه صـفاته<br />,
تـاريـخ الامـجـاد الـذي ماهـو اوهام<br />,
فْـعـــول زايــــــد بثّــهـا فـي قـنـاتــه<br />,
عـز العـروبـه نـاصـرٍ ديــن الاسـلام<br />,
خـيـره علـى شعـبـه من اربع جهاتـه<br />,
وايضـا علـى كـل الأرامــل والايـتــام<br />,
يـعـطـي وَلا يخــبـر أحــد بعـطـيـاتـه<br />,
لو قلّلـوا مـن قـيـمـتـه بعض الاقـزام<br />,
ذِكْـــره يـتـعّـبهـم وهــو فـي رفــاتــه<br />,
يْـطـيــح مـن يـبـغي ينافسه وان قام<br />,
يطـيــح وآقـــول لــه بـلـيّــا شـمــاتـه<br />,
فِــ قـلـوب شـعـبه زايـد الخالد وسام<br />,
وقـدّام سـيـفـه نفـتخـر في عـصاتـه<br />,
سبـع الامارات اصبحت خير وانعام<br />,
واضحـت وطـن بـيـن الدول له ثباتـه<br />,
وحّــده زايــد بالسـيـاسـه والاحـكـام<br />,
وهــو قـبـل زايـــد يـعـانـي شـتــاتــه<br />,
اللـي جمعنـا مـن حـيـاة الـتـشـرذام<br />,
غــلاه جـمّـعــنـا بٓــعٓــد فـي مـمـاتـه<br />,
الـمـستـحـيــل يحقّـقـه قبـل الاحـلام<br />,
تـفـاخــروا .. يـاعـيـالــه وْ يـا بنـاتـه</p>,
,
"<p dir=""RTL"" style=""margin:0in;margin-bottom:.0001pt;text-align:right;direction:",
"rtl;unicode-bidi:embed"">&nbsp;</p>",
</div>,
,
"<div style=""text-align: right;"">مـرّت ايّــام الـقـنـص حلــوه عـذيّــه<br />",الطرشه خليّـه
فـي أنـاسـه بـيـن مصبـاح و رواح<br />,
بـس فـيـهـا نقص يوم امست خليّـه<br />,
مـن أبـو راشــد خـلت م الإنشـراح<br />,
لـيــت يـا حـمـدان عـن دارٍ قصـيّـه<br />,
كـنـت في الطـرشه وساعات المزاح<br />,
صـيــدنـا وافـــر بـأيّـــــامٍ هـنــيّـــه<br />,
والـمعـاشـى والـمـزاقــر والصـياح<br />,
حلو جو الصيد من صبحه لعشيّـه<br />,
وعـنــدك و دونــك لـيـالـيـنـا مـــلاح<br />,
والخــوي دايـم تـرى يْــدوّر خـويّـه<br />,
عـادة اهْـل الـمعرفـه واهـل الفـلاح<br />,
وفـــوق هـذا فـ الـعـيـون البـابـليّــه<br />,
صــادت الصـيّــاد ما فاد السـلاح<br />,
لو حضـرت ان كان بتحل القضيّـه<br />,
وكـان ما بيـفــوز لي لابـس وشـاح</div>,
,
"<div style=""text-align: right;"">مـرحـبـا بـاللي علـي مرسل هـديّــه<br />",تــامر عـليّــه
والـوفــا مـن بـينـي وْ بيـنـه متـــاح<br />,
سـيّــدي شـاعــر ونـفـسـه شاعريّـه<br />,
والــمولّــع بـالـقـوافـي مـا اسـتراح<br />,
ولــد راشـــــد لـــه عــزومٍ زايــديّـــه<br />,
بـرق عِــزّه فـي غــيــوم الطيـب لاح<br />,
كـل مـاهـد الـصـقـور الصـيـرمـيّــه<br />,
كــنِّ لـه مـعهـا مـخــالــيـب وجـناح<br />,
الـقـنـص لـو كـانـت ايّـامـه شـقـيّـه<br />,
لـذّتـه فـ الـنـفـس تـجـلــب الارتياح<br />,
وانـت يـارمــز الـفـخـر تـامـر عليّــه<br />,
وان حصل منّي خطا منك السماح<br />,
والــغــزال اللـي لـعـيـنـه جــاذبــيّـه<br />,
نظرته فيهـا مـن الـسـحـر الـمـبـاح<br />,
عــادتــك صــيــده بـلـيّــا بـنـدقـيّــه<br />,
لـو فـ عـيـنـه مـثـلمـا ضرب الرمـاح</div>,
,
"<div style=""text-align: right;"">من كَثْرَة الشعَّار والمستشعرون<br />",زبون الصـبر
تغطرست الاوراق واغتر الحبر<br />,
ما أجهل اللي يحسب ان جر اللحون<br />,
يْبيِّض الوجه او يطول فـ الشبر<br />,
الشاعر الحَسَّاس شعره ذو شجون<br />,
يصفى معاه الجو لو انَّه غَبَر<br />,
بعيد ياشعَّار عن سوء الظنون<br />,
ماقلتها من غطرسه وَلاَ كِبِر<br />,
قد تعتبر&nbsp; وجْهَة نظر&nbsp; يا مبدعون<br />,
وَربَّما... وَربَّما لاتُعْتَبَر<br />,
و يلا ذكرت اللي على قلبي يمون<br />,
عبر جسور الود والحب آعَبِر<br />,
الشوق من وَصْلك يابو طرفٍ فتون<br />,
يكبر مَعَ&nbsp; راعيه لامنَّه كبَر<br />,
ترى مريض السكَّري جرحه يهون<br />,
شوفك يكفِّي عن علاجه بالأِبَر<br />,
لو الاطباء عن علاجك يعرفون<br />,
كان صْنَعوا منّك دوا فـ المختبر<br />,
صابر على حبّك رغم كثر الطعون<br />,
والمشكله حسب الكلام المعتبر<br />,
لو&nbsp; كانت القِصَّه صبر.. انا زبون<br />,
الصبر والايام للعاقل عٍبَر<br />,
القِصَّه الوافي يموت وْ لايخون<br />,
وان الصبر نفسه يبي منَّا صَبر</div>,
,
"<div style=""text-align: right;"">الشِعِــر بَابَه مْقَفّـل وان فِتَحـنا بَابَه<br />",سميّ العود
الجبل نِنْحته والغُصن الرطيب نْهِـزّه<br />,
والـمِثَل يا ضاربينه زان لي مِضْرَابَه<br />,
ما كِـذب رَجـلٍ يقول لْكل شيٍّ حَـزّه<br />,
الـمكارم في بَلَـدنا والعـزيز تْـرابَه<br />,
وبْشيوخه كل شَعْبَه تِفْخَر وْمعتَـزّه<br />,
قَـدّم الفنجــان يا صَبّـابه لْشَــرّابَه<br />,
واقْهَر العدوان والرَّاس الخِبيْث نْجِـزّه<br />,
للكريم اللِّي يِحَسْبون الرجَال حْسَابَه<br />,
وْللعِزيز اللِّي على عْلوم الرِدَى مِتنَـزّه<br />,
وْللشجَاع اللي فِتَل للكايدات اشْنَابه<br />,
شَل بِيْرَق ( زايـد ) بْـيِمْناه حَتى رَزّه<br />,
فَارسٍ جَدّه صوَاديف الزمان تْهَابَه<br />,
يَسْبق حْصَانه خيول القوم لا مِن لَزّه<br />,
صوب إبن حمدان زايد تَاْشِّر السَبّابَه<br />,
والعزيز الله بِوَقْفات الشموخ يْعِـزّه<br />,
مِسْكنَه في قْلوبنا مَهْما يطول غْيَابَه<br />,
غاب بالعِـزّه وَلا جَانا سِوى بِالعِــزّه<br />,
فَز فَزّة سِبْع في وَجْه العدو وَاحْزابَه<br />,
يا سِمِيّ العود يا طِيْبِك و حَيّ الفَـزّه</div>,
,
"<div style=""text-align: right;"">إشتقت يا وقتي الفاني لفترة صباي<br />",مدّةٍ وافيه
&rlm;سـأمـت منّـك ومن أيامـك الجـافـيه<br />,
ذكرت صبحي بطيشه وانبساطة مساي<br />,
واخٍ جـروحي من فـراقـه ماهي شـافيه<br />,
جـفاني الضحـك بفراقه وطـوّل جـفاي<br />,
عن وصل نـاسٍ مشـاعرها معي دافـيه<br />,
القلب يغرق جـروحي ما يبيّـن خفـاي<br />,
لكنّـها في مـلامــــح&nbsp; نـظـرتي طـافـيـه<br />,
اقـول لا .. لاحـدٍ منـكم يـدوِّر رجـاي<br />,
أجبـرني الوقـت اردّد لائـي النـافـيه<br />,
يوم البحر كنت أحسبه يوم اطالعه ماي<br />,
قبل اسبحه واكتشف أسراره الخافيه<br />,
ويوم ان أصابع كفوفي أكثر من اصدقاي<br />,
قليـل لكـن عيـوني بالرضـا غـافـيه<br />,
&nbsp;لله معطي ولا تحسب يميني عطاي<br />,
وافــي ولا اقــدّم إلاّ مــدّةٍ وافــيه<br />,
أنظر لقـدّام ما اطـالع بعـيني وراي<br />,
أودّع المـقفـيه واسـتـقبـل اللافـيه<br />,
وابني بيوت الشعر واسّس قواعد بناي<br />,
ماني بمن يبتلش في الوزن والقافيه<br />,
واشب ناري وغيري يقتبس من سناي<br />,
وامد بالنـور نـاسٍ نـارهـم طـافـيه<br />,
واخدم بنفسي قبل لايخدمون اخوياي<br />,
وانا لو اشّـر تكون إشـارتي كافيه<br />,
ثنتين يقدر بها الانسان يكسب رضاي<br />,
البسمه الصـادقه والنيّـه الصـافيه<br />,
وثنتين دايم تسبّب في حياتي شقاي<br />,
دمع الفـقارى وشكل اقدامه الحـافيه<br />,
يالله عساني ما اجرّب عند ربعي غلاي<br />,
واسـالك السـتر والتوفيـق والعـافيـه</div>,
,
"<div style=""text-align: right;"">يالشـاعر بذكر الله تـزين الابيـات<br />",وقفة عرفة
والصدق فيما نزّل الله في الآيات<br />,
وآنـا بـذكــر الله و في طـاعـة الله<br />,
سخّرت هاجوسي لجل سبك الابيات<br />,
كتبت في الطـير وهـداده وفـعله<br />,
ومسـابقات الريح والعسـوجيات<br />,
واسهبت في وصف الذلول الاصيله<br />,
اللي تـحطّــم تيـمـها عشـر مـرات<br />,
ومدحت نـاسٍ تسـتحق المـدايـح<br />,
واليوم مدحي غير عن كل ما فات<br />,
مدحي لمن تـقدّس اسـمه تـعالى<br />,
ليس كمثله شي في الماض والآت<br />,
الأمـر له مـن قـبل جـــلّ جـــلالـه<br />,
والأمر له من بعد ما يـبغي اثـبات<br />,
فمـن يـشــاء انّـه يـذلّـه .. يـذلّــه&nbsp;<br />,
ومـن يـعــزّه ما يـعـرف المـذلاّت<br />,
يا مجري السحب ومغيث الفيافي<br />,
الملك لك والعـز في كل الاوقـات<br />,
يا ذو الجلال الأوحـد اللي بذكرك<br />,
تدعـو جميع الأنبـياء والرسـالات<br />,
من هيبتك في قلوب من يعشقونك<br />,
المؤمنيـن أهـل القلوب التقـيّات<br />,
تسبّـح بذكرك على منـكب ارضك<br />,
وتعظّمك لا ناظرت في السماوات<br />,
ياللي لجل وجهك نصـوم ونصـلّي<br />,
ولولاك ما صـمنا ولا به صـلــوات<br />,
يا مـن اذا جـات المضــرّه دعـينـا<br />,
بسمك ولا غيرك يزيل المضـرّات<br />,
والحمد لك عند المسرَّه وشكرك<br />,
واجب على من ينتعم بالمسـرّات<br />,
نرجـوك تـغـفر كـل ذنـبٍ جـنيــنا<br />,
وندعـوك ترحمـنا بوقـفة عـرفات<br />,
يا أيّـها الإنـســـان كثـر المـلــــذّه<br />,
تأثّر على الطاعه ، فخف الملذّات<br />,
واسـجد لوجه الله تضرّع وخشيه<br />,
حتى يـزيـدك في نعـيمه درجـات<br />,
&nbsp;بـرعـايـتـه يحـيـطــك الله حــــيًّا<br />,
&nbsp; ويرحمك لامن صرت مابين الاموات</div>,
,
"<div style=""direction: rtl;"">&nbsp;</div>",
,
يا سيّد المال كم نفسٍ معك خانت<br />,الكـبـر لله
والخوف ماهو من الماضي من القادم<br />,
والنّـاس لولا تواضـع نفسها شـانت<br />,
مَـعَ مراعــاة ذا سيّــد ، و ذَا خــادم<br />,
من قصّة ابليس خذ حكمتك لا بانت<br />,
كان التغطـرس في ذاته عاملٍ هادم<br />,
لو كان رفضـه لأمر الله فقط ، هانت<br />,
الله يغفـر ذنــوب التـايـب النــــادم<br />,
مشكـلته اللـي يعـاني منّـها كـانت<br />,
الكـبر .. والكـــــــبر لله يا بنـي آدم,
,
إذا طاحـت الـورده من يدينك إتـركـهــا<br />,الورده ارتاحت
لأنها إذا طاحــت من يْدينـك ارتـاحــت<br />,
واذا طاحت الدمعه من عيونك امسكها<br />,
أخاف الـمقـام يطيح معها إذا طاحـــت<br />,
ولا تـقتـفي لك فرصـةٍ ما انت مدركــها<br />,
تصبّر ، ترى فرصَـتْك للحين ما تاحــت<br />,
واذا مرّتـك فـرصـه ، وتـقـدر تـملّـكـهــا<br />,
إخذها عــوض في فرصةٍ قبلـها راحــت<br />,
غيوم السمـا وسط السما بيد سامكـهــا<br />,
ماهو شرط تـمطر لك لو بْروقها لاحــت<br />,
ونفـوس الرجال النخوه اللي تـحرّكـهــا<br />,
لو صـدورها باسـرارها ما بَعَـد باحـــت<br />,
ألـم تعلـم أن جـدودنا فـي معـاركـهــا<br />,
تضحّي بالانفس للعفيفه ليا صاحـــت,
,
يا أصحابي اللي لكم عندي مكان وْمقام<br />,قمّـة الإلتحـام
صاحبكم اللي عليكم طوّلت غيبته<br />,
شعوره اللي ف قلبه أصدق مْن الكلام<br />,
اللي ما تصعب على فكرته تركيبته<br />,
بين السياسه واهلها والغلا و الهيام<br />,
والأشقر اللي يموت الخرب من هيبته&nbsp;<br />,
راحت سنين تتابع عام يتبعه عام&nbsp;<br />,
تغرّب ورد داره بعد تغريبته<br />,
لو تْغيّـر ملامح وجهه الابتسام&nbsp;<br />,
ما زال يرسم على وجهه مدى طيبته&nbsp;<br />,
يدوّر السلم لانّه من دعاة السلام&nbsp;<br />,
والمستريب يْعرف وش هو سبب ريبته&nbsp;<br />,
لو المصايب كبر ضلع الجبل مايضام<br />,
دون الوطن في عيونه تصغر مصيبته&nbsp;<br />,
وعيوننا دون حد بلادنا ما تنام&nbsp;<br />,
الموت حنّا لعين الدار طلّيبته<br />,
وان كان للحرب فنجان فقل للكرام<br />,
عيال زايد نهار الحرب شرّيبته<br />,
الشايب يوصّي غلامه كذا و الغلام<br />,
بالنصر وإلا الممات معاهدٍ شيبته<br />,
الدار شعب وشيوخ فـ قمّة الالتحام<br />,
يسعون للمجد والخايب على خيبته,
,
هـدّاد مالك فرق عن صـالي النار<br />,هــدّاد
والـنـــار فيـها منّـك وْ فيك منـها<br />,
انت اللهب منك على الخرب لاطار<br />,
مثل لهبها والحطب في بطنها<br />,
صـيدتك ما يحـتاج قبـرٍ وقبّــار<br />,
ومن ريشها نـقدر نسوّي كفنها<br />,
فيك الوصايف خلّت العقل يحتار<br />,
مناكـبك والعنـق والعـين كنـها<br />,
عين السبع لاحدّه الجوع ثم غار<br />,
على الفريسـه وان بغاها ضمنها<br />,
واللـون فيه مْن البَـرَد يوم ينهار<br />,
من غيمـةٍ بطن السما يحتضنها<br />,
والصدر كنّـه خامة احرام زوّار<br />,
الـ مكه اللي من تضـايق زبنها<br />,
ياطـيرنا لو صار فالوقت ماصار<br />,
دامك وفي خوّتك ما اصد عنها<br />,
أمّـا إذا ياطـيرنا صـرت بَـــوّار<br />,
ونسيت عشره مانساها زمنها<br />,
بقول ماقال الزلامي فالاشعار<br />,
أبيـعـها وابيــع حتـى ثمــنـها,
,
السيف أبو شذره اللي يرهب الغازي<br />,شنـذاره
يعجبـك فـي كـف مـن يعطيه مقــداره<br />,
هذا ما هو لغز .. ياعشـّـاق الألغازي<br />,
هذا مثـل تضربـه للنــاس (شـنـذاره)<br />,
ياسيف ريّـس بلادي أهدي إنجـازي<br />,
الـ (زايـد) اللي بفخـره تفـتـخر داره,
,
ياذيب ياللي على راس الجبل لك قنيب<br />,قنيب الذيب
الناس بعـواك دايـم تلفـت أنظـارها&nbsp;<br />,
كأنّـك تـنادي العـالم ولا لك مجـيب&nbsp;<br />,
بين السما والجبال الصلفه حجارها<br />,
لو كان من جوع قلت الصيد منّك قريب<br />,
حَوّل على الصيده بيمناك واختارها&nbsp;<br />,
وان كان تشكي من الغربه في عصرٍ غريب<br />,
مثلك شكت ناس غربتها وفي دارها<br />,
وان كان على العوا هيّضك وقت المغيب<br />,
اللي يجر النفوس ويفضـح اسـرارها&nbsp;<br />,
أكيد قلبك محب ، وفاقدٍ لك حبيب<br />,
خـذاك من جنّـة اللهـفة إلى نــارها<br />,
فزاع ترجم أحاسيسك بحس الأديب&nbsp;<br />,
اللي قريحـته ماهي تنضـب أفكارها<br />,
خل الليالي تجيب مْن الشقا ما تجيب&nbsp;<br />,
ولا تـوقّـع تـقـدّم صــادق أعـذارها&nbsp;<br />,
الأمر عادي ترى لا تحسب انّه مريب<br />,
إصبر وزيد العـناد ان زادت إصرارها&nbsp;<br />,
كم يصبر الجذع في حر المقيظ الكئيب<br />,
حتى تصـب السـحابـه فـوقه أمطـارها&nbsp;<br />,
ويروى ويخضر لين تشوف غصنه رطيب<br />,
و دورة فصول السنه ما أتعبه مشوارها<br />,
أمّا عن الحب ، فأمْر الحب أمـرٍ عجيب<br />,
وأهل المحبّـه تعَـرف العالم أخـبارها&nbsp;<br />,
لا للجروح أدويه حَسَب كلام الطبيب<br />,
لكن حجـم الـعـلاج بحجـم مقـدارها<br />,
إلاّ جروح الصحيب الموجعه من صحيب<br />,
عـلاجـها عنـد من هو سبّـب آثــارها<br />,
ياذيب روس الصغار من الليالي تشيب&nbsp;<br />,
وما شيّـب صـغارها ، بيشيّـب كبـارها<br />,
إقرب على الضلع واطرب مسمعي بالقنيب<br />,
خل البشر تسمعك وتشوف بانظارها,
,
سَرَحت عنَك ياحبيبي ثواني<br />,ظما
أسمعك بأذني وأتخيلك بالعيــن<br />,
عموما آسف وأعتذر لك تراني<br />,
نفس المكان الي جمع بين قلبين<br />,
إن كان ذابحك الظما يالأناني<br />,
ياسيّد أهل الزين في عالم الزين<br />,
تعال لجل أسقيك صادق حناني<br />,
وأشرب بدال الكاس يازين كاسين,
,
يا هامة الـمجد شوق مسرّجات الامهار<br />,هامة الـمجد
خـزايـن العِــز في كـفّـك مفـاتيحـها<br />,
ومن يعسف الخيل ذات العز والانتصار<br />,
إللي تسـابـق على مضـمارها ريحـها<br />,
يقدر يعسف الظروف الكايده باقتدار<br />,
وترجـح له الكـفّـه إلى رام ترجيحـها<br />,
من قـو باسك مايعرف عزمك الانهيار<br />,
وما كـل كـفٍ يهـز القـلـب تلويـحـها<br />,
والشجره اللي بفضلك صار فيها ثمار<br />,
اليوم يبسـت ولا بل الـمطـر سـيحها<br />,
لـمّحت لك والـمعاني كنّـها جمر نـار<br />,
يا سـيّـد القـاف ما يجـهـلك تلمـيحها<br />,
نظـرة عيونك تدل الدرب واهل القرار<br />,
على خطى فكرتك تضوي مصابيحها<br />,
ياللي ما يمحي كلام الليل عندك نهار<br />,
الجمله الواضحـه ما احب توضيحـها,
,
"<div style=""text-align: right;"">قال كم عمرك وقلت العمر زايـد<br />",ثلاثمية قصيدة
قلت لك عمري مية مرّه واعيده<br />,
كان عمر الشاعر بحسب القصايد<br />,
يعـتـبر عمـري ثـلاثمـيـة قصـيده<br />,
واعتبـرني من موالـيد الفـرايد<br />,
من بنات الفكر جابتني فريده<br />,
في سما الأشـعار بالإبداع رايد<br />,
شاعرٍ يسمو الى الابداع سيده<br />,
والقـديـم ألــذ ، لكــنّ الجـدايد<br />,
تحيي الميّت من الشوق وتعيده<br />,
في حياته ما يعرف السيف سايد<br />,
المغـامر لحظـته عنده سعيـده<br />,
وفِي رقبة المجد علّق له قلايد<br />,
صـورةٍ مرسـومه بسـبّابة أيـده&nbsp;<br />,
وان عشق ما يعشق الا كل كايد<br />,
جـارحٍ ما ينكـف الاّ معه صيده<br />,
وانت ياللي في بنات الغيد قايد<br />,
هل تحيد الوصل وإلاّ ما تحيده<br />,
في وطن زايد وشوق القلب زايد<br />,
عِد سؤالك والجواب احنا نعيده</div>,
,
يا مـن اذا جـات المضــرّه دعـينـا<br />,وقفة عرفات
بسمك ولا غيرك يزيل المضـرّات<br />,
والحمد لك عند المسرَّه وشكرك<br />,
واجب على من ينتعم بالمسـرّات<br />,
نرجـوك تـغـفر كـل ذنـبٍ جـنيــنا<br />,
وندعـوك ترحمـنا بوقـفة عـرفات<br />,
يا أيّـها الإنـســـان كثـر المـلــــذّه<br />,
تأثّر على الطاعه ، فخف الملذّات<br />,
واسـجد لوجه الله تضرّع وخشيه<br />,
حتى يـزيـدك في نعـيمه درجـات<br />,
بـرعـايـتـه يحـيـطــك الله حــــيّاً<br />,
ويرحمك لامن صرت مابين الاموات,
,
يا ناعـس العينين أبو وصـلٍ زهيد&nbsp;<br />,هديل
عسى سـتار الهـجر فوقـه ينسـدل<br />,
القلب لك أطوع&nbsp; من الخاتم بالايد&nbsp;<br />,
والشوق من سِـرب القطا لرضـاك أدل&nbsp;<br />,
ينقـل ودادك من وريـد الى وريـد&nbsp;<br />,
ويذوب لا سمع الحميمات تْـهدل<br />,
&nbsp;وأهل الثـياب الفاخرة ماهي تحيد&nbsp;<br />,
عن الوصل كذلك اصحاب البدل&nbsp;<br />,
كما عطاك الله من الجسم الرغيد&nbsp;<br />,
متـطرفٍ بعـضه وبعـضه معـتدل&nbsp;<br />,
أعطاني القدره على بدع القصيد&nbsp;<br />,
اللي علـيه امّـة محـمد في جــدل&nbsp;<br />,
قفلت باب الوصل يالترف العنيد&nbsp;<br />,
قصدك ما&nbsp; عاد اشتاق لك لكن بدل&nbsp;<br />,
ما الشوق لك ينقص اشوف انه يزيد&nbsp;<br />,
الظـاهـر ان البـاب ما صكّـر عـدل<br />,
&nbsp;عيّد معي يا صاحبي في كل عيد&nbsp;<br />,
يحيا الغلا يحيا الوفا يحيا العدل,
,
يا شعر لو طال الزمن ما جفيناك<br />,بينـك وبيـنه
لو يختلط غث القصـيد بْسـمينه<br />,
عـلاقتـي يا أيّـها الشـعـــر ويّـاك<br />,
كـانت .. وما زالت عـلاقـه متيـنه<br />,
لولاك ديوان العرب ما حفظناك<br />,
من الضـياع ومن عبث كـاتبيـنه<br />,
ما زال للشعر وهله لحظة ادراك<br />,
تميّــز المـبـــدع من مْـقـلّـديـنه<br />,
يالشاعر المبدع ترى ما نطق فاك<br />,
مـردوده يـأثّــر علـى سـامعـينه<br />,
اكتب بعقـلك ما تكـنّه حـناياك<br />,
ولا تجـيب الا البيـوت الثمـينه<br />,
من يزرع الياسمين ما يحصد الراك<br />,
أكيد ما يحصد سوى ياسمينه<br />,
وما دام سحبك يا شعر ناثره ماك<br />,
عندي حديثٍ للعقول الفطينه<br />,
درب النجاح اللي بداياته اشواك<br />,
يفـوز فيـه اللـي قـويٍ يقـينـه<br />,
لا يلتفت في مهاترة كل شكّاك<br />,
واحذّره من ضحكة مشجّعينه<br />,
لو كثروا الأحباب منّا و منّـاك<br />,
لا يمكن يقـارنـهم بحـاسدينه<br />,
وياللي تـقفّيت العباد تـقفّاك<br />,
واللي يهـين النفس كلٍ يهينه<br />,
والطيّب الوافي لو انه من اعداك<br />,
لا تظلمه ، ظليمة الطيب شينه<br />,
وياللي تحسب الطيب في مد يمناك<br />,
كم من بخيلٍ كن يمينك يمينه<br />,
تعطي وهو يعطي مع ذا ومع ذاك<br />,
والله يعـلم بالنـوايـا الـدفيـنه<br />,
المنطق الطيّب من الرجل لا جاك<br />,
تراه يكـفي عن عطـايا يـدينه<br />,
وترى الكريم اللي لا جيته وإذا جاك&nbsp;<br />,
يجذبك بأخـلاقه ولطفه ولينه<br />,
من كثر برّه في المطاليق شرواك<br />,
تحـس كنْـه يـبر فـي والـدينه<br />,
ويالغالي اللي تحسب انا نسيناك<br />,
عساك تنعم بالرضا والسكينه<br />,
أقنص بطيري كني اقنص لذكراك<br />,
المفرحه لو كان نفسي حزينه<br />,
وارجع لضوضاء المدينه للقياك<br />,
أوّل ما يطري لي لا جيت المدينه<br />,
ولولاك ما زاد الولع بي ولولاك<br />,
والله لبيع الشوق مع بايعينه<br />,
طرى علي الشعر والشعر طرّاك<br />,
أحس يوجد شيّ بينك وبيـنه,
,
​راحت سنه من أجمل العمر معقول<br />,​راحت سنه
مَعَ السلامه يا اجمل الذكرياتي<br />,
أراقب الدهشه على وجـه مذهول<br />,
واقول يا الإنسـان وش له تحاتي<br />,
مثل ما راح العام هذا على طول<br />,
بْـقدرة الله فيـه عـامٍ سـيأتـي<br />,
إستقبل أوّل يوم من عـامك وقول<br />,
ياربّـي فْـ طـاعتك طـوّل حـياتي,
,
"<div style=""text-align: right;"">للشاعر فْـ مدح الوطن رغبه وللهاجس هيام<br />",خمسين عام قبل و بعـد
فالتنتخي فكره وتلقى من هجوسي معتصم<br />,
البحر لامواجه إلى ثارت الاعاصير احتدام<br />,
وانا كذلك هاجسي في ذكر داري يحتدم&nbsp;<br />,
يا دارنا دار الكريم اللي حكم شعبٍ كرام<br />,
تسـتاهلين نقـدّرك يا دارنـا دار الكــرم&nbsp;<br />,
على جماجم من نوى حدّك من عيال الحرام&nbsp;<br />,
تأسّـست دوله ورفّت رايه و ثبّـت حكُـم<br />,
حام الفلاحي زايد وزايد تعرفينه لا حام<br />,
حر ٍ مخاليبه تطش الدم وتقص العظم<br />,
تواضعه بين البشر وهو من اعلاهم مقام<br />,
خلاّه يكبر في عيون ملوك عصره والخدم<br />,
هذا هو الماضي وحاضرنا ومستقبل مدام<br />,
هذا حكيم أمّة محمد من عرب والاّ عجم<br />,
خمسين عـامٍ لا نهـون وْلا نـذل وْلا نضـام<br />,
الخيل تسرج والسلاح يثور رفرف يا علم<br />,
وخمسين عام وْكل عام نقول هذا خير عام<br />,
فالحمد لله والشكر على ما فاض مْن النعم<br />,
وخمسين عام الشايب يسولف بها على الغلام<br />,
قبل التطوّر كيف كانت دارنا ذيب وْحـزم<br />,
وخمسين عامٍ للتسامح والأمل لا للخصام<br />,
وخمسين عامٍ نبني أمّـه تفتخر بين الأمـم<br />,
وخمسين عام وْنورنا يرهب خفافيش الظلام&nbsp;<br />,
وخمسين عام وحن لنا في عالي القمّه قـدم<br />,
وخمسين عام الصف الاوّل صفّنا خلف الإمام<br />,
اللي بعـدله ينصـف المظـلوم لا منه ظُـلم<br />,
وخمسين عام وزايد مشيّد لنا فوق الغمام<br />,
أمجـاد تحكي عن تـراث آبائنـا منذ القـدم<br />,
وخمسين عام ورؤية الدولة على احسن ما يرام<br />,
بْـهـمة أصـحاب القبور ننافـس كبار الهمم<br />,
وخمسين عامٍ ركب نهضتـنا له العليا مرام<br />,
قد تنفطم الأمجـاد لكن مجـدنا ما ينـفطم<br />,
وخمسين عام وروسنا تفخر على روس الأنام<br />,
كن الفـخـر أبٍ لنا عن جـد والطـــولات أُم<br />,
هنا الفخر هنا الطموحات الكبيرات العظام<br />,
هنا الفكر هنا العمل هنا الوفـا هنا الحزم<br />,
هنا تعلّم كيف تحقيق الطموحات الجسام<br />,
هنا يحقّـق حلمه المبـدع الى منّـه حـلم<br />,
هنا بدايـات الـولا والتوعـيه والالتـحــام<br />,
هنا نهايات التشرذم والطريق المنقسم<br />,
هنا توحّـد مجـتمع كان يعاني الانقـسام<br />,
وبفضل زايد أصبحوا ما بين خال وْبين عم<br />,
هنا يكون النصر من حظ الفعل ليس الكلام<br />,
هنا يكون الوعـي فـارس والتـخاذل منهزم<br />,
هنا المواطن والوطن حب وتفاني وانسجام&nbsp;<br />,
هنا المواطن والقـياده والتـكاتـف والهمم<br />,
هنا فقط مسك الوطن لان الوطن ماله ختام<br />,
لكن غـلانا يبتـدي به كل يـوم وينخـتم<br />,
هنا هنا هنا هنا هنا هنا إلى الامـــام<br />,
هنا هنا هنا هنا هنا هنا إلى القمــم<br />,
هنا هنا هنا هنا هنا هنا كف السـلام<br />,
هنا هنا هنا هنا هنا هنا دق الخشـم<br />,
يقول أبو خالد لأبو راشد عسى عمره دوام<br />,
خمسين عامٍ يعزف الابـداع وبأحـلى نـغم<br />,
ويقول ابوراشد لأبو خالد هذا اللي يوم قام<br />,
قامت معـاه الأرض والـتـاريـخ ردّد والنِّعِـم<br />,
ويقول أبو خالد لأبو راشد هذا اللي ما ينام<br />,
رجلٍ يخزم المستحيل اللي لغيره ما انخزم<br />,
ويقول ابوراشد لأبو خالد هذا عوق الخصام<br />,
إلى نـوى صــرحٍ من البـاطـل يـردّه منهــدم<br />,
ويقول أبو خالد لأبو راشد هذا الرجل الهمام<br />,
استاذي اللي يصـنع الانجاز نفـسه من عدَم<br />,
ويقول أبو راشد لأبو خـالد أنا والعـلم عـام<br />,
تلميذ زايـد منهـجي منهجه وبنفس الرتـم<br />,
ويقول أبو خالد هذا محـمد عدوّ الإنهـزام<br />,
مكـسّـــر الأرقـــام ما خلاّ حـفـظه الله رقــم<br />,
ويقول أبو راشد هذا محمد وقصّاص العظام<br />,
بْسيف حقٍ لو دخل في المعركه تحسم حسم<br />,
ويقول ابو خالد هذا محمد مجـدّد الاهتمام<br />,
بْهـيبة الـدولـة وراسـم نهـضة بْـلاده رسـم<br />,
ويقول ابو راشد هذا محمد وصمّام النظام<br />,
هَـرَم عروبتنا وحنّـا ما نفــرّط فـي الـهَــرَم<br />,
محمّـدين الدار&nbsp; هم حصنه ودرعه والحزام&nbsp;<br />,
عَدّد عظـماء الـدول تلقـاهم أكـرم وآعـظم<br />,
من بينهم حشمه وهذي عادة الناس الحشام<br />,
ومن حشمة الاثنين شعب الشيخ زايد ينحشم<br />,
ياليت للتـاريخ بشـتٍ من فـخـر والاّ وسـام<br />,
من المعزّه كان واللي أقسم بنجـمه قَـسم<br />,
إنّـي لسلّـمها لهـم وأقـول وبكـل احتــرام&nbsp;<br />,
تـفــاخـري يا دارنـا فيهـم على كـل الأمــم</div>,
,
"<div style=""text-align: right;"">&nbsp;</div>",
,
جاد الزمان بْعام ويجود الإلهام<br />,في كل عام !!
ونفـيد ونـدوّر على الاسـتفـاده<br />,
في كل عام آحاول احقّق أحلام<br />,
أحـلام عمـري دائـماً في زيـاده<br />,
لمن يحـب يْكون قـدّام .. قـدّام<br />,
في خانة أصحاب الفكر والرياده<br />,
سولف على نفسك في لحظة هدوءْ تام<br />,
العمر لا اقفى ما يجي فيه إعاده<br />,
ثم قل لها انا صراحه في ذا العام<br />,
أشـعـر بكمـيّـة طـمـــوح و إراده&nbsp;<br />,
لا تعتبر نفـسك رقم بين الارقـام<br />,
عانـد زمانك واسـتفد من عـناده<br />,
هذي رسالة وعي للخاص والعام<br />,
ولسـتُ أدوّر من وراهـا إشـــــاده,
,
"<div style=""direction: rtl; text-align: right;"">شـعـار دولـة الامــارات الـعـزيزه بـدا<br />",شعار الدولة
كـ نور شـمسٍ إلى بانت تزيح الظـلام<br />,
تعـطي ربـاعـية ألـوانه لـشكـله مــدى<br />,
فـي كـل لــونٍ لـنا قـصّــه وراها مـرام<br />,
الأسـود نسـوّد الـدنـيا في عين العِــدا<br />,
والأخضر نخلّي قلوب البشر في سلام<br />,
والأبيض وجـوهنا تكرم من اهـل الردى<br />,
الله كساها بـياضٍ من بـياض الغـمام<br />,
والأحـمر نـقول جعـل العـمر دونك فدا<br />,
يا اغلى بلـد فخـرها يزداد في كل عام<br />,
ويا زايــد الخير ما ضاعت جهودك سُدى<br />,
على خـطـاك الـبلـد خـطـواتها للأمـام</div>,
,
بالهـدى والبر والتـقوى يا ربّــي زدها<br />,حكمة الحطّــاب
نفس مؤمن شفّـته بالذكر ليست عطبه<br />,
أدري ان المقبلات أشر وأقسى وادهى&nbsp;<br />,
والعمـر مـرّه وانـا لا يمكـن آفــرّط به<br />,
وأجمل اللحظات وأغلاها معي واسعدها<br />,
لحظةٍ راس قلمي فـ أوراقـي آخطط به<br />,
القصيده دون حبكـه في نظر ناقـدها<br />,
مثل من صَلَّى صلاة الجمعة بلا خطبه<br />,
والبيوت اللي هجوسـي ماهو يردّدها<br />,
من ملـف الذاكـرة ثـلثيـنها منشـطـبه<br />,
صاحب النعمه ما يبلش غير في حاسدها<br />,
ودّي اعرف حاسد النعمه فقط ما خطبه ؟<br />,
أيّها الإنسـان نفـسك للـعـلا جنّــدها<br />,
واستمع شور المجرّب جيّدا واحتط به<br />,
وانظر الحطّاب نفسه كيف هو عوّدها<br />,
يْتخيّر في الحطب ما كل عود أيحطبه<br />,
لا تكن كـالبـير ما تـروي سوى قاصدها<br />,
ولتكن كالغـيم تـروي كل نفـسٍ رطـبه,
,
شاعرٍ بواخر أفكاره تلاطم في محيطه<br />,محيط افكار
قبل ذكره يشتهر ويصوّرونه للمجلّه<br />,
يوم شاف البرق والرعّاد له نبره سليطه<br />,
قال للهاجوس سِل السيف للمعنى و سلّه<br />,
أمطرت رحمه من الله وابتسم ثغر البسيطه<br />,
إبتسامه خلّت الولهان من حق يْتولّه<br />,
يا حبيبي والبنادم يْـتأثّر من محيطه<br />,
لو أحاسيس المودّه في ضميره مستقلّه<br />,
ما اقدر آحدّد سيول الغيم في ظهر الخريطه<br />,
إنّما حبّك في قـلبـي أقدر آحدّد محلّه<br />,
الهجر جرحه يدين مواصلك تقدر تخيطه<br />,
وانا اشوف اليوم هذا فرصةٍ للوصل .. يالله,
,
إســمـعـت أذنـي زئير اللـيـث غـاب<br />,حلاّل الصعـاب
مانـشـدت الـنـاس من ويـن الزئـير<br />,
آنا شبـلـه واحـسب لصوته حسـاب<br />,
لا ذكــرت اهــــوال يــومٍ مـسـتطـير<br />,
كـل مـاعـدّا علـى روس الـهـضــاب<br />,
لازم الأنـظــــار صـوبـه تـسـتـديــر<br />,
مـن عــرفـتـه مايــقـول الاّ الصواب<br />,
كــل كــلـمـه من سـمـــوّه تستـثـيـر<br />,
الـنـفـوس او كـل ما فـكّـــر وجــاب<br />,
قـافـيـه خــلاّ هــل الـمعـنى تحـيـر<br />,
فــي مـعـانـيـهـا بـشـكٍ وارتــيـــاب<br />,
مـايـحـلّلـها ســوى مـن هو جـديـر<br />,
لـه فـراسـه فـ الـحضور وْفـ الغياب<br />,
شـاعــرٍ بـحــره من الـمعـنى غـزير<br />,
ودّي آجــاريــه ، لـكــنّـي أهــــــاب<br />,
كل شِــبـر يـقـارن بشـبره قـصـيـر<br />,
مــن يريــد ينـافـسه يطــرد سـراب<br />,
تـعـتبـره الناس مجـهول الـمصـيـر<br />,
والـغـلا في القلب ينساب انسـيـاب<br />,
مـثـلمـا ينساب نسـنـاس العصٓـيـر<br />,
فـي فـيافـي لـنـدن بـلاد الضـبـاب<br />,
أو كـما الـذعـذاع في بٓـر العـويــر<br />,
وان سمح لي سيّدي دمث الجنـاب<br />,
بْـســـؤالٍ واحــــدٍ لاجـل اسـتـنـيــر<br />,
الــظـبي وشـلون يعـشقـه العـقــاب<br />,
كـل ظـبــيٍ لـو يـشـوفـه يـسـتـذيــر<br />,
الظـبـي ما لـه نظـير او كان غــاب<br />,
عن عـيـونــك كيف تلـقـى لـه نظـيـر<br />,
يــعـسف الـمهره ، شجاعٍ مايهـاب<br />,
فـ الخــيــول النـادره فـكـره بصـيـر<br />,
الـهـجـــر بين الحـبـايـب سٓــم داب<br />,
والـجـفا من بيـنهم ما فـيـه خــيـــر<br />,
كـيـف تسـألـني وتـدري بالجـــواب<br />,
كـيـف تبغي نصرتي وانت النصير<br />,
حَـلّـهـا عـنـدك يا حٓــلاّل الصِـعـاب<br />,
سـيـف عـزمك ماصنع لجـله جفـير<br />,
شـاب راس القاف من هيبتك شاب<br />,
مايصـير إنّـي أكـابـر .. مايصـيـر,
,
"<div style=""text-align: right;"">نفـوســنا ماحـدٍ يـدري بغـاياتـها<br />",وسـم
وقلوبنا من هجر الأحباب فيها وسم<br />,
قمّة جنون الحياة فـ بعض لحظاتها<br />,
إنّـك تمنّى حـياتك روح بْلا جسـم<br />,
واللي وقف يرقب الغيمه وزخّاتها<br />,
بالعاطـفة والـمودّه مهجته تتّـسم<br />,
طبيعة الـمنظـر الخـلّاب في ذاتها<br />,
قد تجبر اللي يناظر لجلها يبتسم<br />,
والفـاتـنه اللي تثـيرك في تلفّـاتها<br />,
من كل شيٍ جميل الله عطاها قسم<br />,
لو جيت ترسم فقط تبسّم شْـفاتها<br />,
تحتاج رسّام أو تحتاج حِصّة رسم<br />,
النحر كامل دسـم ، تعكـسه مرآتها<br />,
لكن خصرها هو الي فيه قلّت دسم<br />,
ذكر إسمها في القصيد يزيد لوعاتها<br />,
يكفي غرامي لها لو ما ذكرت الإسم<br />,
هي أجـمل مْن الحياه وْمن ملـذّاتها<br />,
محتاج أقسم قسم وإلاّ بلاش القسم</div>,
,
"<div style=""text-align: right;"">ليت المحبّـه يجيـب العلـم هدهدهـا<br />",هدهدها
مـن ديـرة الفـاتـن الي غيـمهـا ماطــر<br />,
اجاهد النفــس واتعبنـي مجاهـدهـا<br />,
وانا على وصلهـا بإحسـاسـي آخـاطـر<br />,
الشاطره في الهجــر قلبـي معاهدهـا<br />,
ما يخونها ليت قلبي في الهجـر شاطـر<br />,
النظـره اللي مـن عيـونـي تشـاهدهـا<br />,
تعبيـر عـن ما تكـنّــه لهـفــة الخـاطــر</div>,
,
الله واكبر منك يا فتنة دبي<br />,الظبي
حالتك يالمـزيون ماهي بحاله&nbsp;<br />,
ناسٍ تقول ان الغزاله هي اللي<br />,
لها عليك من الوصـايف دلالـه&nbsp;<br />,
وناسٍ تقول ان الظبي اقرب شوي<br />,
في وقفته في لفتته في انفعاله&nbsp;<br />,
وانـا رغـم آرائـهـم ودّي انّـي&nbsp;<br />,
احاول اشـرح كل رأي لحـاله&nbsp;<br />,
لا صار بين امك وبين الظبي شي<br />,
وربّي وهبك من الوصايف جماله<br />,
والا ابوك في لحظه الطيش والغي<br />,
سـوّا عـلاقـة عـابـرة مع غـزالـه&nbsp;<br />,
عموماً ان كان السبب ذيك أو ذي<br />,
ياكبر حـظ اللـي جذبك لوصـاله,
,
يا اهل الشعر الشعر لا ضقت ما دوّرت غيره<br />,الشميمي و الخـوي
باسمه آحقّـق أمانيّـه واعبّر عن أمالي<br />,
تستثير العاطفه فكري وفكري يستثيره<br />,
يا كثر مالي ولكن الشعر هو راس مالي<br />,
وانا شاعر يجذبه ريح المطر في كل ديره<br />,
يتبسّم للمطر لو خاطره ما هو بْـسالي<br />,
ورغم فضل الله علي اللي ماهو يحصى بخيره<br />,
واجتهادي للطموحات الكبيره واحتمالي<br />,
إنما أبقى بشر تشغلني امورٍ كثيره<br />,
مشغله عقلي واحاسيسي وخفّاقي وبالي&nbsp;<br />,
يا اهل المقناص عزّوني ترى نَفسـي أسيره&nbsp;<br />,
للحزن والناس تحزن فـ اوّل الدنيا وتالي<br />,
فاقـدٍ طيرين من نـدّر صواريم الجزيره<br />,
والحقيقه كنّي الا فاقـدٍ خيرة عيالي<br />,
الشميمي مات واوّل دمعتي عزّت الاخيره<br />,
واعتقدت ان الحزن وقّف ولكن ما طرالي<br />,
لين ودّعت الخوي في قصّـة الحزن المثيره<br />,
قصّـةٍ من واقـعٍ ثابت وكنها من خيالي<br />,
كثر ما بين الشميمي والخوي رفقه وجيره&nbsp;<br />,
كن بين اثنينهم عهدٍ من ايّـامٍ خوالي<br />,
كل واحد يخبر الثاني بنبرته الكسيره<br />,
كان جاك الموت لا ترحل وتتركني لحالي<br />,
ما دريت ان الزمن مثل الرحاه المستديره<br />,
لين قفّت بالشميمي والخوي سود الليالي<br />,
ومن يلوم الحزن في الصقّار لا من مات طيره<br />,
يفقد الصقّار طير وكنه فاقد شخص غالي,
,
"<div style=""text-align: right;"">مكتوم سمّى هند والإسم انتـشر<br />",هند
اسـمٍ لهُ فـي ذروة المجـد انتمى<br />,
سمّـى على روح الغلا واغلى بشـر<br />,
اللي بحـر الاشـواق لرضـاها زمـى<br />,
إسـمٍ كثـر ما وجـه صاحبتـه بشِـر<br />,
أحـس كنـها من مـلائكـــة السـما<br />,
أنا لو اكتب في الإسم نفسه عشر<br />,
قصـايـد ، مقـصّـر في مدحـه إنّما<br />,
لصاحبة هالإسـم شـوق بلا خشـر&nbsp;<br />,
سـليـلة العــز وعقـيلة مـن حمـى<br />,
داره من اصحاب الدسايس والقشر<br />,
محـمد اللي للطـموحات اسـتمى</div>,
,
"<div style=""text-align: right;"">&nbsp;</div>",
,
آنا لا شفت الورد في المزهريّه<br />,مزهرية
بعيد عن بسـتانه يضيق بالي<br />,
أشعر بلحظة حزن لو هو هديّه<br />,
كأنني حاضر عزا شخص غالي<br />,
لو كان نـور شـموعه الجانبيّـه<br />,
ترسم ملامح ما مضى في خيالي<br />,
الذكـريات الحـلوه الأوّليّــه<br />,
قدّام ترهقنا صدوف الليالي<br />,
شقي يا ابن آدم ونفسك شقيّه<br />,
مهما بلغت من الكبر والتعالي<br />,
ترى الرضا طبع النفوس الرضيّه<br />,
ومن الشقا ما فيه مخلوق سالي<br />,
ومعاند الايام يصبح ضحيّه<br />,
لو هو من اصحاب السمو والمعالي,
,
كأنّــك تـســـاءل مــن ورا كــل الانجـــاز<br />,رمز
وعـن الـمنظـر الخـلاّب انا ويـن انا كنت<br />,
وكأنهـا تـقــول : الله يـا رمـــز الاعـجـــاز<br />,
أنا ما صنع مجدي على الأرض غير انت,
,
الجمعه أفخم يوم في كل الأسبوع<br />,الجمعة
يوم التواصل والسلام الحقيقي<br />,
يرتاح بالي فيه من كل موضوع<br />,
وتحس خطواتي بقيمة طريقي<br />,
أشعر بأن صوتي لاسولفت مسموع<br />,
بعيد عن كثر الصخب ياصديقي<br />,
فيه الزعل من بين الأحباب ممنوع<br />,
والشوق منجى للمحب الغريقي​,
,
يابو خالد حفظك الله وانت الشيخ<br />,ابو خالد
الذي ما يهـز الوقت مقداره<br />,
يوم ميلادك يسولف به التاريخ<br />,
عندما سولف التاريخ باخباره<br />,
كل ما قال كوكب الأرض للمرّيخ<br />,
فوق متني بنى الامجاد باصراره<br />,
قال له كوكب المرّيخ مجد الشيخ<br />,
كمّـله يـوم فوقي حط مســباره,
,
​كم أشعر بمتعه إلى صرت بلحـالي&nbsp;<br />,الميّت الحي
على شـفاتي دعاءْ والأرض سجّـاده<br />,
والشعر في الميّت اللي حي يحلالي<br />,
كما حلا شعر عاشق في هوى غـاده<br />,
محتاج صاحب يقدّر مجمل احوالي<br />,
ماهو على الظن ، فوق الظن وزياده<br />,
يدري عن الحاجه اللي دارت فْـ بالي<br />,
ويدرك حقيقة شعور الحزن وابعاده<br />,
الوعـي .. رافـد مهم لدعـم الآمـالي<br />,
والنصر .. يحتاج دعم وفكر وقيـاده<br />,
يا قصر زعبيـل شكلك فاقـدٍ غـالـي<br />,
عضـيد شيـخٍ تـفاخـر&nbsp; باسمه بـلاده<br />,
مرّيت قصره وحسّـيت القصـر بالي<br />,
لو كان قصـره يفاخـر بالذي شــاده<br />,
يشـاركـك أوّل الأحــــزان و التالـي<br />,
تقول ميعـاد حـزنك نفـس ميعـاده<br />,
حـدايقـه بالنخـيل الباسـق العـالي<br />,
إللي مَـعَ رقّــة النسـنـاس منقـــاده<br />,
أحيـد عصفـــورها لا جيـت غنّى لي<br />,
واليوم عصفـورها ليسَ كما العـاده<br />,
من يحسب الحزن وقفه فوق الاطلالي&nbsp;<br />,
قولوا له الحـزن حاجه غير معتـاده<br />,
الحـزن ذكـره معي في كل ترحالـي<br />,
والى لقيت الحزين ، احاول اسعاده<br />,
ما قلت أبـويـه ولا عمّـي ولا خـالي<br />,
لو كلّـهم في ميـادين الفـخـر سـاده<br />,
لكن .. أفاخــر بهم وآثـبّـت افـعـالي<br />,
وش قيمة الرجل لو مايصنع امجاده,
,
"<div style=""text-align: center;""><strong><span style=""font-size:14px;"">عجايب</span></strong></div>",عجايب وشنذاره وغيّاث
,
"<div style=""text-align: right;"">وينك يا غيَاث شنذاره تحداني</div>",
,
<div>لو كان ما عندها فعل تماري به</div>,
,
"<div style=""text-align: right;"">شوط التحدّي تشارك به على شاني</div>",
,
<div>هذا كلام الحقيقه وانت تدري به</div>,
,
"<div style=""text-align: right;"">شهرة عجايب ترى في كل ميداني</div>",
,
<div>منها زمان العجب ضاعت تعاجيبه</div>,
,
"<div style=""text-align: right;"">محد يحارب نجاحي غير عدواني</div>",
,
<div>ولا لقوا من محاربتي سوى الخيبه</div>,
,
"<div style=""text-align: right;"">لو شهرة اعمار للقاصي وللداني</div>",
,
<div>ومركاضها كل خلق الله تهذري به</div>,
,
"<div style=""text-align: right;"">إلى ذكرها زمنها ما تناساني</div>",
,
<div>مدرّب اعمار شاملني بتدريبه</div>,
,
"<div style=""text-align: right;"">بكره واقول الشعر صح الله لساني</div>",
,
<div>أتعب على البيت لين يزين تركيبه</div>,
,
"<div style=""text-align: center;"">&nbsp;</div>",
,
"<div style=""text-align: center;""><strong><span style=""font-size:14px;"">شنذاره</span></strong></div>",
,
"<div style=""text-align: right;"">وينك يا غيّاث غثني والزمن فاني</div>",
,
<div>عجايب السيف قدّامي تباهي به</div>,
,
"<div style=""text-align: right;"">تقول للأوّلي ماهوب للثاني</div>",
,
<div>تستنقص من المقام وتجهل الهيبه</div>,
,
"<div style=""text-align: right;"">معزّب الخير قدّمها وخلاني</div>",
,
<div>أسلوب تمويه واهل الهجن تدري به</div>,
,
"<div style=""text-align: right;"">والله لو الشور عندي ما تعدّاني</div>",
,
<div>أكسّر التيم لجل السيف وآجيبه</div>,
,
"<div style=""text-align: right;"">مع احترامي وتقديري وعرفاني</div>",
,
<div>من يجهل اعمار مدري وش نسوّي به</div>,
,
"<div style=""text-align: right;"">في دار زايد وفي مضمار ابن ثاني</div>",
,
<div>المركز الأوّلي لاعمار ترتيبه</div>,
,
"<div style=""text-align: right;"">والاّ على الشعر جاريتك بقيفاني</div>",
,
<div>شعر لو اسمّع الشاعر يغني به</div>,
,
"<div style=""text-align: center;"">&nbsp;</div>",
,
"<div style=""text-align: center;""><strong><span style=""font-size:14px;"">غياث</span></strong></div>",
,
"<div style=""text-align: right;"">الله على الشعر كيف يهز وجداني</div>",
,
<div>خصوصا ان كانها صوبي مكاتيبه</div>,
,
"<div style=""text-align: right;"">إن كان أقراه والاّ اسمعه بآذاني</div>",
,
<div>في الحالتين اعشقه ما منه تجنيبه</div>,
,
"<div style=""text-align: right;"">خبّر عجايب وشنذاره يا شيطاني</div>",
,
<div>الشعر يـ اللي ماحولك شكّه وريبه</div>,
,
"<div style=""text-align: right;"">غيّاث شيبه ويعشق جر الالحاني</div>",
,
<div>لكن بعض السوالف تزعل الشيبه</div>,
,
"<div style=""text-align: right;"">تبغون رايي ورايي حسب ما جاني</div>",
,
<div>النصر والسيف معروفه معازيبه</div>,
,
"<div style=""text-align: right;"">بذلتوا الجهد والتوفيق ربّاني</div>",
,
<div>السبق ثنتينكم خذتوا مكاسيبه</div>,
,
"<div style=""text-align: right;"">ما فيه مجد يجي للرجل مجّاني</div>",
,
<div>لابد ما يخسر الرجّال من جيبه</div>,
,
"<div style=""text-align: right;"">يتعب ويبذل جهد ويظلّه يعاني</div>",
,
<div>ويحقق النصر لين نقول يا طيبه</div>,
,
حــاول تهنّـينـي قـبل ليـلة العـيد<br />,ضحى العيد
خـل الخفـوق مـن الـوداد يتفاجـا<br />,
إيّـــاني و إيّـــاك يــا سيّــد الغـيـد<br />,
تنسى تهنّيني ضحـى العيـد لا جـا<br />,
لا تقول هنّيتك ، هذي بس تمهيد<br />,
لجـل القـلوب مْن الوصـال تنـاجا<br />,
والاّ بعد مـدحي لمنحـرك والجيد<br />,
بهجـيـك .. وانـت ماتحـب تهـاجا,
,
​يا مجـيبٍ للعـباد ويا سمـيعاً<br />,دعاء
طهّر التايب لوجهك من ذنوبه<br />,
ودّي آعـايد عـباد الله جميعاً<br />,
أمّـة محمد وسكّـان العـروبه,
,
دربـي ودرب الشـعر واحـد ما قـدرنا نفتـرق<br />,درب الشعر
إن كـان جَـوّه غيـم والاّ كان فـي الجـو غْـبره<br />,
ليت القلم يعرف حدوده كل ما شاف الورق<br />,
لولا الـورق كان القلم تبكي عليه الـمحبـره<br />,
والرعـد لا منّه رعـد ، والبــرق لا منّـه بَــرق<br />,
تطـري علي أجمل سنين ايامي اللي مدبـره<br />,
لو كنت نسـل شْـيـوخ جـرّبت الكـآبه والأرق<br />,
لكـن أنـا اللي مظهره لا يُـنبئـك عن مخبـره<br />,
تعّبت رجلي في الدروب الكـايده لين العرق<br />,
لامس جبينـي والرجل بْلا فعل ضـاع خْبـره<br />,
يا طـارقٍ باب الشـقا ، باب الشقا ما ينطـرق&nbsp;<br />,
كذلك الـدرب الشـقي لا تحـاول انّك تعـبره<br />,
لا تجعل البسـمه من شفاتك حبيبي تنسـرق<br />,
وتحـس كنّك شـايلٍ في وسط صـدرك مقبـره<br />,
إن غاب نور الشمس وجهك نوره الباذخ شرق<br />,
يصغر مقام الشمس والاّ انته مقامك ما اكبره<br />,
نــار الغــلا يمكن قليـل الصـبر فيـها يحتــرق<br />,
وانا على نـار الغــلا صـبري من اللـي يصـبره<br />,
بحر العيون السود من مرّه مُـحب وْما غرق ؟<br />,
لو هو إمــام الشـوق وانبـل من تعـلاّ منبــره,
,
​هذا محمد ولد راشد و منّه إليه<br />,عن هنا من هناك
الفخر في عصره اللي قال من لي سواك ؟<br />,
ماضيّه ف حد ذاته حاضر منافسيه<br />,
أما سمعت الزمان يقول ماذا دهاك ؟<br />,
كانه حديثه هنا عن مجد ماله شبيه<br />,
والمدهش انّه يسولف عن هنا من هناك<br />,
واليوم سافر إلى المستقبل اللي يبيه<br />,
سافر وقال الفخر يا شيخ خذني معاك<br />,
لا تسأله أين أنت ؟ فالسؤال النبيه<br />,
مداك في الأرض ؟! والاّ في فضانا مداك ؟!,
,
​الصـوره تـقول شمس وْمايله للغروب<br />,الصورة
والـمنطق يقول يا سامع حديثـي هنـا<br />,
فْعولنا باسم إبوخالد حبيب الشعوب<br />,
إتبـيـن حتـى ولـو مـا بـانـت وجـيهـنـا,
,
من دبــي الـعالـميّــه الـ مدينـة زايـــد<br />,المدينه
يـا سلامـي والـغـلا بين النشامـا كافـي<br />,
الـمراجـل كايـده والـطيب فعـله كايـد<br />,
دايـم الوافي ما هو يجهل مقام الوافي,
,
هذا هو الفارس اللـي للوطن تذخره<br />,زايد بن حمدان
مْخلّـده فعـل كـفّـه ، والبشـر فانـيه<br />,
هيبتـك عند الجلوس لحالها مفخره<br />,
ولهـيبتك وانـت واقـف قصّـةٍ ثـانيه,
,
ياسـيّــد الأمّـــه ، زعـيم الأمـارات<br />,صورة مجد
إنـت الفخـر والـمجـد يعـلو متـونك<br />,
أنت الوحيد اللي من الناس بالذات<br />,
تْـفــرّح الإنـجـــاز نـظــرة عـيــونـك<br />,
ياللي تصوّر مجد شعب الطموحات<br />,
ما تـدري إن الـعـالـم يصــوّرونـك ؟!,
,
ما عَـنّه صْدود وَصل الزين ما عَـنّـه&nbsp;<br />,ما عنه صدود
لو كان قاسي وقلبي مِرتـجي عَطـفه<br />,
رموشه سيوف مـوتٍ جات مِسْتَـنّـه<br />,
منها عروقي وَرا الاضـلاع مِنْـشَطفه<br />,
يا نـاويٍ تخطف القلب اش تَبي منّه<br />,
تـراه بَيْـموت لو حاوَلـت في خَطـفه<br />,
القـلب مثل الزهَــر لازم تَعَــرف انّــه<br />,
يـمـوت في كَـف قَـطّـافه بَعَد قَـطفه<br />,
إلطـف تَرى فـي كِـتاب الله والسنّـه<br />,
من تاب يَكسيه رَب البيت من لُطْفَه<br />,
والكِـبر صَاحِـبْه ماهو يدخـل الجنّـه<br />,
كيف يْتكـبّر وهو مـخلوق من نُـطفه<br />,
سِكَـنت فـي خافقي والله له الـمِنّــه<br />,
قم وَلّع الشوق في الخفّاق والاّ اطْفَه,
,
سفّاح صوته كان و َمَا زال و الفرقى تلوع<br />,فزاع و سفّاح
مزيج من روح الشباب و ْحكمة الرجل الكهل<br />,
صوته على ركض (الشبابي) كان يعلق في السموع<br />,
زمان يوم الركض ناموسه ما ياتي بالسهل<br />,
حنّا نعرف ان القناعه تجعل الشخص القنوع<br />,
يشعر بأنّه يمتلك ما لا مَلَك غيره فَهَل ؟<br />,
نستخلص العبره رغم حجم التفاوت في الطبوع<br />,
وان الامل مثل الهلال ان غاب لابدّه يهل<br />,
كُنْ كـ (بلال ابن رباح )اللي رفض ذل الخنوع<br />,
وَلا تكن مهما تكون المغريات ( ابو جهل ),
,
عاش الوطن ، والله يعز القياده<br />,إرادة وطن
اليـوم هذا يوم عـزّه ونومــاس<br />,
زايـــد رسم للدار خطّـة ريـاده<br />,
مَعَ شيوخ بلادنا ثبّـت السـاس<br />,
وخليفـــة اللي للمراجـل زنـاده<br />,
يقدح وله في قمّة العز مجلاس<br />,
وان قلت ابوراشد يا كبر الإشاده<br />,
تاريخـه الخـالد للاجيـال نبراس<br />,
وان قلت ابو خـالد تفاخر بـلاده<br />,
في السِلم والاّ يوم الارياق يبّاس<br />,
من كان له في كسب الامجـاد عاده<br />,
شعبه يحوش المجد من دون مقياس<br />,
ترى الوطــن بالنـاس والنـاس إراده<br />,
ومن دون إراده يا وطن ما معك ناس,
,
عاش الوطن ، والله يعز القياده<br />,إرادة وطن
اليـوم هذا يوم عـزّه ونومــاس<br />,
زايـــد رسم للدار خطّـة ريـاده<br />,
مَعَ شيوخ بلادنا ثبّـت السـاس<br />,
وخليفـــة اللي للمراجـل زنـاده<br />,
يقدح وله في قمّة العز مجلاس<br />,
وان قلت ابوراشد يا كبر الإشاده<br />,
تاريخـه الخـالد للاجيـال نبراس<br />,
وان قلت ابو خـالد تفاخر بـلاده<br />,
في السِلم والاّ يوم الارياق يبّاس<br />,
من كان له في كسب الامجـاد عاده<br />,
شعبه يحوش المجد من دون مقياس<br />,
ترى الوطــن بالنـاس والنـاس إراده<br />,
ومن دون إراده يا وطن ما معك ناس,
,
للحزين اللي طغى حزنه و حارب جيله<br />,رسالة حزن
في رساله عبّرت عن ما يكن و نصّت<br />,
في بدايتها على جور الزمان و ميله<br />,
وفْـ نهايتها على غدر الأحبّه خَصّت<br />,
إنني متعاطـفاً جـداّ وانا أدعـي له<br />,
إنما من يجهل التاريخ يحضر حصّت<br />,
من يُدرّس منهج التاريخ واليحكي له<br />,
الـمحبّه في قلوب اهل الـمحـبّـه شصّت<br />,
لا تصافح غادرٍ بالغدر زاد الكيله<br />,
واخبره إن الليالي لو تسر إقتصّت<br />,
خذ مثالٍ واضح و معقول ما يبغي له<br />,
غير إِنَّكَ تستمع كنّك علي تتـنصّت<br />,
لو يقص السيف كف اللي سرق في ليله<br />,
يمكن العَبْره في حلق اللي يشوفه غَصّت<br />,
الحزن واجب لكن العلم في تفصيله<br />,
لا تقول شْلون قصّت قول وش له قصّت<br />,
من يحلّـل شي ما هو يفهمه تحليله<br />,
يدْحَرَه تحليل ناسٍ للعلوم إختصّت<br />,
وْكان تبغي تفهم الواقع مثل فهمي له<br />,
إسمع القصّه من أهل التجربه لا قصّت<br />,
وإسأل أهل العلم والجاهل ما عنْدَه حيله<br />,
الشـريعه في وصاياها بذلك وَصّت<br />,
جاه ردّي في رساله واضحه منّي له<br />,
آتمنّى من حروفي ان تكون إمتصّت<br />,
الغضب من قلبه اللي كل هم&nbsp; يْشيله<br />,
والجروح اللي على حدب الضلوع إنرصّت,
,
"<span style=""color: rgb(102, 102, 102); font-size: 18px;"">​</span><span style=""color: rgb(102, 102, 102); font-size: 18px;"">ودّي أشكر عمّتي ( عليا ) على حسن الزيـاره</span><br style=""color: rgb(102, 102, 102); font-size: 18px;"" />",علياء
"<span style=""color: rgb(102, 102, 102); font-size: 18px;"">&rlm;أدري انّي عندها غالـي وشكر النـاس واجـب</span><br style=""color: rgb(102, 102, 102); font-size: 18px;"" />",
"<span style=""color: rgb(102, 102, 102); font-size: 18px;"">&rlm;الـمثــال اللـي يترجــم مـا أحسّــه وبجـداره</span><br style=""color: rgb(102, 102, 102); font-size: 18px;"" />",
"<span style=""color: rgb(102, 102, 102); font-size: 18px;"">&rlm;مستحيل العين تعلى يا جماعه فوق حاجب</span>",
,
"<span style=""color: rgb(102, 102, 102); font-size: 18px;"">​</span><span style=""color: rgb(102, 102, 102); font-size: 18px;"">عندي شطر يسوى جميع الأشط</span><span style=""color: rgb(102, 102, 102); font-size: 18px;"">ر</span><br style=""color: rgb(102, 102, 102); font-size: 18px;"" />",خلاّبه
"<span style=""color: rgb(102, 102, 102); font-size: 18px;"">محـدٍ من الشـعّـار قـبلـي جـابه</span><br style=""color: rgb(102, 102, 102); font-size: 18px;"" />",
"<span style=""color: rgb(102, 102, 102); font-size: 18px;"">ياللي تعرف اقرا ما بين الأسـطر</span><br style=""color: rgb(102, 102, 102); font-size: 18px;"" />",
"<span style=""color: rgb(102, 102, 102); font-size: 18px;"">وتعرف قصد الشاعر ان غنّى به</span><br style=""color: rgb(102, 102, 102); font-size: 18px;"" />",
"<span style=""color: rgb(102, 102, 102); font-size: 18px;"">دبـــي جـذّابـه قبـل ما تـمطـــر</span><br style=""color: rgb(102, 102, 102); font-size: 18px;"" />",
"<span style=""color: rgb(102, 102, 102); font-size: 18px;"">لو قلـتوا&nbsp; إنـها بالمطــر جـذّابـه</span><br style=""color: rgb(102, 102, 102); font-size: 18px;"" />",
"<span style=""color: rgb(102, 102, 102); font-size: 18px;"">خطيره وصارت صـراحه أخـطر</span><br style=""color: rgb(102, 102, 102); font-size: 18px;"" />",
"<span style=""color: rgb(102, 102, 102); font-size: 18px;"">غيــم ومنـاظــر روعـه وخــلاّبـه</span>",
,
<div>,الديم
<div>,
"<div><span style=""font-size: 14px;"">غير الفخر والعز والمجد وش بَعد</span></div>",
,
"<div><span style=""font-size: 14px;"">يادارنا جات السـحايب مـراديم</span></div>",
,
"<div><span style=""font-size: 14px;"">تقول بوخـالد محـمد على وعـد</span></div>",
,
"<div><span style=""font-size: 14px;"">مَعَ أبو راشــد محمد على الغـيم</span></div>",
,
"<div><span style=""font-size: 14px;"">تصافحوا ثم سولف البرق للرعد</span></div>",
,
"<div><span style=""font-size: 14px;"">ومن هنا ربّـي كتب ينزل الديـم</span></div>",
</div>,
</div>,
,
<div>,رابع يوم
<div>هذا اليوم رابـع يوم والجـو رعـد وْبـرق<br />,
وهذا اليوم رابـع يوم والشـوق ذابحنـي<br />,
وهذا اليوم رابع يوم والنبض وسط العِرق<br />,
يقول ابتسم وان كنت غلطان سامحني<br />,
واذا قلت ما بينك وبين السـحابه فـرق<br />,
لأنـها تـريّـحـنـي .. وشـوفـك يريّـحـنـي<br />,
ياسيّد بنات الحسن في الغرب والاّ الشرق<br />,
يا ليتـك تـمـسّــينـي غـرام وتصبّـحنـي<br />,
عيونك وسيعه يا ماشالله وعودك طرق<br />,
لكن ساترٍ عودك ورمش الجفن محنـي<br />,
قبل تنزل فـ وحل الهجر خاف ربّك وارق<br />,
على قمّـة الوصـل وتـأمّـل يا جارحنـي<br />,
يطيح المولّع حزن لا سمع نوح الورق<br />,
وانا لو قطـعت مْواصـلك ما تطيّحنـي</div>,
</div>,
,
<div>,الشجره
<div>,
"<div><span style=""font-size: 14px;"">تذكرون الشجره الي في شهر سبعه حزينه</span></div>",
,
"<div><span style=""font-size: 14px;"">مرّها غيـم السـما وآغاثـها واسـقى ثـراهـا</span></div>",
,
"<div><span style=""font-size: 14px;"">لاتـقـارنـهـا ببـرجٍ من بـروج أهـل المدينـه</span></div>",
,
"<div><span style=""font-size: 14px;"">شامخه كن الفصول الأربعه تطلب رضاها</span></div>",
</div>,
</div>,
,
كويت العز يادار الصباح و عاصمة الأمجاد<br />,كويت العز
نحن بأعيادكم يأهـل الكـرم و الطيب عيّدنا<br />,
علمكم عانق أبراج السما و تعانقت الأطواد<br />,
وكان القلب شاهـد حبّـكم و البـدر شاهـدنا<br />,
غـدى للـبـدر ميعـاده مثـل ما للـغـلا ميعـاد<br />,
على حـب الكـويت و حـب قايـدها تـوحّـدنا,
,
طير المحبّـه كفـخ يا ضامر السـرجوف<br />,بيني وبينك
وعلى اطول ضلوع صدر اللي يبيك اوكر<br />,
لو تنكر ان قلبك المرهـف علي ملهـوف<br />,
وَتـسـأل القـلـب قـال الـقـلب لا تـنـكــر<br />,
تشكر على البسمه اللي نارها في الجوف<br />,
أمّا على الصــد والهـجــران ما تـشـكــر<br />,
بنــات آدم وحـوّا من عـنــود النـــوف<br />,
واللـي إلى عرّضـت جـمالـها يُـســكـر<br />,
مقـارنـه بالذي تمـتـلكه من وصــوف<br />,
بينـي وبينك صـراحـه الشـي ما يذكـر<br />,
تـرز لي منـحـرٍ يدعـوا إلى المعــروف<br />,
وتـلـد لي عيـن تـنهــاني عن المـنكــر<br />,
تمكر بعـودٍ تقاسيمه تخطف الشـوف<br />,
واذا سـألتـك تـقـول ان الغـرام امكــر<br />,
الكـر والفـر للعـاشـق ماهو مـألــوف<br />,
وشلـون تـقدر تجـيد الفـر والاّ الكــر,
,
أحس كـنّـي هـنــا موجود من أمـســي&nbsp;<br />,من أمس
شـاعـر و ادوّر علـى سيف الـبحر فـكـره<br />,
هذا ظـلالـي يـسـانـدنـي وذي شمـسي&nbsp;<br />,
حسّت بـأنّـي مـن الـلهفـه مـعـي حكـره<br />,
قـالـت يـا حمدان لـو تـقـدر علـى لـمـسي<br />,
خـذتـك مـعــاي ورجعـنـا لـلـبــحر بـكـره,
,
رحّب بك الغـيم كنّه قاعـدٍ يحتريك<br />,ترحيـبة غيـم
والعشب نظرته لك من فتنتك صادمه<br />,
أمّا عن الغيم باقـي بس ياشّـر عليك<br />,
ويقـول : يا مرحــبا بالفتـنه القـادمه<br />,
والله ما الوم الذي يحلم يصافح يديك<br />,
العــالم اللي تحـبّــك ماهي بْـنــادمه<br />,
أيـادي الوصل تبني لك أمل يحـتويك<br />,
وايـادي الهـجـر دايـم للأمـل هادمـه<br />,
فديت قلبك ، وسلهامة هذيك وهذيك<br />,
لك سيّـد الشـوق يامر بالغـلا خـادمه,
,
نبيـل عصــره ، حفظــه الله ما أنبـله<br />,ما أنبله
تتوه في وصفه الأفكار قبل الحـروف<br />,
يقـبّـل الـفخـر يمنـى بنت مسـتقـبله<br />,
كأنّـه يقـول للمـاضي ياليتك تشــوف,
,
أخذ الـغـلا مـن شـعـور مولّـعـك نـقداً<br />,شهر سته
يا ناعــم الوجــنـتـيـن وصـافي البشـره<br />,
وان كنـت تبـغـي على ما قلت لي ردّاً<br />,
بقول لك سـر ، ومسامحْـك في نشره<br />,
الشوق في دبي مثل الشوق في لندن<br />,
له لهـفـةٍ في قلوب النـاس منـتـشـره<br />,
خلّك مثـقّـف ، و متـفـتّـح ، و متمدّن<br />,
إشره بحشمه ، لكن إعرف متى تشـره<br />,
حتى نضـع للجـدال العـاطـفي حـدّاً<br />,
وبقـول لك شي يحفظ باقـي العشـره<br />,
الشـوق في شهر سـتـه مختلـف جـــداً<br />,
عن شهر سبعه وعن تسعه وعن عشره,
,
نعمة الامارات من رب السماواتـي<br />,ثلاث اعياد
الإبـن يفـرح بهـا ويـبشّــر الـوالــد<br />,
ثـلاثـة أعـيــاد للشـعـب الإمـاراتـي<br />,
عيدالله وْشوف ابو راشد وابو خالـد,
,
صباحك الورد وينك غايبٍ ماتشاف<br />,هذا دلع
خـذتـك الأيــام ولاّ بـس هـذا دلـــــع<br />,
تولّـع القـلب في حبّـك وهام وخـلاف<br />,
سافرت والعاشـق يْعـاني هيام وْولع<br />,
لو كان غيرك أمرت القلب يعطيه طاف<br />,
مشاعر الناس ماتشرى شراة السِلع<br />,
فالصبح كنّك شعاع الشمس نور وْعفاف<br />,
يكـفخ لك القـلب وإن لوّحـت بيدك شـلع<br />,
وإن أقبل الليل والشمس أعلنت الانصراف<br />,
&nbsp;مطـلاعـك يكـفّـي مْن الـبـدر لو ما طـلع,
,
لو يضيق الصدر وتخيب الظنون<br />,لو يضيق الصدر
ولو يخــون الخِـل و يشـيب الـولـه<br />,
ولو يعـاف القلب و دموع العـيون<br />,
فـوق خـد الـشـامخـيـن محـوّلـه<br />,
مستحيل اصبح كما هم يحلمون<br />,
مـن يســاوون الــردى بالـمرجـله<br />,
انـا فـارس حاضـره لـو تكرهـون<br />,
يفـتخـر به فـي سـما مسـتقـبلـه<br />,
ما يشـيب الشـوق يا دار الفـتون<br />,
في فـؤاد العـاشـق اللي يحـملـه<br />,
لـو تخـون الـود مثـلي ما يخــون<br />,
إعـتـــذر منّـي و عــذرك باقـبـلـه<br />,
الشـريـف مْـكـرّميـنه ، ما يهــون<br />,
والـكـريم ، الله مـشــرّف مــنـزلـه<br />,
والرجـل ما يشتكي كثر الطـعون<br />,
لو بعـضـها مـن حـبايـبـه وْ هَـلــه<br />,
السـنـيـن التـاليـه فـيها جـنـــون<br />,
إرجـعـي لي يالســــنيـن الأوّلــه<br />,
ليت غير الكون هذا فيه كون<br />,
يمكن آهاجر لو ان كلّي وله,
,
ياماخذ الاول بحسنك على فصلك<br />,أغلى وصل وفراق
قلبي الى رحت ولا جيت لك مرقا<br />,
الشوق وسط الحشا كنه مخصص لك<br />,
غلاك ثابت مهو ينزل ولا يرقا<br />,
ياناوي البعد لاتجرحني ابنصلك<br />,
ترى المحبين في بحر الهوى غرقا<br />,
ومدامك امصمم امصمم فمن اصلك<br />,
الطيب انك تراعي كبدي الحرقا<br />,
ارجوك قبل الوداع اريد من مصلك<br />,
جرعه تخفف علي لناحت الورقا<br />,
عضوية القلب ماتقدر على فصلك<br />,
مادمت فلقلب ثابت كنك البرقا<br />,
اقول مرخوص والخفّاق يرخص لك<br />,
لو وصلي ارضك ووصلك لي سما زرقا<br />,
اغلا هل الوصل مدامك على وصلك<br />,
و إلى نويت الفراق اغلا هل الفرقا,
,
بدت تغيب الشمس لكن ماوصل<br />,الشمس
من ضيّع القلب بمحاجره الوساع<br />,
إذا شروق الشمس فيه من الوصل<br />,
ترى غروب الشمس فيه مْن الوداع,
,
سليط .. شاعر معه يا صعب مشواري<br />,أقول لك تم
يا فـرحـتـي في مجـارى فـكـرته تـمّـي<br />,
يا رمز قاف القصيد وسِـبعه الضـاري<br />,
وشلون باطـول روس جبالـه الشـمّي<br />,
للخـيل فرسـانها ، والقـوس له بـاري<br />,
وما دام عين المشـاعر ناظـرت يمّـي<br />,
لرضاك شبّـيت في ليل الشـعر نـاري<br />,
يا همّتـي ودّي ادرك غـايتـي .. هِـمّي<br />,
يا نجـم ياللي عن الانـظـار مـتـــواري<br />,
داعبـتنـي بالقـــوافـي وانجـلى غـمّي<br />,
أسقيتنـي من ظــما ياكاسـي العـاري<br />,
وفاخرت بك جد ابوي وجدّي من امّي<br />,
والخيل من معجزات الواحد البـاري<br />,
وفي مـربـط الـعـاديات العـز متنـمّي<br />,
يـقــــــول عنـها نبـي الله وهــو داري&nbsp;<br />,
في ناصـيتـها تشـوف الخــير ملتـمّي<br />,
أغلى من المال عند طوال الاشـباري<br />,
راعـيّــها بالوفــا والعِــــز مـتســمّي<br />,
وصـاتك أمـرٌ&nbsp; علي يـنفّـذ اجـبـــاري<br />,
واقول لك تم من قلبي .. ومن فمّي,
,
​يـا سيّــد الشعّـار مـا قلـت كـافــي<br />,شيخة وراشد في ظلالك
وافكــار شِـعــرك دايـمٍ مسـتجــدّه<br />,
يـا نِـد نـفـسـه في الفخر والقوافـي<br />,
ولا خـلـق فـي جـيـله انسـان نِـــدّه<br />,
شيـخـه وراشــد في ظـلالك عـوافـي<br />,
ومن عاش في ظلّك ما ذاق المكدّه<br />,
وان كـان راشـد صـار رجّـال وافـــي<br />,
مراجـلـه من هيـبـتــك مسـتمـــدّه<br />,
عـنـاده يـبــيّــن ، ولا هـو بْـخــافــي<br />,
والله ما الومه ، وارث عـنـاد جَـــدّه<br />,
عطـفـك عليهـم حـوّل البـرد دافـي<br />,
ودّك لحاف ، وشوقك لْـهم مخــدّه<br />,
وانـا غـلاهــم فـي عيـوني يشـــافي<br />,
محـبّــــةٍ فـي خـاطـري مسـتبـــدّه,
,
كلّـمته و قْال صوتـك فيه نـبــرة حــزن<br />,نبرة حزن
قلت الحزن من أساسيّات صدق الغـلا<br />,
ذكرتـك وصـار شـوقـي قـاف علـى وزن<br />,
قلت آتطمّن على وضعك يا سيد الحلا,
,
من يبغي يْشوف وجه المجد من دون ريب<br />,وجه المجد
يدقّـق ف وجه ابو خـالـد لكي ينبهـر<br />,
في الصوره الخالده للخالد اللي تصيب<br />,
هقـوته ويقـدّم الفرحه لشـعبه مهـر<br />,
كانت في لحظة وداعه عن عمان الحبيب<br />,
بعد زيـاره صداها في الفضا مشـتهر<br />,
كأنّـه يقـول للـعـــالَم بعـيد وقـريب<br />,
نحن واهل عمان حتى لو يطول الدهر<br />,
شعبيـن في شـعب واحد والعدو مستريب<br />,
محـبّــةٍ ثـابتـه .. تـاريخــها مزدهـر,
,
هـذا أنـا سـرحان من ليلة الأمـس<br />,ذكرى حديث
تخـيّـلي من كـان ويّـاي سـرحــان<br />,
ذكرى حديثٍ مر في مسمعي همس<br />,
زاد الـولـه عنـدي وانـا كنت ولهـان<br />,
لو المضـلّـه ضلّلـتنـي من الشمس<br />,
ما ضلّلـتنـي من شـبيـهك ليا بــان,
,
على صغر الجبال ، مْقارنه في حجم كوكب الأرض<br />,جبال الأرض
أحس الأرض من دون الجبال الراسيه تفنى<br />,
بسيط الوعي يحسب خلقها صوره فقط للعرض<br />,
لكن ماالله خلق حاجه على الدنيا بلا معنى,
,
يالغيمه اللي دوى رعدك وبرقك سرى<br />,دمع العظيم
تـرى دموع الكـرام اشبه بمزن الغمام<br />,
الغيـم مزنه نـتاجه عشب فوق الثرى<br />,
ودموع الاكرام تصنع حزن عند الكرام<br />,
المــرء ماضيه يبقى معه مهما جـرى<br />,
تاريـخ الانسان وسط الذاكره له مقام<br />,
عـينٍ لهـا دهـر ما ذاقت لذيـذ الكرى<br />,
تحقّق المستحيل ، وتبدع ف كل عام<br />,
ما طاح من دمعها فوق الخدود وجرى<br />,
الواجــب الخـــد يستـقبلـه بالإبتســام<br />,
هذي دموع الكريم الطيّب اللي ظرى<br />,
على مصادم كبار المعضلات الجسـام<br />,
يوم انبرت له صواديف الزمان انبرى<br />,
لحـلّـها .. رافـعٍ رايـاتـه الى الأمــــام<br />,
لا يفـرح الشامـت اللي عنـه ماحـدٍ درى<br />,
ما طاحت مْن القهر والعشق والاّ الهيام<br />,
طاحت على اللي حضنها كان ظل وذرى<br />,
كانـت بداية طموحاتــه ، ما كانت ختام<br />,
الصـبـح يـبدا بطـاريها لا منّـه طـرى<br />,
وان نامت الكون كله في عيـونه ينام<br />,
وصّـى عليها رســول الله بين الـورى<br />,
ثلاث مرّات ، لين اسمع جميع الأنام<br />,
فـرحـمة الله لها مـن رب أم القـــرى<br />,
ولـخـاتم الأنبـيا منّـي عليـه الســـلام<br />,
دمـع العظيـم ف رحاب الأم يا من ترى<br />,
شعور لو جيت ابا اوصّفه ، شاب الكلام,
,
اللي يبـي يقهر العـدوان في صـوره<br />,الفخر والعز
ينـزّل الصـوره اللي مجــدها خـالد<br />,
الصوره اللي فـ أيادي الناس منشوره<br />,
صورة تميم الفخـر والعـز&nbsp; إبو خالد,
,
علـى خطا زايـــد ، وزايــد كل عـام<br />,وسام أم الشعب
شـوط الغـــلا في كل قلـبٍ لاطمـه<br />,
تبحـر سفينـة دولــة الفـخر بسـلام<br />,
حتى لـو امـواج البحـــر متلاطمــه<br />,
زايــد يعسف المجد من عاده غلام<br />,
وشلون تستغرب لا شفته خاطمــه<br />,
أجمل وطن داري ، لكن أغلى وسام<br />,
وسـام أم الشــعب&nbsp; (أمّي فاطمــه),
,
أبشّـرك بشرى تسر الناظرين<br />,أبشّـرك
إنك حبيـبي والعـواذل خَلّهم<br />,
ما أقول تسوى من عيوني الاثنتين<br />,
وحـده لكن تسـوى عيوني كلّـهم<br />,
أوامـرك تمشـي وحنّـا حاظــرين<br />,
لولاك حمـدان وقصـيده من لهم<br />,
لكن دخيل رموش عينك يالحَسين<br />,
من فوق خـدّك يوم&nbsp; طاحت شِلّهم<br />,
انا لا شفت رموشـك أحس بْـحنين<br />,
ودّي من الشمس أستظل فـ ظلّهم<br />,
أنـا وقلبـي والغــلا .. متعـاهـدين<br />,
نـخلّـي أعـدائـك تمــوت بْـذلّـهم<br />,
دبـي في فصـل الشـتاء للعاشقين<br />,
روعـه لأكثـرهـم ولــع .. وأقـلّـهم,
,
إحتضنك المجـد وبإحساس تاريخـي<br />,إحتضنك المجـد
لو تدرك النطق ، تدري وش يجب قوله<br />,
يا سيّـدي يا فـخـر الامجـاد يا شـيخي<br />,
أعاهـدك لا كبـرت اصبح رجـل دولـه,
,
يا صَاحبي صَدّة العَاشِق تَرى غَلطَـه<br />,سُلْطه و دفتر
لا يَفـتِنـك زينـِك الـبَـاذِخ وَلاَ تِـغـتَر<br />,
قلوب حسَّادي مْن الحِسْد مِنجَلطَه<br />,
سَاعدتهُم بالمفَـارَق والزمـان افْتَــر<br />,
أحيان حمدان شـيخٍ في يَدِه سُلْطَه<br />,
واحيان حمدان شاعر في يَده دَفتـر,
,
رقّـة طفولتك في كفّـك وفي كفّـي<br />,رقّـة طفولتك
إحساسي انّي ملكت الأرض بأكملها<br />,
هنـاك أشـياء واجـد لامسـت شفّـي<br />,
لكـن كفّـك صراحه كانـت اجملهـا,
,
الوصف فالصـوره مايحتـاج للسـرد<br />,هذا الصغير
تعبيـر عن واقـع بـدون أي تـزييـف<br />,
هذا الصغيـر اللي مسـك كفّه الورد<br />,
بكره تشوفونه وهو قابض السيـف,
,
سلّموا على الرويس و عـ غـياثي<br />,الرويس وغياثي
سلموا على هل الظـفره جماعه<br />,
لي غـلاهم ساكـنٍ فينـي وراثـي<br />,
ماهي بْـمتمسّكه عندي وداعـه<br />,
فيهم الوصف الثـلاثي والثـلاثي<br />,
الفخر والطيب من فوق الشجاعه,
,
إلى الرحمن شكري وامتناني<br />,يعلمني الرماية
وتوحـيده بقلبـي و بلسـاني<br />,
جعلني واحدٍ من خِيرة أمّـه<br />,
وعلى سنّـة نبي الله هـداني<br />,
وخـلاّني ولـد شـيـخٍ&nbsp; زمـانه<br />,
يسولف عن مكـارمه لزماني<br />,
فرق مجـده عن الأمجاد وآنا<br />,
بمجده آصل سهيل اليمـاني<br />,
( يعلّمنـي الرمـاية كل يـومٍ )<br />,
ولمّا اشـتدّت ايـامي كـفـاني<br />,
ولا منّـي رمـيت أرمـي بعـزمه<br />,
وهو درعي على من هو رماني,
,
منظر غروب الشمس رمز الذكريات<br />,المشكله بين الاثنين
المحـزنـه في كوكب الأرض الحزين<br />,
ذكّـرنـي بْمنظـر غـروب الأمـنيـات<br />,
فـ اهل الحنين اللي يعرفون الحنين<br />,
أنـاظـره بالعـين وآقـول بْـسـكـات<br />,
الله يعـين اهـل القلوب العاشـقين<br />,
الشمس والغيم وعيون المتـرفات<br />,
لهم في قلب المهـتوي سـرٍ دفيـن<br />,
لمعـظم الركـاب للشمس التـفات<br />,
بقلـوبـهم قبـل التـفاتـة كـل عـين<br />,
ويالسـاده اللي تعشقون السيدات<br />,
اللي على عـرش الغـلا متسـيّـديـن<br />,
عمر غروب الشمس ما سبّب شتات<br />,
بين الاثنيـن ، المشـكله بين الاثـنين,
,
الشجره اللي واقفه نص الطريق<br />,في ثانية
ترجـو من الإبـداع فكـره مبدعه<br />,
كم مرّها قـلبٍ من اللهفه رقيق<br />,
في ثـانيه .. تسـتـقبله وتـودّعـه,
,
في أعين العشّـاقِ فلتختالُ<br />,مجاراة لقصيدة ضاحي خلفان
مـدينـةٌ تـتسـابـق الأمــالُ<br />,
حتـى نحقـقها بهمّـةِ قـائدٍ<br />,
بمـجـدهِ تتـفاخر الأجــيالُ<br />,
وكـأنّـه كان يقـول لشـعبـهِ<br />,
بالفعل كسبُ المجدِ ليس مُحالُ<br />,
فتبسموا من فوقِ أبراجٍ سَمَت<br />,
للسـحبِ لاتبكـيكم الأطـــلالُ,
,
توشّـحي بالفخــر والعــز يا بــلادي<br />,أهل الرياده
مراكز أهل الريــاده باسـمـك اوّلهـا<br />,
في خدمتك كل شيخ مواطنٍ عادي<br />,
إللي ما يخـدم بـــلاده ، ما يمثّـلهـا<br />,
بيتـين ومعبّــره عن غـايـة مْــرادي<br />,
من يـقدر انّــه يكمّـلهـا .. يكمّــلها,
,
يا طير الهدد مامن ظروف الليالي صد<br />,حاجه
نحـب الحـياه وْنبـذل العـزم ونواجـه<br />,
في قلبي وقلبك شوق طاغي وحب و ود<br />,
وعينـي على حاجه ، وعينك على حاجـه,
,
من خلـقـة الإنسـان يـحتـاج الإدراك<br />,إدراك
كي يصنع التاريخ في الطول والعرض<br />,
أنا هـنا.. لكن طمـوحـاتي هنــــــاك<br />,
بعد ما حققت الطموحات في الأرض,
,
الناس ليسو سوى فالكره والإمتنان<br />,فكرة شاملة
ولم تكـن يـوما من أيـامها كاملـه<br />,
واذا جرحني فلان أقول من هو فلان<br />,
ما أعاملـه بالذي يبـغيـني آعاملـه<br />,
أحشم عوى الذيب وآقدّر صهيل الحصان<br />,
وآصـد عن كل رجـلٍ همّـته خاملـه<br />,
الحكمه مْن الشعر والسحر سحر البيان<br />,
إجتمعت اثنـينها في فكـرةٍ شاملـه<br />,
ما فيه فارس على فارس يحب الهوان<br />,
الصامل يْقـدّر اهل الوقفـه الصاملـه<br />,
يستحقر الرمح نفسـه لا طعن له جبان<br />,
ما بالك&nbsp;بْـفارسٍ وقت اللقـا حاملـه,
,
راحة القلب من صـوت الآذان<br />,ذكرياتي مَعَ راشد
عوّضتـني عن الحـزن الكـليف<br />,
لجل راشد .. بعد جيت المكان<br />,
فيه ذكـرى لراشـد .. يا لطـيف<br />,
وجـه راشـد وشـكل الخـيزران<br />,
في كفـوفه ومنطـقه الشـريف<br />,
وابتسـامتـه .. طيبـه وامتـنـان<br />,
حتـى في وجـه رجّـالٍ&nbsp; كـفيـف<br />,
إدعوا لراشـد في شهر رمضـان<br />,
دعـوة المـؤمـن بقـلبٍ نظـيف<br />,
للـبنــادم شـمــوخ وعنـفـوان<br />,
وضِيف ما تستطيع انّك تضِيف<br />,
بس لا من ملك بعـض الحـنـان<br />,
وأفقده ، ينقلب شخصٍ ضعيف<br />,
يا سـفـيـنـة شــعـور الإتـــزان<br />,
بحـر حزني ترى موجـه مُخيف<br />,
كيف ترسـين في بَــر الأمـان ؟!<br />,
يا سفينـه ، وبحري دون سِـيف<br />,
ذكـريـاتي مَـعَ راشـــد .. زمـان<br />,
حرّكـت شي في آلقلب الرهيف<br />,
الغـريـبه .. وانـا راعـي مكــان<br />,
أشـعر إنّـي بعَـد فرقـاه ضيـف,
,
يا أمّــة الإســــلام قبـل العـروبـه<br />,سيد المجد
بإسم الإمارات و إسِم سيّد المجد<br />,
بوخـالد اللي عنـد هقوة شعـوبه<br />,
العـيد هَـل هـلاله وذعذع الوجد<br />,
من مسقط لدولة قطر وإبشروا به<br />,
مْن المنـامه للكـويت لثـرى نجـد,
,
بعد شفتني في جنيف والشوق مثل السَـم<br />,سؤالك غلط
في قلب الذي ما يقدر يواصلك في جنيـف<br />,
لا تسأل عن جــروحـي ولا تقـول لي مهتــم<br />,
جواب السؤال اللي طرحته ما اظن يضيف<br />,
حلــولٍ لمشكلتــي مَـــعَ هجـــرك اللـي لَـــم<br />,
أحسبـه حقيقـي بل حسبتـه مجــرّد زيــف&nbsp;<br />,
كنـوعٍ مـن انــواع الدلــــع والتغـلـــي أم ..<br />,
كنـوعٍ من الغـيــره علـي من بنــات الريــف<br />,
ياليـن الثــرى وجبـالــه النايـفـــات الشـــم<br />,
بريـفــه ومدنـــه قالـوا اللـي تحبّـــه طيـــف<br />,
علـى مركـب الهجــر فْ بحــر بعد مالـه يَــم<br />,
ترحّــل ترحّــال الشـتـا يــوم جـاه الصيــف<br />,
سـؤالك غلـط ، تسأل عن جـروح قلبي كــم؟<br />,
مـن الواجـب انّـك تسـأل جروح قلبي كيــف<br />,
هـل جــروح قلبي جات من صـد والاّ هَــم ؟<br />,
مـن همــوم دورات الزمـن والزمــان مْخيــف<br />,
هـــذا أولا .. وثـانيـــــا : يا ثـقـيــــل الــــدم<br />,
همـــوم الخـلايــق ، كــل هَــمٍ ولــه تعريـــف<br />,
وهــمٍ يخـــص ، وهــم بـيــن العـبــاد يـعــم<br />,
وهمٍ يجي تكليـف ، وآخــر يجــي تشريــف<br />,
همــومٍ توصّـيــك السهــر ما يفيــدك ، نِـــم<br />,
وْهمـــومٍ تخلّــي جفنــك مْـن المنـام مْعـيـف&nbsp;<br />,
عمومــا .. حبيـبـي شو تبي من عيوني تـم&nbsp;<br />,
جروحـــي حقيقـيــه ، وحبّـك هـو التزييــف,
,
السحب كنْها من إحساس الغلا مختلسه<br />,حاضر ومستقبل
في عيون العاشق المدبر وعين المقبل<br />,
والهدوء مْروّق الحاله فقط في الجلسه<br />,
كنّـه يْرتّب مع الحاضـر لك المستـقبل,
,
سبحان من دخّل الرحمة في قلب السبع<br />,الغزالة
إيليـن جـاتـه الغــزالـه حـانـيـه رأسـها<br />,
الليـن منّه صفـه ، والحـزم عنـده طبـع<br />,
فـ الأرض ميّـزه ربّـي ، وأسـألـوا ناســها,
,
على متن القوارب لهفة آلاحباب تكتب فصل<br />,قوارب
تعال نجـدّد الوصـل القديم ونقبر الفرقا<br />,
هذا يومٍ جميع مواصفاته خصّصت للوصل<br />,
هنا غيم وْهنا نهـر وْهنا عشـب وْهنا ورقا,
,
لو حرّك الغصن الأخضر باردك يالنسيم<br />,الله لنا
ما حرّك الشـوق عـود الزين يوم إنثنى<br />,
تسـتحقر نفوسـنا شـيٍ لو إنّـه عظيم<br />,
لا صـار درب الوصـول المكسـبه ذلّـنا<br />,
أسرار قلبي بعـيده عن عيون الحـريم<br />,
لو ان عيـون الحـريم تـزيد قلـبي عـنا<br />,
أسـامر اللـيل وحدي كن ما لي نديـم<br />,
بس النديم الحقيقي قاف شعري وْأنا<br />,
أهيم والشـاعر إيلا ضاق صـدره يهيم<br />,
لو كان شـيخ وحـياته بين رغـد وهـنا<br />,
إحساسه المرهف يحسِّـسه بأنّه يتيم<br />,
بالرغم من كثرت احـبابه هناك و هـنا<br />,
يسـاهم فـ هدم ذاتي كل جـرحٍ قديم<br />,
والـذات يحـتاج بسـمه تدفـعه للبِـنا<br />,
الله لنا في الشـقا ، والله لنا في النعيم<br />,
شـيـوخ و مواطـنين نـردّد ( الله لنـا ),
,
وريث الأمجاد عن داره وعن شعبه<br />,محمد الدوله
يـودّع محـمد الـدولــه و قـايـدها<br />,
محـبـةٍ تجـعل العـدوان مرتـعـبه<br />,
عـوايـد اجـدادنا ، تسـلم عوايدها,
,
صـورةٍ ترهـب عدو الله وتـفرح مؤمن<br />,نعمه من الله
لْـزعيم بـلادنا و الشـرق الأوسـط كلّـه<br />,
باخـتلاف الجـيل وإلا باختلاف الأزمـن<br />,
أبو خالد نعمه من الله ربت فـ ارض الله,
,
حمــدان ، راعي دار ليس بعـابـر<br />,زايد وجابر
سبيل ، والعهـد القـديم يْـتجـدّد<br />,
على خطى زايـد مع الشيخ جـابر<br />,
الشيخ مشعل مع عضيده محمد<br />,
جـهـودهم على جميـع الـمنــابر<br />,
في عـالـم الإبــداع تصـنع تـفـرّد,
,
يا هلا من ضمير و مرحـبا كل سـاع<br />,وفا
إحترامي يليق بشخصـك المحتـرم<br />,
والفخر والشجاعه يا طويل الـذراع<br />,
والمراجـل من حـدود الوفا للكـرم<br />,
ورث إبوك المليك اللي بالامجاد شاع<br />,
ذِكــره اللي عسـانا منْـه ما نـنحــرم,
,
أنـتي وأنـا .. بكـره إلى من كبـــرنا<br />,أبـو
بانقـول للأحبــاب قبـل الأعــادي<br />,
كنّا صـغار و نحضـنه نحسـب إنّـا<br />,
نحضن أبـو عنده شموخ وْمبادي<br />,
و إنّـمــا في واقــع العـمـــر .. كنّـا<br />,
نحضن وطن مانحضن إنسان عادي,
,
يا اميـرة قلوب الأتـقيا مـرّني طاريك<br />,أميرة قلوب الأنقياء
مرور السهر في محجر عيون عشّـاقه<br />,
أقـدّم لك مْن العمر روحي ولا يكفيــك<br />,
كما انّـه يقـدّم يانـع الـورد في بـاقــــه<br />,
شعور المحب الصادق اللي بلا تشكيـــك<br />,
تبـيّـنه عـينـه لو يخـفّـيــــه خـفّـــاقـــه<br />,
وِش افخم من اسمي يوم مرّت حروفه فيك<br />,
تقوليــن يا (حمدان)&nbsp; والــــروح منسـاقــه<br />,
تـقولين يا (حمدان) وآقـول يا لبّـيـــك<br />,
غـلا .. حـن رعّــاده ولـــه لاح بـرّاقـــه<br />,
خذاه الزمن من صغر سنّه ما بيـن يديــك<br />,
سـياسه وشعـر وْطيــر ومســرّج وْناقـــه<br />,
كثر ما اشتهرت وصرت معشوق ذيك و ذيك<br />,
لك الشــوق حصــري والمعاليــق مشتاقــه<br />,
يا مولاتي اللي جنّتي من تحت رجليــك<br />,
حنان الأمومـه ينعـش الـروح تريـاقـــه<br />,
يا أم الشـيوخ بـلاد زايـد تـفاخر فيــك<br />,
على درب فعل الخير خطوتك سبّاقــه<br />,
تقولين مجـدك وِرث جــدّك وورث أبيــك<br />,
الامجـــاد للي يمـلـك الوعـــي والطـاقــه<br />,
عسـى الدار ما تفقـدك والعيـن ما تبكيـك<br />,
ورا كل عمـلاقٍ صنع مجــد .. عمـلاقـــه,
,
على كثر هالنـاس و الله ما فيهـم<br />,إبن فرّاج
مثلك يا بن فرّاج في عين حمدان<br />,
بـيـاض قـلبـك لو يـوزّع عليهـم<br />,
لقيت كل الناس ما تحمل أضغان,