PageNumber,Title,Singer,Composer,Date,YouTube,DetailURL,Poem
1,اميره قلوب الاتقياء,المجموعة,فايز السعيد,2025,https://www.youtube.com/watch?v=2O32UPkAVTw,https://www.wneen.com/lyrics/40979,"يا اميره قلوب الاتقيا مرني طاريك
مرور السهر في محجر عيون عشاقه

اقدم لك من العمر روحي ولا يكفيك
كما انه يقدم يانع الورد في باقه

شعور المحب الصادق اللي بلا تشكيك
تبينه عينه لو يخفيه خفاقه

وش افخم من اسمي يوم مرت حروفه فيك
تقولين يا حمدان والروح منساقه

تقولين يا حمدان واقول يا لبيك
غلا حن رعاده وله لاح براقه

خذاه الزمن من صغر سنه ما بين يديك
سياسه وشعر وطير ومسرج وناقه

كثر ما اشتهرت وصرت معشوق ذيك و ذيك
لك الشوق حصري والمعاليق مشتاقه

يا مولاتي اللي جنتي من تحت رجليك
حنان الامومه ينعش الروح ترياقه

يا ام الشيوخ بلاد زايد تفاخر فيك
على درب فعل الخير خطوتك سباقه

تقولين مجدك ورث جدك وورث ابيك
الامجاد للي يملك الوعي والطاقه

عسى الدار ما تفقدك والعين ما تبكيك
ورا كل عملاق صنع مجد عملاقه"
1,دمع العظيم,ميحد حمد,لد عينك وليد الشامي,2025,https://www.youtube.com/watch?v=2gcwIo3iB1c,https://www.wneen.com/lyrics/40175,"يالغيمه اللي دوى رعدك وبرقك سرى
ترى دموع الكرام اشبه بمزن الغمام
الغيم مزنه نتاجه عشب فوق الثرى
ودموع الاكرام تصنع حزن عند الكرام
المرء ماضيه يبقى معه مهما جرى
تاريخ الانسان وسط الذاكره له مقام
عين لها دهر ما ذاقت لذيذ الكرى
تحقق المستحيل وتبدع ف كل عام
ما طاح من دمعها فوق الخدود وجرى
الواجب الخد يستقبله بالابتسام
هذي دموع الكريم الطيب اللي ظرى
على مصادم كبار المعضلات الجسام
يوم انبرت له صواديف الزمان انبرى
لحلها رافع راياته الى الامام
لا يفرح الشامت اللي عنه ماحد درى
ما طاحت من القهر والعشق والا الهيام
طاحت على اللي حضنها كان ظل وذرى
كانت بدايه طموحاته ما كانت ختام
الصبح يبدا بطاريها لا منه طرى
وان نامت الكون كله في عيونه ينام
وصى عليها رسول الله بين الورى
ثلاث مرات لين اسمع جميع الانام
فرحمه الله لها من رب ام القرى
ولخاتم الانبيا مني عليه السلام
دمع العظيم ف رحاب الام يا من ترى
شعور لو جيت ابا اوصفه شاب الكلام"
1,جسر الصداقة,الوسمي,شكرفايز السعيد,2016,https://www.youtube.com/watch?v=4ipBiQSkVxA,https://www.wneen.com/lyrics/39738,"الضايق اللي ساري ليله ولا حصل طريق
تلعب به الايام بين يمينها وشمالها
يا غارق بالهم لا تطلب نجاتك من غريق
الصبر مفتاح الفرج والناس هذا حالها

وانا ترى متني يشيل من الحمل ما لا يطيق
مالي ومال الحمله اللي كل كتف شالها
والدله اللي ماتقهوي ضيفها قل للبريق
يرسل تعازي ضوها لا فاحت بفنجالها

ايامنا بين الشهر واليوم والباقي سحيق
الايام كم يبغى لها والناس كم يبغى لها
قمريه الاحزان لا غنت على الغصن الدقيق
ما تعاتب المحزون لو غنت ولا غنى لها

يا ناس وش حل الرفيق اللي يعاتب له رفيق
لا حدته الايام والدنيا على منوالها
لا تحسب ان اللي تحبه لا جرحته ما يضيق
لو يستر جروحه عليك وعلته ما قالها

يضيق لكن مبسمه ضحاك وحجاجه طليق
لان الصداقه كنز والحسنه بعشر امثالها
والحقد في قلوب الرجال اهل الوفا ماهو يليق
قلوبها تبقى نظيفه لو تغير حالها

وانا لو ابني للصداقه جسر لعيون الصديق
الناس من كثر الزعل فال الله ولا فالها
العذر مايكفي من التقدير والصده تعيق
الوصل من بين القلوب اللي تمد حبالها

والالماس سعره فوق سعرك يالذهب لو لك بريق
سعره لحاله والذهب تسعيرته بلحالها
واهل الجواهر يفرقون الكهرمان من العقيق
لو تخلط الثنتين بنت في طرف سلسالها

نصبر على قرص النحل حتى نوصل للرحيق
واهل الهوى يمسح خطاياها لذيذ وصالها
والناس لاجل امالها تحتاج للفهم الدقيق
واللي ما تملك فهم تخسر نفسها وامالها

جبال الارض الشامخه يا منكر المجد العريق
هاماتنا من كبر هيبتنا تطول جبالها
جديدنا مستقبل زاهر وماضينا عتيق
مسيره التاريخ يبقى مجدنا في بالها

لو ان حضارتنا قصيده شاعر فكره عميق
ما كان غير محمد المكتوم صاغ امثالها"
1,كن واقعي,محمد عبده,فرحة محمداحلام,2025,https://www.youtube.com/watch?v=_-kHBDwCoOc,https://www.wneen.com/lyrics/39455,"الله يا وقت مع طول الايام
ما عاد نعرف فاسدك من شريفك
لولا المكارم باقيه عند الاكرام
ما تهتني في شتاك ولا في صيفك

انظارنا قدام والوعد قدام
وادري قويك ما يشابه ضعيفك
ويا بحر لا منه تعب منك عوام
عساه يقلى راحته فوق سيفك

يا مكحل العنيين عذب التبسام
تذكر وليفك او تناسى وليفك
ايقونه الشاعر وشوفه والالهام
ولا تقول كيفي لا ما هو بكيفك

مصيافك في قلبي من العام للعام
هذا ولا يمكن تغير مصيفك
سليت سيفي في نحر كل لوام
لاجل اكسبك لكن سليت سيفك

على الذي عنده على وصلك هيام
كنك تمنى قلبه انه يعيفك
كن واقعي لا تعيش في عالم احلام
تساهم الاحلام في صنع زيفك"
1,فخر الاجيال,حسين الجسمي,الزمن رحالحسين الجسمي,2025,https://www.youtube.com/watch?v=pR10xYrVLsg,https://www.wneen.com/lyrics/38979,"على وصف الرجال اللي تسمى بالفعال رجال
لفت بيض العلوم وبيض الله وجه راعيها
لفت ما كنها الا سبق الخيل ان بدت تختال
نواصيها النعوت وفي مناكبها قوافيها

قصايد والقصايد ما نساومها بجاه ومال
نعب بحورها وان هاج مزملها نرسيها
اذا امتد الفكر وامتد ليلي والقصيد وطال
توشحت الشوارد ولبست الاشعار غاليها

كذب من قال ساعفني عليها الجن يوم تقال
انا البس جنها واصدر مواردها وارويها
انا ولا فخر نجل الشامخ المتمرس الريبال
على وصفه تجاريني القصايد قبل اجاريها

على محمد ابن راشد ابن مكتوم طاب الفال
وطابت لي قبل لا الزم قوافيها معانيها
متى قالوا صواريها المعاني ما هناك اشكال
حرام اني لمد شراعها لاكبر صواريها

على اكبر منبر ارميها ثنا وعز وفخر واجلال
ما دام ان الثنا لاهله على اكبر منبر ارميها
لاجل قرم غرس حلمه لشعبه واثمرت الامال
حقايق نبصر اولها ونتباشر بتاليها

حقايق واضحه من دون ابو راشد صعب تنطال
تباركها القلوب وتبهر الناظر مغانيها
مغانيها تراود كل عطر ما خطر ع البال
واراضيها يراود كل عاشق فوع ناديها

اراضيها الخزاما والنفل والبختري والهال
وما يخطر على بال العطر يزخر باراضيها
ولي فيها محب اسرف على قلبي وحط وشال
طلب روحي وروحي منه فيها اللي يكفيها

من اول ما عرفته والضلوع تجر له موال
ولا ادري نيته بضلوع صدري وش تواليها
انا محتار ما بينه وبين دبي بالمثقال
يا اما دبي له تحلا او انه لي محليها

او ان دبي تحلا لان ابو راشد لها خيال
نعم والله وتسبق خيلها من سبق واليها
دبي العز من طيب النسايم عودها ميال
تمسي صاحب القدر ونحن باسمه نمسيها

صدي داره بشرق وغرب وجنوب التقى وشمال
قبض الاربع جهات يلين داره ذاع طاريها
طغى عزمه على وعر الدروب وله غدت مسيال
تسيل الارض لاقدامه وتفخر من مواطيها

غريبه كيف جادت به سنينه والسنين بخال
والاغرب كيف تضما له وهو بالجود يسقيها
لو ان المجد سهل ان كان كل طال منه ونال
دروب المجد ودروب العلا صعبه مراقيها

طويل العمر ما جيت اعتزي في وصفك الامثال
ولكن المثايل تعتزيني بك والبيها
يابوي ابشر ترى شبلك توارت عن مداه اشبال
وثب فوق الدروب وسابقت رجله خطاويها

ورث عزمك وحزمك والخصال تجر طيب خصال
مواثيقه على طرق المكارم بك يجديها
اذا شد الفخر لاجلك رحاله قمت اشد رحال
على نهجك عشان افرد رحاله وارجع اطويها

واذا قالوا من ادرى بالحصابي والوزون ثقال
عرفت ان الوزون ثقال وانت ادري بحصابيها
على الدنيا جدال الا انت والله ما عليك جدال
مع ان ايدك يجادل كل وادي سيل واديها

لو ان السحب تنشا من كفوف امست عليك ظلال
وخرت ساجده لاهل الثرى من جود منشيها
مكارمك المكارم والعطايا من بحرك جزال
لو ان السفن تجري في يمينك ضاع شاطيها

يمينك كم لاحت و ابرقت وابطت وهي تنهال
ولا والله تدري عن يسارك كم معاطيها
وكم رجل بصدره حاجه وجاك وقبل لا يسال
عطيته كنك ادري بالصدور وسر خافيها

وكم حلم سبقته كان في عين الزمان محال
تقول المقبلات افضل عليك اسرار باريها
يقولون اختصرت اجيال واقول انته فخر الاجيال
اذا الاجيال بك ما تفتخر من يفتخر فيها"
1,شاعر ارتجالي ( يامرحبا ),راشد الماجد,N/A,0,https://www.youtube.com/watch?v=uDNHyKTaVLI,https://www.wneen.com/lyrics/37122,"يا مرحبا يا مغلط في تليفوني
مسموح مسموح والغلطات عفويه
صفرين تسعه وسته سته تموني
الرقم هذا فتح خط السعوديه

ثم قلت لبيك امر هذي عيوني
فتحت ذا القلب والنيه على النيه
خليت لك في الحنايا بصمه ولوني
تفرق على لون دمي في مجاريه
وخليت لك يا حبيبي بيت فرعوني
يخربط الناس في الروحات والجيه
وخليت لك في عيوني ركب وضعوني
تزعل وتنزل تحت جفني وفوقيه

يا صاحبي وان نشدني طيفك شلوني
اقول طيب وطيفك فيه ماريه
ماريه يوم تقبل تجذب لحوني
واجر له من لحون الشوق قافيه
بيحت يا قاصد الغلطات مكنوني
وانا رومانسي احب اهل الرومانسيه
من دونك اعيش وانت تعيش من دوني
يالين اوحيت صوتك لعنبو حيه

ضجت زوايا خفوقي وانشد ركوني
وانا ولد شيخ لي هيبه وشخصيه
الارض ارضي وكون المرجله كوني
لكنه الحب والعاشق وطاريه
تكفون يا ناس بالله لا تلوموني
الصدفه اللي بلا ميعاد جبريه
سموني العاشق المغرم وسموني
الشاعر اللي قصايده ارتجاليه

قنابل من فكر راسي ومضموني
لكن قنابل غلا ما هيب ذريه
واغني البيت متراكب وموزوني
مبدع ومجنون وافكاري خياليه
يا نجد ودي اغني بك على هوني
حوريه الارض فوق الارض نجديه
يا مرحبا يا مغلط في تليفوني
مسموح مسموح والغلطات عفويه"
1,في خاطرك حاجة ( وش فيه بالك ),راشد الماجد,N/A,0,https://www.youtube.com/watch?v=Ecv7VumOhbo,https://www.wneen.com/lyrics/37121,"وش فيه بالك بعيد وجالس تفكر
بدري على الحزن توك في بداياتك
لا تحسب الوقت الي فاتك وتتذكر
عمر الندم مايرد الوقت الي فاتك

لا تترك الدمع فوق الخد يتحدر
حاسب ترا كل عمري فوق وجناتك
يانور عيني مادام العين بك تنظر
حرام تبخل على خلك بنظراتك

ماشفت كيف القمر عقب الظلام انور
بالظبط نفس الشعور ان شفت بسماتك
وان كان في خاطرك حاجه علي ابشر
والله لاسوق العمر كله لمرضاتك

ماتدري انك اذا تكدرت انا اتكدر
وافرح لجل فرحتك واشره لشرهاتك
عودتني على السهر وامسيت ماتسهر
ماغير طيفك يعوضني بسهراتك

احلى سنين العمر بلقياك تتعطر
يادنيتي وابرك السااعات ساعاتك
يمر طيفك واضمك وارجع استغفر
وارد اشوفك واقول الله محلاتك"
1,شف للغلا ( غياب ),راشد الماجد,N/A,0,https://www.youtube.com/watch?v=K-VZL0OE_X4,https://www.wneen.com/lyrics/37120,"شف للغلا شي قبل تطول غربتنا
اخاف كثر الغياب وتصعب الجيه
بالله في البعد قل لي ويش حاجتنا
مادام خذنا الزعل حاجه طفوليه
نبغي نموت ف بعضنا دام ما متنا
يازين خل الامور تصير عفويه
لا تفرح الحاسدين بطول صدتنا
لا تنزع القلب وتقطع مجاريه
الارض سكه تعدتها مساحتنا
جيش من الحب خياله ورجليه
اعشوشب القلب وامطر من صراحتنا
وحبال الاشواق معقوده ومطويه
لو افترقنا ياعمري ويش حجتنا
وحنا نشوف الجفا بانت مواريه
الله يوم النجوم تنام ما بتنا
الطرف شاقي وطرف زايد غيه
على بعضنا اذا اقفينا تلفتنا
و كل يغير من اللهفه طواريه
وان كان نيتك تقطع في علاقتنا
ما عاد عندك ياشيخ الغيد حنيه
مرخوص بس خلنا نحفظ كرامتنا
قدامهم نترك الاوضاع عاديه
لا نشوف بعيونهم منا اهانتنا
ونزود الكيه اللي بالحشا كيه
لكن فديتك لا نبطي ما تلفتنا
اخاف من دمعتي لا تهل عفويه"
1,برج عاجي ( في حضورك ),راشد الماجد,N/A,0,https://www.youtube.com/watch?v=req6w_B_lYg,https://www.wneen.com/lyrics/37119,"في حضورك في غيابك ما يغير لي مزاجي
في كلامك في ملامك ما تكدر لي طربها
لا تحسب ان كل قلب انعكاسه كالزجاجي
وان ياخذ كل عين داخله ويعلن نهبنها

كيف اعذرك عقب هجرك وانت برجك برج عاجي
شفت نفسك مثل شمس للنهار الله وهبها
من عطى لك حق تجرح من يقول انك علاجي
لا تسولف عن علاجي والجروح انت سببها

لا تناجي في عتابك العتب غير التناجي
خذ مقامك باحترامك لا تبين لي عتبها
طال داجي كيف اناجي في الهوى شخص احتجاجي
صار قدره مثل عذره يشبه ذنوب ارتكبها

لا تلاعب بالمشاعر دام بحر الشوق هاجي
المشاعر نبض شاعر والحضيض اللي كتبها
وانت يا اللي صرت خلي احذر اقوال المداجي
قال كلمه لوم لكن ما عرف كيف يحسبها

وان صفينا والتقينا لا تكدر لي مزاجي
خذ مقامك باحترامك لا تبين لي عتبها
في حضورك في غيابك ما يغير لي مزاجي
في كلامك في ملامك ما تكدر لي طربها"
1,منك العذر,راشد الماجد,مساء الخيرفاطمة القرياني,2006,https://www.youtube.com/watch?v=kE-Zy77MZLM,https://www.wneen.com/lyrics/37105,"منك العذر لو كنت زعلان
تامر وانا لك قلت لبيك
ياكل ناسي واجمل انسان
كل العمر يا الزين يفديك

تزعل وانا لك موت ولهان
ماكني محبوبك او اعنيك
ترضى اعيش العمر حيران
وانا اللي راحه قلبي في ايديك

لك في الغلا شيدت بنيان
لك صاحب دايم يداريك
يا سلوتي عن كل من كان
لا تفتكر في يوم ناسيك

خذ صادق الاحساس برهان
ما يقبل مساوم و تشكيك
لانك على الفؤاد سلطان
ماقول غير الله يخليك"
1,فارس الدار,عبدالمجيد عبدالله,نبض العشقحمد العامري,2024,https://www.youtube.com/watch?v=7SnOQfUu7H4,https://www.wneen.com/lyrics/35724,"دائم ابو راشد الشارات يكسبها
تاتيه من قو عزمه قبل ياتيها
افكاره العالميه يوم يندبها
لابد تفرش على الغيمه جناحيها

له حكمه الشامخ اللي ما يجنبها
عن العلا لان له نفس معليها
حروف اسم سيدي قدام ارتبها
اشفاهكم تعرف اولها وتاليها

الغربي افكارنا يا شيخ غربها
خلا عربنا تقلده ف خطاويها
لكن ارض العرب من يوم جنبها
زرعت روح التحدي في فيافيها

حتى هل الغرب بافكارك تعربها
هذي سواياك من يقدر يسويها
تعيش يا فارس العرب ومعزبها
اللي بك الناس ما خابت هقاويها"
1,القلب شال الحب ( مدخل غرامي ),راشد الماجد,سمو الجودعيضه المنهالي,0,https://www.youtube.com/watch?v=X0etTtWvWbQ,https://www.wneen.com/lyrics/33737,"القلب شال الحب والحب شاله
مدخل غرامي والاحاسيس حوله
وضاع الفكر مابين حاله وحاله
واسهل حلوله صارت اصعب حلوله
الحسن لي يفرض علينا سؤاله
كيف الربيع امد لاربع فصوله
كيف ابتداه الحسن ثم انتهى له
يلين حتى الحسن منه خذوله
وانا اتخيل في خيالي خياله
فرصه عمر تحت ابتسامه طفوله
غرن صفا حسنه وقلبي صفاله
سهل التمني بس صعبن وصوله
يحتار فيه اللي يوصف جماله
ويهين به اللي عن جماله حكوبه
يخجل جماله من صفاوه جماله
ويغيض ربات العيون الخجوله
يمشي معاهم بس كنه لحاله
معهم ولكن كنهم اللي مشوله
واللي تعرض في مرامي نباله
والله مايكسب ولاربع جوله
عادل ولكن مابرمشه عداله
يظلم محبينه برمشه وطوله
اصلن جنوني بس في حب خاله
وشلون لابوصف تفاصيل زوله
ان قال صدي قلت بالله لا قاله
وان قال وصلي قلت بالله قوله
هذا اللذي قلبي من الشوق شاله
مدخل غرامي والاحاسيس حوله"
1,الصاحب المعني,اصاله نصري و ميحد حمد,قلبت الطاولةداليا مبارك,0,https://www.youtube.com/watch?v=asGi6gPU0Nw,https://www.wneen.com/lyrics/33435,"والله لخلي السنين الماضيه تعني
ووادع الناس وارجع واخذ المعنى
يمكن حبيبي اذا غنيت يسمعني
قبل البحر ياقلوب الشوق تبلعنا
اللي خذاني وعيا ما يرجعني
والدرب مجهول والتفكير ضيعنا
يدفعني الشوق لمواصله يدفعني
تبادل العشق هو سبه دوافعنا
تدرون قلبي على هجره ما طاوعني
الناس تعذل وحنا ما تسمعنا
لا قلت احبه تراه الصاحب المعني
واللي مع الهجر طبعا ماهو بمعنا
لا قال دعني وانا ما قلت له دعني
يالين سالت من الفرقا مدامعنا
حتى في يوم الموادع يوم ودعني
بكت جميع الليالي من موادعنا
الله يمتعك بلقاي و يمتعني
والقاك والسحب تمطر من تمتعنا"
1,ترنيمة,حسين الجسمي و ميحد حمد,لا تسمع ولا توحيابوبكر سالم,0,https://www.youtube.com/watch?v=esFz-FZr5QY,https://www.wneen.com/lyrics/33432,"بواحه الاسرار منقود منقود
لالا تكلم باللسان الطليقي
ترنيمه النهوند و ترنيمه النود
قام يعزفها حيل و انا في ضيقي
يا ذا البشر يا راعي الخيل والذود
كيف الخيانه لي تزين الرفيقي
ما كنت بعشقها ولا كنت باعود
لين اكتشفت انه هواها حقيقي
في مقلتيك انهار و بحور و ورود
لايق وفيك الوصف كله يليقي
يا معادي للنقص تستاهل الزود
و انا لك بسمع الغرام استريقي
ارحمني بنظره ترى نظرتك جود
مشاعري نامت ولا قلت فيقي
ضميان قرب شفتك يا سيد الخود
اخاف اموت فراق ما ابتل ريقي
صحيح انا محبوب للبيض والسود
لكن ما غيرك لقلبي عشيقي
اليا فتحت العين القاك موجود
ذكراك ترسم صورتك في طريقي
لا تشعل النارين يا مخصر العود
انا بليا عود زايد حريقي"
1,طيب القلب,ميحد حمد,الوضع ما يطمنمنى امرشا,0,https://www.youtube.com/watch?v=FXqrO3iu2lk,https://www.wneen.com/lyrics/33431,"يا طيب القلب حكم قلبك الطيب
اخرت غيرك وبعدته وقربتك
ليه التباعد مع انك دايم قريب
من وين ما اصد في عيوني تخيلتك

ليه انت ناسي وذكري عندك مغيب
تنسى وانا اذكرك وانسى اني تذكرتك
صارحتك بما يكن القلب يا حبيب
الظاهر اخطيت في ظني وصارحتك

لو باعزي الصبر دونك قال ما اثيب
المشكله ياطويل العمر مشكلتك
الصبر شيب وشوق القلب ما شيب
لا زال يلعب بقلبي كل ما شفتك

كم احسن الظن فيك وترجع تخيب
كدرت بالي وانا ما يوم كدرتك
اليوم حتى شعوري منك متريب
هذا خفوقي يحذرني وحذرتك"
1,حمايم,ميحد حمد,ابوس راسكحسين الجسمي,0,https://www.youtube.com/watch?v=Ycc55bLsfGw,https://www.wneen.com/lyrics/33430,"شوقي حمايم والغناوي ربابه
غنت على لحن الربابه حمايم
ياصاحبي بعض النوايا تشابه
والفعل يفرق بين بايع وسايم

ياللي حبيبك فيك زايد عذابه
دايم على باله ولو كان نايم
قربك سعاده والمفارق كابه
مشاعرك ورد و غرامك نسايم

عزمت قلبك للغلا والرحابه
لو كان ما بين الحبايب عزايم
لو خافقك يفتح ل فزاع بابه
لقيت قلبه عن هوى البيض صايم

ولو ان احاسيس القلوب تشابه
سمحت لي كل الذنوب العظايم
القلب لك روض خضر ما وطا به
الا غلاك اللي احييه دايم

اعذر حبيبك لو يطول غيابه
من طول الغيبات جاب الغنايم
شوقي حمايم والغناوي ربابه
غنت على لحن الربابه حمايم"
1,بركان الغلا,ميحد حمد,فنون الغدرميحد حمد,0,https://www.youtube.com/watch?v=zPCfjf23p7s,https://www.wneen.com/lyrics/33429,"يفوح بركان الغلا والصدر فاح
ويضيق من ليل الجفا كون فسيح
يا معود عيني على قل المراح
ويميل غصنك ويتعلق به جريح

وش فيك تاخذني على ريش وجناح
وشلون اطيح فراق وانا ما اطيح
طاح الظيا على جبينك واستراح
والليل من بين الجدايل مستريح

يعني جمعت الليل وانفاس الصباح
حتى تجسد فيك معناه المليح
الفرحه اللي كنها طعم النجاح
يالمده اللي تجرح الكف الشحيح

مفاتنك سحر لكن سحر مباح
عليك اسمي من هل الوجه القبيح
يااعذب من الما في مصبه يوم ساح
يوم استبحت القلب وش له تستبيح

اجتحتني واتقنت فن الاجتياح
واتعبتني وانا سدودي ما تبيح
متعود تترك على قلبي جراح
ذباح روح وتمشي بدم الجريح

اشوفك بعين الغلا والارتياح
انسى الطعون اللي انا فيني فحيح
استوعب اخطائك واطالبك السماح
ويطغى على كيل الهجا كيل المديح

لا لاح براقك وبرق الشعر لاح
اصرخ من الاعماق واقول الصحيح
انك مليح وتعتبر سيد الملاح
تستقبلك افواه ويفيض المديح"
1,بعيد تاركني,ميحد حمد,يا وجد قلبنعيضه المنهالي,0,https://www.youtube.com/watch?v=HNU9FwE4jlY,https://www.wneen.com/lyrics/33428,"بعيد تاركني ادور لك اعذار
على الغياب وصدتك وانعزالك
معقول ما جالك على البال زوار
اللي عطالك فرحته ما طرى لك

شهرين واسراب الغلا مالها دار
تاهت وهي تبحث في غابه خيالك
ماتدري ان مفارق الخل جبار
وان الفراق اكبر سبب للمهالك

وانا وحيد وما معي غير تذكار
لو تنشده عن حال خلك حكى لك
كانت حياتي قبلك دروب واسفار
حتى ملكت اللي بقى في وصالك

حبيبك محطم جروح ومنهار
حاله عليك من الوله عكس حالك
قبلك انا وسهيل والجدي سمار
نشرح تغنجك وحلاك و دلالك

نسيتني في الليل ونجوم الاسحار
قيلت ما لي مرقد في ظلالك
خليتني اتعب على جزل الافكار
قلت القصيد وقلت لك طاب فالك

نقلت قدام العدد كل الاصفار
وحطيتني رغم الفقر راس مالك
انا غريب الدار غريب الاطوار
بالمختصر انقذت لك شخص هالك

والحين من شهرين من صار ماصار
وانا اتمنى يا حبيبي سؤالك
بالله ما جيتك على البال زوار
طيفي دخيل الله ما قد طرى لك"
1,لبيه,ميحد حمد,تطري على باليعايل القطري,0,https://www.youtube.com/watch?v=MHzwkSDaGYM,https://www.wneen.com/lyrics/33427,"قدام في يوم الرحيل اودعك
انظر لحالي زين نظره ثاقبه
ان كان مخطي روح من هو يمنعك
وان كان ماخطى حرام تعاقبه
مناقب اللي ما تحبه تخدعك
واللي تحبه ما تعرف مناقبه

لا قلت لي لبيه وانا اسمعك
احساس غالي تشعر الاعماق به
اشتاق لك بعيون وقلبي معك
رجع علي قلبي لجل اشتاق به
الشمس مطلعها يشابه مطلعك
عليك زين كل وصف لاق به

يازين لا تجرح عيونك باصبعك
ولا تامن الدنيا وسؤ العاقبه
لو تحبس الدمعه فضحها مدمعك
اللي عيون من وراك تراقبه
حال الحبيب ان ما اقنعك مين يقنعك
الكون من بعدك حبيبي ضاق به"
1,انا انا,ميحد حمد,ذبحت راس الظلماصاله نصري,0,https://www.youtube.com/watch?v=Z34o6SLRqD4,https://www.wneen.com/lyrics/33426,"الحب لو مايغرقك شوق واشجان
تعن من تلقاء نفسك خيوله
وتاسسه تاسيس دوله بعنوان
تعيش حاكم حب والشوق دوله

تبددت كل المشاعر على شان
لان الحياه بلا مشاعر خجوله
انا انا لو عشت في كل الازمان
شخصيتي لي والغلا للي هو له

الى هنا ياللي تقول الوعد حان
تعال قل لي والفيلم وش فصوله
مجامل واهات وجروح واحزان
وانا مرشحكم لدور البطوله

يمكن اجامل ناس احيان واحيان
الا مصيري ليه اقول انسجوا له
ان قلتوا استبداد رديت والان
تذكروا احلى فصول الطفوله

عطيتكم منها لاليء ومرجان
واليوم خلوني بدور الرجوله
ترى الغلا زوده مع الوقت نقصان
الى من يحبك تغير ميوله

هذا كلام قلوب ينطق به انسان
ويبين في وجهه قبل ما يقوله
ماهو كلام انسان ينطق به لسان
احساسه بمعناه ماهو بحوله

تحسدني اصحابي على جاه سلطان
وتحسدني اعدائي على ما انوله
والمؤمن الصادق بفطرته برهان
لو ثوبه مرقع وحفيت رجوله

حكايه الدنيا يزيدونه ايمان
والفاسق ايمانه يقل ان حكوا له
وانا قبل يومين قلت الانا شان
وجه الزمان اللي ذبحني فضوله

قال العقل من قلب يدفعه وجدان
يكره مظاهر للحياه العجوله
ما كل شي ايدك تطوله ياحمدان
احساسك يوافق بانك تطوله

وانا بشر لي قلب واحساس واعيان
وعندي على التمييز قدره مهوله
انسان يملكني مع الوقت شيئان
ربي وديني مخلده في رسوله

لذلك الانسان يا ناس لو كان
بلا جرءه راي تثقل حموله
من ينتظر فرصه من فلان وفلان
تلقى مقام المجد صعب وصوله"
2,عاشق الشعر,ميحد حمد,روضه في لندنعيضه المنهالي,0,https://www.youtube.com/watch?v=PclgUb0Az-0,https://www.wneen.com/lyrics/33425,"يا عاشق الشعر شاللي بينك و بيني
الا بيوت عباد الله تناقلها
الشعر باحساسه يمثل مضاميني
والناس باحساسها انا امثلها
قدام تكتب من الاشعار بيتين
اتعب على قيمه الفكره وحللها
الشعر ماهو قصايد في الدواوين
الشعر افكار والمبدع يوصلها

وبعض القصايد قوافيها ما تغريني
لا اعجب بها ولا اعجب بقايلها
وبعض القصايد كانها عايشه فيني
القافيه قبل ما تكمل اكملها
ان طولت كن شاعرها يسليني
وان اقصرت قلت ياليته مطولها
ترسم معاناتي اللي عشت في سنيني
وتقول قصه حياتي لك من اولها

ربيت و المجد جينه طابق لجيني
رحلته صعبه ولكني مواصلها
لو يكبر الحمل لي كتف يواسيني
كتف ليا كبرت الحمله تحملها
تحت مظله احاسيس المحبين
من شمس جور الزمن نفسي اظللها
شوف كوكب الشرق نوره مال في يديني
وحقول عزمي نجاحاتي سنابلها

لا تشوفني قزم في عينك وانا عيني
تشوفني اكبر من الارض باكملها
ما كان متوقع من الالف عشرين
اني باوقف برجلي في محافلها
علم احبائي وعلم معاديني
ياوقت واهل الذهول النصر يذهلها
اللي ما عنده كرامه لا يخاويني
ان كان ما بدل الخوه بابدلها

رفيقي اللي الا ضاقت يواسيني
اللي الى مالت الدنيا يعدلها
ما ابغي رفيق الى ضاقت يخليني
واهل الفعايل تمثلها فعايلها
ان قلت يا صاحبي وش بينك وبيني
باقول لك كلمه وحده وحللها
اعلمك ليه ما اشكي ميله سنيني
عليك والنفس بعدك صار مشغلها
اخاف بكره تميل الارض في عيني
وتكون انت الرفيق اللي مميلها"
2,فنون الغدر,ميحد حمد,تاج الفخرداليا مبارك,0,https://www.youtube.com/watch?v=An1O9bzUgNU,https://www.wneen.com/lyrics/33424,"لا تتصل لي ولا ترسل لي حروفك
ما ابا سوى تمسح ارقامي من اللسته
عجزت اداريك وامشي رغبه كفوفك
ما فيه درب لكسب رضاك ما دسته

عقب الخيانه تجيني تشرح ظروفك
انت الذي حبنا تحت القدم دسته
جملت كراسه التعبير بوصوفك
لا واحسافه قصيد فيك كرسته

ابعد بطيفك عيوني ماتبي شوفك
تراك جرح الخفوق بجد لامسته
لو كان بعض الخيانه ساكن بجوفك

عذرت قلبي وعاطفته و وسوسته
صحيح انا كنت احبك واعشق طيوفك
وان جيت قلبي بغربه هم ونسته
وان رحت يا صاحبي كملت معروفك
شجعت قلبي على بعدك و حمسته

لا يازمن ماني بناقص من صدوفك
وش عاد باقي معي يا وقت ما حسته
يا قلب لا تنحني لاحد وانا اشوفك
وش لك في بنت فنون الغدر دارسته

عدلك وميلك تساوت والسبب خوفك
من واقع يكشف اللي فيه مارسته
والله لخليك عقبي تصفق كفوفك
واشرب اللي تغطرس كاس غطرسته

با وقفك في طريق الغدر واطوفك
دام الغدر هو هواك اللي تنفسته
بس انتظر لا تناظر لحظه وقوفك
اخاف اضعف وارد اسمك على اللسته"
2,توبة,راشد الماجد,يا حبي الخالدراشد الماجد,0,https://www.youtube.com/watch?v=7H7Z6OM-nuA,https://www.wneen.com/lyrics/33423,"ياللي غرامك هزني بين الاضلاع
توبه اذا شقيت فرقاك توبه
الله وهبك اوصاف واخلاق واطباع
تسبي شمالي الخفوق وجنوبه

نهيت قلبي عن وصالك ولا طاع
غلاك تهمه والمفارق عقوبه
و في كل مصياف و في كل مرباع
و في كل وقت و كل لحظه ونوبه

من حقي اطمع فيك واصير طماع
لو دون وصلك يا حبيبي صعوبه
صحيح من ينهل من الشوق يلتاع
يشرب ولا يقطع ضماه بشروبه

الهجر بدعه عاطفيه والابداع
وصلك في ليل يبتسم لي غروبه
والورد ينبت يوم تمشي على القاع
والصبح انفاسك تعطر هبوبه"
2,دموع المحبين,ميحد حمد,رايحعبدالله الرويشد,0,https://www.youtube.com/watch?v=tqU1oRrW8bo,https://www.wneen.com/lyrics/33422,"منابع دموع المحبين عيني
تبكي على نفسي وتبكي على الغير
وعن الغلا يا ساريه خبريني
هل عاد له في قلوب الاحباب تاثير

قلب الفراق اللي غدى له حنيني
ضميان والقصه ماهي جمه البير
لكنها شوق يدفه ضنيني
يالله عساها ما تطول المشاوير

نوارتي تجمعي واجمعيني
وتغطرسي على جميع النواوير
مالي عذر حتى اقول اعذريني
بس احفظي تركيبه البيت الاخير

اشرف مثل مقاصده تحتويني
قل العطا ولا كبار المعاذير
خلي علامات الشقا في جبيني
عطر وبساتين وورود وعصافير

ابي اشوف العيد في مقلتيني
واركب لقلبي جناحين واطير
وابي اعيش العمر ما عاد فيني
اصادم الايام والا المقادير

يا مشغله خط الغرام اشغليني
تراي جوال بليا فواتير
تمردي على النظر وسط عيني
وتعددي على وجيه الجماهير

لان المنام اللي بغيته يجيني
عيا يجيني لين مسيت بالخير
منابع دموع المحبين عيني
تبكي على نفسي وتبكي على الغير"
2,خلاص يعني,ميحد حمد,احلى ابتسامةاسماعيل مبارك,0,https://www.youtube.com/watch?v=bmHcJpNDj1g,https://www.wneen.com/lyrics/33421,"خلاص يعني كل شي انتهى وراح
خلاص يعني ما بقينا حبايب
يعني وعودك كلها كانت مزاح
والا انت مالك في المحبه رغايب
وين العهود و وين لحظات الافراح
يعني تلاشت مع هبوب الهبايب
القلب بعدك من له اليوم يرتاح
من بعد ما هو في محبتك ذايب
ياما على شانك تحملت الاجراح
وياما جروحي من صدودك عطايب
سرقتني عن جمله الناس يا صاح
والفكر عندك ماخذنه نهايب
خلك يحبك يا بعد سيد الملاح
ان رحت عنه راودنه مصايب
خلك معه دام الهوى حيل نضاح
والواش رده يا هوى البال خايب"
2,راس المال,ميحد حمد,يالرياضفيصل عبدالكريم,2009,https://www.youtube.com/watch?v=C6evnjuLuDE,https://www.wneen.com/lyrics/33420,"في الشعر للي مخيلته نظيف ومتنزه
ينفرد من اللي سواه بفكرته ولا كلامه
يستفزون الجبل غير الجبل وش يستفزه
يا الثماميين خليكم على عود الثمامه

الذليل الله يذله والعزيز الله يعزه
هب يا عذب النسيم وحن يا رعد الغمامه
والغلا لو انه ابره في الحشا ما هو يغزه
يمنعه جرح الحبيب وا نثر دمعه هيامه

يا ليونه غصن موز ويا طراوه ريش وزه
ان رعت مع ظبي ولا رعت مع حمامه
ما يفطر وصفك الصايم لو ان عينه تخزه
انت وصفك شي ايماني يكمل به صيامه

انت محبوبي انا ومعزبي في كل حزه
وانت راس المال ويحيطك خفوقي باهتمامه
مدري ليه اقدر على وصلك ولاكن اتنزه
هل اخاف من الهجر ولا اخاف من الندامه

مدري ليه اشعر بان الهجر من بعد المعزه
يرسم بذهني علامه من علامات القيامه
لاتهزه خل قلبي في مكانه لاتهزه
سو ماتبغي تسوي فيه لاكن باحترامه"
2,دعاية الليل,ميحد حمد,N/A,2009,https://www.youtube.com/watch?v=DU6zMdPw1K4,https://www.wneen.com/lyrics/33419,"دعايه الليل محسوبه على القمرى
نظرتها بالعيون وجات في ذهني
صورتك يا اغلى سنيني العمروانت ادرى
برموشك الناعسات وشعرك الدهني
خليت قلبي بحبك يعشق المسرى
على امل صدفه فيها تواجهني

وحبيتك بكل لهفه عاشق يطرى
واخاف حبك من اللهفه يشوهني
بقول لك دام جرحه للهوا يبرى
لي اشبه الحزن ولا ليه يشبهني
اعيش باقي سنيني العمر من ذكرى
وصالك اللي سبب تشتيتي ووهني

اعيش باقي سنيني العمر من ذكرى
وصالك اللي سبب تشتيتي ووهني
ما يرضي العاشق الا الضمه الكبرى
اللي من الشوق واحساسه ينبهني
لا تظمني باليمين وتزعل اليسرى
حاول بيمناك واليسرى توجهني"
2,اذكى شخص,ميحد حمد,N/A,2009,https://www.youtube.com/watch?v=TBGC9vf1vEk,https://www.wneen.com/lyrics/33418,"قالت مادام الهجر ما منه مصلوح
خفف من السرعه شويه وحاسب
فكر قبل ما تنوي البعد وتروح
هل القرار اللي خذيته مناسب

الكل عينه من الحزن دمع مسفوح
والكل قلبه من الضغينه رواسب
صحيح ما يقسم للانسان في اللوح
ما يقاس بالنسبه ولا بالتناسب

لا تحاسب اللي له في خفاقك جروح
الله سبحانه هو اللي يحاسب
شهوت جسد مكبوحه بعفه الروح
الحب ما له من وراها مكاسب

قلت النصيحه جات والدرس مشروح
ما يصير في يوم الفراق انتحاسب
قالت هذا ماهو نصيحه لمنصوح
هذا بلا تجريح شخصي ولا سب

كان اختبار اشواقك قدام ما تبوح
مع انك اذكى شخص طلعت راسب
قالت مادام الهجر ما منه مصلوح
خفف من السرعه شويه وحاسب"
2,تعال و اسالني ( مفروض ),ابوبكر سالم,N/A,0,https://www.youtube.com/watch?v=SsNROhGAZuE,https://www.wneen.com/lyrics/33417,"مفروض لا قلت عني سالفه قلني
مع فعول الرجاجيل اذكر اسماها
ما ابيك لا انته ولا غيرك يجاملني
انا اكبر من النفوس ومن محاباها
في خاطرك شي لي تعال واسالني
لا تحكم بغيب نفسك وترضاها
لا تنوي انك باسلوبك تقللني
ترى الله يحاسب الناس بنواياها

وتراك ما انته بتفرحني وتزعلني
لان الحقيقه حقيقه لو تناساها
والفرق بين تجاهلني وتجهلني
كبر البسيطه من اقصاها لادناها
انا اللي عقول مثلك ما تحللني
الله خلق خلقه وميز مزاياها
خلقني بها الزمان اللي معلمني
كثر حكايا الرجال وقلت احلاها

تنزيل مثلك لقدري ما ينزلني
ما كل حاجه تمناها با تلقاها
في عيون بيض الوجوه الله مجملني
انا احشم اشنابها وادسم لحاها
لا تعتذر لي ولا ترجي تواصلني
ولا تلحق الذنب مدح وتقصر خطاها
مدايح اللي سواتك ما توصلني
لو تمطر الارض ما وصل السما ماها"
2,مفروض,ميحد حمد,N/A,2009,N/A,https://www.wneen.com/lyrics/33416,"مفروض لا قلت عني سالفه قلي
مع فعول الرجاجيل اذكر سماها
مابيك لا انته ولا غيرك يجاملني
انا اكبر من النفوس ومن محاباها

في خاطرك شي لي تعال و اسالني
لا تحكم بغيب نفسك وترضاها
لا تنوي انك باسلوبك تقللني
ترى الله يحاسب الناس بنواياها

وتراك ما انته بتفرحني وتزعلني
لان الحقيقه حقيقه لو تناساها
والفرق بين تجاهلني وتجهلني
كبر البسيطه من اقصاها لادناها

انا اللي عقول مثلك ماتحللني
الله خلق خلقه وميز مزاياها
خلقني بها الزمان اللي معلمني
كثر حكايا الرجال وقلت احلاها

تنزيل مثلك لقدري ما ينزلني
ماكل حاجه تمناها با تلقاها
في عيون بيض الوجوه الله مجملني
انا احشم اشنابها وادسم لحاها

لا تعتذر لي ولا ترجي تواصلني
ولا تلحق الذنب مدح وتقصر خطاها
مدايح اللي سواتك ما توصلني
لو تمطر الارض ما وصل السما ماها"
2,جسر الصداقة,ميحد حمد,تبي عينياسماعيل مبارك,2011,https://www.youtube.com/watch?v=Wn1G-OFmYIY,https://www.wneen.com/lyrics/33415,"الضايق اللي ساري ليله ولا حصل طريق
تلعب به الايام بين يمينها وشمالها
يا غارق بالهم لا تطلب نجاتك من غريق
الصبر مفتاح الفرج والناس هذا حالها

وانا ترى متني يشيل من الحمل ما لا يطيق
مالي ومال الحمله اللي كل كتف شالها
ايامنا بين الشهر واليوم والباقي سحيق
الايام كم يبغى لها والناس كم يبغى لها

والدله اللي ماتقهوي ضيفها قل للبريق
يرسل تعازي ضوها لا فاحت بفنجالها
قمريه الاحزان لا غنت على الغصن الدقيق
ما تعاتب المحزون لو غنت ولا غنى لها

يا ناس وش حل الرفيق اللي يعاتب له رفيق
لا حدته الايام والدنيا على منوالها
لا تحسب ان اللي تحبه لا جرحته ما يضيق
لو يستر جروحه عليك وعلته ما قالها

يضيق لكن مبسمه ضحاك وحجاجه طليق
لان الصداقه كنز والحسنه بعشر امثالها
والحقد في قلوب الرجال اهل الوفا ماهو يليق
قلوبها تبقى نظيفه لو تغير حالها

وانا لو ابني للصداقه جسر لعيون الصديق
الناس من كثر الزعل فال الله ولا فالها
العذر مايكفي من التقدير والصده تعيق
الوصل من بين القلوب اللي تمد حبالها

والالماس سعره فوق سعرك يالذهب لو لك بريق
سعره لحاله والذهب تسعيرته بلحالها
واهل الجواهر يفرقون الكهرمان من العقيق
لو تخلط الثنتين بنت في طرف سلسالها

نصبر على قرص النحل حتى نوصل للرحيق
واهل الهوى يمسح خطاياها لذيذ وصالها
والناس لاجل امالها تحتاج للفهم الدقيق
واللي ما تملك فهم تخسر نفسها وامالها

جبال الارض الشامخه يا منكر المجد العريق
هاماتنا من كبر هيبتنا تطول جبالها
جديدنا مستقبل زاهر وماضينا عتيق
مسيره التاريخ يبقى مجدنا في بالها

لو ان حضارتنا قصيده شاعر فكره عميق
ما كان غير محمد المكتوم صاغ امثالها
الضايق اللي ساري ليله ولا حصل طريق
تلعب به الايام بين يمينها وشمالها"
2,عنق الزجاجه,ميحد حمد,الف كاففايز السعيد,2009,https://www.youtube.com/watch?v=A5eloCDQfzQ,https://www.wneen.com/lyrics/33414,"ينجلي ليل وانا حبيت داجه
في صباح هز غصن الياسميني
لا انتشى صبح الغلا وارخى حجاجه
ينمحي هم على صدر الحزيني

ول ياليل الهجر ما اثقل مزاجه
جعل مثله ما يعود ولا يجيني
والنصيب اللي تعذرني رواجه
هو سبب فرقاك يا حلم السنيني

يا معودني بحبك واندماجه
في عروقي في ضلوعي وسط عيني
والكريم يصير ذله بانحراجه
وانت حطمت الاماني في يديني

في امان الله والدرب ازدواجه
مفرق دروبه بقت له خطوتيني
يمكن احنا عقب هذا ما نتواجه
خل راحاتك توادع راحتيني

كثر ما واجهت قلبي واحتجاجه
كثر ما قدمت روحي في يميني
كثر ما قتلت السعاده في ابتهاجه
طعنتين و طعنتين و طعنتيني

لين ما اخرجته مع عنق الزجاجه
والتعب يكتب نزيفه في جبيني
ما بقى لك في عذاب القلب حاجه
خلني للريح واطلق ساعديني

والعذاب اللي بنى بكفك سياجه
هو سبايب ما حصل بينك وبيني
انت متعدي الى حد السذاجه
تخطي وترجع وترجع تنتخيني

دام صار الحب في عينك سماجه
شوف درب لا خذيته ما يجيني
انت متعاوج و ودتك العواجه
لين ضاعت من يدك احلى سنيني"
2,انا والبواخر,حسين الجسمي,ولد ناسفايز السعيد,2015,https://www.youtube.com/watch?v=UlnTkzFQYfI,https://www.wneen.com/lyrics/33406,"يحن خفاقي لا شفت البواخر
تعدت الشاطي وغابت في الامواج
تبحث على لؤلؤ طبيعي وفاخر
يزهي نحر من هو يحب التغناج
والعود الازرق لا احترق في المباخر
ما يشبه الا ريحه العذب لا فاج
واليوم ينظر لي بمنظور ساخر
كنه يريد يسبب لقبي احراج
ياللي بدا وصلك معاي يتباخر
لا ترتجي من صاحبك ضحكه حجاج
سوس الهجر في عظم الاشواق ناخر
والحزن في روض المحبين دواج
من التغطرس والكبر والتفاخر
ما جبت لجروحي من فراقك علاج
على كثر ما كنت يا زين ذاخر
في مملكه قلبي لك العرش والتاج
من قلب بالشيمه وبالعزم زاخر
اقفيت وانا عالي مثل الابراج
والله لو انك اول انسان واخر
انسان ماحتاجك ولو كنت محتاج"
2,رابع يوم,عبدالمجيد عبدالله,تصريحهشام محروس,2024,https://www.youtube.com/watch?v=diCTnKQ1-NA,https://www.wneen.com/lyrics/32990,"هذا اليوم رابع يوم والجو رعد وبرق
وهذا اليوم رابع يوم والشوق ذابحني

وهذا اليوم رابع يوم والنبض وسط العرق
يقول ابتسم وان كنت غلطان سامحني

واذا قلت ما بينك وبين السحابه فرق
لانها تريحني وشوفك يريحني

ياسيد بنات الحسن في الغرب والا الشرق
يا ليتك تمسيني غرام وتصبحني

عيونك وسيعه يا ماشالله وعودك طرق
لكن ساتر عودك ورمش الجفن محني

قبل تنزل ف وحل الهجر خاف ربك وارق
على قمه الوصل وتامل يا جارحني

يطيح المولع حزن لا سمع نوح الورق
وانا لو قطعت مواصلك ما تطيحني"
2,يتيم,حسين الجسمي و ميحد حمد,وين انتناصر السعدي,2011,N/A,https://www.wneen.com/lyrics/32830,"يتيم فاقد شوفت امه من سنين
وابوه مات من القهر والتجني
ما شاف واحد منهم بنظرت العين
والحزن يهدم في الضلوع و يبني
تنزل دموعه من لحون المغنين
و اهل اللحون من السعاده تغني
قالوا تمنى قال ابا اشوف الاثنين
كان يفيد الميتين التمني

يا كامل الاوصاف يا نادر الزين
هذا شعوري كل ما غبت عني
كيف اتقبل تعزيه بعدك الشين
واشوف عذالي تجيك وتهني
دام الهجر والشوق والحزن قاسين
ليتك علينا يا حبيبي تحني
يكفيك فني عن فنون المحبين
كم مره استطربت والفن فني

كنت اتانى من فراقك معي لين
طولت بفراقك و مات التاني
و كان الخطا منك مسامحك ه الحين
و كان الخطا مني وش تريد مني"
2,دبي العز,المجموعة,حامي الدارحسين الجسمي,2023,https://www.youtube.com/watch?v=bc2QLYyq27U,https://www.wneen.com/lyrics/30820,"انا محتار مابينه وبين دبي بالمثقال
يا اما دبي له تحلى او انه هو يحليها
او ان دبي تحلا لان ابو راشد لها خيال
نعم والله و تسبق خيلها من سبق واليها
دبي العز من طيب النسايم عودها ميال
تمسي صاحب القدر و نحن باسمه نمسيها"
2,الوردة ارتاحت,حسين الجسمي,ما كنت ادريوليد الشامي,2023,https://www.youtube.com/watch?v=CJbl5M2RdfQ,https://www.wneen.com/lyrics/29148,"اذا طاحت الوردة من يدينك اتركها
لانها اذا طاحت من يدينك ارتاحت

واذا طاحت الدمعه من عيونك امسكها
اخاف المقام يطيح معها اذا طاحت

ولا تقتفي لك فرصة ما انت مدركها
تصبر ترى فرصتك للحين ما تاحت

واذا مرتك فرصه وتقدر تملكها
اخذها عوض في فرصة قبلها راحت

غيوم السما وسط السما بيد سامكها
ماهو شرط تمطر لك لو بروقها لاحت

نفوس الرجال النخوه اللي تحركها
لو صدورها باسرار ما بعد باحت

الم تعلم ان جدودنا في معاركها
تضحي بالانفس للعفيفه اذا صاحت"
2,المزهرية,راشد الماجد,رعاك اللهحسين الجسمي,2023,https://www.youtube.com/watch?v=_yDwNAX7kTQ,https://www.wneen.com/lyrics/28253,"انا لا شفت الورد في المزهريه
بعيد عن بستانه يضيق بالي
اشعر بلحظة حزن لو هي هديه
كانني حاضر عزا شخص غالي
لو كان نور شموعه الجانبيه
ترسم ملامح ما مضى في خيالي
الذكريات الحلوه الاوليه
قدام ترهقنا صدوف الليالي
شقي يا ابن ادم ونفسك شقيه
مهما بلغت من الكبر والتعالي
ترى الرضا طبع النفوس الرضيه
ومن الشقا ما فيه مخلوق سالي
ومعاند الايام يصبح ضحيه
لو هو من اصحاب السمو والمعالي"
2,الناس في عيني سوا,محمد عبده,وياكماجد المهندس,0,https://www.youtube.com/watch?v=HzdFZA5KEgs,https://www.wneen.com/lyrics/27628,"الريح هبت والشجر مخضر غصنه مستوي
تاملوا بحساسكم ما قاله الشعر ودعوا
اسماعكم تستخرج البيت الضعيف من القوي
حتى نعرف ان الشعر فكره قبل يصبح لهو

لان الشعر عندي رساله ساميه
وتحتوي على فكر شاعر قناعاته ماهي تسقط سهو
اكتب هوانا مهتضي والقي هوانا مهتوي
والوزن ماهو ينكسر والنحو ما يبغي نحو
واعز منه قول ربي والحديث النبوي
والاهتداء بسنة اصحاب النبي يوم اهتدوا
والقصه اكبر من بحور الشعر وحروف الروي
القصه احساس يلامسني ويسمو بالسمو

دارت سنين العمر والدنيا في قلب الدنيوي
مهما بلغ به حبها ماهي على كيفه وهو
لو يبلغ نجوم السما لا بد له يومي هوي
لا بد يتعب نفس ناس جربوها وتعبوا

ياناس ياناس ياناس كم واحد من الدنيا جريح ومكتوي
ياناس ياناس كم واحد يذوق المر ويذوق الحلو
ياناس ياناس ياناس كم واحد ذراعه من زمانه ملتوي
ولا شكى ولا شكى من ضيقته لو نص خلق الله شكوا
لو قلت عدوا كم ضحايا هالزمان الماسوي
قدامكم عدادت الايام عدوا واغلطوا
والراحلين من الحياه اذكارهم تدوي دوي
خلودهم بافعالهم حتى ولو انهم فنوا

اللي راوا مصائب الدنيا على ما تنطوي
يجب عليهم نقل خبرتهم لناس ما راوا
الابن ياخذ خبرته من الشعور الابوي
قبل يموت الاب ويصير الابن هو الابو
وانا خويي لا ضمى من ناس في دمي يرتوي
اصير لعيونه خوي ويصير هو صاحب سمو
ماهو خوي حتى لو ان اسمه مع العالم خوي
اقدره تقدير اخو حتى لو ان ماهو اخو"
2,هوا الامارات,محمد عبده,N/A,0,https://www.youtube.com/watch?v=xUvLMI6YRE8,https://www.wneen.com/lyrics/27627,"صاحبي يا فاهمن قصدي ترا ماكل ديره
اتمشى في حدايقها وينعشني هواها
اتاسر قلبي لو ان نفسي في راحتها اسيره
كم بلاد يمرها قلبي واذا سافر نساها

خذ مثل هواء لندن لا خلط مسكه عبيره
لو هواء بلاد زايد ما هو يشابه هواها
والله انها اول احباب المشاعر والاخيره
ياعساني فدوة اولها وفدوة منتهاها

الله اكبر ياسنين العوج والشرهه كبيره
شرهة العاقل على عوج السنين اللي مداها
كل ما طالت منام من شرها وطول خيره
انما للخالدين الي مخلدها نضاها

والقلوب اللي مشاعرها مع العالم ظفيره
الظروف الكايده تردها عن مشتهاها
مشتهاها تجعل الدنيا مثل وصف البحيره
لذة للي شاربين ومتعة للي من راها

هكذا الانسان عمره يوم حس ويوم غيره
لو تحاول تجمع ايامه وتبحث وش وراها
ماوراها غير باقي ذكرياته في مصيره
يوم شاف امجاد غيره قال يا ليته خذاها

يحسب انه المجد فجاة مادرى ان المجد سيره
سيرة ماتنتهي دام الكواكب في سماها
والقدر على وتيره والعمر على وتيره
والسنين الي بعضهم يمشون والدنيا عطاها

ماهو بورث تحكم فيه عميان المصيره
كان مامديتها بالجهد مانالت راضاها
السعادة لو تباعد سوق الاحزان الكثيره
كل واحد يعتريه الحزن تلقاه اشتراها

السعاده ما اشترتها روس الاموال الوفيره
شوف كم تاجر يدورها ولكن ما لقاها
بس انا ما احتاج مال احتاج فعلا شي غيره
شي يسمو بالنفوس وسنين يظهر محتواها

هي قصيدة شاعر وضح لك الي في ضميره
يعرف وش علته لكن ما يجهل وش دواها
غاص بالهوجاس باعماق المحيطات الغزيره
لين جاب الي يليق بمستواه ومستواها

مو مهم تكون نشرت في مجلات مثيره
المهم تقوللي كم شخص مثقف قراها
المهم ان لندن الي مسكه يخالط عبيره
اغلى منها هوا ارض الامارات وثراها"
3,ليل,محمد عبده,N/A,0,https://www.youtube.com/watch?v=6SIKvcsLUp8,https://www.wneen.com/lyrics/27626,"ما قد عصاني بعيشتي انا
عمر دنياي لوني ابا احكي
كيف اقدر احاكيه
ما ادري وش اللي جاب هالحظ
وياي كل من شكيت لشخص لقيتها فيه
بلواي اصبح كل ها العمر
بلواي ماضي وياليته ترى كان ماضي
لا بعطشان ولاني بشارب ماي
ولاني انا ماخذ ولني بمعطيه
لاني انا المذكور ولاني بمنساي
مدري انا اللي غالي او اني اغليه
احسب خطاي وكل خطوه بممشاي
امشي برمش رضاه لو رمش بمشيه
عشت غرام الموت بحساس منفاي
ما ادري لاي غلطه اليوم بنفيه
ذوبت لك عمري مثل سكر بشاي
عمر الحياه يا سكر العمر امليه
كل الحواس تقول وش جاي
وش جاي خايف تضيع اصابعي بصبع يديه
ابغي اشبه نظرتي ترسم خطاي
حتى القصيده ما لقت اي تشبيه
مدري عازف عود هالحزن والناي
ما اقدر اذمه ولا بعد اقدر اغليه
قالولي هذا حزنك قلت شو الراي
ايت حزن ات كابه ش اسميه
يومي انا هذا انا عشت دنياي
ليل وراه الليل وش عقبه يجيب
عشب بزمان قلت لطير مولاي
كل من رفع جنحان فزيت لبيه"
3,قيمة الدمعة,محمد عبده,N/A,2009,https://www.youtube.com/watch?v=4j0ocPJ469s,https://www.wneen.com/lyrics/27625,"القلب بين الحزن و الهم والغي
يرسل بشكل لا ارادي تحيه

ما يحس به و عيوني اترجمه مي
ويصبه لجفن رموشه تهيت

والجفن عد العين لو قلت له عي
مايقدر يعيي و عينه ما عيت

وعيوني اكرم من عطا حاتم الطي
لو العطا يفيض لا لاهت فيت

يا اصحابي الايام ما عادها هي
ايامنا الحلوه تروح و على ايه

حال المشاعر فاقده حبكم لي
لين اجرحتني عبره ما تريت

تجمعوا باحزانكم وابكوا اشوي
لوني بحزن الاحبه لغيثت

اما بكيتوني وانا بينكم حي
واكشفتوا الحزن اللذيذ المبيت

ادموعكم وانا في قبري ولا شي
وش قيمه الدمعه على قبر ميت"
3,خير الكلام,ابوبكر سالم و حسين الجسمي,الحب من نظرةناصر الكبيسي,2011,N/A,https://www.wneen.com/lyrics/27623,"اذا شفت الزمن مقفي بعينه نية التجريح
رهنت النفس للعليا الين تموت مرهونه
ترى خير الكلام الذكر واشرف مفرده تسبيح
ودنيتنا قيصدة واعتقد ما هي بموزونه
يطيح المزن لكن السحابة ثابتة ما تطيح
مثل مداتنا لامن عطينا جات مضمونه
و انا ماني بطير صاده القناص بالتلويح
انا طير على الغيمة يحوم و لونها لونه

من التلميح ما يكفي عن الشرح ومن التلميح
ما يجرح لي زوايا خافقي ويحطم ركونه
قصيدي كان ما بكى السحاب ولا استثار الشيح
يمين الله لاطبع بنات الفكر من دونه
اعسف القاف للمعنى مثل عسفي ببنات الريح
وتجي قافي مثل شيخ بني عمه يحشمونه
انا اعشق بكل احساس لكن مستحيل اصيح
انا لي هامة عيت تطيع الذل مجنونه

انا سدي حفظ سر الكلام ولا احب ابيح
و عذالي تعرف قيمتي بروح مغبونه
عجزت اداوي اهات الشعوب وفكرة التسليح
و اذا جيت اشعل اهرام الظلام مات فرعونه
و اذا عيا على الظامي نهر دجلة وعين السيح
من يلوم الحزين ليا انتثر دمعه من عيونه
ابا اشبح دام ما يقبل ميول الفكرة التصحيح
و ابا ارقى للنجوم الي تبا موتي على هونه

ترى طعن الظهر غادر و لا يحتاج له تصريح
ولدغات الحنش تقتل وخص ان جات مدفونه
يقال ان الاساطير القديمة ما تبي تنقيح
وسنون سممت تقتل ولو ماهي بمسنونه
انا ما خفت من برد الضلوع وقسوة التبريح
انا الفظ كل زفرات الغلا واللي تعرفونه
انا اخاف انثر بيوت القصايد في مهب الريح
و اجرح مهجة الاحساس والقيفان ملعونه"
3,دنيا القصيد,محمد عبده,N/A,0,https://www.youtube.com/watch?v=U3RfePXziIE,https://www.wneen.com/lyrics/27622,"اذا شفت الزمن مقفي بعينه نية التجريح
رهنت النفس للعليا الين تموت مرهونه
ترى خير الكلام الذكر واشرف مفرده تسبيح
ودنيتنا قيصدة واعتقد ما هي بموزونه

يطيح المزن لكن السحابة ثابتة ما تطيح
مثل مداتنا لامن عطينا جات مضمونه
و انا ماني بطير صاده القناص بالتلويح
انا طير على الغيمة يحوم و لونها لونه

من التلميح ما يكفي عن الشرح ومن التلميح
ما يجرح لي زوايا خافقي ويحطم ركونه
قصيدي كان ما بكى السحاب ولا استثار الشيح
يمين الله لاطبع بنات الفكر من دونه

اعسف القاف للمعنى مثل عسفي ببنات الريح
وتجي قافي مثل شيخ بني عمه يحشمونه
انا اعشق بكل احساس لكن مستحيل اصيح
انا لي هامة عيت تطيع الذل مجنونه

انا سدي حفظ سر الكلام ولا احب ابيح
و عذالي تعرف قيمتي بروح مغبونه
عجزت اداوي اهات الشعوب وفكرة التسليح
و اذا جيت اشعل اهرام الظلام مات فرعونه

و اذا عيا على الظامي نهر دجلة وعين السيح
من يلوم الحزين ليا انتثر دمعه من عيونه
ابا اشبح دام ما يقبل ميول الفكرة التصحيح
و ابا ارقى للنجوم الي تبا موتي على هونه

ترى طعن الظهر غادر و لا يحتاج له تصريح
ولدغات الحنش تقتل وخص ان جات مدفونه
يقال ان الاساطير القديمة ما تبي تنقيح
وسنون سممت تقتل ولو ماهي بمسنونه

انا ما خفت من برد الضلوع وقسوة التبريح
انا الفظ كل زفرات الغلا واللي تعرفونه
انا اخاف انثر بيوت القصايد في مهب الريح
و اجرح مهجة الاحساس والقيفان ملعونه"
3,ادب,محمد عبده,N/A,0,https://www.youtube.com/watch?v=GeDnIW42hlA,https://www.wneen.com/lyrics/27621,"الادمي لو ان دمعه عشب كان انكبت
عليه رعيان الحلال اهل النفل والعندب
لكنها دمعه تناستها الجفون وصبت
فوق الخدود وجرحت قلب الضلوع الحدب
وش عاد ياللي لك سمي لبى وعيني لبت
وانا سنا جرد المعاني من فراقك جدب
حظي يقفي بك مثل بزر رياحه هبت
واقفي مثل ما اقفيت يندب والغلا ما يندب
ولا طفت ضو الوصال وضو هجرك شبت
ابا احسب الندبات في قلب عروقه ندب
وان احملت عوج السنين المقبلات وربت
ندب علي قصيدة زينه وانا با ندب
قلوب الاحباب الحقيقية لا منها حبت
تعامل المتادبين بحشمة المتادب"
3,السندان والمطرقة,محمد عبده,نقطة ضعفيفايز السعيد,2015,https://www.youtube.com/watch?v=-PVNwi_Zryc,https://www.wneen.com/lyrics/27571,"ياللي هلك باجمل الاسماء يسمونك
قلبي يحبك وهو لا حب صدقته
علقته بنظره تغوي من عيونك
ولا الومه صراحه يوم علقته

ان كان خايف اخونك غير ظنونك
غررت قلبي من ظنونك و شرقته
لو اقدر اخون نفسي يمكن اخونك
طعم الخيانه ترى ما بعد ذقته

واللحين ناوي تفارقني على هونك
الله يخليك هذا ماهوب وقته
حلمي شجوني تحس بروعه شجونك
وشلون تبغي تفارقني ما حققته

ما اقدر اعيش بين الناس من دونك
ما بين سندان هجرانك ومطرقته
بكره احاسيس خفاقك يلومونك
شمل الاحبه بعد ما تم فرقته"
3,انت و انا,راشد الماجد و عبدالمجيد عبدالله,على كتاب اللهراشد الماجد,2015,https://www.youtube.com/watch?v=VsZid-ks2pQ,https://www.wneen.com/lyrics/27558,"يلي تمر عروق قلبي نظرتك وتدلها
الله عليك من الحسد واهل الحسد والله لنا
الشيلة اللي فوق وجهك يا حبيبي شلها
خلي الخجل منك وسولف لي ما غير انت وانا

سوالفك حلوة من زود الغلا ما املها
الله من حرف تمكن فيه شفايفكم ودنا
الا ثنيت رموشك اللي فوق خدك ضلها
يعكس في فنها تعال شوف قلبي اللي انتهى

ارسملي اللهفة ودع نفسي تبرد غلها
مصيرنا نفنى وكم واحد من الدنيا فنى
لو قلت ان الشمس بتشبه طلتك في طلها
يوم اشرقت والورد متفتح وجاهز للجنى

اقدر اقول النور وجهك يوم تشرق ظلها
ميزك من سواك عنها في الشروق وفي السنى
القلب بعدك دار ولعينك دموع تهلها
ليه الشقى ليه الزعل ليه التمسك بالعنى

اثنينهم حزن الحبايب مرها واحتلها
بعد المحبة والمودة والمواصل والهنا
ان قلت لي برجع عليها قلت روح وخلها
الامن ليس مستقر لا هناك ولا هنا

الضيقة اللي في صدر رجال وش هو حلها
خصوصا ان كان طموحاته طموحاتي انا
يلي تمر عروق قلبي نظرتك وتدلها
الله عليكي من الحسد واهل الحسد والله لنا"
3,هذا صديقي,محمد عبده,ارحبفايز السعيد,0,https://www.youtube.com/watch?v=LLu2Am082bI,https://www.wneen.com/lyrics/27557,"ياللي سالتوا وش سبايب غيبتي يا سائلين
السر بين اقلام قيفاني وبين اوراقها

اغيب لاجل احس منكم بالمودة و الحنين
و الشمس لو غابت عن الاعين لابد اشراقها

و ابواب قلبي للوجيه الطيبة في كل حين
مبطلة ما فيه واحد يستطيع اغلاقها

تواضعي لله ثم للعالم المتواضعين
اللي الا فارقتها يصعب عليك افراقها

لو قلت انا بارضي جميع اذواقكم يا سامعين
الناس لا يمكن لاحد يرضي جميع اذواقها

لكن انا مهموم و اشعر بالحزن لاني حزين
كان نفسي فيه شيئ عن فرحها عاقها

كل اصدقائي الحاضرين في خافقي و الغائبين
عن العيون اللي صورهم ثابتة في احداقها

غالين لكن الصديق اللي فقدته وين وين
اللي يموت و كلمته ما خان في ميثاقها

صديقي اللي يؤمن ان الارض تفسد دون دين
و ان الخلائق ما ينجيها سوى خلاقها

و صديقي اللي لا حضر و اهل الفخر متجمعين
يلفت عليه انظار كل الناس قبل اعناقها

و صديقي اللي حاولت انها تطيحك السنين
لكن طاحت و انت في عيون العرب و اعماقها

و صديقي اللي كلما وقف تشوف الحاسدين
قلوبها محروقه و كانه يزيد احراقها

و صديقي اللي لا زعل و الا رضا في الحالتين
نفسيته من طيبها ما هي تشين اخلاقها

و صديقي اللي قبل اشوفه ذكره الطيب يبين
و من يوم شفته كان نفسي صافحته اشواقها

و صديقي اللي يضحك احجاجه بوجه الغانمين
كان مد كفه غيمة شاق النظر براقها

و صديقي اللي كلما ضاقت علي لازم يبين
في ثقالها و خفافها و اجلالها و ادقاقها

صديقي اللي ما يدنق هامته و لا يلين
لو الليالي ترهقه ما هزته بارهاقها

و صديقي اللي شجرة اماله زرعها باليقين
قناعته لو اثمرت تظل تحت اوراقها

و صديقي اللي عين يفرشها لجيرانه و عين
لحاف للضيفان مهما تختلف في اعراقها

و صديقي اللي كلما قابل يتيم الوالدين
يموت هم ان كان دمعات الحزن ماراقها

و صديقي اللي كانه مولود ما بين الفرقدين
نظرته دايم للسماء و نجومها و افاقها

و صديقي اللي للمراجل لا يسار و لا يمين
المرجلة تعشق مواقيفه و هو عشاقها

هذا سبب واحد من اسباب الحزن يا سائلين
و السر بين اقلام قيفاني و اوراقها"
3,محبتك ( افضل سر ),عبدالمجيد عبدالله و محمد عبده,شقى قلبياريام,0,https://www.youtube.com/watch?v=i6HuQWvZ9Hk,https://www.wneen.com/lyrics/27555,"محبتك منحوته في خافقي نحت
ماهي بسلعه مشتريها من السوق
سهم الغلا لو كان من غيركم تحت
وانت تخلي اسهمك ديما فوق

ابا اسالك ياللي في خفاقي امرحت
سؤال له عامين في الصدر مخنوق
دامك شبيه العود وش فيك ما فحت
لا صرت من جمر المقادير محروق

ودامك مطر روض الغلا ليه ماطحت
واسقيت روض القلب معلوق معلوق
ودامك شبيه البرق وش فيك ما لحت
في عين من شوفك يكحل به الموق

الشمس وجهك وشعرك ليل وانزحت
ليتك تبين الشمس في لحظة اشروق
ادور الراحة معك بس ما ارتحت
وانا رغم ماشفت يدفعني الشوق

اتابعك واطاردك وين ما رحت
ولا هو صحيح كل مطرود ملحوق
دامك بتجرح خافقي ليه ما شحت
عن قلبي اللي في محبتك مرفوض

ازعلتني ياناعم العود وافرح
قلبك وانا ما زلت لوصلك اتوق
والقلب شوقه اجداه لكنك اجدحت
شوقه وغيرك فيه غال بلا دور

امسيت وانتي الذوق واصبحت اصبحت
والذوق عنك يقول يا قمة الذوق
غلاكي افضل سر حافظه ما بحت
ما بحت به لاي مخلوق"
3,ازعل عليك ( جيت بزعل ),عبدالمجيد عبدالله,يا حبي لكحسين الجسمي,0,https://www.youtube.com/watch?v=hOpDxt2iXD0,https://www.wneen.com/lyrics/27554,"جيت ابا ازعل عليك وناوي بالخصام
كل ما في خفوقي بس ازعل عليك
جيت ابا ازعل عليك وناوي بالخصام
كل ما في خفوقي بس ازعل عليك
يعني روح واروح واسري ليل الظلام
بس من يوم شفتك قلت برضا و اجيك
جيت ابا ازعل عليك وناوي بالخصام
كل ما في خفوقي بس ازعل عليك
خل روحي بروحك هذا اغلى وسام
خل عيني بعينك خل ايدي بديك
خل روحي بروحك هذا اغلى وسام
خل عيني بعينك خل ايدي بديك
يا شروق المحبه يا شموع الغرام
يا ورود بحياتي عطرها يهتديك
جيت ابا ازعل عليك وناوي بالخصام
كل ما في خفوقي بس ازعل عليك
سلم برمش عينك هالتغلي حرام
ما تموت المشاعر دامني احتويك
سلم برمش عينك هالتغلي حرام
ما تموت المشاعر دامني احتويك
انطبع في خفوقي اسمك بحرف لام
وفي عيوني عشقتك بحياتي ابيك
جيت ابا ازعل عليك وناوي بالخصام
كل ما في خفوقي بس ازعل عليك
دامك بوسط عيني كيف عيني تنام
ودامك بنبض قلبي كيف ما افتديك
دامك بوسط عيني كيف عيني تنام
ودامك بنبض قلبي كيف ما افتديك
مد لي كف وصلك قولها بحترام
موت احبك واحبك موت انا اموت فيك
جيت ابا ازعل عليك وناوي بالخصام
كل ما في خفوقي بس ازعل عليك
عاد تبغي الصراحه ما نويت الخصام
هذا قلبي يحاسب كل خطوة اليك
عاد تبغي الصراحه ما نويت الخصام
هذا قلبي يحاسب كل خطوة اليك
اقترب لك حبيبي بالغلى والسلام
يا حبيبي بصراحه حلوه غمضه عنيك
جيت ابا ازعل عليك وناوي بالخصام
كل ما في خفوقي بس ازعل عليك"
3,الله يجازيك,عبدالمجيد عبدالله,كمل جميلكميحد حمد - راشد الماجد,2009,https://www.youtube.com/watch?v=XOyimIX94HE,https://www.wneen.com/lyrics/27553,"عيونك و بسمه شفاك وحشتني
على ثباتك في خفوقي اهنيك
لك صوره ما عمرها فارقتني
في كل ركن و ركن القى معاليك

فرقاك و الغيبه بعد علقتني
عشقتك اكثر و اكثر الله يجازيك
و ليت الليالي يوم غصب ابعدتني
نستني طيوفك و اسمك و ماضيك

اواه من ذكرى الغلا ماعتقتني
في كل ليله اذكرك و احلم اجيك
و الناس لا من جيتها احرجتني
كن العرب متفقه اتجيب طاريك

لكن عهد كان الليالي منحتني
فرصه جديده مره التقي فيك
و مديت كف بالوفى صافحتني
اشره علي ان كان بقفي و اخليك"
3,تبسم يا قمر,عبدالمجيد عبدالله,ما نسيناحسين الجسمي,0,https://www.youtube.com/watch?v=RdM6Na9W6q4,https://www.wneen.com/lyrics/27552,"تبسم يا قمر للي عنالك
بسحب تمطر ويطرب رعدها
سرت لك نجمة من طيب فالك
وراحت من بلدها ليا بلدها

بليلة حلم ما تخطر ع بالك
بليله والف ليله من وعدها
صباح الورد ياليلي لحالك
ومساك النور ياصبح بوردها

اذا غربت والمجد بوصالك
خطر ع الشمس تشرق من سعدها
هنيالك ومن وصله هنالك
هنياله من الدنيا سهدها

سعى بطيب وبدابك وانتهى لك
و بن العطر من يدها ليدها
وتنشد يا قمر من هو سعى لك
وانا اقول النجوم ومن صعدها

هذاك اللي قبل لاسمع سؤالك
سما العليا على مجده سندها
مادامه من صور قلبك منالك
عسى دنيا الفرح دايم سعدها"
3,ساحة الشعار,محمد عبده,اطفالنافايز السعيد,2016,https://www.youtube.com/watch?v=XXi83bKUD9k,https://www.wneen.com/lyrics/27551,"كيف اودع ساحة الشعار وابعد عنها
والقصايد ما تودعني لا واودعها
القصيدة حس شاعرها ما يخلي منها
سحر يسلب عقل جمهورة لمن سمعها

والحبيب اللي له عهود الغلا ضامنها
اللي يليه معي يا ناس ولا معها
كان يامر قلبي الوله عليه او ينهاع
المشاعر لا نضيعه كنا نطوعها

ليه نودعني ونفسي بالفراق احزنها
يا نذيع علومي عن عشاق المحبه ذعها
العلوم اللي ورا قلبي ولا بينها
يا عساها تردع العزال وتجمعها

المحبة غالية والعاشق يثمنها
اشتري اسمي للوصل يا زين ولا بيعها
الطيور اللي تهاجر ترجع لموطنها
الليالي باعدتها والغلا رجعها

صرت اثامر كل نجمة من فده تهملها
تستر عيوني لا فاض الدمع من مدمعها
وامشي كاتم المفارق اتخيل كنها
قالت انطاعت لا تثني للزمان او طعها"
3,قلم رصاص,عبدالمجيد عبدالله و محمد عبده,عالصامتديم,2015,https://www.youtube.com/watch?v=kwfin7sjaYQ,https://www.wneen.com/lyrics/27549,"قلم رصاص وذهن صافي وبراية
ثورة مشاعر حقيقية ومسودة

تحلق بهاجسك وتحقق الغاية
لا صار لك من كتابات الشعر مدة

طولت صمتي وبعض الناس حكاية
واسرجت خيل الكلام وجات من حده

يشبهني الذيب يا ليلي في مسرايا
ويشبهني البحر في جزره وفي مده

اقرا حديث النبي وافسر الاية
والعمر محدود والايام ممتدة

وانا بشر في مسافات الزمن تايه
لا هو بقد الزمن ولا الزمن قده

يطمح ولده يتسلم بعده الراية
مثل ما ابوه استلم من بعد جده

عسى ايديني لقصر العز بنايه
وتردع ايادي حسود ناوي هده

اهل الرخى في الشدايد تبغي عناية
واهل الشدايد توقف ساعة الشدة

تلهيني النفس لان النفس لهاية
وتصد وانا رجل ما يعرف الصدة

والصد بين الحبايب اكبر دعاية
تودي القلب لاقصى الحزن وترده

والغالي اللي غرامه يسكن حشايه
الى الحين وانا متيم فيه واوده

لا قام يعزف من لحون الهجر نايه
عساه يمزح معي لا يكون من جده

لا قال لي وش تقول في لون حنايه
اقول يا كبر حظه محد قده

وشلون ارضيه لو ما دور رضايه
واحساسي بصدق عكس احساسه بشده

احس انه سبايب بسمة شفايه
ويحس باني سبب دمعه على خده"
3,صد وعناد,لطيفة التونسية,تصريح حصريعريب حمدان,0,https://www.youtube.com/watch?v=LL1uYii_6PQ,https://www.wneen.com/lyrics/25719,"ان بغيت العناد اجزيك صد وبعاد
وان بغيت التلاقي لك عيوني جزا
كان قصدك تحدي عيش وقت الحداد
من يحاول عنادي ماله الا عزا

المحبه اجتهاد و في المحبه جهاد
ليش تبغي ودادي معك هم ووزا
ياقليل التصافي يا كثير العناد
ان كرهتك كرهتك ما يفيد البزا

لي بحب العذارى خطة واعتماد
ولي خفوق قبل ما ينغزي هو غزا
كن صدوق بحبك واغتنمني وكاد
سعد من كنت جنبه او بمثلي اعتزا"
3,اول شخص احبه,حمد العامري,القلب مملكتكعيضه المنهالي,0,https://www.youtube.com/watch?v=YPi5lcOz_Hk,https://www.wneen.com/lyrics/25718,"لي صاحب منول اذا قمت اناديه
الشوق من بين المحاني يشبه

اتقولي لبيه لبيه لبيه
واانا اتفدابه مع كل لبه

واليوم شكله ظايق ماعرف اشفيه
من الوصل ريح المفارق تهبه

لو كان ظاق بسبه اجيه وارضيه
المشكله ظايق ومن دون سبه

ياهيه ياهيه يامغرور ياهيه
هذا ترا ماهو نظام الاحبه

لو قالو العذال وش انت تبغي
ابيه رمز للوفا والمحبه

ابيغه دام كل ما مر طاريه
اغيض به عذالي الي تسبه

سولف معي لكن من دون تشبيه
بيني وبينك شبه لا تشبه

انت تقول انا اخر انسان تغليه
وانا اقول انت اول انسان احبه"
3,قم علم الصبح,حمد العامري,اه يا من ونذكرى,0,https://www.youtube.com/watch?v=CXnNyNDbktY,https://www.wneen.com/lyrics/25717,"قم علم الصبح ويش البارحه كنا
خله يقول للعواذل ان تصافينا

حتى يعرفون يوم ان تزاعلنا
نبغى نزود قهرهم لاتراضينا

حنا شربنا الغلا حتى تمايلنا
من نشوة الحب تدفعنا خطاوينا

نكسب تعاطف هل الحب بتعاملنا
وهروج حسادنا ما اثرت فينا

ياما و ياما حكوا لكن تجاهلنا
تلامس احساسنا يسبق خطاوينا

من بدهم في الوفا حنا تاهلنا
كسرت يد التجافي من تسامينا

يابحر كان انته في موجك تساهلنا
في الحب نبحر ونمسي في موانينا

روض المحبين محمي في مداهلنا
وزهور الاشوقا تنبت في مراعينا

حنا الشرف والندا ونشرف اهلنا
عن الرذيله على النايف تعلينا

يا ظامي الحب اروتنا مناهلنا
اذا طوانا هجير البعد تسقينا

والسالفه كلها يوم ان تزاعلنا
كله على شان يقهرهم تراضينا"
3,قلوب ومحاني,حمد العامري,من الاخرداليا مبارك,0,https://www.youtube.com/watch?v=qARNDxsOS-c,https://www.wneen.com/lyrics/25716,"الحب ما يسقي القلوب و المحاني
الحب اسمى عاطف تسكن الروح
يا حبك الي كل مضمى سقاني
سرا بلال ودرب مهجور و نزول

ما اقول منك الي لفاني كفاني
لاني احبك هجر وعناد و جروح
ان غبة عني طال عمرل ثوني
تقول عمر ثانيه من عمر نوح

وانجيت مرت ليالي زماني
ما كنه اله البرق بعيوني يلوح
قبل الجفا عذرك سبقني و جاني
لا تعتذر ذنبك من العام مسموح

ابني على شوفك صروح و اماني
وشلون ما تبني على شوفي صروح
ان كان غيري عوضك عن حناني
ما عاضني غيرك من الغيد مملوح"
3,الشهره,يارا,خطا خطافؤاد عبدالواحد,0,https://www.youtube.com/watch?v=OG02kwWSxL8,https://www.wneen.com/lyrics/25715,"على عيوني غمامة حزن تمطر هموم
ولا انبتت في خفوقي غير عشب الزهر

والحال هذا لو يطول معاي ويدوم
اخاف يزرع بساتين ويكون نهر

يا سارقه من عيون المحب حمدان نوم
الليل رجع علي النوم ليه السهر

ليه السهر دام قلبي من غلاك محروم
وانا في حبك اذوب وعاشق ومنبهر

العام كنت استلذ الشوق في كل يوم
واليوم ما غير مره واحده في الشهر

تروم تزعل علي لكن انا ما اروم
لا يمكن ازعلك في سر ولا جهر

جمالك المحتشم خلاك شخص محشوم
وعفافك النادر يزيدك في عيني طهر

مثل القمر نور وجهك في الظلام الكتوم
واذا تبسمت مثل الشمس عند الظهر

لو ان عمري مهر قربك انا قابل اسوم
انا اللي بسوم العمر لاجلك مهر

ولا تصير خصمي انا مانيب اهاب الخصوم
وشلون اهاب البشر وانا ما اهاب الدهر

الله خلقني على الدنيا حصان عزوم
عسفني محمد المكتوم وانا مهر

لو النجوميه تورث عيال النجوم
من باب حب الظهور الشخص منهم ظهر

الشهره تغير العالم في وجه العموم
لكن ما غيرت حمدان يوم اشتهر"
3,سيداتي انساتي سادتي,كاظم الساهر,من غلاتكراشد الماجد,0,https://www.youtube.com/watch?v=uzM4zaiWVCk,https://www.wneen.com/lyrics/25714,"سيداتي انساتي سادتي
انصفوني في تغطرس غادتي
واعذروني لاسكبت الدمع يا
سيداتي انساتي سادتي

حذروها من جنون اهل الهوى
واجبروها عن حكي نقادتي
عن سعادة خافقي قولو لها
انها كانت سبب سعادتي

صارت الفرحة لها عادة وانا
الحزن والهم صارت عادتي
المدينه من بعد هجرانها
اضلمت والشوق هز ارادتي

ذكريات الحزن في جدرانها
دمعه الحرمان فوق وسادتي
اه من ظلم المحبة واهلها
سجلوا يا اهل الغرام افادتي

واه من حسادتي من بعدها
كيف عذري كيف من حسادتي
المدينه من بعد هجرانها
اضلمت والشوق هز ارادتي"
4,فضيحه,محمد المنهالي,يوهحسين الجسمي,0,https://www.youtube.com/watch?v=6wBe6shkggw,https://www.wneen.com/lyrics/25713,"يسوقني مداعب الشعر سايق
واللي تساعدني عليه القريحه
والشعر للتاريخ مثل الوثايق
والكاتمه على العلوم الصحيحه
ماهي بتتعبني صعوب الطرايق
لاجيت ترتيب الحروف الفصيحه
لو كل بيت يهزني في الدقايق
جرحت شعار الظنون القبيحه
لكن روقها اذاكنت رايق
واستغصب اللي ناجرك ومليحه
واللي ماعنده كتف للحمل طايق
يصبر على جور السنين الشحيحه
يزرع من بين الضلوع الدقايق
واهل الامل اللي قلوبهم مستريحه
لو بينه وبين الطموح اتعايق
يحاول بجهده العزي مايزيحه
لقيتني ضايق يسولف لضايق
عطاه من بين النصايح نصيحه
لاطاح قدرك من عيون الخلايق
لاتحسبنه يبيظل وجه طيحه
ماهي فضيحه وانتبه للحقايق
طيحتك من عينك اهي اللي فضيحه"
4,كحل الظلام,ابوبكر سالم و اسماء لمنور,يا شعب زايدراغب علامه,0,https://www.youtube.com/watch?v=on2Y-Ovm9SA,https://www.wneen.com/lyrics/25711,"جيت اسال الليل لما طول غيابك
وهلت دموع السحاب وبلت احداقي
واخذت كحل الظلام وجيت لاهدابك
اشوف هي حنة اغصانك على اوراقي

مليت وانا انتظر طاريك وعتابك
حتى غلا شارع الاشواق باعماقي
يقول كل الجفا هذا من اسبابك
ما يدري اني بري من طعم خفاقي

ما يدري انك قفلت من الزعل بابك
ورقصت نار الغلا في نوتة احراقي
وعزمت حزن القصيد ونام بكتابك
واخذت للبرد مني بشت مشراقي

والخيمه اللي بنت لي من على هضابك
عرضتها للهبوب ومزع ارواقي
وعقدت لي حجاجك وكشرت لي نابك
وجردتني من غلاك وضاقت اخلاقي

جيت اتشفع بمعسولك وعنابك
وبغصنك اللي تركت القلب له ساقي
يكفي ترى ما تحمل طولة غيابك
يكفي زعل كان لك في خافقي باقي"
4,مطار,ابوبكر سالم,قبل الاوانشمه حمدان,0,https://www.youtube.com/watch?v=rubYnkXYXW0,https://www.wneen.com/lyrics/25710,"الحب ذل الوصل عار لا صار تاليها هوان
ياللي تقول اخبارك اخباري بدون مجامله

زعلان منك اي نعم زعلان من شهر رمضان
ما تشوف جرحي لي ثمان شهور وانا حامله

رغم قساوه جرحك بقلبي لكن قلبي ما خان
يصحى الى منه صحى وان نام جرك نام له

فتنتني لين اكتشفت ان اكثر الحب افتتان
واتعبت من مسك القلم كف تجيد انامله

صياغه التعبير في جمله يخلدها الزمان
تصويرها يثبت بان الناس ماهي بكامله

خلاص بطلنا غلا احسن لنا نبقى اخوان
ويعاملك قلبي طبيعي مثل ما انت تعامله

صديت منك مثل ما صد الشجاع من الجبان
واحرمت من وصلك احاسيس الخفوق الشامله

لا صرت دون احساس ما تقدر تقدم لي حنان
لان القلوب بحسها وبعطفها متكامله

انت على طياره الهجران حاجز لك مكان
وانا في مطار مواصلك ناطرك ساعه كامله"
4,يا ابن ادم,خالد عبدالرحمن,لا تحسب انيحسين الجسمي,0,https://www.youtube.com/watch?v=nbfzQuRbMN0,https://www.wneen.com/lyrics/25709,"يا ابن ادم كل ما كنت انظر الجرح العظيم
ما لقيت اعظم من جروح الندم بين الجروح
ويا بن ادم كل ما قلت الزعامه للزعيم
ينتشي بي كبريائي فوق شاهقة الصروح
والدروب يقودها درب الصراط المستقيم
واستقامات البشر بين الصراحه والوضوح
والغصون اللي فرحها غير لا هب النسيم
ما تساءل عن معاناة الحمام اللي ينوح
يا هل الزور ان حلفتوا زور وبوجه الكريم
فاح ريح من الكذب والكذب له ريح يفوح
يا رحيم الصدر ضايق حيل سترك يا رحيم
والدروب طوال واقدامي من اللهفة جموح
اعطني من لدنك التوفيق والعقل الحكيم
والعزيمه والمعزه والمراجل والطموح
والقمر يغريني اغني على اللحن القديم
ويجذب البراق عيني كل ما شفته يلوح
والقساوه للرجوله والنعومه للحريم
يا كثر ناس تجي في عيني وناس تروح
اكثر اهل الارض خلاني وانا مالي نديم
يشتكون جروحهم عندي وانا كلي جروح"
4,الشوق,نبيل شعيل,الله خلقمحمد عبده,0,https://www.youtube.com/watch?v=oYikh5kTAc4,https://www.wneen.com/lyrics/25708,"الشوق في خافقي يا زين حركته
واحرجتني فالغلا واقفيت سكاتي
لين اكتشفت انك الخاسر في معركته
من يوم زعلت فزاع الاماراتي
القلب متشربك بك وانت شربكته
لكن باروح وانته خلك تحاتي
يامهلك القلب تدري يوم هلكته
ما طاع عزمي وعيا ينكسر ذاتي
ان شفتك تفبرك احساسي ما فبركته
اعيش انسان حتى في معاناتي
مؤمن بربي ولا في يوم اشركته
واهذب النفس باسمه في صلواتي
طموح واحد عشقت النفس وادركته
اني احقق نجاحي بانكساراتي
واليوم حقك على الصقار وشبكته
يا طير ياللي تهاوت فيك هقواتي
سلطان قلبي قطع سبقك في مملكته
ناطح بصدرك هوا الحريه العاتي"
4,لو يضيق الصدر,اصيل ابوبكر,مكتوم حفيد مكتومعيضه المنهالي,2022,https://www.youtube.com/watch?v=EL9vWnl-DVI,https://www.wneen.com/lyrics/25707,"لو يضيق الصدر وتخيب الظنون
ولو يخون الخل و يشيب الوله

ولو يعاف القلب و دموع العيون
فوق خد الشامخين محوله

مستحيل اصبح كما هم يحلمون
من يساوون الردى بالمرجله

انا فارس حاضره لو تكرهون
يفتخر به في سما مستقبله

ما يشيب الشوق يا دار الفتون
في فؤاد العاشق اللي يحمله

لو تخون الود مثلي ما يخون
اعتذر مني و عذرك باقبله

الشريف مكرمينه ما يهون
والكريم الله مشرف منزله

والرجل ما يشتكي كثر الطعون
لو بعضها من حبايبه و هله

السنين التاليه فيها جنون
ارجعي لي يالسنين الاوله

ليت غير الكون هذا فيه كون
يمكن اهاجر لو ان كلي وله"
4,استمد الشوق,الوسمي,يا شعب زايدراغب علامه,2009,https://www.youtube.com/watch?v=Jc1x0604jNE,https://www.wneen.com/lyrics/25706,"استمد الشوق حيله وانتحابي
لين صادفني طريق كنت اهابه
لي شهر وانا ما غير اكتم مصابي
واتجمل في الوجيه ام الذرابه
لين حدتني مخاييل السحابي
والسنين اشباح والايام غابه
شفت ما منها مصده واجتنابي
لكن الله رحمته تسبق عذابه
يا وجودي من عناي ويا ذهابي
وجد من خلوه ربعه للذيابه
في نهار هيب اللي ما
يعتنق عج المنايا بالسحابه
منك ياللي فاقد منك صوابي
قمت اعشقك مثل عشقي للكتابه
شف غيابك وين وداني وجابي
بس مع الايام زودني صلابه
حس فيني يا معودني غيابي
في وجودي وش مدى فرق التشابه
ليه ادق الباب دام الباب بابي
يا معيشني تفاصيل الغرابه
يا معودني على صبر احتسابي
يا معرضني شقا القيض وسرابه
الدروب طوال لكنك ذهابي
شوف حالي كنها قوس الربابه
واعتقدت انك تعاني من عذابي
يكسرك صوت الاحبه والغرابه
واثرك اللي مستريح ولا درابي
ما تعرف الا تماديه وغيابه"
4,رسالة خاصة,الوسمي,سيداتي انساتي سادتياصاله نصري,2009,https://www.youtube.com/watch?v=_G24GFXnVpk,https://www.wneen.com/lyrics/25705,"يا صاحبي اللي لك العز نوماس
ان كان عندك علم محرجك اطره
الشعر ماهو حبر في يوف قرطاس
ولا بحر تقدر تلاعب بشطره
الشعر بيت يهز لك كل هوجاس
وانا البحر وانته من البحر قطره
الانسان مشكلته اذا ما له احساس
الناس بتفكيرها تصير خطره
خطره وهو يصبح خطر ف اعين الناس
لذلك الانسان يحتاج فطره
تحاول توازن اموره بمقياس
ولا يعامل من يعامل ببطره
الطف كانك ورد عانقه نسناس
واحسن كانك عود فواح عطره
ولا تفتخر بالجاه او قوة الباس
واحفظ من التاريخ حكمه وسطره
البيت لو قطره يشيد على ساس
مع مرور الوقت يختل قطره
خلد فعل وادعس على هامة الياس
العز مهما طال بايروح وطره"
4,كبريت واحد الف غابة,عيضه المنهالي,دباديبهعادل الخميس,2014,https://www.youtube.com/watch?v=p2ZDxVWf6XU,https://www.wneen.com/lyrics/25704,"يوم التطم موج بحر القاف واحنيت
راس القلم من كبر قدر الكتابه
من جمره الفكر والاحساس شبيت
نار الشعر والقصايد ما تشابه
ما يتعب الشاعر الا فكره البيت
اللي تسجل حضوره في غيابه
يا قلب ياقلب ياللي لك تناهيت
صبرك على الوقت لو يعظم مصابه
صاحبك لو ما تحسب حسابه اخطيت
صاحبك حتى الزمن يحسب حسابه
سميت حمدان من صغري وسميت
فزاع والاسم هذا بالنيابه
وباي اسم من الاسماء ناديت
والله يا قلب ما فيها غرابه
فزاع من فوق ظنك يوم ظنيت
والفذ حمدان سمح لك جنابه
من يحسب اني من الدنيا ما عانيت
عانيت لكن عانيت بصلابه
عطشان وان شفت ماء الارض عفيت
متعود اشرب من مزون السحابه
وان كانها بالتحدي ما تحديت
غير الذي يكسب المجد بشبابه
والحكمه اللي تراودني لا حسيت
ان الامل خيمت فوقه كابه
من شجره اقدر اسوي الف كبريت
واحرق بكبريت واحد الف غابه"
4,تهاني العيد ( صباح العيد - الحب الاكيد ),راشد الماجد,يكحلها عماهامشاعل,2006,https://www.youtube.com/watch?v=XLvcsaHN1S0,https://www.wneen.com/lyrics/25703,"يا صباح العيد يا الحسن الفريد
يا صباح الورد يا عطر الزهور
يا صباح من سنا وجهك يزيد
من محياك الجميل ازداد نور

كل عام وانت للحب الاكيد
كل عام وانتا في خير وسرور

ابتدا في حبنا عام جديد
وانقضى عاما تفاصيلا شعور
كل عام وانت للحب الاكيد
وكل عام وانت في خير وسرور

كل عام وانت للحب الاكيد
كل عام وانتا في خير وسرور

لك في عيد الحب مني ما تريد
لك مشاعر في خفوقي لك تثور
لك غلا يجري في دمي والوريد
ما تغيره السنين ولا الشهور

كل عام وانت للحب الاكيد
كل عام وانتا في خير وسرور

لك تهاني العيد في حرف القصيد
ولك عناوينه وما بين السطور
ويا عساه يكون لك عام سعيد
تحتفل به بين تغريد الطيور"
4,لحن المفارق,سلمان حميد,جسر الصداقةالوسمي,0,https://www.youtube.com/watch?v=vvqZ8FzaJLk,https://www.wneen.com/lyrics/25453,"بنت تمر الضلوع وبيتها بيتها
ما غيرتها السنين وما تغيرت انا
يوم اكشفت عن مفاتنها وضميتها
قالت لي الحب وش هو قلت بيت الهنا

يا ليت مالي خفوق ينبض و ليتها
الا نعس رمشها ما عاد تسرد بنا
يغار قميصها من لمس جاكيتها
لا هزت كتوفها كبر ودلع و اغتنى
خصر من الشوق ذا مالو تماديتها
ان اقبل الله لنا وان ادبر الله لنا
اغلى المزايين و احلاهم شهر صيتها
فديرة الخصر و الارداف طفرة غنا

قالت يا زين المطر قال المطر جيتها
لين السحب حاصرتها من هناك وهنا
قلت لسنا الشمس علمني لا مريتها
ابغي اشوف السنا لا من تعانق سنا
خلتني البارحة و انا ما خليتها
غنيت لحن المفارق والهجر والعنا
لي الحين وانا ضلوعي بيتها بيتها
ما غيرتها السنين وما تغيرت انا"
4,لاعاد تعنيني ( على الخطا ),راشد الماجد,يالواثقراشد الماجد,2006,https://www.youtube.com/watch?v=q22SUvfKq1w,https://www.wneen.com/lyrics/24839,"لا عاد تعنيني ولا اعنيك
كلن بدربه وانتهينا
مدام هي هذي معانيك
ياليت حنا ما التقينا

على الخطا دايم خطاويك
وعن الخطا حنا اعتلينا
يشهد على حاضرك ماضيك
لو بنتناسى ما نسينا

سودا من افعالك لياليك
ضعت في بحور دون مينا
صديتنا واسمع تواشيك
خطيتنا لو ما خطينا

هديت قصر الحب بيديك
شلي بقا باقي علينا
مابيك والله صرت مابيك
لا لا نجيك ولا تجينا"
4,كمل جميلك,راشد الماجد و ميحد حمد,اول امجاديالمجموعة,0,https://www.youtube.com/watch?v=bmYGxAyTWQA,https://www.wneen.com/lyrics/24830,"مثل جميلي معك كمل جميلك معي
وانظر بعين الغضب والا بعين الرضى
تسمع عن الاخطل وتسمع عن الاصمعي
لكن ابا اسمعك شعر يهز الفضا
لا تدعي ظلم والله فوق المدعي
يالين تعدل وتستوفي شروط القضا
ولا تشتكي قلة الادراك قبل الوعي
وخليك واعي وتدرك كل شي مضى
حظيت بي وانت تدري ويش هو موقعي
لو كان غيرك حمد ربه على انه حظى
حرمتني صوتك اللي لا وصل مسمعي
كني اغني هجيني فوق عوص النضا
وفارقتني والمفارق ما يزيد اوجعي
لكن يولع في جوفي نار كنها لضى
ويا صاحبي والشعر ماهو براس اصبعي
الشعر احاسيس قلب لغرامك رضا
وانا مصحصح معك خلك مصحصح معي
واعشق بعين الغضب والا بعين الرضا"
4,عبارات العيون ( برج العرب ),راشد الماجد,امي حمدةاحلام,0,N/A,https://www.wneen.com/lyrics/24828,"في عبارات العيون اشيا كثيره تسالك
دمعها حكي ونداها بلل الخد الندي
ما قدرت ارضي غرورك واستحيت ازعلك
كلما لك وانت تنهيني وانا ارد ابتدي

دام نظراتك مدارات ورجا قلبي فلك
كم عن برج العرب يبعد مدى برج الجدي
قلت تقريبا عدد ما عاشق بحبك هلك
تقصد الا عد نص جروح قلبي يا بعدي

قلت لك لا لا ترد تقول لي ما قلت لك
المشاعر ما تنام الا انت قلت لها ارقدي
وانت يوم الله عطاك احلى الوصوف وكملك
كيف تتركني على شطك وانا قلبي صدي

والله ان عروق قلبي كلها ترتاح لك ليتك
الا مثل ما خذت بيدك خذت بيدي
من لمست ايدك وانا اتفداك واتفدى هلك
ما دريت ان الهوى والعشق باللمس يعدي"
4,صوت المحب,راشد الماجد,عودت قلبينايف البدر,2008,https://www.youtube.com/watch?v=NPcUEix9pPc,https://www.wneen.com/lyrics/24827,"انا اللي خلقت الشعر واللي خلقني من
فضله علي لين سميت خلاقه
اقوله ولا لي من وابدع ولا لي من
الاصحاب تحسدني والاعداء بواقه
وترى كبرياء المبدع بحد ذاته فن
اذا كان ما تاثر على باقي اخلاقه
نسرج بنات الفكر والنادرات تعن
تمر الاصايل وتتعدى وسباقه
وانا من بلاني في غرامه هو اللي من
عيوني على بيته لمريت سراقه
يافتان طال البعد وانا عليك اون
ونين ابدوي طايح من ظهر ناقه
تكسر عظم ساقه ومالت عليه وحن
يمسح عليها ويتالم على ساقه
وانا طحت من عينك ولا ملتلي لكن
حنيني حنينه والغلا ترحم اشواقه
الامثال تضرب وانته وش له تسيء الظن
اسولف معك نفسي على الوصل تواقه
الا جيت بستان الخضر يا خفوقي غن
باحاسيس من يسمع عن الوصل ما ذاقه
ولاتقول مالك صوت صوت المحب يرن
الى من يحبه من خفوقه لخفاقه
كن الغلا واصلا حلاه الغلا ينكن
لو ان كنته تاخذ من الروح والطاقه
يافتنه مريد الجن فتنه مريد الجن
على محجره من لذه الشوق دفاقه
من ارخص دموعه يوم وصلك تاكد بان
ماهو ذاخر دمعه لا طوول فراقه
ولايوجد اعذب من واحن واصدق من
دموع العيون اللي محبه ومشتاقه
على كل حال ان كان قلبك عليه حن
انا مستعد اصير لك راعي الناقه"
4,شياطينك,راشد الماجد,الاشارةفايز السعيد,2005,https://www.youtube.com/watch?v=hLyrJlNH0mo,https://www.wneen.com/lyrics/24825,"باجيك يا ناعس الاهداب وانت ادرى
لو المسافه كبيره بيني وبينك
اجرح عسى كل جرح منك يبرى
وتشيطن الله يحفظ لي شياطينك
ابغيك مستقبل الخفاق و الذكرى
وابغي عيوني تنام وتصبح في عينك
يا غالي ياهل يطول الليل والمسرى
ابسال الليل عن اخر عناوينك
تمخطري مثل وصف المهره الشقرى
الا تمدلت الاشعار في زينك
وتمايلي مثل غصن الشجره الخضرى
لا حست ايدي برقة لمسة ايدينك
ولهان يافاتنه يا بنت ياعذرى
لو ان عندي سطر ماقلت لك وينك
ان القيم والادب والصدق والاحرى
يطغى على قسوتك يوم الهجر لينك
الهجر بين الحبايب عيب ما يطرى
وانتي من الهجر ذابلة بساتينك
يكتب فراقي في عينك شي مايقرى
تنسخ دموعك حروفه فوق خدينك
يا الله عسى كل جرح منك مايبرى
وعساني اخر حبيب من محبينك
باجيك يا ناعس الاهداب وانت ادرى
لو المسافه كبيره بيني وبينك"
4,ترحيبة غيم,عيضه المنهالي,رد السلاممحمد الزيلعي,2022,https://www.youtube.com/watch?v=n_rMzfnGbYo,https://www.wneen.com/lyrics/23712,"رحب بك الغيم كنه قاعد يحتريك
والعشب نظرته لك من فتنتك صادمه

اما عن الغيم باقي بس ياشر عليك
ويقول يا مرحبا بالفتنه القادمة

والله ما الوم الذي يحلم يصافح يديك
العالم الي تحبك ماهي بنادمه

ايادي الوصل تبني لك امل يحتويك
وايادي الهجر دايم للامل يحتويك

فديت قلبك وسلهامة هذيك وهذيك
لك سيد الشوق يامر بالغلا خادمه"
4,سلامتك,هزاع الرئيسي,قصيدة شلت الطيرهزاع الرئيسي,2020,https://www.youtube.com/watch?v=kVvLWqMuu5o,https://www.wneen.com/lyrics/21890,"سلامتك من كل باس ومكروه
يا شيخنا رمز الفخر والشهامه
يا مفخرة داره ويا عزوة اخوه
ياللي علي نجم الثريا مقامه
نطلب من الله جل شانه ونرجوه
انك بخير ودايم في سلامه"
4,الشميمي والخوي,فايز السعيد,اللي يحبكعبدالكريم عبدالقادر,0,https://www.youtube.com/watch?v=MgolzyCZgWI,https://www.wneen.com/lyrics/21476,"يا اهل الشعر الشعر لا ضقت ما دورت غيره
باسمه احقق امانيه واعبر عن امالي
تستثير العاطفه فكري وفكري يستثيره
يا كثر مالي ولكن الشعر هو راس مالي
وانا شاعر يجذبه ريح المطر في كل ديره
يتبسم للمطر لو خاطره ما هو بسالي
ورغم فضل الله علي اللي ماهو يحصى بخيره
واجتهادي للطموحات الكبيره واحتمالي
انما ابقى بشر تشغلني امور كثيره
مشغله عقلي واحاسيسي وخفاقي وبالي
يا اهل المقناص عزوني ترى نفسي اسيره
للحزن والناس تحزن ف اول الدنيا وتالي
فاقد طيرين من ندر صواريم الجزيره
والحقيقه كني الا فاقد خيره عيالي
الشميمي مات واول دمعتي عزت الاخيره
واعتقدت ان الحزن وقف ولكن ما طرالي
لين ودعت الخوي في قصه الحزن المثيره
قصه من واقع ثابت وكنها من خيالي
كثر ما بين الشميمي والخوي رفقه وجيره
كن بين اثنينهم عهد من ايام خوالي
كل واحد يخبر الثاني بنبرته الكسيره
كان جاك الموت لا ترحل وتتركني لحالي
ما دريت ان الزمن مثل الرحاه المستديره
لين قفت بالشميمي والخوي سود الليالي
ومن يلوم الحزن في الصقار لا من مات طيره
يفقد الصقار طير وكنه فاقد شخص غالي"
4,اغلى وصل وفراق,علي بن محمد,يا كبر حظيراشد الماجد,2022,https://www.youtube.com/watch?v=OAlSSQi49-8,https://www.wneen.com/lyrics/21451,"يا ماخذ الاول بحسنك على فصلك
قلبي الى رحت ولا جيت لك مرقا

الشوق وسط الحشا كنه مخصص لك
غلاك ثابت مهو ينزل ولا يرقا

ياناوي البعد لاتجرحني ابنصلك
ترى المحبين في بحر الهوى غرقا

ومدامك امصمم امصمم فمن اصلك
الطيب انك تراعي كبدي الحرقا

ارجوك قبل الوداع اريد من مصلك
جرعه تخفف علي لناحت الورقا

عضوية القلب ماتقدر على فصلك
مادمت فلقلب ثابت كنك البرقا

واقول مرخوص والخفاق يرخص لك
لو وصلي ارضك ووصلك لي سما زرقا

اغلا هل الوصل مدامك على وصلك
وايلا نويت الفراق اغلا هل الفرقا"
5,عزمت,راشد الماجد و ميحد حمد,عايش غريبدنيا بطمة,2007,https://www.youtube.com/watch?v=ZAAVDNSbjv0,https://www.wneen.com/lyrics/21189,"عزمت اعزم ومن عزمت عزم بي
عزام عزم يقول الشعر واعزم به

حييت ركب الحيا مما حوت سحبي
ياحي به عد ما حي الحيا ركبه

الشعر عشق القلوب وشاعرك شعبي
مايعشق الشعر لي مايشعر بشعبه

وانا بنباك ونبا من من الناب متنبي
انبيك واللي ينبيك النبا نبه

كلامك احلى من السكر على قلبي
عيده على شان عيد العيد من حبه

لجله جنيت الجمان وجي ونا الغبي
اثلج لجل لجداك لي تنجلي حجبه

انشدك عن شارد من شافه السحبي
اوله عندك وتالي رمزه هول به

تحسب حسابه معنه منسحب حسبي
ويحاسبونك عليه وحسبته صعبه

والعزم عزمك واذا عزمت عزم بي
واعزم من اعتاز لك عزه وعزم به

عزمت اعزم ومن عزمت عزم بي
عزام عزم يقول الشعر واعزم به

حييت ركب الحيا مما حوت سحبي
ياحي به عد ماحيا الحيا ركبه"
5,الشعر ديوان,ابوبكر سالم و بلقيس فتحي,حرامي قلوبهيفاء وهبي,2011,https://www.youtube.com/watch?v=75hOZr3tc_w,https://www.wneen.com/lyrics/21185,"الشعر ديوان ماضي عربنا والاداه
التي كانت توضح لنا عاداتها

دايم من يكتبه ايتمنى من قراه
التبحر في القصيدة عبر كلماتها

بس انا ما قلته اطمع لشهره من وراه
قلته اداوي جروح البشر واهاتها

كيف يطمح فيه واحد ذكر جده واباه
اصنعت مكانته من عظم وقفاتها

ليس مثلي من قصيدة ترفع مستواه
لو من اللولو والمرجان صغت ابياتها

كم صغير(ن) في العمر وصل للعالم نباه
وصادم بهامته ناس لها هاماتها

بالمكارم تسمع اسمه من افواه الرواه
وغيره اسمه حسب دخل عقاراتها

لو عمينا العين و اشلون نكتم كل فاه
والعرب اكثر ما فيها عدد رواتها

والصديق اللي يتضايق من صديقه شو بلاه
غرته دنياه يوم كثرت لذاتها

الصديق من الصديق يتحمله خطاه
والاصدقاء مع بعضها حسب نياتها

وابن ادم كل واحد حسب ما الله عطاه
سيئات الناس ماهي مثل حسناتها

والدول مع بعضها لو يصير اشتباه
بتقدم مصلحتها على ازماتها

كم نصحته والنصيحة من المسلم لاخاه
وقلت له يا خلها معك والا هاتها

وانت بعت الود والود ومن باعه شراه
واعرف مشاعر الناس من نظراتها

السؤال اللي يراودني على كل اتجاه
عند مثلك سلعة الطيب كم دفعاتها

لا تحسب ان كل جافي بكت عيني جفاه
لي مقاماتي وللناس مقاماتها

شخص لا من غاب بعده يشتت الانتباه
وشخص لا من غاب بنفسك تحس بذاتها

ناس نبكيها لو انها على قيد الحياة
وناس ما ياثر علينا خبر وفاتها"
5,اهل العشق,بلقيس فتحي و كاظم الساهر,بنت مكتومعيضه المنهالي,2022,https://www.youtube.com/watch?v=5oOecWhXtkQ,https://www.wneen.com/lyrics/20998,"ياللي من اسبابك اهل العشق مندمره
شرقاوي الزين لا غربي ولا حدري
الغيم والورد والاشواق والقمره
لو قلت باتروح قالت يالغلا بدري
شفايفك حمر ما تحتاج للحمره
وخدودك مفتحه وعيونها خدري
من دونك الليل ما تحلى به السمره
ان كنت ماتدري اسال واحد يدري
شراتك القلب مرهون تحت امره
لا تكون داعي عليه في ليلة القدري انا زرعتك
وحقي اقطف الثمره
لا تغدر بعاشق ما يعرف الغدري
طموح الانسان اكبر من مدى عمره
البيت هذا يترجم ما حوى صدري
احس كني بكفي ماسك جمره
لا صرت اجامل صديق ما عرف قدري"
5,طير المحبة,حسين الجسمي,سحاب الشوقراشد الماجد,2022,https://www.youtube.com/watch?v=LL1FsPECGyY,https://www.wneen.com/lyrics/18137,"طير المحبة كفخ ياضامر السرجوف
وعلى طوى الضلوع صدر اللي يبيك اوكر
لو تنكر ان قلبك المرهف علي ملهوف
وتسال القلب قال القلب لا تنكر
تشكر على البسمة اللي نارها في الجوف
اما على الصد والهجران ماتشكر
بنات ادم وحو اء من عنود النوف
و اللي الى عرضت جمالها يسكر
مقارنة بالذي تمتلكه من وصوف
بيني وبينك صراحة الشي ما يذكر
ترزلي منحر يدعو الى المعروف
وتلدلي عين تنهاني عن المنكر
تنكر بعود تقاسيمه تخطف الشوف
واذا سالتك تقول ان الغرام امكر
الكر والفر للعاشق ماهو مالوف
وشلون تقدر تزيد الفر والا الكر"
5,نلوم الوقت,يارا,موكب خليفةفايز السعيد,2009,https://www.youtube.com/watch?v=r2KCBsfPcmY,https://www.wneen.com/lyrics/17146,"تفرقنا السنين ونجتمع والجرح نفس الجرح
على درب الفراق دموعنا تسبق خطاوينا
شرحت ظروفنا للوقت لكن مافهم للشرح
صبرنا والصبر جمره ورى الاضلاع كاوينا

ترى وجه المتيم لو تبسم لا تحسبه مرح
امانيه اتهاوى من عيونه مثل امانينا
بنى من ذكرياته في محيط العاطفه كم صرح
لكن هاج المحيط ومالقى له ساحل وميناء

ياناس العيد ماله لون ولا له طعم ولا له فرح
واذا قلتوا وش الاسباب قلت الله يعافينا
نلوم الوقت والقصة ماتبغى جمع ولا طرح
لان العيب من ربي خلقنا ساكنن فينا"
5,سكر زيادة,يارا,غريب الطبايعرويدة المحروقي,2009,https://www.youtube.com/watch?v=S_IDHt3xUSo,https://www.wneen.com/lyrics/17137,"الله يغمرك بالهنا والسعاده
ياللي جعلت ايامي افراح وياك
في نظرتك هيبه شموخ واراده
وفي وقفتك تكثر بعيني مزاياك
واشوف ليلي بشعرك وسواده
واشوف شمسي مشرقه في محياك
واشوف في رمشك جيوش الاباده
واشوف في عينك مدارات وافلاك

سماع صوتك حزة النوم عاده
صار السهر شي اساسي بلياك
طلع معي سكر على غير عاده
وهذي سبايب كثر وصلك ولاماك
في شفاتك الثنتين سكر زياده
حاول تقلل نسبته في شفاياك
يمشي على شورك ويترك مراده
قلب يحبك لان ما عنده ادراك

وان غبت قلبي معلن لك حداده
وان جيتني متعه حياتي بلقياك
خلاص انا قررت وبلا هواده
افارقك واشبع خفوقي بفرقاك
تعبت من كثر الفرح والسعاده
ابغي اجرب طعم الاحزان وياك"
5,ما عنه صدود,عيضه المنهالي,تحبينهفايز السعيد,2021,https://www.youtube.com/watch?v=WlPQ6LzLfow,https://www.wneen.com/lyrics/16848,"ما عنه صدود وصل الزين ما عنه
لو كان قاسي وقلبي مرتجي عطفه

رموشه سيوف موت جات مستنه
منها عروقي ورا الاضلاع منشطفة

يا ناوي تخطف القلب اش تبي منه
تراه بيموت لو حاولت في خطفه

القلب مثل الزهرلازم تعرف انه
يموت في كف قطافه بعد قطفه

الطف ترى في كتاب الله والسنه
من تاب يكسيه رب البيت من لطفه

والكبر صاحبه ماهو يدخل الجنه
كيف يتكبر وهو مخلوق من نطفه

سكنت في خافقي والله له المنه
قم ولع الشوق في الخفاق والا اطفه"
5,ارقى طبوعي,راشد الماجد,انتهى حبكعيضه المنهالي,2007,https://www.youtube.com/watch?v=RRWZXVLpddY,https://www.wneen.com/lyrics/16035,"لابد بالكامل يجي فيه نقصان
ياليتها بالجوع بسد جوعي
لكنها كظه وفره وميدان
وانا ليا قدمت يصعب رجوعي

والكلمة اللي من قناعات وايمان
يصبح بها لساني ويصغي سموعي
قولوا لمن سوت على القلب بيبان
اتفتحن من السبت لين الربوعي

اللي حزنها غير عن كل الاحزان
خلا ابتساماتي مثل حب كوعي
لو انها تسهر ليا بعد الاذان
بتشوفني لا رحت بطفي شموعي

لو انها تسهر ليا بعد الاذان
بتشوفني لا رحت بطفي شموعي
حزين متشائم ونادم وحيران
بس ما اظلم وهاذي ارقى طبوعي

ابوي سماني على ابوي حمدان
خلاني اخذ عزتي من خظوعي
علمني ابادل الاساءه بالاحسان
من قو وقفاتي اثبت وقوعي

يمكن عيوني قاسيه بعض الاحيان
لكني اعرف من اصدقاي وربوعي
والله لو ان في ايدي افرح انسان
بفرحه لو ان ثمنها دموعي"
5,الشهره,راشد الماجد,جزراويحمد العامري,2009,https://www.youtube.com/watch?v=yx9qsCk8C2w,https://www.wneen.com/lyrics/16034,"على عيوني غمامة حزن تمطر هموم
ولا انبتت في خفوقي غير عشب الزهر

والحال هذا لو يطول معاي ويدوم
اخاف يزرع بساتين ويكون نهر

يا سارقه من عيون المحب حمدان نوم
الليل رجع علي النوم ليه السهر

ليه السهر دام قلبي من غلاك محروم
وانا في حبك اذوب وعاشق ومنبهر

العام كنت استلذ الشوق في كل يوم
واليوم ما غير مره واحده في الشهر

تروم تزعل علي لكن انا ما اروم
لا يمكن ازعلك في سر ولا جهر

جمالك المحتشم خلاك شخص محشوم
وعفافك النادر يزيدك في عيني طهر

مثل القمر نور وجهك في الظلام الكتوم
واذا تبسمت مثل الشمس عند الظهر

لو ان عمري مهر قربك انا قابل اسوم
انا اللي بسوم العمر لاجلك مهر

ولا تصير خصمي انا مانيب اهاب الخصوم
وشلون اهاب البشر وانا ما اهاب الدهر

الله خلقني على الدنيا حصان عزوم
عسفني محمد المكتوم وانا مهر

لو النجوميه تورث عيال النجوم
من باب حب الظهور الشخص منهم ظهر

الشهره تغير العالم في وجه العموم
لكن ما غيرت حمدان يوم اشتهر"
5,اقرب تعال,اريام و فايز السعيد,شوف انتفايز السعيد,2012,https://www.youtube.com/watch?v=mac9lYEymQY,https://www.wneen.com/lyrics/16031,"يافريد الجمال
طاب ليل الوصال
اقرب البيت بيتك
اقرب اقرب تعال

مرحبا بك هلا
مرحبا ومسهلا
جيت كلي غلا
وجيت كلك دلال

رمش عينك ورف
خزني من طرف
اعترف اعترف
سحر عينك حلال

بك فوادي حيا
يا سحاب الحيا
ان منعت الحيا
بس يكفي اتصال"
5,صاحب الهجر,محمد عبده,ثاني مرهفاطمة القرياني,2017,https://www.youtube.com/watch?v=48XwDbN4Bzc,https://www.wneen.com/lyrics/15993,"يا صاحب الهجر هجرك ويش سوى بي
ويلك من الله ترفق في عباد الله

نحلت عظامي من الهجران و ثيابي
لو تستر الجسم ماهي تستر العله

بكرة توقف من اللهفه على بابي
نفسك من الشوق والحرمان منتله

لو تفقد اعصابك انا ماسك اعصابي
ذق ما يذوقه حبيبا كان متوله

عتاب قلبي على الهجران وعتابي
عليك يا بو رموش وقذلة هله

لا تسال الناس عني لانك ادرابي
ولا تذكر الشوق لا كثره ولا قله

ان كان قلبك الى من جيت هلابي
بعد البطا فانت قلبي كنت محتله

اعطيتني بعض ودك لكن الغابي
اعطيته لشخص ما يستاهله والله

ما سامحك يالغلا والشوق غلابي
غدرت بي بعد ما خذت الغلا كله

بعلمك عن سبب واحد من اسبابي
يدعو الى الحزن واللي يسالك قله

ما زود الحزن الا غدر الاصحابي
يا ليت قلبي حجر او ليتهم قله

هاجر يا اول غرامي واخر احبابي
انا عزيز ما يرضي حبه يذله

سيفي يقص الحجر من قو مضرابي
لكن انا للضعافى ماني اسله"
5,بداية عشق,عيضه المنهالي,فخر الشارقةحسين الجسمي,2018,https://www.youtube.com/watch?v=aMEF1mkIHSA,https://www.wneen.com/lyrics/15989,"يا اول بداية عاشها عاشق صب
قدر معاناتي معك في البداية
نار الولع في قلوب عشاقك تشب
خليت منهم للخلايق حكاية
تبت ايدين الي يذم الغلا تب
عن سكة العشاق و العشق تايه
لو نعصر قلوب المحبين و نصب
له كاس منها غير الشوق رايه

يا زين و اهل الود بالود تنحب
غير من اسلوب التغطرس معاية
انا مثل غصن خضر كل ما هب
ريح الشمالي يميل من دون غاية
و انا غلاك الي سلب مني اللب
سوت لها اللهفة في قلبي دعاية
و انا جريح البعد و الجرح له طب
طبه وصل من كان في الحسن اية
و انا احبك حب ما يشبهه حب
و انا اعشقك عشق ما له نهاية
لا ترسل رموشك على عاشق صب
مستسلم و رافع من الشوق راية"
5,خذ حبيبي,اريام,كا نزعل عليهحسين الجسمي,2002,https://www.youtube.com/watch?v=mK9EYTLzPdk,https://www.wneen.com/lyrics/15230,"خذ حبيبي قلبي وعيني
واعطني لحظه من اوقاتك
لو ثواني بس تكفيني
يابعد عمري مناجاتك

يا سراج و شمعه سنيني
يا ضيا عمري ابتساماتك
لك غلا داخل شراييني
ما حملت لحد شرواتك

مطمع انك تنعجب فيني
او اكون من اولوياتك
يكفي اللي بينك وبيني
اكثر من اعجابك بذاتك

لك غلا داخل شرياني
ما حملته لحد شرواتك
مطمع انك تنعجب فيني
او اكون من اولوياتك

انت اول من سكن عيني
وانت فكري من خيالاتك
من هو عقبك في المزاييني
غيركم ما احب وحياتك"
5,خلاص يعني,اريام,اعشق واحبهند البحرينية,2002,N/A,https://www.wneen.com/lyrics/15229,"خلاص يعني كل شئ انتهى وراح
خلاص يعني مابقينا حبايب
يعني وعودك كلها كانت مزاح
ولا انت مالك في المحبة وغايب

وين العهود ووين لحظات الافراح
يعني تلاشت مع هبوب الهبايب
القلب بعدك من له اليوم يرتاح
من بعد ماهو في محبتك ذايب

ياما على شانك تحملت الجراح
وياما جروحي من صدودك عطايف
سرقتني عن جملة الناس ياصاح
والفكر عندك ماخذنه نهايم

خلك يحبك يابعد سيد الملاح
ان رحت عنه راودنه مصايب
خلك معه دام الهوى حيل نضاح
والواشي رده ياهوى البال خايب"
5,ليتك معي,اريام,عذرتكخالد عبدالرحمن,2002,N/A,https://www.wneen.com/lyrics/15228,"ليتك معي يوم الهوى نود نسناس
من الفرح والله ما تدمع العين

ناس على تعذيب ناس لهم ناس
وهذا الهوى ياخذ قلوب المحبين

لكن لا يطري على بالك الياس
ذوق الهوى دامك تعيش العمر حين

خذ من عطر ورد مع طيب الانفاس
واقطف من اثمار الهوى في البساتين

خلك مع حلو اللما عذب الالعاس
الجادل اللي فايق بكل تكوين

لا تحط نفسك بين وعرات الاطعاس
وافهم بان الحب عذب ملايين

الحب مرجع للمحبين واحساس
والحب هو في قلب الاحباب نوعين

ع كيف ما تبغي لك تدق الاجراس
والشاطر اللي يملك الحب بيدي"
5,ارسم غرام,اريام,خيلي وسيفيعيضه المنهالي,2002,N/A,https://www.wneen.com/lyrics/15227,"ارسم غرام الحب صوره ولونت
واسري ليالي في غياهب ظلامي
اشتقت لك يا ناعم الصوت وين انت
في العاصمه ولا نويت المشامي

تشعل حرايق ناس لي من تكلمت
حتى ان صوتك للمولع هيامي
ليتك على محبك اليوم هونت
هون دخيلك صار بالحب ضامي

انت اساس الحسن والحسن منك انت
وانت لكل الزين رمز ووسامي
من فيض حبك بالمحبه تعلمت
افراح عمري والكدر والتزامي

لونت لك قصة هوانا ولونت
نور الصباح بجنح داج الظلامي
هذي حقيقة حب واليوم اعلنت
انك بقلب اللي يحبك ختامي"
5,جيتك على الموعد,فايز السعيد,رمز الطموححسين الجسمي,2006,N/A,https://www.wneen.com/lyrics/14854,"جيتك على الموعد ولا جيت وش عن لقانا مانعنك
كنك عن الموعد تخليت يا ويل ياللي عاشقنك

ليتك لصوت المغرم اصغيت اوتار صوته يعزفنك
كل حرف منك يستوي بيت واربع حروف ينطقنك

ياما على شانك تحديت سود الليالي واسهرنك
منك انا لا حي لا ميت لا ميت ولا حي منك

يوم بنظر عيني تربيت وامرت بامرك طايعنك
ليش التغلي والتعني اهات صدري ما كفنك

لو نك تباعدت وتقاسيت لك في المحبه عكس ظنك
ان كان لي يوم وتمنيت شوفة عيونك طالبنك"
5,تفرقنا السنين,اصاله نصري و محمد عبده,صفقةاروى,2009,https://www.youtube.com/watch?v=0r_BbCMKQuY,https://www.wneen.com/lyrics/14028,"تفرقنا السنين ونجتمع والجرح نفس الجرح
على درب الفراق دموعنا تسبق خطاوينا

شرحت ظرفنا للوقت لكن ما فهم للشرح
صبرنا والصبر جمره ورا الاضلاع كاوينا

ترى وجه المتيم لو تبسم لا تحسبه مرح
امانيه اتهاوى من عيونه مثل امانينا

بنى من ذكرياته في محيط العاطفه كم صرح
لكن هاج المحيط وما لقى له ساحل ومينا

يا ناس العيد ماله لون ولا له طعم ولا له فرح
واذا قلتوا وش الاسباب قلت الله يعافينا

نلوم الوقت والقصه ما تبغي جمع ولا طرح
لان العيب من ربي خلقنا ساكن فينا"
5,درب الشعر,حسين الجسمي,لون الذهب وصلاويعيضه المنهالي,2021,https://www.youtube.com/watch?v=2gR-aMOhAkw,https://www.wneen.com/lyrics/13079,"دربي ودرب الشعر واحد ما قدرنا نفترق
ان كان جوه غيم والا كان في الجو غبره

ليت القلم يعرف حدوده كل ما شاف الورق
لولا الورق كان القلم تبكي عليه المحبره

والرعد لا منه رعد والبرق لا منه برق
تطري علي اجمل سنين ايامي اللي مدبره

لو كنت نسل شيوخ جربت الكابه والارق
لكن انا اللي منظره لا ينبئك عن مخبره

تعبت رجلي في الدروب الكايده لين العرق
لامس جبيني والرجل بلا فعل ضاع خبره

يا طارق باب الشقا باب الشقا ما ينطرق
كذلك الدرب الشقي لا تحاول انك تعبره

لا تجعل البسمه من شفاتك حبيبي تنسرق
وتحس كنك شايل في وسط صدرك مقبره

ان غاب نور الشمس وجهك نوره الباذخ شرق
يصغر مقام الشمس والا انته مقامك ما اكبره

نار الغلا يمكن قليل الصبر فيها يحترق
وانا على نار الغلا صبري من اللي يصبره

بحر العيون السود من مره محب وما غرق
لو هو امام الشوق وانبل من تعلا منبره"
5,ودي اشرح لك,راشد الماجد و فايز السعيد,N/A,2011,https://www.youtube.com/watch?v=DUSvpG6cjn8,https://www.wneen.com/lyrics/12995,"ودي اشرح لك عن اللي بي و اقول
انك اغلى من وسط روحي علي
و انك اغلى و انك اغلى يا خجول
يمكن اغلى من الغلا نفسه شوي

ودي اشرح عن تفاصيل الدخول
عن متى عنك صرت مبتلي
صرت لي خامس جهة لاربع فصول
ما تموت فصول عمري و انت حي

ما طلبت الا الثريا بالنزول
و ما تكون الا لذاك الضي ضي
و ما حويت الا من الصعب الحلول
كلك انت حب و الاحساس لي

صابني من بارد احساسك خمول
و البلاء ضاقت من احساسي بك
كل ماجيتك ادور لي قبول
اكتشف اني انا مظلم بشك

قل ما قالوا غرامك ما يطول
قلت بس لحظة علي صبروا شوي
صرت لي خامس جهة لاربع فصول
ما تموت فصول عمري و انت حي"
6,روح وروح,اصاله نصري,الناس في عيني سوامحمد عبده,2004,N/A,https://www.wneen.com/lyrics/11182,"روح وروح ابعد بدنياك
يا متعب قلبي بصدك
الدرب اللي ضحك بكاك
موت وتكوى بنار حقدك
كم في العذارى يا ناس شرواك
بحر الجمال يفوق مدك
واليوم اللي بيصير وياك
باكر معاك الايام ضدك
تذكر زمان كنت اهواك
كنت الوحيد و مين قدك
ودك ادور غير لقياك
وودك ادور غير ودك
انا نسيتك قبل لانساك
حتى خفوقي اليوم هدك
بكل صراحه و اتحداك
اوقف مكانك عند حدك
لقياك اصبح مثل فرقاك
والبحر مده غير مدك"
6,لا تسمع ولا توحي,ابوبكر سالم,اطالبك تعويضفايز السعيد,2008,https://www.youtube.com/watch?v=jgsZhtBMiPk,https://www.wneen.com/lyrics/9241,"و ان الندى يرتوي مشتاق لاحضاني
يبوح لي من الغلا و ابادله بوحي

و اسمعه لين يدفى البرد بالحاني
ولا انته يا ريح لا تسمع ولا توحي

عكرت صفو الحياه و نومي الهاني
و خليت سري مابين الناس مفضوحي

ياللي ذبحني ضماه و زدت بجناني
يا معتلي عرش قلبي و حاكمن روحي

وشلون هانت عليك سهر اجفاني
و تقفل عن الوصل باب كان مفتوحي

و انا ترى توني ف الحب ما مداني
ما كان هذا معك يا خلي طموحي

سافرت و الهم عقبك جا و مساني
طيفك يدل الخفوق و يهدم صروحي

بالله انا بنشدك قلي من الجاني
هو غموضك او ذمبي من وضوحي

خلاك تنسى الغلا و تحطم اغصاني
و تجي و ترحل و جروحي هي جروحي"
6,اوراقي,ابوبكر سالم,روضه بنت مكتومحسين الجسمي - ميحد حمد,2008,https://www.youtube.com/watch?v=nJ-fmu6WDHU,https://www.wneen.com/lyrics/9240,"لو طول الصد وغصون الوله يبست
مري وشوفي وش المكتوب بوراقي
عبراتي اللي وقت فراقي انحبست
وانتي تقفين ما يعني لك فراقي
الساعه اللي على حطتك ما لبست
يا اخر اللي بقت للعاشق الشاقي
نار الغلا رمدت وان جيتي انقبست
كان في جيتك تسعي لحراقي
والنجمه اللي تحت ظل السماء اندبست
قالت لا طال السهر قلي وش تلاقي
ماغير امور وسط الخافق انكبست
واتراكمت يوم زاد الصد بعماقي
يا زين الايام مثل شرهت وعبست
ما باقي الا الهجر يا خيبة الباقي
مالوم اغصاني قلبي يومها يبست
لانك رحلتي ولا فتشتي اوراقي"
6,سامح ( احيانا افكر ),ابوبكر سالم و راشد الماجد,خوفي عليكوليد الشامي,2010,https://www.youtube.com/watch?v=ofkceALh_po,https://www.wneen.com/lyrics/9239,"احيان انا افكر وافكر وافكر
الى متى عزمي بالاشواق جامح
مادام باب المغفرة ما تسكر
تعال وارسل لي خيالي ملامح

لو الحياة بطولها طعم سكر
ماكان احس بذنب غيري واسامح
هذا كلامي لو مزاجي تعكر
وخيل الهجر بين الحنايا ترامح

هذا كلامي لو مزاجي تعكر
وخيل الهجر بين الحنايا ترامح
اقولها للي في حبي تنكر
اسامحه ولا يعرف التسامح

اطمح تراضيني يازين وتذكر
ان عاشقك لرضاك يازين طامح
لاتصير مالح في الهجر وانت سكر
سامح مافي اجمل من اللي يسامح"
6,ديرة الغربه,اصاله نصري,كابتن الطيارفايز السعيد,2007,https://www.youtube.com/watch?v=0FIc95TmnIk,https://www.wneen.com/lyrics/8868,"الله يسامحك على كل ما جاني
القلب لعيونك الثنتين اعذربه
طموحي في راسي واسال امتاني
اكبر من اللي على شرواك اجاهر به
تذكرني ايام سعدي وتناساني
في الضيق والهم واللوعات والكربه
تدري وش الغربه اني داخل اوطاني
واعيش مثل الغريب بديرة الغربه
لا تعتذر عذر ما يقنع علشاني
وان كان به عذر تكفى لا تعذر به
لكن تذكر بانه ابن ادم ثاني
والكبر صاحب له يوما يحدر به
والحب ساير تعيش الحب وحداني
وتحارب الناس عقلك ما تفكر به
الاول اللي يعاني مثل ما اعاني
واللي ل شعرت بلذيذ الشوق يشعر به
واللي خفوقي على شوفته طرباني
كل الدروب العفيفه تطمح لدربه
اليه اتحداك ل قمت تتحداني
وانا مقامي على النجمات افاخر به"
6,من يحبك,علي بن محمد,يا صاحبيعلي بن محمد,2002,N/A,https://www.wneen.com/lyrics/7412,"من يحبك كثر ما احبك انا
ومن بحبك حاول وياما اجتهد

ومن ف عينه شوفتك كل المنى
لا ورب العرش ما غيرك ابد

انت شوفي وانت عمري والهنا
ياجسد بي روح ولروحي جسد

وانت عيني وانت نوري والسنا
وانته اسبابي اذا حبي خمد

وانت ميعادي وسهدي والعنا
وانت تعذيبي وصبري والجلد

وانت راحاتي وروحي والظنا
وانت الاول مابها قبل و بعد

لمنا جو المحبه و ضمنا
ومن بعد قربك انا كيف ابتعد

شوف ما اكبر ياحبيبي عشقنا
فاق كل العشق وحده وانفرد

لو يوزع عالبسيطه حبنا
ما بقى حد بها يكره احد"
6,فمان الله,محمد عبده,N/A,0,https://www.youtube.com/watch?v=g0FXUWrANbs,https://www.wneen.com/lyrics/7001,"فمان الله يادرب على الهجر يتحراني
خذاني الوقت من جنبي ولا جاني ولا جيته

قصيدي يا قصيدي اسكن فقلبي طرف ثاني
قبل يسكن بيوتي جنه وتمسي عفاريته

تعال اسال نجوم الليل يا هاجر من الهنائي
وانا اعلمك بالوقت الطويل كيف قضيته

بغيت اقوى على بعدك وراح الصبر ما مداني
اهز الشوق وان طاح الوله بالحضن ضميته

ربيعي يا خريفي يا شتاي وصيفي الهاني
تراك انت الفصول وهجرة الشعر وتشتيته

فضت كل الشوراع مالقيت اللي يترياني
مثل طفل طلع يلعب ورد ومالقى بيته

تحداني تحداني حبيبي لا تحداني
انا لو لاك لحن الهجر والفرقه ماغنيته

تمنيتك وقلت في خاطري ليته تمناني
وانا مو كل واحد شافته عيني تمنيته

على كيفك تذكرني وعلى كيفك تناساني
وانا طاريك ولا يوم في قلبي تناسيته

زرعت ورده حمره تزين كل بستاني
ودفنت القلب في تربت مشاعرنا وخليته

انا المجني عليه الي يقدر طعنت الجاني
لانه جرحه يذكرني بطاريه لي حسيته

فمان الله يا دربن على الهجر تحراني
خذاه الوقت من جنبي ولا جاني ولا جيته"
6,ما كان له داعي,محمد عبده,N/A,0,https://www.youtube.com/watch?v=b4vTfP5MTSQ,https://www.wneen.com/lyrics/7000,"جرحت قلب الغرام وزدت في عنادك
تبغي الصراحه ترى ما كان له داعي
من اربع شهور كثر الصد وش فادك
ماغير حرضت طول الليل لخضاعي

طيرت الاشواق من مرفاك وبلادك
ذبلت رسايلك ما جاني بها ساعي
يازين تتوقع ان الي حصل زادك
بالعكس ما زادك زاد في اوجاعي

اللي محيرني انك في الزعل عادك
للشك ولهرجه الواشين تنصاعي
لا يكون شي في بالك صاير مرادك
اخاف قاعد تفكر تلوي ذراعي

هذي ولا الحلم سولفها على رقادك
وشلون تبغي تسويها وانا واعي
لو دمعتك سولفت لكبود حسادك
كان الرعيه تقيم قيمة الراعي

لا يكون شي في بالك صاير مرادك
اخاف قاعد تفكر تلوي ذراعي
هذي ولا الحلم سولفها على رقادك
وشلون تبغي تسويها وانا واعي

لو دمعتك سولفت لكبود حسادك
كان الرعيه تقيم قيمة الراعي
من اربع شهور وانت مطول عنادك
اسمع ترا صدق مال اللي حصل داعي"
6,حكومة الحب,محمد عبده,N/A,0,https://www.youtube.com/watch?v=lmdmIMdIpo4,https://www.wneen.com/lyrics/6999,"سالت جفني ليه يا جفن ما تنام
قال اسال القلب الشقاوي لعله

يجاوبك لنه هالايام منضام
سالت قلبي قال الاحساس خله

و اسال زمانك لنه اسباب الالام
رحت اساله شفت الزمن فيه عله

و الاسئله تشبه تفاسير الاحلام
و الحلم ما تقدر تفسره كله

و ان الليالي و الثقافه و الالمام
اقول لنجوم السما و الاهله

ما ترفع الشاعر محطات الاعلام
و لا الصور على غلاف المجله

ما يرفعه الا مقامه ليا قام
في موقف ما كل رجل يحله

و الصحف لو جفن ما جفن الاقلام
سمع قلوب الحاسدين المغله

و انا قبل عامين و الا قبل عام
و الشعر سيف لى تضايقت اسله

اركب الفكره على حسب الالهام
و اخاف من بيت يجي فيه زله

و الارض ضاقت كره و العالم اقسام
و لكل قسم بين الاقسام مله

و لى صار وضع الناس ما بين الايام
بين المجامل و الحياه الممله

ودي اكون دولة دون حكام
الحب يحكمها و هي مستقله"
6,يا ايها,محمد عبده,N/A,0,https://www.youtube.com/watch?v=nCtlVJwiPzA,https://www.wneen.com/lyrics/6998,"تعال ياوجه السعد
واشطب على الوجه البغيض
ياحيك وطلتك في وجهي بعد ياحيها
تنعشني انعاش الشفاء
العاجل القلب المريض
يا ايها تدري يالبيك انت وش يا ايها
ما انته بزي الناس واكتبها لك بخط عريض
تبغيني احلف لا ورب البيت منت بزيها

ياللي غرامك في خفوقي من كثر قدره يفيض
النفس تندب حظها والعين تبكي حيها
من عوضك اليا فقدك وان وجد كيف استعيض
وانت النهار وشمسه وشجرة غلاي وفيها
هاجرت واصبح زولك في عيني يهاجرني واميض
يا اول جروحي دخيل الله من تاليها

احيا على وصلك واموت في كل برد وكل قيض
تضمى مشاعر خافقي لك وانت سبة ريها
لبيك يلي من عشقتك قمت احس اني حضيض
يامغوين نفسي ونفسي ذايبه من غيها
انا ادري ان كل الليالي سود والايام بيض
دامك معي ماهمني من كيها"
6,تعال,محمد عبده,عيال زايد وعيال سلمانفايز السعيد,2008,https://www.youtube.com/watch?v=RKe2udXM1NY,https://www.wneen.com/lyrics/6997,"تعال وانظر في خفوقي وسارع
الصبر طال وخايف يتلفه ياس
عجزت وانا مع خفوقي اصارع
حبك ولذة شوفتك واجمل احساس

شديت احساسي باسلوب بارع
وخليتني في الناس ماني من الناس
ودقات قلبي من غلاك تقارع
قرع الطبول الى احتمى الدم في الراس

ياعين حر في سما المجد فارع
ياغلى من الدانات واغلى من الماس
معك الهوى دون لفه وشارع
من دون بوابه ومن دون حراس

ارض وسيعه وامتلت بالمدارع
زرعت فيها صادق الحب باحساس
وحصدت عكس اللي انا كنت زارع
غرسة هجر حصدتها دون غراس"
6,مرت على بالي,كاظم الساهر,مقاماتفايز السعيد,2011,https://www.youtube.com/watch?v=PFTvSbR87SE,https://www.wneen.com/lyrics/6865,"حبيبتي مرت على بالي اليوم
وقفت تقدير لها يوم مرت
جابت لي الفرحة وانا كنت مهموم
الظاهر انها عن علومي تحرت
وفراقها كون في خفاقي غيوم
امطارها على الفيافي لومرت
تنبت من الازهار ماكان معدوم
وتسر نفس من زمن ما استسرت

في حبها حسادي تكثر اللوم
وهي ورا عوج الضلوع استقرت
احلم بها واطيح في النوم واقوم
فرحان لكن فرحتي ما استمرت
الى صحيت اعاتب الحظ والوم
الايام والايام منها تبرت
الهجر طعنة خاين بسيف مسموم
نفسه على فعل الخيانة تضرت

ومن يحرم من العشق يعيش محروم
كم روح من قل الوصال استضرت
لاجيت انام النفس ماتعشق النوم
حاولت اقنعها لكنها اصرت
تبغى حبيبة قلبي الغالية دوم
تمر في بالي و اوقف لامرت
حبيبتي مرت على بالي اليوم
وقفت تقدير لها يوم مرت"
6,اريد اتفلسف,راشد الماجد و عبدالمجيد عبدالله,زحمهناتاشا,2004,https://www.youtube.com/watch?v=NbZMR0ElU24,https://www.wneen.com/lyrics/6554,"جيت ابا اكتب قصيده وقلت الحن كلام
قلت يالله بافكر من يلحن قصيد
قال انا فايز اللي ياسلامي سلام
من يلحن قصيدك غير فايز سعيد

قلت يالله بانبدا بس ايش المقام
رد قال الحجاز وقلت لا ما يفيد
قال رايك بياتي قلت لا لا حرام
قال يعني ابا افهم انت ش اللي تريد

قلت اريد اتفلسف ع ملحن تمام
يعني مثلك مثل موسى لي بلحنه فريد
القصيده القديمه حق ناس قدام
والجديده جديده يعني تبغي الجديد

يعني هذي قصيده لبسوها وسام
باللحن لي اريده لان شعري يزيد
هذا راشد بصوته ما عليه الكلام
وان عنينا المشاعر هذا عبد المجيد

بالنهاوند تصلح وبالمقامات شام
وكان تبغي الخبيتي خذ لدينا المزيد
وانا اكتب قصيدي في الليالي الظلام
وارسل ارسال واضح عبر ساعي البريد

قبل لا اختم كلامي بين سين ولام
بين ميم المحبه وهاجس بي يزيد
حظ من هو معاه ملحن بشكل عام
مثل موسى محمد والا فايز سعيد"
6,بحر نسيان ( الاسم ),عبدالمجيد عبدالله,ابو ظبيعريب حمدان,2012,https://www.youtube.com/watch?v=8f7gDCVTOyw,https://www.wneen.com/lyrics/6551,"ما كنك الا شوق في بحر نسيان
كل المشاعر قبل لا اجيك لبتك
قبل المحبه تنخلق حس الانسان
كل الحواس الخمس يا شوق حبتك

وقبل اتعنون صرت للروح عنوان
ما دام هي في وسط الاحساس ربتك
من سبتك غيرت انا اسم (حمدان)
لين عرفوني باسم ( فزاع) سبتك

تبقى بمكان ويطلع البدر بمكان
واذا طلعت يضيع نوره بهيبتك
ما انته بلون الشمس وقت المسيان
استغفر الله الشمس بالنور صبتك

كن العمر لحظة اذا معك سهران
وكن السهر عمري بلحظات غيبتك
ان جيت صوبي صرت لك دار واوطان
وان رحت عني صرت بعدك وغربتك

قالوا تحت الاضلاع ما تنبت اغصان
قل لي وش اللي تحت الاضلاع نبتك
قطر الندى يصبح على الورد ولهان
سميت طيب الورد من اصل طيبتك

شفتك وعاتبت الليالي والازمان
وين الليالي كل هالوقت خبتك
ومن سبتك غيرت انا اسم (حمدان)
لين اعرفوني باسم ( فزاع ) سبتك"
6,حمام الاحباب,حسين الجسمي,N/A,2011,https://www.youtube.com/watch?v=UxJzmKX1N20,https://www.wneen.com/lyrics/4422,"بغيت اعلمك قبل تروح يا خلي
ان زعلك صار هاليومين بزياده
كنت احسبك كل ما صديت متغلي
بس للاسف صار هذا الطبع لك عاده

بيني وبينك اشوف البعد اسهل لي
خلاص اببعد ما دام ان عندي اراده
اصفيت لك واحسب انك كنت صافين لي
تبغي الحقيقه كرهت الحب واجهاده

من شمس هجرك ما عاد يفيدني ظلي
وش فيه قلبك يزيد في ليني عناده
وهو من اول الى من جيته يهليوي
ويحط لي في حنايا القلب سجاده

ويشاغب نجوم اهل الليل ويهلي
ويفتح لي ابواب حصنه وادخل بلاده
وانا اتركه في ربيع الخافق يفلي
مشاعري كلها برضاه منقاده

يا كبر جرحي من الهجران يا غلي
ما عاد جاني من الاحباب نشاده
حمام الاحباب سلم لي على خلي
لان زعله صار هاليومين بزياده

بغيت اعلمك قبل تروح يا خلي
ان زعلك صار هاليومين بزياده
كنت احسبك كل ما صديت متغلي
بس للاسف صار هذا الطبع لك عاده"
6,ساعة لندن,حسين الجسمي,عهدفايز السعيد,2008,https://www.youtube.com/watch?v=WA3DkU-C040,https://www.wneen.com/lyrics/4421,"الساعه في لندن تشير الى ثمان
وفي دبي بين العاشره والحاديه

زعيمه التقدير اميره الامتنان
لها قلوب اهل اغرام مفاديه

عشقتها عشق يغذيه الحنان
ومشاعر الفرحه في وجهي باديه

ياللي لك خيول الغلا مبلا عنان
ترقص على صوت التلاقي عاديه

من كل شي في كل شي في رهان
و على نساء الارض انتي غاديه

ورده نهار من فوقها غصن الليان
متفتحه واوراقها متقاديه

اول ما تسمع له صحت والنور بان
تغرديت طيور الصباح الشاديه

قبل يظيع العمر شوفي لي مكان
جلسه خصوصيه وناره هاديه

خلي عقارب ساعه اوقات الزمان
رغم على اهل الحضره والباديه

توقف الدنيا من الساعه ثمان
ونموت بين العاشره والحاديه"
6,امتحانك صعب,حسين الجسمي,N/A,0,https://www.youtube.com/watch?v=CeEltDzmC4g,https://www.wneen.com/lyrics/4420,"امتحانك صعب لكن سهل حله
بس عطني يا حبيبي ربع ساعه
لين عيني تكنز الدمع و تهله
و الدموع احيانا تحتاج لشجاعه
كن فرع الليل يوم الليل فله
فرعك اللي سهر الناظر و لاعه
ليله كانت ظلوعي مستحله
لين نور الفجر و قظني شعاعه

يوم لاحت من محياك الاهله
كنها تنشد عن الحب و متاعه
كيف تنشد عن مقامك و ش محله
و انت عقب الوصل قدمت القطاعه
تحت صدري قلب ما يقبل مدله
حسبي الله عا اللذي ذله و صاعه
حسبي الله عا اللذي صاعه وذله
والمصيبه قلتله سمعا و طاعه

لا ما قدرت اجزم على كثر الادله
طال صدك غير لك عندي شفاعه
كل عرق ينبض بحبك تدله
و الوفا حكم ضميرك في ضياعه
للوفا اسست دوله مستقله
حجمها ياخد من الكون اتساعه
الوفا معقود في صدري سجله
سجلوا باسمي براءه اختراعه"
6,راس المال,حسين الجسمي,كان وديداليا مبارك,2009,https://www.youtube.com/watch?v=YxJnKgm9VqA,https://www.wneen.com/lyrics/4419,"في الشعر للي مخيلته نظيف ومتنزه
ينفرد من اللي سواه بفكرته ولا كلامه
يستفزون الجبل غير الجبل وش يستفزه
يا الثماميين خليكم على عود الثمامه

الذليل الله يذله والعزيز الله يعزه
هب يا عذب النسيم وحن يا رعد الغمامه
والغلا لو انه ابره في الحشا ما هو يغزه
يمنعه جرح الحبيب وا نثر دمعه هيامه

يا ليونه غصن موز ويا طراوه ريش وزه
ان رعت مع ظبي ولا رعت مع حمامه
ما يفطر وصفك الصايم لو ان عينه تخزه
انت وصفك شي ايماني يكمل به صيامه

انت محبوبي انا ومعزبي في كل حزه
وانت راس المال ويحيطك خفوقي باهتمامه
مدري ليه اقدر على وصلك ولاكن اتنزه
هل اخاف من الهجر ولا اخاف من الندامه

مدري ليه اشعر بان الهجر من بعد المعزه
يرسم بذهني علامه من علامات القيامه
لاتهزه خل قلبي في مكانه لاتهزه
سو ماتبغي تسوي فيه لاكن باحترامه"
6,اول عشق,حسين الجسمي,استبشروا يا اهل الهجنعيضه المنهالي,2010,https://www.youtube.com/watch?v=D3rWSpEKFKE,https://www.wneen.com/lyrics/4391,"انت اول انسان اعشقه في حياتي
والحين تبغي الصدق ما عدت الاول
عشقت غيرك وانمحت ذكرياتي
مع دمعي اللي يوم هاجرت حول
طول في هجرانك علي لا تحاتي
ما عاد يعنيني لو الهجر طول
اغني فراقك بصوت الاهاتي
والقلب من زود الوناسه يمول
العام تصبح فالخفوق وتباتي
واليوم معلن فيك حظر التجول
انا اعرفك حالي وسكر نباتي
حالي ومن زينك اهلك تهول
لكن لو كنت اجمل الفاتناتي
لحبك انا مستحيل اتسول
هذاك اول يوم كنت ف حياتي
والحين جا غيرك ولا عدت الاول"
6,ثلاث مرات,اسماء لمنور و حسين الجسمي,انا والبواخرحسين الجسمي,2009,https://www.youtube.com/watch?v=g43mbNGxiSk,https://www.wneen.com/lyrics/4363,"ثلاث مرات وانت تدور فراقي
وثلاث مرات وانا اقول لا ترحل
الظاهر ان الغلا ما عاد له باقي
بين وبينك اشوف الوضع مستفحل
عشرة زمن تجبر المشتاق يشتاقي
سحرتها بالهجر والوصل ما يسحر
عليك صابر وهذي قيمة اخلاقي
لان ارض الوفا دون الوفا تمحل
لانك الغالي اللي حرك اشواقي
بمكحلات العيون اللي بلا مكحل
بالرقه انت الارق وذوقك الراقي
وبين الخصور النواحل خصرك الانحل
وقلوب عشاقك اللي كثر عشاقي
عيونهم نحل لان شفاتك المنحل
اصعب سؤال بحياتي يا العاشق الشاقي
اللي طرحته عليك وما لقيت الحل
وشلون ترحل وحبك وسط الاعماقي
وانا نويت الرحيل وما قدرت ارحل"
7,زبون الصبر,حسين الجسمي,عذلت نفسيذكرى,2017,https://www.youtube.com/watch?v=Pu69IrrW7a0,https://www.wneen.com/lyrics/4348,"من كثرت الشعار والمستشعرون
تغطرست لوراق واغتر الحبر
ما اجهل اللي يحسب ان جر اللحون
ايبيض الوجه او يطول فالشبر
الشاعر الحساس شعره ذو شجون
يصفا معاه الجو لو انه غبر
بعيد ياشعار عن سوء الظنون
ما قلتها من غطرسه ولا كبر
قد تعتبر وجهه نظر يامبدعون
وربما وربما لا تعتبر
وايلا ذكرت اللي علا قلبي يمون
عبر جسور الود والحب اعبر
الشوق من وصلك يابو طرفن فتون
يكبر معا راعيه لامنه كبر
ترا مريض السكري جرحه يهون
شوفك يكفي عن علاجه بالابر
لو الاطباء عن علاجك يعرفون
كان اصنعوا منك دوا فالمختبر
صابر علا حبك رغم كثر الطعون
والمشكله حسب الكلام المعتبر
لو كانت القصه صبر انا زبون
الصبر والايام للعاقل عبر
القصه الوافي يموت او لايخون
وان الصبر نفسه يبي منا صبر"
7,انت ذهب,حسين الجسمي,يا شوق عنك ما تخليتعيضه المنهالي,2009,https://www.youtube.com/watch?v=nw9yG5prjUY,https://www.wneen.com/lyrics/4267,"انت ذهب من دون ما تلبس ذهب
وش له تروح السوق و اتدور عليه
سبحان من سواه وجل من وهب
حلاك بيدينك كانك منتقيه

شفايفك جمره و ثغرك من لهب
خايف على خدك لهب ثغرك يجيه
لو كان رمشك ينهب كان انهب
من كل عاقل شاف رمشك او سفيه

لا ترتهب ما فيه واحد يرتهب
من واحد يحبه و خفاقه يبيه
انا في مهب الريح الا انت افمهب
شوق سكن قلبي و قلبي محتويه

ذهب معك قلبي يا ليته ما ذهب
لا قلت عود قال انا با موت فيه
تدري وش يخلي جروحي تلتهب
اني اخلي شي وانا مشتهيه"
7,مسالة سهلة,بلقيس فتحي,نفداج يادارفايز السعيد,2012,https://www.youtube.com/watch?v=Ewq79h3_e9c,https://www.wneen.com/lyrics/3230,"يالي ذكرت الهجر وتحدد المهله
لا ما تروم الهجر لو قلت لي رايم
الهجر لا تحسب انه مساله سهله
الهجر يجرح خفوق العاشق الهايم
منهل شفايفك من هالعين من نهله
لكن راعيها من منهلك صايم
هاجر ودرسك معاك والوقت درسه له
وانا من دروسك ودرس الزمن شايم
الوقت خذيت منه تجربه كهله
وطاحت من عيوني الدنيا وانا قايم
الكثر له ملعون بو لهبه وبو جهله
والعشق ملعون ابو بارع والسايم
طول وقاصر على ما تريد في المهله
مصير قلبك يردك عاشق وهايم
الواحد يغيب عن اهله وأهم اهله
لكن قلبه يرد له صوبهم دايم"
7,افا والله افا,عباس ابراهيم,كبريت واحد الف غابةعيضه المنهالي,2010,https://www.youtube.com/watch?v=nws0D5Uv2-U,https://www.wneen.com/lyrics/3045,"لا تعاتبني على مزحي معاك
وتعتبر مزحي وسيله للجفاء
لو خطاي ومزحتي كانت خطاك
كان قلبي ياحبيبي قد عفى

ان قلبي مطلبه يكسب رضاك
وعاهدك ياصاحبي عهد الوفاء
عاهدك ما يعشق انسان سواك
وعن جميع الناس شاين واكتفى

اكتفى بك انت بالذات وعطاك
اصدق الاحساس والاعظم خفى
كيف تجفي صاحبن ما قد جفاك
في غيابك طرف عينه ما غفى

ينتظر وصلك يبي لعلى وعساك
تسمح الزله وخفاقي بصفى
لاتديني بردك وان احتاج دفاك
حاجه القطب الشمالي للدفى

انت غالي ومحدن ياصل غلاك
لو تجافيني وتعطيني قفى
والليالي مالها معنى بلاك
والمفارق جرح واللقياء شفى

ماهقيتن ترمي الماضي وراك
بس ذا المره افا والله افا
لا تعاتبني على مزحي معاك
وتعتبر مزحي وسيله للجفاء"
7,الله يسامحها ( حلوه موت ),راشد الماجد,الاولهالمجموعة,2007,https://www.youtube.com/watch?v=qsknrX27lX8,https://www.wneen.com/lyrics/2890,"هذي عسى ربي يسامحها
والا انا ماني مسامحها
اتحاول باطرافها تستر
وهو اللي اكثر شي يفضحها

ان اجلست يورد الكرسي
توقف الدنيا مسارحها
لانها خلاصه فتنه الفتنه
الله ياماحلاها وما املحها

ولامشت على الرصيف يقول
ياكوس تكفى هب واطرحها
ايه من ايات الله العالي
كل شي يتمنى يصافحها

الحزن يضحك كل ما تحزن
والفرح يبكي كل ما افرحها
الله يحفظها و يحميها
والله يهديها و يصلحها

ترخصني احيانا و تجرحني
وانا اللي اغليها ولا اجرحها
احبها بجنون وبطيبي
تزعلني وانا اللي اصالحها

قولوا لها يا اهل الجنوبيه
ترى الجفا ماهو بصالحها
باتخسرالانسان و الشاعر
اللي يقدرها و يمدحها

بعض الغلا كتمانه احسن له
ياليتني ماكنت اصارحها
الحب له سلطه وله هيبه
واشياء لا يمكني اشرحها

لئيمه تدري انها جنونيه
ودك بعض الاحيان تذبحها
من كثر ماهي حلوه موت تحس
هي اللي مختاره ملامحها"
7,بعيد تاركني,راشد الماجد,كل شي في قطرحسين الجسمي,2007,https://www.youtube.com/watch?v=wHD8L6fDl4Y,https://www.wneen.com/lyrics/2885,"بعيد تاركني ادور لك اعذار
على الغياب و صدتك و انعزالك
معقول ما جالك على البال زوار
اللي عطالك فرحته ما طرالك
شهرين و اسرار الغلا ما لها دار
تاهت و هي تبحث في غابة خيالك
ما تدري ان مفارق الخل جبار
و ان الفراق اكبر سبب للمهالك

انا وحيد و ما معي غير تذكار
لو تنشده عن حال خلك حكالك
كانت حياتي قبلك دروب و اسفار
حتى ملكت اللي بقى في وصالك
حبيبك محطم جروح و منهار
حاله عليك من الوله عكس حالك
قبلك انا و سهيل و الجدي سمار
نشرح تغنج و حلاك و دلالك

نسيتني في الليل و نجوم الاسحار
قيلت مالي مرقد في ضلالك
خليتني اتعب على جزل الافكار
قلت القصيد وقلت لك طاب فالك
نقلت قدام العدد كل الاصفار
حطيتني رغم الفقر راس مالك
انا غريب الدار غريب بالأطوار
بالمختصر انا خذت لك شخص هالك

و الحين من شهرين من صار ما صار
وانا اتمنى يا حبيبي سوالك
بالله ما جيتك على البال زوار
طيفي دخيل الله ما قد طرالك"
7,صبري ملني,راشد الماجد,هذا صديقيمحمد عبده,2004,N/A,https://www.wneen.com/lyrics/2876,"لمني في محجر عيونك حبيبي وخلني
خلني اشوف نفسي في عيونك واطمئن
دامك تنسى الهم بالرمش الضليل تفلني
لعنبوا ذا الرمش كيف اني من اسبابه اجن
حبك اللي تل قلبي من بعد ما تلني
صدق انا ميت في حبك كانها عيونك كفن
اجمع اللي باقي مني شتات ودلني
شوفني ذاك الغريب اللي يدور عن وطن
صدك اللي هد حيلي والجفا لي علني
ليه قلبين المحبه بالمحبه ما التقن
قلت ابصبر والصبر من زود صبري ملني
وقلت ابنسى واثر طيفك صار لعقلي سجن
ضاعت دروب المحبه والحزن ما ضلني
ياحسافه ذي الليالي ذي الليالي ما انصفن
لا تهل دموع من عينك اخاف تهلني
خايف اطلع من عيونك لامن في يوم بكن"
7,استجواب,راشد الماجد,قدر قدررقيه ماغي,2015,https://www.youtube.com/watch?v=-Mk1mxLp5xM,https://www.wneen.com/lyrics/2868,"الوصف فني يليق بام الوصايف
هيا معي نستوجب الوصف هيا
من نحرها لي خصرها للردايف
ما تمنعك شيمة عرب او حميا

الا اقبلت في الحفل والجو كايف
وتقول من قدي يجيني هنيا
ضابط على الافراد يعطي وظايف
ياعسكري ثابت تهيا تهيا

ورموشها حد السيوف الرهايف
مقرونة الحاجب وطلقة محيا
و اشدي لها يا قلب ويش انت شايف
ليل يزيد اللي غيا فيه غيه

وخدودها بين الهدب والشفايف
مثل السحب بين الثرى والثريا
صحيح يمكن وصف الاشواق
زايف لكن قلبي لو عذلتوه عيا

وانا على المقفي ما ازيد الحسايف
لكن عليها كل حزني تهيا
صاحب يعينه بالظروف الكلايف
ويصير اضحوكة لذيا وذيا

القلب والهجران ماهم ولايف
واللي بليا احساس يبقى بليا
قالوا تريا قلت ياقلب خايف
خايف اموت فرقاك وانا اتريا"
7,لا تغرك ضحكتي,راشد الماجد,رسالةراشد الماجد,2007,https://www.youtube.com/watch?v=6aSlb1mWPrQ,https://www.wneen.com/lyrics/2863,"لا تغرك ضحكتي والا اسلوبي
اعرف اعزاز النفوس من الرديه
كم وفوا لي ناس وكم ناس اغدروا بي
كم كسبت بطيب نيه سوء نيه

ناس من كثر المخادع ما تتوبي
وناس بيضان وصداقتها نديه
و ناس اغلتني وناس اغلت جيوبي
وناس اطالع ولا كانها عميه

كل هذا والجروح تزيد صوبي
و المجامل والتملق والخطيه
ما يغير ضحكة الوجه الرحوبي
مد يمناه دون ماهي موسميه

ودي اني اعطي المحتاج ثوبي
واعطي و لا انتظر رد العطيه
ما اجمع العالم ولا قول اسمعوا بي
نفسي من اطراء خلق الله غنيه

في بعض الاشياء اتقدم و انوبي
عن بني ادم جميع وعن بنيه
سجدة تغفر بها كل الذنوبي
خير من عيش الحياة القاحليه

يا مسولف بي على الطرق الكذوبي
عاقب الله من ظلم نفس بريه
يا صحيب الخير يا مثبت طنوبي
النصيحه روح الايمان القويه

الصحيح من العيوب اللي تشوبي
قولها في الوجه والنية مطيه
بارك الله في من اهداني عيوبي
و اشكره جدا عل هذي الهديه"
7,دكتورة جروح الغرام,راشد الماجد,طيحتك وقفةفؤاد عبدالواحد,2009,https://www.youtube.com/watch?v=Q7oeyhD3OwQ,https://www.wneen.com/lyrics/2688,"اه يا دكتورة جروح الغرام
عالجي قلب جروحه من وله
له ثلاث اشهور ما ذاق المنام
السهر سبب لعينه مشكله

يا بنات الزين في غيره حرام
يا صبايا خلو الزين لاهله
كل عام يمر يذبحني هيام
والغلا دايم حلاته ف اوله

كن بين الردف و المضمر خصام
ذاك فيه اشياء و ذا لا شي له
في شفايفها مواعيد وكلام
المواسم كلها تستقبله

يا سلام وياسلام ويا سلام
يا حبيب لك في قلبي منزله
انت غالي كل يوم و كل عام
و الغلا يا مصعبه يا مسهله

يوم فلت فرعها ساد الظلام
طال ليلي و الستاير مسدله
ويوم لاحت لاح لي بدر التمام
جل من صور حلاها و كمله

قالت الميعاد في حلم المنام
قمت ازخرف حلمها و اتخيله
غن لي لحنين يا طير الحمام
لحن لاشواق الخفوق و لحن له"
7,حجم الزعل,راشد الماجد,ودعتكمعيضه المنهالي,2008,https://www.youtube.com/watch?v=1ipBCTD95nY,https://www.wneen.com/lyrics/2682,"عن وطا الارض السحابه تعانقه هيبه علوي
والتواضع من صفات العظماء المستحبه
والحياه الفاخره روعه لكن ما هي بجوي
جوي الفرحه على وجه الفقارى الاحبه

ياسمو الشعر ياللي تشبهك هيبه سموي
الغلا مافيه قلب ما لعبه ما لعبه
والحبيب لا زعل منه حبيبه وش يسوي
هل يسبه يا طويل العمر والا ما يسبه

قال عمري ما نويت اشب للهجران ضوي
والنصيحه خل عنك الهجر لا تحاول تشبه
والرضا عكس الزعل لكن بتفكيرك تروي
تعرف ان حجم الزعل دايم حسب حجم المحبه

قلت انا ناوي فراقه بس انا لاجيت انوي
قام يجذبني هواه اللي يذعذع من مهبه
الغزال اللي ربا في دبي له قلبي مهوي
طول في غربته والرابي ما يصبر عن مربه

ذكرياته في الخفوق وطيفه خلافي وتوي
في التراب في كل شبر وفي البحر وفي كل قبه
الزعل فيني عمل حاجه ما يعملها عدوي
علموه يخاف في فزاع يا اهل الخير ربه"
7,هلا باللي سبى,راشد الماجد,N/A,0,https://www.youtube.com/watch?v=BuL8DgX20M0,https://www.wneen.com/lyrics/2673,"هلا باللي سبى قلبي واخذني حسنه بقوه
سلب روحي واخذ صبري وانفاسي من يديه
احس انه لعب بالقلب لعبة شاطر وموه
يبعثرني ويجمعني رجا واحلام ورديه

اذا نور ظلام الليل عرفت ان الفجر ضوه
تبسم من جبينه مبسم الصبح وضحك ضيه
واذا سلهم برمشه طرت من جوي الى جوه
ورحب به خفوقي غصب عني قال يا حيه

اثاريني بحسنه طحت وانا اظن الهوى توه
فكيف ان الهوى توه وانا غرقان في طيه
تعلقته وصار اليوم نو القلب من نوه
مع اني قبل هذا اليوم كانت نيتي نيه

قبل يطري الحسن حسنه لفظ قبل اسمه سموه
تسامت به سنا الحسن وسرت له سحب وسميه
تقول ارفق بمن حبك وعقب اللي تبي سوه
ترى ميتك اذا شافك ترد الروح به حيه

حبيبي خاطري عن ما بدا له عبر ونوه
ومن شرواك يفطن وانت شمس الخاطر وفيه
اذا كان الحيا يمنعك ما تمنعك لمروه
واذا خايف من الحساد قل لي طاحت الحيه"
7,مرت سنة,عبدالمجيد عبدالله و محمد عبده,درب الشعرحسين الجسمي,2011,https://www.youtube.com/watch?v=pFpjmvQu8YM,https://www.wneen.com/lyrics/2113,"مرت سنه والعين يعشقها السهر
ومرت سنه والشوق باقي ما انمحى
ومرت سنه والقلب ذابحه الهجر
ومرت سنه والهجر عيا ما استحى

ومرت سنه ومرت سنه وانا انتظر
ومرت سنه والوصل نايم ما صحى
ومرت سنه ما جا من الغالي خبر
ودارت عليا حب المحبين الرحى

ومرت سنه صابر وعذري بالصبر
شماتت اصحاب الشوارب واللحى
وعيونه السود وشفايفه الحمر
وجديل يضى في فوق متنه لا انتحى

وصدر يسد الليل من نور القمر
وخد يسد الصبح من شمس الضحى
ومرت سنه واخاف لا يروح العمر
وانا انتظر والشوق باقي ما انمحى"
7,السالفة,راشد الماجد,هامة العزحسين الجسمي - عيضه المنهالي,2008,https://www.youtube.com/watch?v=gWEz1Ors_8o,https://www.wneen.com/lyrics/1153,"قم علم الصبح وش البارحه قلنا
خله يقول لعواذلنا تصافينا
حتى يعرفون يوم انا تزاعلنا
نبغي نزود قهرهم لا تراضينا

حنا شربنا الغلا حتى تمايلنا
من نشوة الحب تدفعنا خطاوينا
نكسب تعاطف هل الحب بتعاملنا
وهروج حسادنا ما اثرت فينا

ياما وياما حكوا لاكن تجاهلنا
تلامس احساسنا يسبق خطاوينا
من من بدهم في الوفا حنا تاهلنا
كسرت يدين التجافي من تسامينا

يا بحر كان انت في موجك تساهلنا
في الحب نبحر ونمسي في موانينا
روض المحبين محمي في مداهلنا
وزهور الاشواق تنبت في مراعينا

روض المحبين محمي في مداهلنا
وزهور الاشواق تنبت في مراعينا
حنا حنا الشرف والنقا ونشرف اهلنا
عن الرذيله على النايف تعلينا

يا ظامي الحب اروتنا مناهلنا
اذا طوانا هجير البعد تسقينا
والسالفه كلها يوم ان تزاعلنا
كله على شان يقهرهم تراضينا"
7,يا احمد,عبدالمجيد عبدالله,هان الودصلاح الزدجالي,0,N/A,https://www.wneen.com/lyrics/797,"يا احمد خفوقي غدى في يدينها لعبه
لعب الهوا في غصون الراك لا مالت
وهي في قلبي تمركز في طرف شعبه
وذكرى غلاها ليا ذا الحين ما زالت

قولوا لمحبوبتي نفس العنا تعبه
وان قلتوا الها ابا اعرف ايش هي قالت
الى متى هالخفوق يعيش في رعبه
وشلون يركد شعوري والغلا فالت

الحب حاكم طغى ظلمه على شعبه
والنفس تشكي على ظلمه ولا احتالت
يا بنت انا صعب ودموعي بعد صعبه
من قو عزمي ليا ذا الحين ما سالت

ان كنتي الزين من راسه الى كعبه
نفسي لحب المكارم والعلا نالت
الله يحرم عذولي شوفه الكعبه
ياللي يدينه اذا طال القفا طالت

لو كل من شافت عيوني تولع به
ما صرت كني غصون الراك لامالت
يا احمد خفوقي غدى في يدينها لعبه
لعب الهوا في غصون الراك لا مالت"
7,ثلاث ايام,عبدالمجيد عبدالله,سين جيمفايز السعيد,2005,N/A,https://www.wneen.com/lyrics/682,"ثلاث ايام مرن في حياتي غير
ثلاث ايام عشت الحب واغليتك
ثلاث ايام و اتهجى كلام الطير
كلام اعذب من اعذب من تفديتك

رسالة حب شاهدها غلا و تعمير
على فوادي تربع واسكن فبيتك
اقول شقد انا عطشان وانت البير
دلو فكري نضح من كلمة ليته
اقول ال ما يصير لعينك انت يصير

صورها بكل رمشة عين انا ريتك
حبيبي والعطا يحتاج للتقدير
اذا سرحت انا اللي حيك و ميتك

ثلاث ايام مرن في حياتي غير
ثلاث ايام عشت الحب و اغليتك
ثلاث ايام لكن مدري شو التفسير
بس ادري من ثلاث ايام حبيتك"
7,شف دمعتي,راشد الماجد,مرحبا عد المطرراشد الماجد,2005,https://www.youtube.com/watch?v=wNt7lfzpUYM,https://www.wneen.com/lyrics/293,"شف دمعتي تنتحر لمواصلك يا بعدي
من كل دمعه معي لهفه تسلم عليك
من عيني اللي ذبحها بعدك السرمدي
من قلبي اللي يبيع العالم ويشتريك
يا اجمل صدف عمري الهجران ذكره ردي
لا تغيب وتطول الغيبه وانا محتريك
تروي ضما قلبي اطلالة ثغرك الندي
سكنت قلبي ولا لك في الحنايا شريك
يا طول ليلي ما بين ادلالي ومسندي
مشتاقه ايديني الثنتين ضمة ايديك
تعال بموت في ايدك وانت موت في يدي
الموت لذه مدام الموت منك وفيك
غلاك مهره في ميدان الملوك تعدي
تهز عرش الملوك ويهتويها المليك
ياسيد العشق لايطول الهجر يابعدي
ترى عيوني من اللهفه تسلم عليك"
7,اسال مجرب,حسين الجسمي و راشد الماجد,حفيد المجدحسين الجسمي,2012,https://www.youtube.com/watch?v=n5dR8hY9NRo,https://www.wneen.com/lyrics/157,"حبيبتي حالي من الشوق داني
اشرق بحبك واعود اغرب
اناني ف وصلك لكن يالاناني
ترى الانانيه ف طبعك تخرب
لحظات حبك حطمت لي كياني
والحزن من بين المحاني تسرب
تسرب وصكت عليه المحاني
كنه لوصلك بالجروح يتقرب
يامعرب الانساب خدر العياني
سلم العرب لاتجهله يالمعرب
شربت حبك لين فاض الحناني
وقامت عروقي من غلاك تشرب
ياللي تقول اسال مجرب تراني
سالت واحد بس قام يتهرب
لاتسال مجرب ياقلب وتعاني
اسال طبيب وخل عنك المجرب"
7,الدراهم,راشد الماجد,لازم اشوفكعبدالله الرويشد,2007,https://www.youtube.com/watch?v=20b2tT3S70Q,https://www.wneen.com/lyrics/143,"اتحبني والا تحب الدراهم
اختار لك وحده علشان ماضيع
علاقة ماتنبني بالتفاهم
حتى تحت نور القمر يمكن تميع
وترى هل الحب الحقيقي تراهم
مشجعين احساسهم دون تشجيع
صغيرهم يدري بقيمة غلاهم
لا يمكن تحصله معروض للبيع

مزروع في قلبي غلاك وعساهم
فدوى لبستانك وحصد المزاريع
فداك مايشبه فعيني فداهم
يا ظبي ياللي مرتعك في المرابيع
اذا زماني ما نصفني فداهم
يبغونني انثر دموع التواديع
للحين بعده ماوصل مستواهم
المستوى شقر الحرار المطاليع

اصغار وعيوني لا يمكن تراهم
ما هي تشوف الا النجوم الملاميع
البحر والا الموت انا كلاهم
اغرهم واحذفهم اليابس الريع
الا اذا شفتك معاهم مساهم
كنك تقطع قلب مغليك تقطيع
لك محتوى يطغى على محتواهم
ويزيدني شوق ومحبه وتلويع

انت القمر والشمس والا حداهم
وانت الورود اليانعه والينابيع
اهل الحروف تجر لجلكهداهم
واهل الطرب تعزف لك اللحن تنويع
يحفظك ربي من عيون المقاليع
فرع وعلم هالبنات اش بلاهم
احبابك الموتى ياسيد المفاريع

في ارضهم جنه نجم في سماهم
اذاعة اهل الحسن بوصوفك اتذيع
من دون ماتطلع تراك احلاهم
واذا طلعت اتصدع الناس تصديع
لكن لا تبعد بفكرك معاهم
لا الوصل يشطونه ولا الشوق للبيع
لو كل حاجه تنشرى بالدراهم
كان اشتريت العمر قدام ما يضيع"
7,الله خلق,محمد عبده,تهاني العيد ( صباح العيد - الحب الاكيد )راشد الماجد,0,https://www.youtube.com/watch?v=q_8ZKaaasA0,https://www.wneen.com/lyrics/107,"الله خلق لي نفس تسمو على البوح
ماهيب لى ضاقت من الهم باحت
على كثر ما شفت ضيقات و جروح
لا الوجه متغير و لا العين صاحت
ابشرك بشارة الروح للروح
تبغي تطيحني الليالي و طاحت

هذا انا و الوجه باسم و مشروح
وجه بروقه لمعظم الناس لاحت
كم محزن بنى على شوفه اصروح
و كم نفس من طارف عطاه استراحت
الله وهبنا عز و امجاد و طموح
و ذكر على جدران الايام ناحت

هذي مراجل ماهيب ضحك و امزوح
ما هي شموعي لى ضوى الصبح ساحت
الصفح خصله و الفخر ما له اسطوح
و الحزن لى سيطر على الروح ناحت
بعض الجروح تجي لك شوي و تروح
و بعض الجروح ان جات ما عاد راحت"
8,اخر طموحاتي,محمد عبده,في خاطريديم,0,https://www.youtube.com/watch?v=ttqVahyxxV0,https://www.wneen.com/lyrics/30,"يا اخر طموحاتي و ذروة حنيني
تلبس على فالك و انا بفالي اموت

اموت في اللبس الخفي المبين
و الشعر لى منه تناثر على الكوت

الصوره اللي بين خدك و بيني
تقول يا السكر تعال المس التوت

في عيونك اللي تحتها شامتين
خيل العرب في معركة عين جالوت

كل شي يتمنى يشاركك فيني
الارض و الاشجار و البحر و الحوت

يا مبراك يا مظلمك يا ظنيني
ما ضاع لك ضايع و لا فات لك فوت

اقسى الرجال ان شاف حسنك يلين
و اي بنت في جنبك تحول لطاغوت

خذني معك بلاك انا ما يبيني
يا شعر ابو راشد و يا سحر هاروت

هذي امنياتي يا مبعثر سنيني
الود ودي نجتمع لو بتابوت

ودي احطك يا حبيبي في عيني
و اسكر عيوني عليك انت و اموت

و ادخل معك قبر الغرام الحزين
و اسمع تناهيت المحبه بلا صوت"
